sources,references,translations
The lights flickered.,Les lumières clignotèrent.,Les lumières clignotaient.
"It's not safe near shore right now, but I know the area well,"" Mesa said.","Il n'est pas prudent de s'approcher du rivage pour l'instant, mais je connais bien la région, dit Mesa.","C'est pas sûr près du rivage en ce moment, mais je connais bien la zone, a dit Mesa."
Chapter 10,Chapitre 10,Chapitre 10
"Still, only two broken windows in the whole place seemed like a miracle, given the strength of the storm.","Cependant, le fait que seules deux fenêtres aient été brisées dans toute la structure était proche du miracle, compte tenu de la force de la tempête.","Mais bon, avec la force de la tempête, c'était un vrai miracle qu'il n'y ait eu que deux fenêtres cassées dans tout le bâtiment."
"If things were different, he would have asked her on a date or three.","Si les choses avaient été différentes, il l'aurait invitée à un ou deux rendez-vous.","Si c'était différent, il lui aurait proposé un rendez-vous ou trois."
John rolls me to my stomach with an ease that surprises me.,John me fait rouler sur le ventre avec une facilité qui me surprend.,John me retourne sur le ventre avec une facilité qui me surprend.
"Though we could imagine there's a Ferris wheel in Paris, we could call it the Eiffel Tower.""","On pourrait imaginer qu'il y a une grande roue à Paris, on pourrait l'appeler la Tour Eiffel.","Même si on peut imaginer qu'il y ait une grande roue à Paris, on pourrait l'appeler la tour Eiffel"
"""I know the area you are talking about.",Je connais le coin dont tu parles.,je connais le coin dont tu parles.
"The words come out on a shuddering breath because John lowers his head to my skin, lips brushing over the ink.","Les mots sortent dans un souffle tremblant parce que John baisse la tête contre ma peau, ses lèvres effleurant l'encre de mon tatouage.","Les mots sortent dans un souffle frétillant parce que John baisse la tête vers ma peau, ses lèvres effleurant l'encre."
"You're not usually on Saturdays.""",Tu ne travailles pas généralement le samedi.,T'es pas là d'habitude le samedi
"When he pulled back, he rolled his hips slower, taking her with slow strokes so that he could savor every slide back inside her.","Lorsqu'il se retira, il fit rouler ses hanches plus lentement, la prenant avec des coups lents afin de pouvoir savourer chaque glissement à l'intérieur d'elle.","Quand il s'est retiré, il a bougé ses hanches plus lentement, la prenant avec des mouvements lents pour pouvoir profiter de chaque glissement en elle."
"""You don't owe me an explanation, John.""","Tu ne me dois pas d'explications,","t'as pas à me donner d'explications, John"
They had nothing to gain.,Ils n'avaient rien à y gagner.,Ils n'avaient rien à gagner.
"I was grateful in the beginning that he'd gone out of his way not to be a distraction during my shifts, but I'm now I'm feeling a bit left out.","Au début, j'étais reconnaissant qu'il fasse tout son possible pour ne pas être une distraction pendant mes heures de travail, mais maintenant, je me sens un peu exclu.","Au début, j'étais contente qu'il fasse tout pour ne pas me déranger pendant mes quarts de travail, mais maintenant, je me sens un peu mise à l'écart."
"Wood cracked and splinteredthough he couldn't see it, he knew the bar roof was close to stripping away, shingles probably flying everywhere.","Le bois cognait et se brisait  bien qu'il ne puisse pas le voir, il savait que le toit du bar était sur le point de s'arracher, et que les bardeaux volaient probablement dans tous les sens.","Le bois craquait et se fendait. Même s'il ne pouvait pas le voir, il savait que le toit du bar était sur le point de s'effondrer, avec des bardeaux qui allaient sûrement voler partout."
"Make sure that she takes her meds, takes it easy, and changes her bandage.""","Assure toi qu'elle prenne ses médicaments, qu'elle se ménage et qu'elle change son bandage.","Assure-toi qu'elle prenne ses médocs, qu'elle se repose et qu'elle change son pansement"
"""Get out of here, Mari,"" Chase yelled.","Sors d'ici, Mari, cria Chase.","« Tire-toi d'ici, Mari », a crié Chase."
And he wasn't going to get away with stalking anyone either.,Et il n'allait pas non plus s'en tirer en harcelant qui que ce,Et il n'allait pas s'en tirer en harcelant qui que ce soit non plus.
"I'm so open to him, so eager to receive him.","Je suis tellement ouvert à lui, tellement désireux de le recevoir.","Je suis tellement ouverte à lui, tellement impatiente de le recevoir."
It's a déjà vu moment if I've ever had one.,C'est un moment de déjà-vu.,"C'est un vrai déjà-vu, si j'en ai déjà vécu un."
"When I'm with someone, I want to share the good and the bad.","Quand je suis avec quelqu'un, je veux partager les bons et les mauvais moments.","Quand je suis avec quelqu'un, j'ai envie de partager les bons et les mauvais moments."
"""You have a lot of eighties music here,"" John observes.","Tu as beaucoup de musique des années 80, observe John.","« T'as plein de musique des années 80 ici », remarque John."
"I can escape with little effort.""",Je peux m'échapper sans trop d'efforts.,Je peux m'échapper sans trop de problèmes
"At some spots, the island was so narrow you could throw a stone from the sound side to the waves.","À certains endroits, l'île était si étroite que l'on pouvait jeter une pierre sur les vagues du rivage et elle atterrirait dans les profondeurs.","À certains endroits, l'île était tellement étroite qu'on pouvait lancer une pierre du côté du détroit vers les vagues."
"""When I finish up here.",Quand j'aurai fini ici.,quand j'aurai fini ici.
How could her mother ever expect her to marry someone like Inna?,Comment sa mère avait-t-elle pu s'attendre à ce qu'elle épouse quelqu'un comme Inna ?,Comment sa mère pouvait-elle s'attendre à ce qu'elle épouse quelqu'un comme Inna ?
A real kiss.,Un vrai baiser.,Un vrai baiser.
It also got me my gig as a disc jockey.,C'est aussi ce qui m'a permis de devenir disc-jockey.,Ça m'a aussi permis de décrocher mon boulot de DJ.
"""No!"" came the hysterical reply that had him sighing heavily as he reached down and grabbed hold of the comforter and slowly pulled it off the woman that refused to leave the hotel.","une pointe d'hystérie dans la voix, ce qui le fit soupirer lourdement en attrapant la couette et en la retirant lentement à la femme qui refusait de quitter l'hôtel","« Non ! » a-t-elle répondu, complètement paniquée, ce qui l'a fait soupirer lourdement. Il s'est penché, a attrapé la couette et l'a lentement retirée de la femme qui ne voulait pas quitter l'hôtel."
The wind and rain had been scarier than she'd ever experienced.,Le vent et la pluie avaient été plus effrayants qu'ils ne lui étaient jamais apparus.,Le vent et la pluie avaient été plus effrayants qu'elle ne l'avait jamais vu.
He'd been there that day when she had come upon the divers.,Il était là ce jour-là quand elle avait rencontré les plongeurs.,Il était là le jour où elle est tombée sur les plongeurs.
"""Amelia never remarried but lived on the bounty Christopher had stored and hidden on the island.",Amelia ne s'est jamais remariée mais a vécu grâce à la prime que Christopher avait stockée et cachée sur l'île.,"amelia ne s'est jamais remariée, mais a vécu grâce à la fortune que Christopher avait mise de côté et cachée sur l'île."
"""Only bloody thing they ever gave me,"" I murmur.","C'est la seule chose qu'ils m'aient jamais donnée , murmuré-je.","« C'est la seule chose qu'ils m'aient jamais donnée », je dis à voix basse."
"""Tell me you didn't, please!""","Dis-moi que tu ne l'as pas fait, s'il te plaît !","« Dis-moi que tu n'as pas fait ça, s'il te plaît ! »"
"The wind whipped by, catching the hem of his T-shirt in a flutter, exposing his firm abdomen for a too-brief moment.","Le vent soufflait en trombe, faisant voltiger l'ourlet de son tee-shirt, dévoilant son abdomen ferme pendant un trop bref instant.","Le vent soufflait fort, faisant flotter le bas de son t-shirt et dévoilant brièvement ses abdos bien dessinés."
"You never would.""",Tu ne le ferais jamais.,Tu ne le ferais jamais
Then they were separatedpossibly foreverto save her life.,Puis ils ont été séparés  peut-être pour toujours  afin de lui sauver la vie.,"Puis ils ont été séparés, peut-être pour toujours, pour lui sauver la vie."
"""I would probably quake in fear for the rest of my life at the mere mention of your name,"" Devyn said dryly as he watched her return to glaring at him as she hastily toed off her slippers and kicked them aside, determined to make sure that he was properly terrified.","Je tremblerais probablement de peur pour le reste de ma vie à la simple mention de ton nom, dit Devyn d'un ton moqueur en la regardant se remettre à le fixer du regard tandis qu'elle enlevait précipitamment ses pantoufles et les écartait d'un coup de pied, bien décidée à s'assurer qu'il était bien terrifié.","« Je tremblerais probablement de peur pour le reste de ma vie rien qu'en entendant ton nom », dit Devyn d'un ton sec, tandis qu'il la regardait revenir vers lui et le fusiller du regard, retirant précipitamment ses pantoufles et les repoussant d'un coup de pied, bien décidée à s'assurer qu'il était bien terrifié."
"It was water, nothing more.","C'était de l'eau, rien de plus.","C'était juste de l'eau, rien de plus."
"""Probably.""",Probablement.,« Peut-être. »
"""Well, I don't think your brother would approve of you picking up and leaving the bar and everything you built here together.",Je ne pense pas que ton frère approuverait que tu prennes tes affaires et que tu quittes le bar et tout ce que vous avez construit ici ensemble.,"bon, je pense pas que ton frère serait d'accord pour que tu quittes le bar et tout ce qu'on a construit ensemble ici."
"Let's start tonight.""",Commençons ce soir.,Commençons dès ce soir
"I claim the right.""",Je revendique ce droit.,Je revendique ce droit
"In the new sunlight, he saw her body jerk and twitch.","Dans la nouvelle lumière du soleil, il vit son corps tressaillir et se contracter.","Dans la nouvelle lumière du soleil, il a vu son corps sursauter et trembler."
"She was by the ocean, making her own way, despite her mother.","Elle était au bord de l'océan, traçant son propre chemin, malgré sa mère.","Elle était au bord de l'océan, en train de tracer son propre chemin, malgré sa mère."
"""No, I'm not because I'm not going,"" Andi said with a firm nod as Uncle Shawn placed her back on her chair as she did her best to ignore the curious stares being sent her way by the kids that never seemed to appreciate her efforts to teach them the fundamentals of advanced algebra.","Non, parce que je n'irai pas en CM1, dit Andi en hochant fermement la tête alors qu'Oncle Shawn l'asseyait sur une chaise et qu'elle faisait son possible pour ignorer les regards curieux que lui lançaient les enfants qui n'appréciaient jamais ses efforts pour leur enseigner les bases en calcul avancé.","« Non, parce que je n'y vais pas », dit Andi en hochant fermement la tête tandis que l'oncle Shawn la reposait sur sa chaise. Elle faisait de son mieux pour ignorer les regards curieux que lui lançaient les enfants, qui ne semblaient jamais apprécier ses efforts pour leur enseigner les bases de l'algèbre avancée."
"Air whooshes out of my lungs and the fuzzy feeling in my head, which I hadn't even noticed, fades.","L'air s'échappe de mes poumons et la sensation de flou dans ma tête, que je n'avais même pas remarquée, s'estompe.","L'air sort de mes poumons et la sensation de confusion dans ma tête, que je n'avais même pas remarquée, s'estompe."
"""I was thinking,"" he says, rolling to his back after we catch our breath.","J'étais en train de réfléchir, dit-il en se mettant sur le dos après que nous ayons repris notre souffle.","« Je me disais », dit-il en se retournant sur le dos une fois qu'on a repris notre souffle."
"""I left the candle on the vanity, and there's a lighter beside it.""","J'ai laissé la bougie sur le meuble, et il y a un briquet à côté.","j'ai laissé la bougie sur la coiffeuse, et y a un briquet à côté"
"""This way I get some time between school and the work I do for you guys at the station.""","...Comme ça, j'ai un peu de temps entre l'école et le travail que je fais pour vous à la station radio.","comme ça, j'ai un peu de temps entre l'école et le boulot que je fais pour vous à la station"
I hope that you enjoyed reading Devyn and Andi's story as much as I enjoyed writing it.,J'espère que vous avez pris autant de plaisir à lire l'histoire de Devyn et Andi que j'ai eu à l'écrire.,J'espère que t'as aimé lire l'histoire de Devyn et Andi autant que j'ai aimé l'écrire.
Your mother sent me.,C'est ta mère qui m'envoie.,C'est ta mère qui m'a envoyé.
Like he's been comfortable in the pool but is ready to step into the ocean.,Comme s'il était assez à l'aise dans la piscine et qu'il était prêt à aller dans l'océan.,"C'est comme s'il était à l'aise dans la piscine, mais prêt à se jeter à l'eau."
She stared at the flickering candles.,Elle fixa les bougies vacillantes.,Elle regardait fixement les bougies qui clignotaient.
"I feel the stinging pressure of his teeth on the hardening nub before he sits back, running his hands along my chest and abdomen.","Je sens la morsure cuisante de ses dents sur mon téton qui durcit avant qu'il ne s'assoie, passant ses mains le long de ma poitrine et de mon abdomen.","Je sens la pression piquante de ses dents sur le bouton qui durcit avant qu'il ne se recule, passant ses mains sur ma poitrine et mon ventre."
John leans back in his chair and takes a swig of his beer.,John s'adosse à sa chaise et boit une gorgée de sa bière.,John se cale dans sa chaise et boit une gorgée de bière.
"""I thought we were more,"" he said.","Je pensais que nous étions plus que ça, dit-il.","« Je pensais qu'on était plus que ça », a-t-il dit."
She was crawling on top of him and laying her head on his chest with a soft sigh as he wrapped his arms around her and couldn't help but feel like she was exactly where she belonged.,"Elle se glissa sur lui et posa sa tête sur sa poitrine en soupirant doucement, tandis qu'il l'entourait de ses bras et ne pouvait s'empêcher de penser qu'elle était exactement à sa place.","Elle était allongée sur lui, la tête posée sur sa poitrine, et poussait un petit soupir. Il l'enlaçait et ne pouvait s'empêcher de penser qu'elle était exactement à sa place."
I have to jog to catch up.,Je dois trottiner pour le rattraper.,Je dois courir pour rattraper mon retard.
"If we don't hurry, we're going to get caught in the dark.""","Si on ne se dépêche pas, on va se faire surprendre par l'obscurité.","Si on se dépêche pas, on va se retrouver dans le noir"
Mari's tail twitched in excitement.,La queue de Mari s'agita sous l'effet de l'excitation.,La queue de Mari remuait d'excitation.
Were better left forgotten.,Il vaut mieux les oublier.,Il vaut mieux les oublier.
"I should've told you about Inna, but I didn't expect to see him here on the islandnot after the storm, and certainly not while I was with you.","J'aurais dû te parler d'Inna, mais je ne m'attendais pas à le voir ici sur l'île  pas après la tempête, et certainement pas pendant que j'étais avec toi. Je ne l'épouserai pas, quoi qu'il arrive.","J'aurais dû te parler d'Inna, mais je ne pensais pas le croiser ici sur l'île, surtout pas après la tempête, et encore moins pendant que j'étais avec toi."
"""Yeah?"" I'm logging my playlist, trying to keep my focus off our proximity to one another.","J'enregistre ma playlist, en essayant de ne pas me concentrer sur notre proximité.","« Ouais ? » Je suis en train de noter ma playlist, essayant de ne pas penser au fait qu'on est tout près l'un de l'autre."
"By the time enough merfolk had gathered to save her, the pirate ship was gone, harbored somewhere, no doubt.","Le temps que suffisamment d'habitants des mers se rassemblent pour la sauver, le bateau pirate avait disparu, sans doute caché quelque part.","Quand assez de sirènes se sont rassemblées pour la sauver, le bateau pirate avait disparu, sûrement caché quelque part."
Did her mother know about the revenge plot?,Sa mère était-elle au courant du projet de vengeance ?,Sa mère était au courant du plan de vengeance ?
"""You don't know that,"" came the sadly mumbled reply that had his lips twitching.","Tu n'en sais rien, marmonnant tristement la jeune femme entre ses lèvres, ce qui le fit sourire","« Tu n'en sais rien », répondit-il d'une voix triste, les lèvres tremblantes."
"He'd never understood why Devyn didn't play the same game, probably never would, and now that he knew about Andi...","Il n'avait jamais compris pourquoi Devyn ne jouait pas le même jeu, pourquoi il ne le ferait probablement jamais, et maintenant qu'il savait pour Andi...","Il n'avait jamais compris pourquoi Devyn ne jouait pas le même jeu, et ne le comprendrait probablement jamais. Maintenant qu'il savait pour Andi..."
The urge to possess her thrummed through him to the point he could barely think.,L'envie de la posséder l'envahissait à tel point qu'il avait du mal à réfléchir.,L'envie de la posséder le prenait tellement qu'il pouvait à peine réfléchir.
"""You should check the supply closet.""",Tu devrais vérifier le placard à fournitures.,tu devrais jeter un œil dans le placard à fournitures
I'm telling you what I need.,Je te dis ce dont j'ai besoin.,Je te dis ce dont j'ai besoin.
Want to get to know you.,Je veux apprendre à te connaître.,J'ai envie de te connaître.
His face brightens.,Son visage s'éclaire.,Son visage s'illumine.
Why would he risk that for either of them?,Pourquoi risquerait-il cela pour l'un ou l'autre ?,Pourquoi prendrait-il ce risque pour l'un ou l'autre d'entre eux ?
Best not to think about that at all.,Mieux valait ne pas y penser.,Mieux vaut ne pas y penser du tout.
"There are several articles about the football team, one about the debate team.","Il y a plusieurs articles sur l'équipe de football, un sur l'équipe de débat.","Il y a plusieurs articles sur l'équipe de foot, et un sur l'équipe de débat."
"He didn't move, his gaze fixed on the bar ceiling.","Il ne bougea pas, le regard fixé sur le plafond du bar.","Il ne bougeait pas, les yeux rivés sur le plafond du bar."
I spit this out like some jilted lover.,Je crache ça comme un amoureux éconduit.,Je crache ça comme un amoureux délaissé.
"I've paired it with a soft pair of black corduroys that he hasn't seen yet, but I thank him for the compliment.","Je l'ai associé à un pantalon en velours côtelé noir qu'il n'a pas encore vu, mais je le remercie pour le compliment.","Je l'ai associé à un pantalon en velours côtelé noir tout doux qu'il n'a pas encore vu, mais je le remercie pour le compliment."
"He was so sure.""",Il en était si sûr.,Il était tellement sûr de lui
"To his credit, he slaps a hand over his mouth.","À sa décharge, il porte une main sur sa bouche.","À son crédit, il met sa main devant sa bouche."
Would he ever get control of the rage inside him?,Parviendra-t-il un jour à contrôler la rage qui l'habitait ?,Est-ce qu'il arriverait un jour à maîtriser la rage qu'il avait en lui ?
His stomach knotted at the doubt that swirled around him.,Son estomac se noua devant le doute qui l'envahissait.,Son estomac s'est noué à cause des doutes qui tourbillonnaient autour de lui.
She should slip under and swim away.,Elle devrait se glisser sous l'eau et s'enfuir à la nage.,Elle devrait se glisser dessous et partir à la nage.
"""Well, surely he had it painted before he died.""",Il l'a sûrement fait peindre avant de mourir.,"« Eh bien, il l'a sûrement fait peindre avant de mourir. »"
Talking about my childhood illicits foreign sensations.,Parler de mon enfance provoque des sensations étranges.,"Quand je parle de mon enfance, ça me fait des sensations bizarres."
"He wasn't sure what hurt more, his head or his ribs, but at that moment, he wished the asshole that attacked him had finished the fucking job and put him out of his misery.","Mais, à cet instant, il aurait aimé que le connard qui l'avait agressé ait fini le boulot et mette fin à ses souffrances.","Il ne savait pas trop ce qui lui faisait le plus mal, sa tête ou ses côtes, mais là, il aurait préféré que le connard qui l'avait attaqué ait fini le boulot et l'ait mis hors d'état de nuire."
He tasted the zinc that his mother had insisted he put on his nose and that always melted and dribbled down into his mouth.,Il goûta la crème solaire que sa mère insistait pour qu'il mette sur son nez et qui finissait par fondre et couler dans sa bouche.,Il a goûté le zinc que sa mère avait insisté pour qu'il mette sur son nez et qui fondait toujours et coulait dans sa bouche.
She stood between him and the ocean like a lifeguard station or lighthouse.,"Elle se tenait entre lui et l'océan, comme un poste de sauvetage ou un phare.","Elle se tenait entre lui et l'océan, comme un poste de secours ou un phare."
"""Nothing is stopping you from moving the carpentry to part-time, maybe on the weekends or something.""","Rien ne t'empêche de passer la menuiserie à temps partiel, peut-être le week-end ou quelque chose comme ça.","rien ne t'empêche de faire de la menuiserie à temps partiel, genre le week-end ou un truc comme ça"
That really would have been too much to take.,Cela aurait été vraiment trop dur à supporter.,Ça aurait vraiment été trop dur à supporter.
"""No,"" he says, grabbing my hand.","Non, dit-il en m'attrapant la main.","« Non », dit-il en me prenant la main."
I plaster on a smile and move away from them as he hands me a pint glass filled with a golden liquid.,J'esquisse un sourire et m'éloigne d'elles tandis qu'il me tend un verre rempli d'un liquide doré.,Je fais un grand sourire et je m'éloigne d'eux pendant qu'il me tend un verre à bière rempli d'un liquide doré.
Chase had told her they would get through the storm togetherthat was the sweet and protective man she loved.,Chase lui avait dit qu'ils traverseraient la tempête ensemble  c'était l'homme doux et protecteur qu'elle aimait.,Chase lui avait dit qu'ils traverseraient la tempête ensemble : c'était l'homme gentil et protecteur qu'elle aimait.
Mine is practically immobilized inside his grasp.,La mienne est pratiquement immobilisée dans son emprise.,Le mien est presque coincé dans sa main.
"After a last look around, she flipped off the shop's main lights.","Après avoir jeté un dernier coup d'œil autour d'elle, elle éteignit les lumières principales de la boutique.","Après avoir jeté un dernier coup d'œil autour d'elle, elle a éteint les lumières principales du magasin."
He wanted to hold her close and listen to her laughter and share in her happiness.,"Il voulait la serrer contre lui, écouter ses rires et partager son bonheur.","Il voulait la serrer dans ses bras, écouter son rire et partager son bonheur."
"She stepped up into the cart, tipping it forward and setting it swaying and creaking.","Elle monta dans la cabine, la faisant basculer vers l'avant et la faisant osciller et grincer.","Elle est montée dans la charrette, la faisant basculer vers l'avant et la faisant se balancer et grincer."
"And your mother is holding up his end of the bargain, as she should.","Et ta mère tient sa part du marché, comme il se doit.","Et ta mère respecte sa part du marché, comme elle le devrait."
"""Did I mention that I really need to use the bathroom?"" she asked, sending the bathroom a hopeful look.",Ai-je mentionné que j'ai vraiment besoin d'aller aux toilettes ?,« Est-ce que j'ai dit que j'avais vraiment besoin d'aller aux toilettes ? » demanda-t-elle en jetant un regard plein d'espoir vers la salle de bains.
I let you rescue him.,Je t'ai laissé le sauver.,Je t'ai laissé le sauver.
But he's looking at me like it's the first time.,Mais il me regarde comme si c'était la première fois.,Mais il me regarde comme si c'était la première fois.
"I have better things to do than to waste my time worrying about what other people think.""",J'ai mieux à faire que de perdre mon temps à savoir ce que pensent les autres.,J'ai mieux à faire que de perdre mon temps à me soucier de ce que les autres pensent
The smile he gives me leaves me uncharacteristically breathless.,Le sourire qu'il m'adresse me laisse sans voix.,"Le sourire qu'il m'adresse me laisse sans voix, ce qui n'est pas dans mes habitudes."
"I can totally picture John Burton as a teacher, he has the personality for it.","Je peux tout à fait imaginer John Burton comme professeur, il a la personnalité qu'il faut.","Je vois super bien John Burton comme prof, il a vraiment le profil pour ça."
"""We'll have a big party before I close for good.",Nous ferons une grande fête avant de fermer pour de bon.,on va faire une grande fête avant que je ferme pour de bon.
Hurricane Giselle was nothing to fool around with.,L'ouragan Giselle n'était pas à prendre à la légère.,"L'ouragan Giselle, c'était pas une rigolade."
"Oh, that couldn't be good, she thought when she saw the puddle forming on the floor around her.","Oh, ça ne présageait rien de bon, pensa-t-elle en voyant la flaque qui se formait sur le sol autour d'elle.","Oh, ça ne présageait rien de bon, pensa-t-elle en voyant la flaque se former sur le sol autour d'elle."
"We can duck out for a little while, yeah?""","On peut s'éclipser un moment, d'accord ?","On peut se barrer un moment, non ?"
"I have to make sure the bar's safe first.""",Je dois d'abord m'assurer que le bar est sécurisé.,Je dois d'abord m'assurer que le bar est sécurisé
No more...anything.,Plus rien.,Plus rien... du tout.
"Maybe some Joy Division, a little Sigur Ros, a bit of Bilal, definitely James Blake.","Peut-être un peu de Joy Division, un peu de Sigur Ros, un peu de Bilal, certainement du James Blake.","Peut-être un peu de Joy Division, un peu de Sigur Ros, un peu de Bilal, et bien sûr James Blake."
Want to know how those wine-stained lips of yours might taste.,Connaître le goût de tes lèvres colorées par le vin.,Tu veux savoir quel goût pourraient avoir tes lèvres tachées de vin ?
"In the peace and calm of the eye of life's ever-growing hurricane, they'd found a moment.","Dans la paix et le calme de l'œil de l'ouragan de la vie, ils avaient trouvé un moment.","Dans le calme et la tranquillité de l'œil du cyclone de la vie, ils avaient trouvé un moment de répit."
"At least she had everything that she needed, Andi thought as she reached down and grabbed her iPad and the notebook that she'd been working on along with a carefully select assortment of pens that she'd helped herself to from the supply closet at work, only to realize that she'd left her phone at home.","Au moins, elle avait tout ce dont elle avait besoin, pensa Andi en se penchant pour attraper son iPad et le carnet sur lequel elle travaillait, ainsi qu'un assortiment de stylos soigneusement sélectionnés qu'elle s'était procuré dans le placard à fournitures du bureau, avant de réaliser qu'elle avait laissé son téléphone à la maison.","Au moins, elle avait tout ce dont elle avait besoin, pensa Andi en se baissant pour attraper son iPad, le cahier sur lequel elle bossait et un assortiment de stylos soigneusement sélectionnés qu'elle avait pris dans le placard à fournitures du boulot, avant de se rendre compte qu'elle avait laissé son téléphone à la maison."
It wasn't going to stop him from making sure that the little bastard paid for what he did to Andi.,Ça ne l'empêcherait pas de s'assurer que ce petit salaud paie pour ce qu'il a fait à Andi.,Ça ne l'empêcherait pas de s'assurer que ce petit salaud paie pour ce qu'il a fait à Andi.
"""I'm going to run and see if I can get the fire department.",Je vais courir et voir si je peux appeler les pompiers.,je vais courir voir si je peux trouver les pompiers.
It's suddenly the most important thing in the world.,C'est soudain la chose la plus importante au monde.,"Tout à coup, c'est devenu le truc le plus important au monde."
It's been a rough twenty-four hours.,Les dernières vingt-quatre heures ont été difficiles.,Ces dernières vingt-quatre heures ont été super dures.
"The shop was the first thing she could truly call her own, and now it was at risk.","Le magasin était la première chose qu'elle pouvait vraiment appeler la sienne, et maintenant il était en danger.","La boutique était la première chose qu'elle pouvait vraiment considérer comme sienne, et maintenant elle était en danger."
She would certainly bear Chase's kids.,Elle porterait certainement les enfants de Chase.,Elle aurait sûrement les enfants de Chase.
"""It's going to be very cold out there, Miss Dawson,"" Devyn said, watching as his favorite place on earth was slowly revealed.","Il va faire très froid dehors, Mlle Dawson, dit Devyn, en regardant son endroit préféré sur Terre se dévoiler progressivement.","« Il va faire super froid dehors, Mlle Dawson », dit Devyn en regardant son endroit préféré au monde se dévoiler petit à petit."
"She drew her knees up and circled them with her arms, squeezing as tight as she could.","Elle remonta ses genoux et les entoura de ses bras, serrant aussi fort qu'elle le pouvait.","Elle a ramené ses genoux vers elle et les a enlacés avec ses bras, serrant aussi fort qu'elle pouvait."
This stops me mid-chew.,Cela m'arrête en plein milieu de  ma mastication.,Ça m'arrête net en plein milieu d'une bouchée.
The sea beckoned her.,La mer l‘appelait.,La mer l'appelait.
"I'm shaking, held up by John, who doesn't seem to have full control over his body either.","Je tremble, soutenu par John qui, lui non plus, ne semble pas avoir le contrôle total de son corps.","Je tremble, soutenu par John, qui a l'air de ne pas trop contrôler son corps non plus."
My breath leaves me.,Mon souffle me quitte.,Je reste sans voix.
"He wasn't muscular in the same way as Chase, but thick and solid.","Il n'était pas aussi musclé que Chase, mais il était fort et massif.","Il n'était pas aussi musclé que Chase, mais plutôt costaud et solide."
"What I'm about to do is invasive, I know, but...","Ce que je vais faire est invasif, je le sais, mais...","Ce que je vais faire est un peu intrusif, je sais, mais..."
"""I see,"" Devyn murmured, applying the last bandage.","Je vois, murmura Devyn en appliquant le dernier bandage.","« Je vois », marmonna Devyn en mettant le dernier bandage."
"""Let me talk.""",Laisse-moi parler.,laisse-moi parler
"""Look at the domain.",Regarde le nom de domaine.,regarde le domaine.
"He took a deep breath, focusing on the inhale, and then the exhale.","Il inspira profondément, se concentrant sur l'inspiration, puis sur l'expiration.","Il a pris une grande bouffée d'air, en se concentrant d'abord sur l'inspiration, puis sur l'expiration."
"I stretch out beside him, draw his leg up and drape it over mine.","Je m'étire à côté de lui, remonte sa jambe et la fait  passer par-dessus la mienne.","Je m'allonge à côté de lui, je prends sa jambe et je la mets sur la mienne."
"""They're mostly in awe of you,"" he says, his voice taking on that honeyed timber he'd had when he asked me out on this date.","Ils sont surtout en admiration devant toi, dit-il, sa voix prenant ce timbre mielleux qu'il avait lorsqu'il m'a demandé de sortir avec lui.","« Ils sont pour la plupart impressionnés par toi », dit-il, sa voix prenant ce ton mielleux qu'il avait quand il m'a invitée à sortir."
"My style could be called dormitory chic, my flat furnished with a collection of mismatched pieces acquired over the life of my residency.","Mon style pourrait être qualifié de dortoir chic, mon appartement étant meublé d'une collection de pièces dépareillées acquises depuis que j'ai signé le bail.","Mon style, on pourrait le dire « chic dortoir », mon appart est meublé avec un tas de trucs dépareillés que j'ai ramassés pendant que je vivais là."
"""Yes, daughter.","Oui, ma fille.","ouais, ma fille."
"My ass, my thighs, the muscles of my back melt under John's ministrations.","Mon cul, mes cuisses, les muscles de mon dos fondent sous les doigts de John.","Mes fesses, mes cuisses, les muscles de mon dos fondent sous les soins de John."
"He is so fucking beautiful, my heart hurts.","Il est si beau, putain, que j'en ai mal au cœur.",Il est tellement beau que j'en ai mal au cœur.
"""You're gorgeous,"" John breathes, leaning forward.","Tu es magnifique, souffle John en se penchant en avant.","« T'es magnifique », murmure John en se penchant vers elle."
This is why I'm not cut out for relationships.,Voilà pourquoi je ne suis pas fait pour les relations.,C'est pour ça que je ne suis pas fait pour les relations amoureuses.
"""How the hell did we miss that?""",Comment diable avons-nous pu rater ça,« Comment on a pu rater ça ? »
"She began to sob gently, covering her face with her hands.","Elle se mit à sangloter doucement, se couvrant le visage de ses mains.","Elle s'est mise à sangloter doucement, en se couvrant le visage avec ses mains."
If he got stranded on the island during the storm...,S'il se retrouvait bloqué sur l'île pendant la tempête...,S'il s'est retrouvé coincé sur l'île pendant la tempête...
Not to accept that he can see me so clearly.,De ne pas accepter qu'il lise en moi si clairement.,Je n'accepte pas qu'il me voie aussi clairement.
His fingers were sore and stiff from the wood's rough assault.,Ses doigts étaient endoloris et raides à cause de la rugosité du bois.,Ses doigts étaient endoloris et raides à cause de l'agression brutale du bois.
"You should have been paying attention to the news.""",Tu aurais dû faire attention aux informations.,T'aurais dû suivre l'actu
"""Yes,"" he bit out, watching as her lips twitched.","Oui, dit-il sèchement en regardant les lèvres de la jeune femme se contracter.","« Oui », dit-il sèchement, en regardant ses lèvres trembler."
I laugh and shake my head.,Je ris et secoue la tête.,Je rigole et je secoue la tête.
"But anyway, Amelia's country sent a team to murder her and her human lover.""","Mais de toute façon, le pays d'Amelia a envoyé une équipe pour l'assassiner, elle et son amant humain.","Mais bon, le pays d'Amelia a envoyé une équipe pour la tuer, elle et son mec humain"
This open.,Aussi ouvert.,C'est ouvert.
"What's the bad news?""",Quelle est la mauvaise nouvelle ?,C'est quoi la mauvaise nouvelle ?
"The lot is crowded, but we get lucky with a spot close to the entrance.","Ce dernier est bondé, mais nous avons la chance d'avoir une place près de l'entrée.","Le parking est bondé, mais on a la chance de trouver une place près de l'entrée."
It's also the reason why we're here.,C'est aussi la raison pour laquelle nous sommes ici.,C'est aussi pour ça qu'on est là.
I thought we had a chance to make this work.,Je pensais que nous avions une chance de faire en sorte que ça marche.,Je pensais qu'on avait une chance de faire marcher ça.
"""I'm not saying what he did was right, it's ten different flavors of wrong, but...""","Je ne dis pas que ce qu'il a fait est bien, le mal peut prendre plusieurs formes, mais...","je dis pas que ce qu'il a fait était cool, c'est carrément pas cool, mais.."
"The kid is so grateful to John, it's heartwarming.",Le jeune homme est si reconnaissant envers John que cela fait chaud au cœur.,"Le gamin est tellement reconnaissant envers John, c'est trop touchant."
"The smoke billowed and curved like a dark, beastly creature and Chase blinked back tears as it stung his eyes.","La fumée ondulait et se courbait comme une créature sombre et bestiale, et Chase essuya ses larmes quand elle lui piqua les yeux.","La fumée tourbillonnait et ondulait comme une créature sombre et bestiale, et Chase cligna des yeux pour retenir ses larmes, car ça lui piquait les yeux."
He could finally breathe.,Il pourrait finalement respirer.,Il pouvait enfin respirer.
A total loss for sure.,"Une perte totale, c'était sûr.","Une perte totale, c'est sûr."
"He shouldn't have given in to his desires, and he was mad at himself.","Il n'aurait pas dû céder à ses désirs, et il s'en voulait.","Il n'aurait pas dû céder à ses envies, et il était énervé contre lui-même."
"""Medical bills.""",Des factures d'hôpital à payer.,« Les frais médicaux. »
"""You didn't answer your cell.",Tu n'as pas répondu à ton téléphone portable.,t'as pas répondu à ton portable.
"""We've become family to each other.",... Nous sommes devenus une famille l'un pour l'autre.,on est devenus comme une famille les uns pour les autres.
People would still buy.,Les gens achèteraient quand même.,Les gens continueraient à acheter.
"He'd fight it, fight for her.","Il se battrait, se battrait pour elle.","Il se battrait, se battrait pour elle."
It was none of her business why and where he went.,Ce n'était pas ses affaires de savoir pourquoi et où il allait.,Ça ne la regardait pas de savoir pourquoi et où il allait.
"""Burton,"" he corrects me, but his eyes are liquid.","Burton, me corrige-t-il, mais ses yeux sont liquides.","« Burton », me dit-il, mais ses yeux sont pleins d'émotion."
"His fingers are a little calloused, though less than I would have thought for a man that worked with his hands.","Ses doigts sont un peu calleux, mais moins que je ne l'aurais cru pour un homme qui travaille avec ses mains.","Ses doigts sont un peu calleux, mais moins que ce que j'aurais pensé pour un gars qui bosse avec ses mains."
"""She's mad at you.""",Elle est en colère contre toi.,elle est fâchée contre toi
"She'd sit on the bar's deck, pretending to read and watching the patrons.","Elle s'asseyait à la terrasse du bar, faisant semblant de lire et observant les clients.","Elle s'asseyait sur la terrasse du bar, faisant semblant de lire tout en regardant les clients."
That's what hurts – so much.,C'est ce qui fait mal  tellement mal.,"C'est ça qui fait mal, vraiment mal."
"My mood has improved dramatically since he told me he was coming, and I'm smiling already.","Mon humeur s'est considérablement améliorée depuis qu'il m'a dit qu'il venait, et je souris déjà.","Depuis qu'il m'a dit qu'il venait, je suis super contente et j'ai déjà le sourire aux lèvres."
"She pressed her body against his, and heat tingled in his abdomen.","Elle pressa son corps contre le sien, et sa chaleur lui picota l'abdomen.","Elle s'est collée contre lui, et il a senti une chaleur lui monter dans le ventre."
"For the first time since the storm, he was glad the electricity was out.","Pour la première fois depuis l'orage, il était content que l'électricité soit coupée.","Pour la première fois depuis la tempête, il était content qu'il n'y ait plus d'électricité."
"That all happened when she was diagnosed with myeloma, bone marrow cancer.","Tout cela est arrivé quand on lui a diagnostiqué un myélome, un cancer de la moelle osseuse.","Tout ça s'est passé quand on lui a dit qu'elle avait un myélome, un cancer de la moelle osseuse."
"""Go change those wet clothes before you catch a cold.""",Va changer ces vêtements mouillés avant d'attraper froid.,va changer tes fringues mouillées avant de choper un rhume
Check flashlight batteries?,Vérifier les piles de la lampe de poche ?,Tu peux vérifier les piles de la lampe de poche ?
"Surprising she could read and write, given the times.""","Il est surprenant qu'elle ait su lire et écrire, compte tenu de l'époque.","C'est surprenant qu'elle savait lire et écrire, vu l'époque"
"""So much so, that I want you to do the same thing for the rest of Carta Hotels.""",À tel point que je veux que tu fasses la même chose pour le reste des hôtels Carta.,à tel point que je veux que tu fasses la même chose pour tous les autres hôtels Carta
"""Better figure it out soon.""",Tu ferais mieux de t'en rendre-compte rapidement.,« Tu ferais mieux de te décider vite. »
We made it through the storm with minimal damage.,Nous avons traversé la tempête avec un minimum de dégâts.,On a réussi à passer la tempête avec un minimum de dégâts.
"Sharing with a mate from uni, who has since moved.",Je partageais le logement avec un ami de l'université qui a déménagé depuis.,"Je partageais avec un pote de la fac, qui a déménagé depuis."
Come Undone: Romance Stories Inspired by the Music of Duran Duran,Come Undone : Histoires d'amour inspirées par la musique de Duran Duran,Come Undone : Histoires d'amour inspirées par la musique de Duran Duran
And now he was planning to leave her behind and farm some dry land somewhere a million miles away.,"Et maintenant, il prévoyait de la laisser derrière lui et de cultiver une terre aride quelque part à un million de kilomètres d'ici.","Et maintenant, il pensait la laisser et cultiver un bout de terre aride à des milliers de kilomètres de là."
"I squirt a generous amount over my fingers and slick his cock, encouraging him to pump into my hand.","J'en verse une quantité généreuse sur mes doigts et j'enduis sa bite, l'encourageant à pomper dans ma main.","Je mets plein de lubrifiant sur mes doigts et je lui caresse la bite, en lui disant de se frotter contre ma main."
Inna might have her already.,Inna l'avait peut-être déjà attrapé.,Inna l'a peut-être déjà.
"The first time that he'd heard her humming, he'd squeezed his eyes shut and waited for the pain to explode in his head, only to have the soft, hypnotic sound slowly lull him to sleep.","La première fois qu'il l'avait entendu, il avait fermé ses yeux et attendu que la douleur explose dans sa tête, mais ce fut le contraire.","La première fois qu'il l'avait entendue fredonner, il avait fermé les yeux et attendu que la douleur explose dans sa tête, mais le son doux et hypnotique l'avait lentement bercé jusqu'à ce qu'il s'endorme."
Towering clouds formed a barricade of weather that was bound to bring a lot of wind and rain to the little island.,Des nuages imposants formaient une enceinte climatique qui allait certainement apporter beaucoup de vent et de pluie sur la petite île.,Des nuages énormes formaient une barrière météo qui allait sûrement apporter beaucoup de vent et de pluie sur la petite île.
She turned the page and found herself frowning as she went through the rest of the list and decided that perhaps she should just get started when she realized that there was a third page.,Elle décida qu'elle ferait mieux de commencer lorsqu'elle réalisa qu'il y avait une troisième page.,Elle a tourné la page et s'est surprise à froncer les sourcils en parcourant le reste de la liste. Elle s'est dit qu'elle ferait peut-être mieux de se mettre au boulot quand elle a vu qu'il y avait une troisième page.
His heart sped as he realized the potential that hung heavily in the moment.,Son cœur s'accéléra lorsqu'il réalisa le potentiel qui planait sur ce moment.,Son cœur s'est mis à battre plus vite quand il a compris le potentiel énorme de ce moment.
"Tears flowed down Mari's cheeks, mixed with the rainfall and the seawater.","Les larmes coulaient sur les joues de Mari, se mêlant à la pluie et à l'eau de mer.","Les larmes coulaient sur les joues de Mari, se mélangeant à la pluie et à l'eau de mer."
"You're foolish to try.""",C'est idiot d'essayer.,T'es bête d'essayer
"""I want to take you somewhere you've been dying to go.",Je veux te faire plaisir et t'emmener dans un endroit où tu meurs d'envie d'aller.,je veux t'emmener dans un endroit où tu rêves d'aller depuis longtemps.
"He's been eye-fucking me since the moment he walked in the door, and I'm finding it harder and harder to resist him with every pull from my glass.","Il me fait de l'œil depuis qu'il a franchi la porte, et j'ai de plus en plus de mal à lui résister à chaque fois que je bois un verre.","Il me mate depuis qu'il est entré, et j'ai de plus en plus de mal à lui résister à chaque gorgée que je prends."
"""The only room I can stand to be in, really, is my bedroom.""","La seule pièce que je peux supporter, c'est ma chambre à coucher.","la seule pièce où je me sens vraiment bien, c'est ma chambre"
She owes me and she knows it.,Elle me doit quelque chose et elle le sait.,Elle me doit un service et elle le sait.
His expression is sober.,Son expression est sérieuse.,Son air est sérieux.
Though the hostage thing might work.,Bien que la prise d'otage semblât être une bonne idée.,"Mais le truc avec les otages, ça pourrait marcher."
"His eyes lock on the place where our bodies join, his expression positively feral.","Ses yeux se fixent sur l'endroit où nos corps se rejoignent, son expression est positivement féroce.","Son regard se fixe sur l'endroit où nos corps se rejoignent, son expression est carrément sauvage."
"Hopefully, the repair wouldn't delay closing on the bar's sale.","Avec un peu de chance, la réparation ne retarderait pas la conclusion de la vente du bar.",Espérons que la réparation ne retardera pas la conclusion de la vente du bar.
"He didn't know how long they sat on the couch holding each other, but it felt like forever.","Il ne savait pas combien de temps ils étaient restés assis sur le canapé à se serrer l'un contre l'autre, mais cela lui a semblé une éternité.","Il ne savait pas combien de temps ils sont restés assis sur le canapé à se serrer dans les bras, mais ça lui a semblé une éternité."
He had to be at work in a few hours.,Il devait être au travail dans quelques heures.,Il devait être au boulot dans quelques heures.
"He rubbed his arm, trying to stop the itching that suddenly overtook his skin.","Il se frotta le bras, essayant d'arrêter les démangeaisons qui envahissaient soudain sa peau.",Il s'est frotté le bras pour essayer d'arrêter les démangeaisons qui avaient soudainement pris possession de sa peau.
"I hadn't even known he'd been paying attention, since he'd been distracted then too.","Je ne savais même pas qu'il était attentif, puisqu'il avait été distrait à ce moment-là aussi.","Je ne savais même pas qu'il avait fait gaffe, vu qu'il était distrait à ce moment-là aussi."
It was honestly the perfect job for her.,"Pour être honnête, c'était le travail idéal pour elle.",C'était vraiment le boulot parfait pour elle.
He stumbled across the room and put his palms against the wooden door.,Il traversa la pièce en titubant et posa ses paumes contre la porte en bois.,Il a traversé la pièce en titubant et a posé ses mains sur la porte en bois.
"She'd worked hard making the Mermaid's Purse a success, and it wasn't fair that her work was threatened both by a hurricane and by Chase's demonsat the same time.","Elle avait travaillé dur pour faire de la Bourse de la Sirène un succès, et il n'était pas juste que son travail soit menacé à la fois par un ouragan et par les démons de Chase, en même temps.","Elle avait bossé dur pour que le Mermaid's Purse cartonne, et c'était pas juste que son boulot soit menacé à la fois par un ouragan et par les démons de Chase."
"""Sorry, I wasn't thinking.","Désolé, je n'ai pas réfléchi.","désolé, j'ai pas réfléchi."
"He nibbled at her earlobe, his hot breath sending shivers down her torso and into her legs.","Il lui mordilla le lobe de l'oreille, son souffle chaud faisant frissonner sa poitrine et ses jambes.","Il lui mordillait le lobe de l'oreille, son souffle chaud lui donnant des frissons dans le torse et les jambes."
"By diver man's family.""",Par la famille du plongeur.,Par la famille du plongeur
"I feel his body jolt beneath mine, muscles going rigid.","Je sens son corps tressaillir sous le mien, ses muscles se raidissent.","Je sens son corps se contracter sous le mien, ses muscles se raidir."
"""And I'm sure that there was a good reason why you didn't contact my office,"" Devyn said, moving to return his attention to the woman that hadn't been happy when she'd discovered that he'd planned on doing this audit in person.","Et je suis sûr qu'il y a une bonne raison pour laquelle vous n'avez pas contacté mon bureau, dit Devyn, reportant son attention sur la femme qui n'avait pas été heureuse d'apprendre qu'il avait prévu de faire cet audit en personne.","« Et je suis sûr que t'avais une bonne raison de ne pas contacter mon bureau », dit Devyn, en reportant son attention sur la femme qui n'avait pas été contente quand elle avait découvert qu'il avait prévu de faire cet audit en personne."
He'd showered and his damp hair stood in spikes.,Il s'était douché et ses cheveux humides se dressaient en épis.,Il venait de prendre une douche et ses cheveux humides étaient tout ébouriffés.
"This is my kingdom, my domain.","C'est mon royaume, mon domaine.","C'est mon royaume, mon coin."
"Maybe you can reach me.""",Tu pourras peut-être m'atteindre.,Tu peux peut-être me joindre
"""When she finally shows up, tell her that Devyn MacGregor, CEO of Carta Hotels, is here to do an inspection,"" Devyn said evenly.","Lorsqu'elle se présentera enfin, dites-lui que Devyn MacGregor, PDG des Hôtels Carta, est ici pour une inspection, dit Devyn d'un ton calme.","« Quand elle se pointera enfin, dis-lui que Devyn MacGregor, le PDG de Carta Hotels, est là pour faire une inspection », dit Devyn d'un ton calme."
"""I wish we could've evacuated.""",J'aurai aimé qu'on évacue.,j'aurais aimé qu'on puisse évacuer
"As in, people actually have some.","En fait, les gens ont des attentes, tout simplement.","Genre, les gens en ont vraiment."
"I follow him back to the booth, where I'd been in the middle of setting up my next block of songs.","Je le suis jusqu'au studio, où j'étais en train d'installer mon prochain bloc de chansons.","Je le suis jusqu'à la cabine, où j'étais en train de préparer ma prochaine série de chansons."
"This time, I can't stop the shiver that races down my spine.","Cette fois, je ne peux pas arrêter le frisson qui me parcourt l'échine.","Cette fois, je n'arrive pas à arrêter le frisson qui me parcourt le dos."
"""Practice like this?""",S'entraîner comme ça ?,« Tu t'entraînes comme ça ? »
"She moaned, then tipped her head back to give him access, her tongue tangling with his larger one.","Elle gémit, puis bascula sa tête en arrière pour lui donner un accès total, sa langue s'emmêlant avec celle plus imposante de Chase.","Elle gémit, puis renversa la tête en arrière pour lui donner accès, sa langue s'entremêlant avec la sienne, plus grande."
"His ears are turning red, and his hands flutter a bit when he reaches for the pita bread.",Ses oreilles rougissent et ses mains s'agitent un peu lorsqu'il attrape le pain pita.,Ses oreilles deviennent rouges et ses mains tremblotent un peu quand il prend le pain pita.
"His name is Inna.""",Il s'appelle Inna.,Il s'appelle Inna
"""This must have cost a fortune,"" I tell him, pouring another glass.","Cela a dû coûter une fortune, lui dis-je en me versant un autre verre.","« Ça a dû coûter une fortune », je lui dis en me servant un autre verre."
He's a good teacher.,C'est un bon professeur.,C'est un bon prof.
She leaned over the railing and pretended to look at the dune.,Elle se pencha sur la balustrade et fit semblant de regarder la dune.,Elle s'est penchée par-dessus la balustrade et a fait semblant de regarder la dune.
"The puppies were adorable,"" Andi said with a solemn nod, making him chuckle as she handed the chocolate bar over to him so that she could grab the notebook that he wasn't allowed to touch after he'd made the mistake of marking a page by folding a corner so that he could come back to it later.","Les chiots étaient adorables, déclara Andi avec un hochement de tête solennel, le faisant rire alors qu'elle lui tendait la barre de chocolat afin de pouvoir saisir le carnet qu'il n'avait pas le droit de toucher après avoir commis l'erreur de marquer une page en pliant un coin pour pouvoir y revenir plus tard.","Les chiots étaient trop mignons », dit Andi en hochant la tête d'un air sérieux, ce qui le fit sourire alors qu'elle lui tendait la tablette de chocolat pour pouvoir attraper le cahier qu'il n'avait pas le droit de toucher après avoir fait l'erreur de marquer une page en pliant un coin pour pouvoir y revenir plus tard."
Wouldn't that make leaving much easier for him?,Cela ne rendrait-il pas son départ plus facile ?,Ça ne rendrait pas son départ beaucoup plus facile ?
"Her face didn't hide the pain in her heart, the pain he hadn't noticed before.","Son visage ne cachait pas la douleur au fond de son cœur, une douleur qu'il n'avait pas remarquée auparavant.","Son visage ne cachait pas la douleur dans son cœur, cette douleur qu'il n'avait pas remarquée avant."
"""Before the transfer finished coming through, they attempted to authorize a transfer, but the authorization for the transfer came into question and our accounting department flagged it.""","Avant que le transfert ne soit terminé, ils ont tenté d'autoriser un transfert, mais l'autorisation a été remise en question et notre service comptable l'a signalé.","avant que le transfert soit fini, ils ont essayé d'autoriser un transfert, mais l'autorisation a été remise en question et notre service comptable l'a signalée"
"A few drops of water from the structure over them rained down at the motion and she ducked her head, laughing.",Quelques gouttes d'eau provenant de la structure qui les surplombait tombèrent à cause du mouvement et elle baissa la tête en riant.,"Quelques gouttes d'eau provenant de la structure au-dessus d'eux se sont mises à tomber quand elle a bougé, et elle a baissé la tête en rigolant."
"""We...don't really talk.""",Nous... ne nous parlons pas vraiment.,« On... ne parle pas vraiment. »
I get out and jog around the car to grab his hands.,Je sors et contourne la voiture pour lui prendre les mains.,Je sors et fais le tour de la voiture en courant pour lui attraper les mains.
And it isn't something I've ever shared with anyone else.,Et ce n'est pas un secret que je n'ai jamais partagé avec quelqu'un d'autre.,Et je n'en ai jamais parlé à personne d'autre.
Her head swam and she struggled to keep herself under control.,Sa tête s'était mise à tourner et elle luttait pour garder le contrôle.,Elle avait la tête qui tournait et avait du mal à garder son sang-froid.
"My cock bobs eagerly between us, and John's perks up to say hello.","Ma bite oscille entre nous avec impatience, et celle de John se réveille pour dire bonjour.","Ma bite se balance avec impatience entre nous, et celle de John se redresse pour dire bonjour."
And I mean he really listens as the singer promises not to let him drown in whatever is troubling him.,"Et, par-là, j'entends qu'il écoute vraiment, car le chanteur lui promet de ne pas le laisser se noyer dans ce qui le trouble.",Et je veux dire qu'il écoute vraiment quand le chanteur promet de ne pas le laisser se noyer dans ce qui le tracasse.
"His back is to me, shoulders scrunched up to his ears.","Il me tourne le dos, les épaules haussées jusqu'aux oreilles.","Il me tourne le dos, les épaules remontées jusqu'aux oreilles."
A fucking hurricane was outside his window and he was thinking about getting laid?,Un putain d'ouragan était derrière sa fenêtre et il pensait à s'envoyer en l'air,Y avait un putain d'ouragan dehors et il pensait à s'envoyer en l'air ?
"He needed to stay focused, he kept reminding himself as he lay there, staring up at the ceiling as he thought about everything that was at stake, the list of hotels that they still needed to take a closer look at, and going over everything he had to do today, anything to stop thinking about the woman in the other room.","Il devait rester concentré, ne cessait-il de se rappeler alors qu'il était allongé, fixant le plafond en pensant à tout ce qui était en jeu, à la liste des hôtels qu'ils devaient encore examiner de plus près, et en passant en revue tout ce qu'il devait faire aujourd'hui, tout était bon pour cesser de penser à la femme dans l'autre pièce.","Il devait rester concentré, se répétait-il sans arrêt, allongé là, les yeux rivés au plafond, en pensant à tout ce qui était en jeu, à la liste des hôtels qu'ils devaient encore examiner de plus près, et en repassant tout ce qu'il avait à faire aujourd'hui, n'importe quoi pour arrêter de penser à la femme dans l'autre pièce."
"""Tell my mother I'll be home soon.",Dis à ma mère que je serai bientôt à la maison.,dis à ma mère que je rentre bientôt à la maison.
He'd managed to negotiate a contract that benefitted them both.,Il avait réussi à négocier un contrat qui convenait aux deux parties.,Il avait réussi à négocier un contrat qui leur convenait à tous les deux.
"But I'm sure...""",Mais je suis sûr...,Mais je suis sûr que..
"""But you came for another reason.""","Mais, tu es venue pour une autre raison.",mais tu es venu pour une autre raison
"Grinning, I queue up Coldplay's Always in My Head.","En souriant, je mets en file d'attente Always in My Head de Coldplay.","Avec un grand sourire, je mets la chanson Always in My Head de Coldplay."
"""He's here,"" Dyer's voice trails off.","Il est là, dit Dyer d'une voix étouffée.","« Il est là », dit Dyer d'une voix traînante."
"""Only when I talk to you,"" she said, blinking up at him before following that up with, ""What did you do for Christmas?""","Seulement quand je te parle, dit-elle, clignant des cils avant de poursuivre :","« Seulement quand je te parle », dit-elle en clignant des yeux avant d'ajouter : « T'as fait quoi pour Noël ? »"
I know he'll leave marks on my skin.,Je sais qu'il laissera des marques sur ma peau.,Je sais qu'il va laisser des marques sur ma peau.
Anything you fucking want!,"Tout ce que tu veux, putain !","Tout ce que tu veux, putain !"
"I always have these harebrained schemes that seem like great ideas...at the time.""",J'ai toujours ces projets farfelus qui semblent être de bonnes idées... sur le moment.,J'ai toujours ces plans farfelus qui me semblent être des idées géniales... sur le moment
"But there isn't much of a demand for them anymore.""",Mais il n'y a plus beaucoup d'offres pour ce métier.,Mais y a plus trop de demande pour ça maintenant
He and the unpowered wheel were both broken by storms.,Lui et la roue sans moteur avaient tous deux étés brisés par les tempêtes.,Lui et la roue non motorisée ont tous les deux été cassés par les tempêtes.
They'd be lucky to have power by morning if the storm held true to predictions.,Ils auront de la chance d'avoir de l'électricité le matin si la tempête se maintient.,Ils auront de la chance s'ils ont encore de l'électricité demain matin si la tempête se passe comme prévu.
"But with John, I want the circle of his strong arms around me.","Mais avec John, je veux le cercle de ses bras forts autour de moi.","Mais avec John, j'ai envie de sentir ses bras forts autour de moi."
It's the first genuine laugh I've had all week.,C'est le premier vrai rire que j'ai eu de toute la semaine.,C'est le premier vrai fou rire que j'ai eu de toute la semaine.
"I know she'd take me up on any offer I made her, and she knows I know.","Je sais qu'elle accepterait n'importe quelle offre que je lui ferai, et elle sait que je le sais.","Je sais qu'elle accepterait n'importe quelle proposition que je lui ferais, et elle sait que je le sais."
"""Sorry you're stuck spending the night with me.""","Désolée que tu sois coincé ici, obligé de passer la nuit avec moi.",désolé que tu sois obligé de passer la nuit avec moi
"Might be the last hot meal you get for a while.""",C'est peut-être le dernier repas chaud que tu auras avant longtemps.,Ça pourrait être ton dernier repas chaud avant un moment
"""Is that a hint of jealousy I see?""",Est-ce une pointe de jalousie que je sens ?,"tu es un peu jaloux, c'est ça ?"
I suck the tip of his index finger into my mouth and run my tongue over it.,J'aspire le bout de son index dans ma bouche et passe ma langue dessus.,Je prends le bout de son index dans ma bouche et je passe ma langue dessus.
A little pain would divert the fear in his gut.,Un peu de douleur détournerait la peur qui le tenaillait.,Un peu de douleur détournerait la peur qu'il ressentait au creux de son ventre.
"One of his denim-clad legs is folded beneath him, the other stretched toward me.","L'une de ses jambes vêtue de denim est repliée sous lui, l'autre tendue vers moi.","Une de ses jambes en jean est repliée sous lui, l'autre tendue vers moi."
You'd think I'd never been touched before.,On pourrait croire que je n'ai jamais été touché auparavant.,On dirait que je n'ai jamais été touché avant.
"She met his tongue with her own, wishing to tell him everything she'd kept secret from him.","Elle rencontra sa langue avec la sienne, souhaitant lui dire tout ce qu'elle avait gardé secret.","Elle a répondu à son baiser avec sa langue, voulant lui dire tout ce qu'elle lui avait caché."
"""I know plenty about you,"" he assured her as he swiped to the next email.","Je sais beaucoup de choses sur vous, lui assura-t-il alors qu'il passait à l'e-mail suivant.","« Je sais plein de trucs sur toi », lui dit-il en passant au mail suivant."
"""I need to get back,"" John says, abruptly.","Je dois rentrer, dit John brusquement.","« Je dois y aller », dit John d'un coup."
As always.,Comme toujours,Comme d'habitude.
"""Yes,"" Andi murmured, snuggling in closer until he took the hint and carefully wrapped his arm around her and pulled her closer.","Oui, murmura Andi, se blottissant plus près jusqu'à ce qu'il comprenne l'allusion et l'entoure soigneusement de son bras pour l'attirer plus près de lui.","« Oui », murmura Andi en se blottissant contre lui jusqu'à ce qu'il comprenne le message et passe délicatement son bras autour d'elle pour la serrer contre lui."
"It's been weeks.""",Ça fait des semaines.,Ça fait des semaines
Nothing he'd like better than to lay her down and make love to her again and again.,Rien ne lui plairait plus que de l'allonger et de lui faire l'amour encore et encore.,Il n'y a rien qu'il aimerait plus que de la coucher et de lui faire l'amour encore et encore.
"""As long as the surge doesn't get too much bigger than they predict, we'll be okay.","Tant que l'onde de tempête n'est pas plus forte que ce qu'ils prévoient, tout ira bien.","tant que la vague n'est pas beaucoup plus grosse que ce qu'ils disent, ça ira."
"I can tell, just listening to him, how much teaching there meant to John.","Je peux dire, rien qu'en l'écoutant, à quel point l'enseignement a compté pour John.","Juste en l'écoutant, je peux dire à quel point enseigner était important pour John."
"""So, about dinner...""","Alors, à propos du dîner...","bon, pour le dîner.."
Flames licked at the pre-dawn sky and heat radiated from the structure.,Les flammes léchaient le ciel d'avant l'aube et la chaleur irradiait de la structure.,Les flammes léchaient le ciel avant l'aube et la chaleur se propageait depuis le bâtiment.
"She'd never been through a tornado, if that's what it was, and she never wanted to experience it again.","Elle n'avait jamais traversé de tornade, si c'était bien de cela qu'il s'agissait, et elle ne voulait plus jamais en faire l'expérience.","Elle n'avait jamais vécu de tornade, si c'était bien ça, et elle ne voulait plus jamais revivre ça."
"Once she and Chase were married, of course, and his mom was her mother-in-law.","Une fois qu'elle et Chase seraient mariés, bien sûr, et que sa mère serait sa belle-mère.","Une fois qu'elle et Chase se sont mariés, bien sûr, et que sa mère est devenue sa belle-mère."
"As long as you know it isn't accurate.""",Tant que tu sais que ce n'est pas vrai.,Tant que tu sais que ce n'est pas exact
I'm not ever marrying you.,Je ne me marierai jamais avec toi.,Je ne te marierai jamais.
"""Do you want me to stop, or do you want more?"" I'm pressing in, even as I ask the question.",Tu veux que je m'arrête ou tu veux plus ?,"« Tu veux que j'arrête ou tu en veux encore ? » Je continue à appuyer, même en posant la question."
"Nodding absently, Andi returned her attention to the bear and-","Hochant la tête distraitement, Andi reporta son attention sur l'ours et...","Andi acquiesça distraitement, puis reporta son attention sur l'ours et.."
"""I'm taking you to dinner, Miss Dawson,"" Devyn said, smiling as he slowly brushed his lips against hers one last time before he stood up as she sent a panicked gaze at the window and-","Je vous emmène dîner, Mlle Dawson, dit Devyn en souriant et en effleurant lentement ses lèvres une dernière fois avant de se lever, alors qu'elle jetait un regard paniqué vers la fenêtre et...","« Je t'emmène dîner, Mlle Dawson », dit Devyn en souriant, avant de poser une dernière fois ses lèvres sur les siennes, puis de se lever alors qu'elle jetait un regard paniqué vers la fenêtre et.."
"""It's been called that for as long as I remember.""",On l'appelle ainsi depuis aussi longtemps que je m'en souvienne.,« Ça s'appelle comme ça depuis toujours. »
"His expression is so open, so vulnerable, and it brushes up against a tender spot near my heart.","Son expression est si ouverte, si vulnérable, et elle effleure un point sensible près de mon cœur.","Son regard est tellement franc, tellement vulnérable, et ça me touche droit au cœur."
Kill me now.,Tuez-moi sur le champ !,Tue-moi tout de suite.
"He was still incredibly handsome, Andi thought as she debated pointing out that he should be back in bed.","Il était toujours très beau, se dit Andi tout en se demandant si elle devait lui dire de retourner au lit.","Il était toujours super beau, pensa Andi en se demandant si elle devait lui dire de retourner se coucher."
"""You're a child of the eighties, aren't you?""","Tu es un enfant des années quatre-vingt, n'est-ce pas ?","t'es un enfant des années 80, pas vrai ?"
"He blamed himself for Luke's death, and the passage of time hadn't lessened his feelings in the least.","Il se sentait responsable de la mort de Luke, et le temps qui passait n'avait en rien atténué ses sentiments.","Il se reprochait la mort de Luke, et le temps qui passait n'avait pas du tout atténué ses sentiments."
"After what happened with Luke, then the mess with Kelly.","Après ce qui s'est passé avec Luke, puis avec Kelly","Après ce qui s'est passé avec Luke, puis le bordel avec Kelly."
"I'm a little peeved at the orphaned butterfly that flutters in my stomach when I see his photo on my screen, shirtless and glistening by the pool.","Je suis un peu fâché par le papillon solitaire qui palpite dans mon estomac quand je vois sa photo sur mon écran, torse nu et luisant au bord de la piscine.","Je suis un peu agacée par ce papillon orphelin qui virevolte dans mon ventre quand je vois sa photo sur mon écran, torse nu et brillant au bord de la piscine."
"Then, they'd bring those skills back to North Carolina and run a bar and, with the proceeds, eventually open a diving school for civilians.","Ensuite, ils ramèneraient leurs compétences en Caroline du Nord, tiendraient un bar et, avec les bénéfices, ouvriraient éventuellement une école de plongée pour les civils.","Après, ils ramèneraient ces compétences en Caroline du Nord, tiendraient un bar et, avec les bénéfices, ouvriraient une école de plongée pour les civils."
"I feel myself opening already, anticipating him.","Je me sens déjà en train de m'ouvrir, je l'attends.","Je me sens déjà m'ouvrir, en l'attendant."
Anthologies:,Anthologies :,Anthologies :
"At least, for now.",Du moins pour l'instant,"Du moins, pour l'instant."
"John was right when he said the man was handsome, but he doesn't hold a candle to my brawny lad.","John avait raison quand il a dit que l'homme était beau, mais il n'arrive pas à la cheville de mon mec musclé.","John avait raison de dire que ce mec était beau, mais il n'arrive pas à la cheville de mon mec musclé."
"She ran her gaze from the small bandage covering the cut on his temple that was probably going to leave a small scar down to the dark bruise that ran from his temple to his jaw, absently noting that it was beginning to fade.","Elle promena son regard sur lui, allant du bandage qui recouvrait sa coupure à la tempe et qui allait sûrement laisser une cicatrice, à l'ecchymose sombre qui courait de sa tempe à sa mâchoire.","Elle a regardé le petit pansement sur la coupure à sa tempe, qui allait sûrement laisser une petite cicatrice, puis le bleu foncé qui allait de sa tempe à sa mâchoire, remarquant distraitement qu'il commençait à s'estomper."
"""Maybe a few shingleshard to tell.""","Peut-être quelques bardeaux, c'est difficile à dire.","peut-être quelques bardeaux, difficile à dire"
"Then again, none of this made any sense.","En même temps, rien de tout ceci n'avait aucun sens.","Mais bon, tout ça n'avait aucun sens."
"I think it's the one thing I was put on this earth to do.""",Je pense que c'est la seule chose pour laquelle j'ai été mis sur cette terre.,Je pense que c'est la seule chose pour laquelle je suis sur cette terre
"""You're gorgeous, successful, grounded...""","Tu es magnifique, tu as du succès, tu as les pieds sur terre...","t'es super belle, tu réussis bien, t'as les pieds sur terre.."
And then I'm out like a spent match.,Et puis je m'éteins comme une allumette usée.,"Et là, je m'écroule comme une allumette brûlée."
"I'm not in love with him, but I still love him.","Je ne suis pas amoureux de lui, mais je l'aime toujours.","Je ne suis pas amoureuse de lui, mais je l'aime toujours."
He's a jolly sort. A kind of Sicilian Santa Claus.,Une sorte de Père Noël sicilien.,C'est un gars super sympa. Un peu comme le Père Noël sicilien.
"I'll stay a few days and visit, as long as my shop is still fine.","Je resterai quelques jours pour visiter, tant que mon magasin va bien.","Je vais rester quelques jours et visiter, tant que ma boutique va bien."
"""I'm cautiously optimistic,"" he hedged, taking a sip of apple juice as he pulled his phone back out of his pocket.","Je suis prudemment optimiste, nuança-t-il avant de prendre une gorgée de jus de pomme et de reprendre son téléphone.","« Je suis prudemment optimiste », dit-il en prenant une gorgée de jus de pomme et en ressortant son téléphone de sa poche."
They almost reached the beach stairs when he stopped.,Ils avaient presque atteint les escaliers de la plage lorsqu'il s'arrêta.,Ils étaient presque arrivés à l'escalier de la plage quand il s'est arrêté.
"When Devyn only glared, Lucas said, ""That's why.""","Comme Devyn se contenta de lui jeter un regard noir, Lucas dit : ""Voilà pourquoi.""","Comme Devyn se contentait de le regarder d'un air furieux, Lucas dit : « Voilà pourquoi. »"
"It hasn't been that long.""",Ça ne fait pas si longtemps.,Ça ne fait pas si longtemps
What the hell would he think if he found her talking to a naked man?,Que penserait-il s'il la surprenait en train de parler à un homme nu ?,Qu'est-ce qu'il penserait s'il la voyait en train de parler à un mec tout nu ?
"For a moment, he considered trying to make his way back to his room so that he could pass back out on his bed, but the thought of soaking in a hot bath sounded really fucking good at the moment.","Pendant un instant, il envisagea l'idée de retourner dans sa chambre et de s'évanouir encore une fois dans son lit, mais l'idée d'un bon bain chaud était tout aussi tentante à cet instant.","Pendant un instant, il a pensé à retourner dans sa chambre pour se recoucher, mais l'idée de se détendre dans un bon bain chaud lui semblait vraiment géniale à ce moment-là."
They spring out of my head in Medusa spirals that I pretend to control in the morning.,Elles jaillissent de ma tête en spirales comme Méduse que je fais semblant de contrôler le matin.,Ils sortent de ma tête en spirales de Méduse que j'essaie de contrôler le matin.
"""Let's simply say your father made a bet and lost.",Disons simplement que ton père a fait un pari et qu'il a perdu.,disons juste que ton père a fait un pari et qu'il a perdu.
"Tied up, or of his own free will.","Attaché, ou de son plein gré.",Attaché ou de son plein gré.
The woman who'd pledged her life to me.,La femme qui m'avait juré de m'aimer toute ma vie.,La femme qui m'avait promis sa vie.
Every fiber of his heart wanted to reach in and claim those lips.,Toutes les fibres de son cœur voulaient s'approcher et s'emparer de ces lèvres.,Chaque fibre de son cœur voulait se pencher et s'emparer de ces lèvres.
"""Neither of us knew what we were doing.""",Aucun de nous ne savait ce qu'il faisait.,« On savait pas du tout ce qu'on faisait. »
"Something is really eating at the man, and I wish I knew him well enough for me to be able to ask.","Quelque chose le ronge vraiment, et j'aimerais le connaître assez pour pouvoir le lui demander.","Quelque chose le tracasse vraiment, et j'aimerais le connaître assez bien pour pouvoir lui demander."
"""Please don't make this more difficult than it already is.""","S'il te plaît, ne rends pas les choses plus difficiles qu'elles ne le sont déjà.","s'il te plaît, ne rends pas ça plus compliqué que ça ne l'est déjà"
"""Do I have a choice?""",Ai-je le choix ?,j'ai le choix ?
"""I'll tell you about that oil portrait hanging over the bar.",Je vais te parler de cette peinture à l'huile accrochée au-dessus du bar.,je vais te parler de ce portrait à l'huile accroché au-dessus du bar.
"He'd led her on, knowing he couldn't give her what she really needed.",Il avait couché avec elle sachant qu'il ne pouvait pas lui donner ce dont elle avait vraiment besoin.,"Il lui avait fait miroiter des trucs, même s'il savait qu'il ne pouvait pas lui donner ce dont elle avait vraiment besoin."
"He's smiling, despite the uncertainty in his eyes.","Il sourit, malgré l'incertitude dans ses yeux.","Il sourit, même s'il a l'air un peu incertain."
It occurs to me that it's been over a month since I got laid.,Je me rends compte que cela fait plus d'un mois que je ne me suis pas envoyé en l'air.,Je me rends compte que ça fait plus d'un mois que je n'ai pas couché avec quelqu'un.
"""Did you step on any glass?""",As-tu marché sur du verre ?,t'as marché sur du verre ?
"Are you going to leave me here and run away?""",Qu'est-ce que tu vas faire ? Tu vas me laisser ici et t'enfuir ?,Tu vas me laisser ici et t'enfuir ?
Chase took a bite of his sandwich then set it down.,Chase croqua une bouchée de son sandwich puis le reposa.,"Chase a pris une bouchée de son sandwich, puis l'a reposé."
"I know she's doing what she thinks is best.""",Je sais qu'elle fait ce qu'elle pense être le mieux.,Je sais qu'elle fait ce qu'elle pense être le mieux
"In a split second, she threw her arms around his neck and craned to kiss him, giving him a peck beneath his chin.","En une fraction de seconde, elle lui passa les bras autour du cou et se pencha pour l'embrasser, lui faisant un petit bisou sous le menton.","En un clin d'œil, elle lui a sauté au cou et s'est penchée pour l'embrasser, lui donnant un petit baiser sous le menton."
He liked falling asleep with her in his arms more than he should.,"Il aimait, beaucoup plus qu'il ne devait, s'endormir avec elle dans ses bras.",Il aimait s'endormir avec elle dans ses bras plus qu'il n'aurait dû.
"Better grab a candle or two.""",Je ferais mieux de prendre une ou deux bougies.,Prends une bougie ou deux
"The mentholated cream soothed his skin as he rubbed, though he was careful not to lather near the cut.","La crème mentholée apaisa sa peau lorsqu'il frotta, bien qu'il fît attention à ne pas faire mousser la crème près de la coupure.","La crème mentholée lui a fait du bien sur la peau quand il l'a appliquée, mais il a fait gaffe à ne pas mettre trop près de la coupure."
"""This is no time to be afraid of the ocean.",Ce n'est pas le moment d'avoir peur de l'océan.,c'est pas le moment d'avoir peur de l'océan.
"When the backs of his knees hit it, I release him, and he tumbles down.","Lorsque l'arrière de ses genoux le touche, je le libère et il se tomber.","Quand l'arrière de ses genoux le touche, je le lâche et il tombe."
"The crash of waves onto the sand echoed against the dunes, and the darkened skeletal remains of the pier jagged from the water.","Le fracas des vagues sur le sable résonnait contre les dunes, et les vestiges squelettiques de la jetée se détachaient de l'eau.","Le bruit des vagues qui s'écrasaient sur le sable résonnait contre les dunes, et les restes sombres et squelettiques de la jetée émergeaient de l'eau."
"""What do you think?"" Andi asked as she waited for Drew, her twin brother, best friend, and the man that she was counting on to tell her that she wasn't making a mistake to say something.","demanda Andi en attendant que Drew, son frère jumeau, son meilleur ami et l'homme sur qui elle comptait pour lui dire qu'elle n'était pas en train de commettre une erreur, dise quelque chose.","« T'en penses quoi ? » demanda Andi en attendant Drew, son frère jumeau, meilleur pote et celui sur qui elle comptait pour lui dire qu'elle ne se trompait pas en disant quelque chose."
"No one would have ever put bets on finding a buyer that fast.""",Personne n'aurait jamais parié sur le fait de trouver un acheteur aussi rapidement.,Personne n'aurait jamais parié qu'on trouverait un acheteur aussi vite
Like Inna said.,Comme l'avait dit Inna.,Comme Inna l'a dit.
"Sniffing my shirt, maybe?","Il renifle mon t-shirt, peut-être ?","Tu sens ma chemise, peut-être ?"
I've never seen it before.,Je ne l'avais jamais vue auparavant.,Je n'ai jamais vu ça avant.
"""He'll see me if I move it.",Il me verra si je la bouge.,il me verra si je le déplace.
"""You called me your date.""",Tu as dit que j'étais ton rendez-vous.,tu m'as dit que j'étais ton rendez-vous
"Now that the storm brought them back to reality, she could sense him tightening again with worry.","Maintenant que la tempête les ramenait à la réalité, elle sentait qu'il se crispait à nouveau d'inquiétude.","Maintenant que la tempête les avait ramenés à la réalité, elle pouvait sentir qu'il se crispait à nouveau, inquiet."
"""You like him.""",Tu l'aimes bien.,tu l'aimes bien
"He knew that he was taking a chance by spending the last month on the road, but he didn't have a choice.","Il savait qu'il prenait un risque en passant le dernier mois sur la route, mais il n'avait pas le choix.","Il savait qu'il prenait un risque en passant le dernier mois sur la route, mais il n'avait pas le choix."
"That couldn't be good, Andi thought even as she followed the mystery man that commandeered her interview, curious to see where this was going.","Ça ne présageait rien de bon, pensa Andi même si elle suivait l'homme mystérieux qui la convoquait pour un entretien afin de voir où tout ça la menait.","Ça ne présageait rien de bon, pensa Andi tout en suivant l'homme mystérieux qui avait pris le contrôle de son interview, curieuse de voir où ça allait mener."
"She kept her face buried in the couch, her ass high in the air.","Elle gardait le visage enfoui dans le canapé, les fesses en l'air.","Elle gardait la tête enfouie dans le canapé, les fesses en l'air."
I say this to John when he gives me his mood for the night.,C'est ce que je dis à John lorsqu'il me fait part de son humeur du soir.,Je dis ça à John quand il me dit comment il se sent pour la soirée.
Damn the bad memories and damn his chivalry.,Au diable les mauvais souvenirs et au diable sa galanterie.,Au diable les mauvais souvenirs et sa gentillesse.
"Biting back a disappointed sigh, Andi reluctantly stood up and followed him to the door, hoping that he'd change his mind.","Réprimant un soupir de déception, Andi se leva à contrecœur et le suivit jusqu'à la porte, espérant qu'il changerait d'avis.","Ravalant un soupir de déception, Andi se leva à contrecœur et le suivit jusqu'à la porte, en espérant qu'il change d'avis."
"She leaned against him, his body damp with sweat and warm.","Elle s'appuya contre lui, son corps humide de sueur et chaud.","Elle s'est appuyée contre lui, son corps était chaud et moite de sueur."
"""Not me, my, uh, niece.","Pas moi, ma, euh... nièce.","pas moi, ma nièce."
"He tried to back up, but he slid, his feet not gaining any traction on the shifting mess.","Il essaya de reculer, mais il glissa, ses pieds n'ayant aucune prise sur le sable mouvant.","Il a essayé de reculer, mais il a glissé, ses pieds n'ayant aucune prise sur le sol instable."
"If only she knew how to ease his grief about his brotherthen, she might be able to get his attention on other things, like living.","Si seulement elle savait comment soulager son chagrin à propos de son frère, elle pourrait alors attirer son attention sur d'autres choses, comme vivre.","Si seulement elle savait comment l'aider à surmonter son chagrin pour son frère, elle pourrait peut-être le faire penser à d'autres trucs, comme vivre sa vie."
But she was old enough and independent enough to do this on her own.,Mais elle était assez âgée et indépendante pour le faire toute seule.,Mais elle était assez grande et assez indépendante pour le faire toute seule.
"""John, please, oh please, tell me you've had sex in the last eight years.""","John, s'il te plaît, oh s'il te plaît, dis-moi que tu as fait l'amour au cours des huit dernières années.","john, s'il te plaît, dis-moi que t'as couché avec quelqu'un ces huit dernières années"
Focus on the ropes and climbing.,Elle se concentra sur les cordes et sur l'escalade.,Concentre-toi sur les cordes et l'escalade.
"""I'm glad you did,"" I admit, still shaky.","Je suis content que tu l'aies fait, admets-je, encore tremblant.","« Je suis content que tu l'aies fait », je dis, encore tout secoué."
"It also didn't hurt that she was always early, worked hard, never bitched or complained when he asked her to do something, didn't bother kissing his ass, and, of course, he hadn't found her curled up in the fetal position underneath her desk yet.","À ça, il fallait rajouter qu'elle arrivait toujours tôt, travaillait dur, ne se plaignait jamais quand il lui demandait de faire quelque chose, elle ne lui léchait pas les bottes, et bien sûr, il ne l'avait pas trouvé en position fœtale sous son bureau pour l'instant.","En plus, ça ne faisait pas de mal qu'elle soit toujours à l'heure, qu'elle bosse dur, qu'elle ne râle jamais quand il lui demandait de faire un truc, qu'elle ne cherche pas à lui faire de la lèche et, bien sûr, qu'il ne l'ait pas encore trouvée recroquevillée en position fœtale sous son bureau."
"Still don't, but it's thick and silky as the pads of my fingers slide along the waves.","Je ne le sais toujours pas, mais ils sont épais et soyeux lorsque la pulpe de mes doigts glisse dans ses cheveux ondulés.","Je ne sais toujours pas, mais c'est épais et soyeux quand je passe mes doigts dessus."
"He'd offered to put this deal on hold until after she had the twins, but she'd been determined to see this thing through to the end and-","Il lui avait proposé de mettre cette affaire en suspens jusqu'à ce qu'elle ait accouché des jumeaux, mais elle était déterminée à aller jusqu'au bout et...","Il avait proposé de mettre ce projet en pause jusqu'à ce qu'elle ait accouché des jumeaux, mais elle était bien décidée à aller jusqu'au bout et.."
"Silence stretches on between us, and I feel vindicated.",Le silence s'étire entre nous et je me sens validé.,"Le silence s'installe entre nous, et je me sens justifiée."
"""Chase will be back soon.",Chase sera bientôt de retour.,chase va bientôt revenir.
The bar was covered with lit candles and Mari was whistling some unknown song and twirling around.,Le bar était couvert de bougies allumées et Mari sifflait une chanson inconnue en tournant sur elle-même.,Le bar était rempli de bougies allumées et Mari sifflait une chanson qu'on ne connaissait pas en tournoyant.
"""Yes, when he left her, she was carrying his child.""","Oui, quand il l'a quittée, elle portait son enfant.","ouais, quand il l'a quittée, elle était enceinte de lui"
"It probably wouldn't have been so bad if she'd been allowed to focus on one thing at a time, but apparently, that wasn't an option.","Elle s'en serait probablement sortie s'il lui avait permis de se concentrer sur une seule tâche à la fois, mais apparemment, c'était impossible.","Ça n'aurait probablement pas été si grave si elle avait pu se concentrer sur une seule chose à la fois, mais apparemment, ce n'était pas possible."
It wasn't too late.,Il n'était pas trop tard.,C'était pas trop tard.
That should be enough water.,Il devrait y avoir assez d'eau.,Ça devrait être assez d'eau.
"""I...it's just so wrong not having you with me,"" he groans.","Je... ça fait tellement mal de ne pas t'avoir avec moi, gémit-il.","« Moi... c'est tellement dur de ne pas t'avoir avec moi », dit-il en gémissant."
"""Let me get you a towel,"" he said in his forced calm and hopefully nice voice.","Je vais te chercher une serviette, dit-il de sa voix calme et, espérait-il, agréable.","« Je vais te chercher une serviette », dit-il d'un ton calme et gentil."
"""I know, I'm too awesome to be single forever.""","Je sais, je suis trop génial pour rester célibataire toute ma vie.","je sais, je suis trop génial pour rester célibataire pour toujours"
Clearly his body and mind weren't on the same page.,"Manifestement, son corps et son esprit n'étaient pas sur la même longueur d'onde.",C'était clair que son corps et son esprit n'étaient pas sur la même longueur d'onde.
"If Chase left, she'd have to marry Inna, or run away and live in a hidden cove somewhere her tribe couldn't find her.","Si Chase partait, elle devrait épouser Inna, ou s'enfuir et vivre dans une crique cachée, quelque part où sa famille ne pourrait pas la trouver.","Si Chase partait, elle devrait épouser Inna ou s'enfuir et vivre dans une crique cachée où sa tribu ne pourrait pas la retrouver."
Twitter: @kerryadrienne,Twitter : @kerryadrienne,Twitter : @kerryadrienne
"When she'd come to shore, she'd left behind everything she'd ever known to make it on her own and sometimes the weight of that choice caused her a pang of indecision.","Lorsqu'elle était arrivée sur la terre ferme, elle avait laissé derrière elle tout ce qu'elle avait connu pour se débrouiller seule et, parfois, le poids de ce choix lui causait un sentiment de doute.","Quand elle est arrivée sur le rivage, elle a laissé derrière elle tout ce qu'elle connaissait pour se débrouiller toute seule, et parfois, le poids de ce choix la rendait super indécise."
"I know this fun house.""",Je connais ce palais du rire.,Je connais cette maison hantée
Andi Dawson.,Andi Dawson,Andi Dawson.
"Too many to count, and yet not enough to satisfy.","Trop pour les compter, et pourtant pas assez pour les satisfaire.","Trop nombreux pour les compter, mais pas assez pour être satisfaits."
And arranged marriages aren't always a bad thing.,Et les mariages arrangés ne sont pas toujours une mauvaise chose.,"Et les mariages arrangés, c'est pas toujours une mauvaise idée."
"When she came out of the bathroom, she scanned the empty bar.","En sortant de la salle de bains, elle balaya du regard le bar vide.","Quand elle est sortie des toilettes, elle a regardé autour d'elle dans le bar vide."
"Since he'd been standing at the railing, clouds had filled most of the sky over the ocean and crept toward the shore.","Depuis qu'il se tenait à la balustrade, les nuages avaient envahi la majeure partie du ciel au-dessus de l'océan et s'étaient rapprochés du rivage.","Depuis qu'il était à la balustrade, les nuages avaient pris le dessus sur le ciel au-dessus de l'océan et se rapprochaient de la côte."
"She peeked to see what he was doing, and he held his hands up and wiggled his fingers.","Elle jeta un coup d'œil pour voir ce qu'il faisait, et il leva les mains et remua les doigts.","Elle a jeté un coup d'œil pour voir ce qu'il faisait, et il a levé les mains et remué les doigts."
"I moan, and suck, and lick, and nibble, and give John Burton's cock every bit of pleasure I can dream up.","Je gémis, je suce, je lèche, je mordille et je donne à la queue de John Burton tout le plaisir que je peux imaginer.","Je gémis, je suce, je lèche, je mordille et je donne à la bite de John Burton tout le plaisir que je peux imaginer."
"""Come on, Chase, it'll be a nice break from being cooped up in here.""","Viens, Chase, ce sera une bonne pause après avoir été enfermés ici.","allez, Chase, ça va être sympa de sortir un peu de là"
"My patience with you is...gone.""",Ma patience en ce qui te concerne est... épuisée.,"Ma patience avec toi, c'est fini"
The merpeople were incensed at Amelia's departure and hunted down the ship.,Les habitants des mers étaient furieux du départ d'Amelia et avaient pris le bateau en chasse.,Les sirènes étaient super énervées qu'Amelia soit partie et ont traqué le bateau.
"God, he wasn't ready for it to end yet.","Bon sang, il n'était pas encore prêt à ce que ça se termine.","Bon sang, il n'était pas prêt pour que ça se termine déjà."
"Right now, family isn't one of the positives.""","En ce moment, ma famille ne fait pas partie des choses positives.","Pour l'instant, la famille n'est pas un truc positif"
"""My shop will be a complete loss.",Mon magasin est totalement foutu.,ma boutique va être complètement perdue.
"""I wasn't planning on going,"" Devyn said, knowing better than to waste any time on bullshit, not when he only had four months to clean this mess.","Je n'avais pas prévu d'y aller, dit Devyn qui avait mieux à faire que de perdre son temps dans ces bêtises alors qu'il n'avait que quatre mois pour tout arranger.","« Je n'avais pas prévu d'y aller », dit Devyn, sachant qu'il valait mieux ne pas perdre son temps avec des conneries, surtout qu'il n'avait que quatre mois pour régler ce bordel."
"A small, tight eye meant a strong, well-organized storm.",Un oeil de cyclone de petite taille était synonyme d'une tempête forte et rigoureuse.,"Un petit œil bien serré, ça voulait dire une tempête puissante et bien organisée."
This has been a sore spot for us ever since the beginning.,"Depuis le début, c'est un point sensible entre nous.",Ça a toujours été un sujet sensible pour nous depuis le début.
What kind of relationship would that be?,Quel genre de relation cela serait-il ?,C'est quoi ce genre de relation ?
"Right now, I watch John float back to earth.","Pour l'instant, je regarde John revenir sur terre.","En ce moment, je regarde John revenir sur terre."
Desperately.,Désespérément.,À tout prix.
"I prefer to remain anonymous online.""",Je préfère rester anonyme en ligne.,Je préfère rester anonyme en ligne
"Overbearing, sometimes.","Trop autoritaire, parfois.",Parfois un peu trop autoritaire.
"You've mentioned it a few times.""",Tu l'as mentionné plusieurs fois.,Tu en as parlé plusieurs fois
"John looks over my head, and the scent of falafel fills my nose as the waiter reaches around me and sets our lunch orders on the table.",John regarde par-dessus ma tête et l'odeur des falafels m'emplit le nez lorsque le serveur me contourne et dépose nos commandes sur la table.,"John regarde par-dessus ma tête, et l'odeur des falafels me monte au nez quand le serveur passe devant moi et pose nos commandes sur la table."
Plenty of stuff in the kitchen.,Il y a plein de choses dans la cuisine.,Y a plein de trucs dans la cuisine.
She had to make sure that wouldn't happen.,Elle devait s'assurer que cela n'arriverait pas.,Elle devait s'assurer que ça n'arriverait pas.
"At first, he thought it was some kind of sick joke played on him when he was drunk, and he'd tried to scrub it off, thinking it might be ink pen.","Au début, il avait cru qu'il s'agissait d'une mauvaise blague qu'on lui avait faite lorsqu'il était ivre, et il avait essayé de l'effacer en pensant qu'il s'agissait peut-être d'encre de stylo.","Au début, il a cru que c'était une blague de mauvais goût qu'on lui avait faite alors qu'il était bourré, et il a essayé de l'enlever, pensant que c'était peut-être de l'encre de stylo."
"He really got into the Artic Monkeys.""",Il a vraiment aimé les Arctic Monkeys.,Il est devenu super fan des Artic Monkeys
"She wanted to memorize his every move, capture every touch and preserve the moments when they came together as one.","Elle voulait mémoriser chacun de ses mouvements, capturer chaque contact et immortaliser les moments où ils ne faisaient qu'un.","Elle voulait se rappeler chacun de ses gestes, saisir chaque contact et garder les moments où ils ne faisaient qu'un."
He couldn't let her get him more upset.,Il ne pouvait pas la laisser l'énerver davantage.,Il ne pouvait pas la laisser le contrarier encore plus.
"""I'm not ready yet,"" she said.","Je ne suis pas encore prête, dit-elle.","« Je ne suis pas encore prête », a-t-elle dit."
"Not really caring how it got there, Andi grabbed her bag and-","Sans se soucier de la façon dont il était arrivé là, Andi l'attrapa et...","Sans trop se demander comment ça avait atterri là, Andi a attrapé son sac et.."
"I've only turned on two of the lamps in my living room, and the walls merely glow softly around us.","Je n'ai allumé que deux des lampes de mon salon, et les murs se contentent de diffuser une douce lueur autour de nous.","J'ai juste allumé deux lampes dans mon salon, et les murs sont juste un peu éclairés autour de nous."
I'm only half-serious.,Je ne suis qu'à moitié sérieux.,Je suis à moitié sérieux.
"She scampered after him, her flip-flops squeaking on the floor as she tried to run through the mirrored maze without tripping or falling or knocking over mirrors.","Elle lui emboita le pas, ses tongs crissant sur le sol alors qu'elle essayait de courir à travers le labyrinthe de miroirs sans trébucher, tomber ou renverser les miroirs.","Elle s'est précipitée derrière lui, ses tongs faisant du bruit sur le sol alors qu'elle essayait de traverser le labyrinthe de miroirs sans trébucher, tomber ou renverser les miroirs."
"""Music speaks to me,"" I find myself saying.","La musique me parle, me trouvé-je à dire.","« La musique me parle », je me surprends à dire."
Nicki takes a sudden interest in the papers on her desk.,Nicki s'intéresse soudain aux papiers posés sur son bureau.,Nicki se met tout à coup à s'intéresser aux papiers sur son bureau.
"""That's better, now drink this.""","C'est mieux, maintenant bois ça.","« Voilà qui est mieux, maintenant bois ça. »"
"""I don't think I've heard it,"" John admits.","Je ne pense pas l'avoir entendu, admet John.","« Je crois que je ne l'ai jamais entendu », dit John."
"So far, the only thing that they knew was that whoever was behind it had access, which meant that every member of the board and several high-ranking executives at the company was a suspect.","Jusqu'à présent, la seule chose qu'ils savaient, c'était que la personne qui était derrière tout ça avait un accès à la gestion des Hôtels Carta, ce qui signifiait que tous les membres du conseil d'administration et plusieurs cadres supérieurs de l'entreprise étaient suspects.","Jusqu'à présent, la seule chose qu'ils savaient, c'est que celui qui était derrière tout ça avait accès aux infos, ce qui veut dire que tous les membres du conseil d'administration et plusieurs cadres supérieurs de l'entreprise étaient suspects."
"""I don't know,"" he yelled.","Je ne sais pas, cria-t-il.","« Je ne sais pas », a-t-il crié."
Chapter 19,Chapitre 19,Chapitre 19
But she knew what she didn't want.,"Mais, elle savait ce dont elle ne voulait pas.",Mais elle savait ce qu'elle ne voulait pas.
"I'll tell you about the painting later.""",Je te parlerai du tableau plus tard.,Je te parlerai du tableau plus tard
"There's nothing here for you anymore.""",Il n'y a plus rien ici pour toi.,Il n'y a plus rien pour toi ici
"""Nothing changed, except maybe my ability to deny the truth.","Rien n'a changé, sauf peut-être ma capacité à nier la vérité.","rien n'a changé, sauf peut-être ma capacité à nier la vérité."
"The water, cool for September, pushed and pulled at her until she was over waist deep.","L'eau, fraîche pour un mois de septembre, la poussait et la tirait jusqu'à ce qu'elle ait dépassé sa taille.","L'eau, fraîche pour un mois de septembre, la poussait et la tirait jusqu'à ce qu'elle soit immergée jusqu'à la taille."
"The moon is nearly full, waxing or waning I don't know, but it's bright.","La lune est presque pleine, je ne sais pas si elle est croissante ou décroissante, mais elle est brillante.","La lune est presque pleine, je sais pas si elle est croissante ou décroissante, mais elle brille bien."
"When the wet heat of John's mouth surrounds me for the first time, I know that I'm going to embarrass myself.","Lorsque la chaleur humide de la bouche de John m'entoure pour la première fois, je sais que je vais me ridiculiser.","Quand la chaleur humide de la bouche de John m'enveloppe pour la première fois, je sais que je vais me ridiculiser."
"He must have figured out where we went.""",Il a dû comprendre où on était allés.,Il a dû comprendre où on est allés
"""I promise I won't let anything happen to you.""",Je te promets que je ne laisserai rien t'arriver.,je te promets que je ne laisserai rien t'arriver
And I'm a little tongue-tied when he leans down and leaves a soft kiss on my cheek before he sits in the chair across from me.,Et je reste muet lorsqu'il se penche et dépose un doux baiser sur ma joue avant de s'asseoir sur la chaise en face de moi.,Et je suis un peu toute émue quand il se penche et me fait un petit bisou sur la joue avant de s'asseoir sur la chaise en face de moi.
He'd be on a boat. On the water.,Il serait sur un bateau.,Il serait sur un bateau. Sur l'eau.
"""I'll see you before I leave tomorrow.""","On se verra demain, avant mon départ.",« On se voit avant que je parte demain. »
"His other arm boasted some type of navy diver tattoo, faded and smudged.","Son autre bras arborait une sorte de tatouage de plongeur de la Marine, délavé et abîmé.","Son autre bras avait un tatouage de plongeur de la marine, un peu délavé et flou."
"""We have more important things to discuss,"" Devyn said with a pointed look at the files in his hands as he placed them on the coffee table.","Nous avons des choses plus importantes à discuter, déclara Devyn avec un regard appuyé sur les dossiers entre ses mains alors qu'il les posait sur la table basse.","« On a des trucs plus importants à discuter », dit Devyn en regardant les dossiers dans ses mains avant de les poser sur la table basse."
"We can clean tomorrow.""",Nous pourrons nettoyer demain.,On peut nettoyer demain
Old-time pirates scared her.,Les pirates d'antan lui faisaient peur.,Les pirates d'autrefois lui faisaient peur.
"Maybe this wouldn't be so bad, Andi tried telling herself as she glanced back at the door to find Uncle Shawn standing there, shooting her a wink and a reassuring smile that was supposed to make this better.","Peut-être que ça ne sera pas si mal, se dit Andi alors qu'elle jetait un œil à l'embrasure de la porte où se tenait Oncle Shawn, lui lançant un clin d'œil et un sourire rassurant censés rendre les choses plus agréables.","Peut-être que ce ne serait pas si grave, se dit Andi en jetant un coup d'œil vers la porte, où se tenait son oncle Shawn, qui lui fit un clin d'œil et lui adressa un sourire rassurant censé l'apaiser."
"I stare up at John's sad, popcorn ceiling until I drift off into an exhausted, dreamless sleep.",Je fixe le triste plafond en crépi de John jusqu'à ce que je sombre dans un sommeil épuisant et sans rêve.,"Je fixe le plafond triste et granuleux de John jusqu'à ce que je m'endorme, épuisé, sans faire de rêves."
"Before I realize what I've done, my hands are on his shoulders.","Avant que je ne réalise ce que j'ai fait, mes mains sont sur ses épaules.","Avant même de réaliser ce que je fais, mes mains sont déjà posées sur ses épaules."
"""Yeah, maybe, but the whole arranged marriage thing sounds a little crazy.","Oui, peut-être, mais cette histoire de mariage arrangé me semble un peu folle.","ouais, peut-être, mais cette histoire de mariage arrangé, ça a l'air un peu dingue."
If he knew her fantasies.,Si seulement il connaissait ses fantasmes.,S'il savait ses fantasmes.
"She keeps every door open, as if inviting partygoers to slip away and indulge in whatever they might fancy.","Elle laisse toutes les portes ouvertes, comme si elle invitait les fêtards à s'éclipser et à se laisser aller à leurs envies.","Elle laisse toutes les portes ouvertes, comme si elle invitait les invités à se faufiler dehors et à faire tout ce qui leur plaît."
"""Did you come out before you moved here or after?""",As-tu fait ton coming out avant d'emménager ici ou après ?,tu as fait ton coming out avant ou après avoir déménagé ici ?
"When I run a slick fingertip around his hole, he loses the battle, surging up and into the back of my throat.","Lorsque je passe le bout d'un doigt luisant sur le pourtour de son anus, il perd la bataille, s'arc-boutant  et s'enfonçant au fond de ma gorge.","Quand je passe mon doigt tout huileux sur son trou, il craque, et il se met à monter tout droit dans ma gorge."
"""Remember, this is a story.",N'oublie pas que c'est une histoire.,"n'oublie pas, c'est une histoire."
As far-fetched as the story the merfolk told?,Était-elle aussi farfelue que l'histoire racontée par le peuple des mers ?,Aussi tiré par les cheveux que l'histoire racontée par les sirènes ?
"""And no rule says we have to meet up for lunch.""",Et aucune règle ne dit que nous devons nous retrouver pour déjeuner.,et y'a aucune règle qui dit qu'on doit se retrouver pour déjeuner
"""I know it's a tattoo, silly mermaid.","Je sais que c'est un tatouage, stupide sirène.","je sais que c'est un tatouage, petite sirène."
"And had given me the sweetest, softest kiss.",Et il m'avait donné le plus doux des baisers.,Et m'avait donné le baiser le plus doux et le plus tendre.
"Relieved that this was finally over, Devyn reached for his pen and-","Soulagé d'en finir, Devyn saisit son stylo et...","Soulagé que ce soit enfin fini, Devyn a attrapé son stylo et.."
"For the most part, the scene is still.","La plupart du temps, la scène est immobile.","En gros, la scène est calme."
He rubbed his arms to silence the tingling she'd caused.,Il se frotta les bras pour faire taire les picotements qu'elle avait provoqués.,Il s'est frotté les bras pour calmer les picotements qu'elle avait provoqués.
"When she hesitated, he looked up and met her gaze as he said, ""Please,"" and found herself lying down as she noted the pained expression in his beautiful eyes.","Lorsqu'elle hésita, il leva les yeux et croisa son regard en disant : ""S'il te plaît"", et elle se retrouva allongée en remarquant l'expression de douleur dans ses beaux yeux.","Quand elle a hésité, il a levé les yeux et a croisé son regard en disant « S'il te plaît », et elle s'est retrouvée allongée en remarquant l'expression douloureuse dans ses beaux yeux."
"I'm nearing six feet, but John Burton's got a good five inches on me, at least.","J'approche le mètre quatre-vingt-dix, mais John Burton fait au moins cinq centimètres de plus que moi.","Je fais presque 1,80 m, mais John Burton me dépasse d'au moins 12 cm."
"""Let's enjoy this evening together, okay?","Profitons de cette soirée ensemble, d'accord ?","on va profiter de cette soirée ensemble, d'accord ?"
"As long as it's been, I'm still sad when I think about him.","Malgré tout le temps passé, je suis toujours triste quand je pense à lui.","Même si ça fait longtemps, je suis toujours triste quand je pense à lui."
As if she didn't already have enough problems.,Comme si elle n'avait pas déjà assez de problèmes.,Comme si elle n'avait pas déjà assez de soucis comme ça.
"I sit up, feeling like I've been hit by a cement lorry.","Je me redresse, avec l'impression d'avoir été renversé par un camion benne.","Je me redresse, avec l'impression d'avoir été renversé par un camion de ciment."
"""You owe me more of an explanation.""",Tu me dois plus d'explications.,tu me dois plus qu'une explication
"It's slow and sweet and almost makes me miss my next cue, but I wouldn't have stopped the kiss if he hadn't pulled away.","C'est lent et doux, me faisant presque rater la chanson suivante à préparer, mais je n'aurai pas arrêté le baiser s'il ne s'était pas éloigné.","C'est lent et doux, et ça me fait presque rater mon prochain signal, mais je n'aurais pas arrêté le baiser s'il ne s'était pas éloigné."
"""Make no mistake, if you run, I will chase you.","Ne te méprends pas, si tu t'enfuis, je te poursuivrai.","fais gaffe, si tu t'enfuis, je te poursuivrai."
He grabbed her hand and half dragged her as he took off running.,Il lui prit la main et la traîna à moitié pendant qu'il se mettait à courir.,Il lui a attrapé la main et l'a presque traînée en partant en courant.
"For most of her life, she'd felt lost, but when she was in Devyn's arms, she felt like she was exactly where she was supposed to be and that scared her.","Pendant la majeure partie de sa vie, elle s'était sentie perdue, mais lorsqu'elle était dans les bras de Devyn, elle avait l'impression d'être exactement là où elle devait être et ça l'effrayait.","Pendant presque toute sa vie, elle s'était sentie perdue, mais quand elle était dans les bras de Devyn, elle avait l'impression d'être exactement là où elle devait être, et ça lui faisait un peu peur."
"""John,"" I say after I set up the first block of songs for the night.",dis-je après avoir lancé le premier bloc de chansons de la soirée.,"« John », je dis après avoir préparé la première série de chansons pour la soirée."
"Like, when his parents announced they were getting divorced.",Comme lorsque ses parents ont annoncé qu'ils divorçaient.,Comme quand ses parents ont dit qu'ils allaient divorcer.
I set the paper aside and look at the bottle of lube.,Je mets le papier de côté et regarde la bouteille de lubrifiant.,Je pose le papier et je regarde la bouteille de lubrifiant.
I need to steer us toward safer ground.,J'ai besoin de nous diriger vers un terrain plus sûr.,Je dois nous diriger vers un endroit plus sûr.
"You'll get a formal letter asking you to vacate, but I thought I'd stop in and tell you personally.","Tu recevras une lettre officielle te demandant de quitter les lieux, mais j'ai pensé que c'était mieux de passer te le dire personnellement.","Tu vas recevoir une lettre officielle te demandant de quitter les lieux, mais je me suis dit que je passerais te le dire en personne."
"""They fell in love.""",Ils sont tombés amoureux.,ils sont tombés amoureux
"""It's not exactly appropriate for a restaurant,"" Andi mumbled sadly, because she would actually love to go to dinner with him.","Ce n'est pas vraiment approprié pour un restaurant, marmonna Andi avec tristesse, parce qu'elle aurait vraiment aimé aller dîner avec lui.","« C'est pas vraiment le genre d'endroit pour un resto », marmonna Andi tristement, parce qu'elle aurait vraiment aimé aller dîner avec lui."
The deck railing creaked as he grasped it.,La rambarde du pont grinça lorsqu'il la saisit.,La rampe du pont a craqué quand il l'a attrapée.
"""He's the guy that's made you so happy, your entire body language has changed.",C'est lui qui t'a rendu si heureux que ton langage corporel a changé.,c'est le mec qui t'a rendu tellement heureux que tout ton langage corporel a changé.
"What's wrong with my couch?""",Qu'est-ce qui ne va pas avec mon canapé ?,Qu'est-ce qui cloche avec mon canapé ?
John is handling this much better than I am.,John gère cela beaucoup mieux que moi.,John gère ça bien mieux que moi.
"They settle on my hips, and he squeezes hard.",Elles se posent sur mes hanches et il serre fort.,"Ils se posent sur mes hanches, et il serre fort."
She pushed her hair over her shoulders and headed to the beach walkway so she could see the pier up close and inspect the damage.,Elle repoussa ses cheveux sur ses épaules et se dirigea vers la promenade de la plage afin de voir la jetée de plus près et d'inspecter les dégâts.,Elle a repoussé ses cheveux derrière ses épaules et s'est dirigée vers la promenade de la plage pour voir la jetée de plus près et voir les dégâts.
"Even when you're not being real, there's still a truth behind everything you do and say.""","Même quand tu te caches, il y a toujours une vérité derrière tout ce que tu fais et dis.","Même quand tu n'es pas sincère, il y a toujours une part de vérité dans tout ce que tu fais et dis"
"I'd give it to him, I'm sure, regardless.","Je le lui donnerais, j'en suis sûr, peu importe ce que c'est.","Je lui donnerais, c'est sûr, quoi qu'il arrive."
"He turned away, sure that his cheeks had flamed at the sight.","Il se détourna, certain que ses joues s'étaient enflammées à cette vue.","Il s'est détourné, sûr que ses joues avaient rougi à cette vue."
"""I told you, he hates this.""","Je te l'ai dit, il déteste tout ça.","je te l'ai dit, il déteste ça"
"""The renovations are moving along.",Les rénovations avancent.,les travaux de rénovation avancent bien.
If only Chase knew who watched out for whom.,Si seulement Chase savait qui surveillait qui.,Si seulement Chase savait qui veille sur qui.
"""Am I too loud?"" John looks so guilty I feel like I should be apologizing.",John paraît tellement coupable que j'ai l'impression que c'est moi qui devrais m'excuser.,« Je parle trop fort ? » John a l'air tellement coupable que j'ai envie de m'excuser.
"She looked small against the vast ocean, like a grain of sand on the beach.","Elle paraissait si petite face à l'immensité de l'océan, comme un grain de sable sur la plage.","Elle avait l'air toute petite face à l'immensité de l'océan, comme un grain de sable sur la plage."
"He snatched his hand away, blood rushing to his face at the thought she'd caught him fondling her while she was asleep.","Il retira sa main, le sang lui montant au visage à l'idée qu'elle l'ait surpris en train de la caresser pendant qu'elle dormait.","Il a retiré sa main d'un coup, le sang lui montant au visage à l'idée qu'elle l'avait surpris en train de la caresser pendant qu'elle dormait."
He couldn't be more confusing if he tried.,Il ne pouvait  pas être plus déroutant même s'il essayait.,"Il ne pourrait pas être plus confus, même s'il essayait."
"Luke had always preferred the whale, and they'd passed up a turn on the wheel numerous times to wait for the blue cart to come available.","Luke avait toujours préféré ""la baleine"", et ils avaient renoncé plusieurs fois à un tour de roue pour attendre que la cabine bleue se libère.","Luke avait toujours préféré la baleine, et ils avaient laissé passer plein de tours pour attendre que le chariot bleu se libère."
He shrugged and set the last glass ornament in the box.,Il haussa les épaules et déposa le dernier ornement en verre dans la boîte.,Il a haussé les épaules et a mis la dernière boule de Noël en verre dans la boîte.
"""Something like that.""",Quelque chose comme ça.,« Un truc comme ça. »
"The queen shielded her eyes and looked to the bar, now simmering and smoking.","La reine se protégea les yeux et regarda le bar, maintenant réduit en un tas frémissant et fumant.","La reine s'est protégé les yeux et a regardé vers le bar, qui bouillonnait et fumait maintenant."
"Smoke hadn't filled the bedroom, but something was burning somewhere in the bar.","La fumée n'avait pas envahi la chambre, mais quelque chose brûlait quelque part dans le bar.","La fumée n'avait pas envahi la chambre, mais un truc brûlait quelque part dans le bar."
The number of times I've fantasized about this very moment is incalculable.,Le nombre de fois où j'ai fantasmé sur ce moment précis est incalculable.,Je ne sais même pas combien de fois j'ai rêvé de ce moment.
"""Next week,"" Chase said.","La semaine prochaine, dit Chase.","« La semaine prochaine », a dit Chase."
"they didn't have time for another round of sex, even if he thought it was a good idea, which it wasn't.","Il ne pouvait pas s'impliquer et ils n'avaient pas le temps pour une autre partie de jambes en l'air, même s'il pensait que c'était une bonne idée; ce qui n'était pas le cas.","ils n'avaient pas le temps pour une autre partie de jambes en l'air, même s'il pensait que c'était une bonne idée, ce qui n'était pas le cas."
"""I'm sorry, Devyn,"" Andi said, wishing that she'd never brought it up.","Je suis désolée, Devyn, déclara Andi, souhaitant n'avoir jamais abordé le sujet.","« Désolée, Devyn », dit Andi, en regrettant d'avoir abordé le sujet."
He's a self-talker.,Il se parle à lui-même.,Il parle tout seul.
"""Five times?"" he asked as they headed down a side street towards the long line of apartment complexes that lined the street.",reprit-il alors qu'ils se dirigeaient vers une rangée d'appartements qui bordait un des côtés de la rue dans laquelle ils se trouvaient.,« Cinq fois ? » demanda-t-il alors qu'ils s'engageaient dans une petite rue menant à une longue rangée d'immeubles d'habitation qui bordaient la rue.
He eyes the crowd of reporters like he wants to tear them apart with his bare hands.,Il regarde la foule des journalistes comme s'il voulait les déchiqueter à mains nues.,Il regarde la foule de journalistes comme s'il voulait les déchirer à mains nues.
Time to choose the future.,Il était temps de choisir l'avenir.,C'est le moment de choisir l'avenir.
"""Is that a bad thing?"" he asked as they slowly made their way past the reason why they'd been stuck on the highway for the past two hours as the road crew pulled back the orange cones.",demanda-t-il alors qu'ils dépassaient lentement la raison pour laquelle ils étaient restés bloqués sur l'autoroute depuis deux heures alors que l'équipe de sécurité routière retirait les cônes orange.,"« C'est grave ? » a-t-il demandé alors qu'ils passaient lentement devant la raison pour laquelle ils étaient coincés sur l'autoroute depuis deux heures, tandis que les gars de la route retiraient les cônes orange."
"""Don't think about all that stuff right now,"" she said.","Ne pense pas à tout cela pour l'instant, dit-elle.","« Ne pense pas à tout ça maintenant », dit-elle."
"Instead, he'd left the clothes and shoes strewn about and his books and magazines piled around the room.","Au lieu de cela, il avait laissé les vêtements et les chaussures éparpillés, les livres et les magazines empilés dans la pièce.","Au lieu de ça, il avait laissé traîner ses fringues et ses chaussures partout, et ses bouquins et ses magazines empilés dans la pièce."
"""Hey, mister,"" she said.","Hé, monsieur, dit-elle.","« Salut, monsieur », dit-elle."
"It took time to figure out how to turn my love of music into a career.""",Il m'a fallu du temps pour comprendre comment transformer mon amour de la musique en carrière.,Ça m'a pris du temps pour comprendre comment transformer ma passion pour la musique en carrière
"Reluctantly, hands shaking so badly I can barely get them to do my bidding, I click.","À contrecœur, les mains tremblant à tel point que j'ai du mal à les faire fonctionner, je clique.","À contrecœur, les mains tremblant tellement que j'ai du mal à les contrôler, je clique."
"He was on a sunny beach, and the wind was light, hugging.","Il se trouvait sur une plage ensoleillée, et le vent était léger, enveloppant.","Il était sur une plage ensoleillée, et le vent était doux, caressant."
The duvet was high-quality cotton and cool to the touch in the muggy room.,La couette était en coton de haute qualité et fraîche au toucher dans la pièce moite.,La couette était en coton de super qualité et bien fraîche au toucher dans cette chambre un peu moite.
"""That porn you were going to tell me about?""","Alors, ce porno dont tu allais me parler ?",« Tu me parlais d'un porno ? »
"Worth your forgiveness.""",S'il vaut la peine que tu lui pardonnes.,Ça vaut le coup que tu me pardonnes
"Numbness flowed through him like molasses, and he clenched his biceps.",Une sensation d'engourdissement le traversa comme de la mélasse et il serra les biceps.,"Un engourdissement l'envahit comme du miel, et il serra les biceps."
She'd use whatever she could to get him to stick around long enough to fall in love.,Elle ferait tout ce qu'elle pourrait pour qu'il reste assez longtemps pour tomber amoureux.,Elle ferait tout pour qu'il reste assez longtemps pour tomber amoureux.
"He set the glass of water in front of her, then drew up a tall beer for himself.","Il posa le verre d'eau devant elle, puis se servit une grande bière.","Il a posé le verre d'eau devant elle, puis s'est servi une grande bière."
They started following her.,Ils ont commencé à la suivre.,Ils ont commencé à la suivre.
"I don't want to fall this fast, but I don't know how to stop the slide.","Je ne veux pas tomber amoureux aussi vite, mais je ne sais pas comment arrêter la chute.","Je ne veux pas tomber aussi vite, mais je ne sais pas comment arrêter la chute."
Local teacher fired after claims he seduced a student.,Un enseignant local licencié après avoir été accusé d'avoir séduit un élève.,Un prof local a été viré après avoir été accusé d'avoir séduit une élève.
John is at the podium now.,John est maintenant sur le podium.,John est sur le podium maintenant.
"""Michael John Dalton is innocent,"" the older woman begins.","""Michael John Dalton est innocent"", commence la femme la plus âgée.","« Michael John Dalton est innocent », commence la vieille dame."
Maybe he'd reach someone who could help in time.,Peut-être qu'il aurait pu joindre quelqu'un qui pourrait l'aider à temps.,Peut-être qu'il arriverait à joindre quelqu'un qui pourrait aider à temps.
The positive.,Les choses positives.,Le positif.
"""He's trying to get up.""",Il essaie de se lever.,il essaie de se lever
This is a tiny lie.,C'est un petit mensonge.,C'est un petit mensonge.
"But yours isn't much better.""",Mais le tien n'est pas beaucoup mieux.,Mais le tien n'est pas beaucoup mieux
"""Welcome to the Emerald Cove.",Bienvenue à Emerald Cove.,salut à l'Emerald Cove.
"""Do you have a problem with long hours?""",Est-ce que les grandes amplitudes horaires vous posent un problème ?,t'as un problème avec les longues heures de boulot ?
He thinks he can bully me into marriage.,Il pense qu'il peut faire pression pour que je me marie.,Il croit qu'il peut me forcer à me marier avec lui.
"""I need to get the painting of Christopher.",Je dois récupérer le tableau de Christopher.,je dois récupérer le tableau de Christopher.
"""You need to let him explain.",Tu dois le laisser s'expliquer.,laisse-le s'expliquer.
No point in hearing the same thing over and over.,Ce n'est pas la peine d'entendre la même chose encore et encore.,Ça sert à rien de toujours entendre la même chose.
"""2356 multiplied by 23.""","""2356 multiplié par 23.",« 2356 multiplié par 23. »
"He ran his tongue lightly over her soft lips, tasting her again and again.","ll passa légèrement sa langue sur ses lèvres douces, la goûtant encore et encore.","Il a passé sa langue doucement sur ses lèvres douces, la goûtant encore et encore."
"Most of the people I know are cynics, or reformed cynics.","La plupart des gens que je connais sont des cyniques, ou des cyniques repentis.","La plupart des gens que je connais sont cyniques, ou ont arrêté d'être cyniques."
He spat on the ground.,Il cracha sur le sol.,Il a craché par terre.
"He should be losing his fucking mind trying to figure out how he was going to fix this in time, but right now, all he felt was relief.","Il aurait dû être en train de péter les plombs en essayant d'arranger ce merdier, mais au lieu de ça, il se sentait soulagé.","Il devrait être en train de péter les plombs en se demandant comment il va régler ça à temps, mais là, tout ce qu'il ressent, c'est un soulagement."
"I'll drag his ass out there and show him what power I have, and then I'll let him feel what it's like to die because you can't breathe.","Je vais le traîner là-bas et lui montrer le pouvoir que j'ai, puis je lui ferai sentir ce que c'est que de mourir parce qu'on ne peut plus respirer.","Je vais le traîner dehors et lui montrer de quoi je suis capable, puis je vais lui faire ressentir ce que c'est que de mourir parce qu'on ne peut plus respirer."
"God, she really didn't want to be the one to tell him.","Bon sang, elle ne voulait vraiment pas être celle qui le lui annoncerait.","Bon sang, elle n'avait vraiment pas envie d'être celle qui lui dirait."
The last few hours of listening to Chase talk had been a delicious distraction from both the storm and Inna's revelation.,Les dernières heures passées à écouter Chase avaient été une délicieuse distraction par rapport à la tempête et à la révélation d'Inna.,"Ces dernières heures passées à écouter Chase parler m'avaient permis de me changer les idées, loin de la tempête et de la révélation d'Inna."
"Side note, Prince is infinitely better on vinyl.",À noter que Prince est infiniment meilleur sur vinyle.,"Au fait, Prince sonne vraiment mieux sur vinyle."
"Andi found herself wondering as she reluctantly turned around, resigning herself to never knowing the joy of making a snow angel and decided that this moment deserved a heartfelt sigh.","en se retournant à contrecœur, se résignant à ne jamais connaître la joie de faire un ange de neige et décidant que ce moment méritait un soupir sincère.","Andi s'est surprise à se poser la question alors qu'elle se retournait à contrecœur, se résignant à ne jamais connaître le plaisir de faire un ange dans la neige, et a décidé que ce moment méritait un soupir sincère."
"I don't pine after straight men, but I sure as fuck don't mind looking.","Je ne me languis pas des hommes hétérosexuels, mais ça ne me dérange pas de les regarder.","Je ne craque pas pour les mecs hétéros, mais ça ne me dérange pas du tout de les mater."
It's there in the tremble of his hands as they ghost over my thighs.,"C'est là, dans le tremblement de ses mains qui se promènent sur mes cuisses.",Ça se voit dans le tremblement de ses mains quand elles glissent sur mes cuisses.
"We had our time, but..."" He exhales.","Nous avons eu notre temps, mais... Il lâche un soupir.","On a eu notre moment, mais... » Il pousse un soupir."
"""Well, you're good at it.""","Eh bien, tu es doué pour ça.","« Eh bien, tu es doué pour ça. »"
"Cradling her face in his hands, Devyn slowly breathed into her mouth.","Prenant délicatement son visage entre ses mains, Devyn inspira lentement dans sa bouche.",Il a pris son visage entre ses mains et lui a doucement soufflé de l'air dans la bouche.
"""Let's move over to the couch where it's more comfortable.","Allons-nous installer sur le canapé, c'est plus confortable.","allons nous installer sur le canapé, c'est plus confortable."
"Giving his gorgeous dick one last lick, I climb up his body.",Je lèche une dernière fois sa superbe queue et  grimpe le long de son corps.,"Après avoir donné un dernier coup de langue à sa belle bite, je grimpe sur lui."
"""I told you to take care of her and you fucking left her there!"" Devyn shouted, slamming him back against the wall.","Je t'ai dit de prendre soin d'elle et putain, tu l'as laissée là-bas !","« Je t'avais dit de t'occuper d'elle et tu l'as laissée là-bas, putain ! » a crié Devyn en le plaquant contre le mur."
"You're still here because of him, aren't you?""","C'est à cause de lui que tu es encore là, n'est-ce pas ?","T'es toujours là à cause de lui, pas vrai ?"
"I let my head drop to my chest as he works my glutes, my cock twitching already.","Je laisse ma tête retomber contre ma poitrine pendant qu'il frotte mon fessier, ma bite tressaillant déjà.","Je laisse ma tête tomber sur ma poitrine pendant qu'il s'occupe de mes fesses, ma bite frétillant déjà."
"They are in the way of my mission.""",Elle m'empêche d'accomplir ma mission.,Ils me gênent dans ma mission
"""I don't want to work in accounting,"" she reminded him.","Je ne veux pas travailler à la comptabilité, lui rappela-t","« Je ne veux pas bosser dans la compta », lui a-t-elle rappelé."
"""Thank you for saving me the trouble,"" Lucas said smoothly as he clicked to the next slide.","Merci de m'avoir épargné cette peine, dit Lucas d'une voix doucereuse en cliquant sur la diapositive suivante.","« Merci de m'avoir évité cette peine », dit Lucas avec aisance en passant à la diapositive suivante."
"I stroke my thumb over the fabric of his tee, wishing like hell it were bare skin.","Je passe mon pouce sur le tissu de son T-shirt, souhaitant ardemment que ce soit de la peau nue.","Je passe mon pouce sur le tissu de son tee, en espérant vraiment que ce soit sa peau."
"""I told you, the family, they can't...""","Je te l'ai dit, sa famille ne peut pas...","je t'ai dit que la famille, ils ne peuvent pas.."
The ocean breeze lifted her sundress and sent it flapping against her thigh and it was all he could do to keep from reaching for her.,"La brise de l'océan soulevait sa robe d'été et l'envoyait battre contre sa cuisse, et il fit tout son possible pour ne pas tendre la main vers elle.","La brise marine soulevait sa robe d'été et la faisait flotter contre sa cuisse, et il devait faire un effort pour ne pas la toucher."
"""Most of the restaurant stuff is staying with the bar.""",La plupart du matériel du restaurant ainsi que le bar restent.,la plupart des trucs du resto restent au bar
"I feel him take a deep breath, and then he sighs sweetly.","Je le sens prendre une profonde inspiration, puis soupirer doucement.","Je le sens prendre une grande bouffée d'air, puis il pousse un petit soupir."
"Things could have been much worse, for sure.","Les choses auraient pu être bien pires, c'est certain.","Ça aurait pu être bien pire, c'est sûr."
And he's back to avoiding eye contact.,Et il recommence à éviter le contact visuel.,Et voilà qu'il recommence à éviter le contact visuel.
Of course.,Évidemment.,Bien sûr.
"I've fallen silent again because I'm trying to be present for him, but he's probably misinterpreting things.","Je me tais à nouveau car j'essaie d'être présent pour lui, mais il interprète probablement mal les choses car il continue.","Je me suis encore tu parce que j'essaie d'être là pour lui, mais il se peut qu'il comprenne mal les choses."
"""Then I guess I should give this to someone else,"" came the softly murmured words that had her swallowing hard as she looked up and found Devyn standing in her doorway.","Alors, je devrais donner ça à quelqu'un d'autre, les mots doucement murmurés qui la firent déglutir alors qu'elle levait les yeux et trouvait Devyn dans l'embrasure de sa porte.","« Alors je devrais donner ça à quelqu'un d'autre », murmura-t-elle doucement, avant de lever les yeux et de voir Devyn debout dans l'embrasure de la porte, ce qui la fit déglutir bruyamment."
"I reach up and slide a hand into his hair, run my other fingers along the dips and curves of his back.","Je me lève et glisse une main dans ses cheveux, je passe mes autres doigts le long des creux et des courbes de son dos.","Je lève la main et la glisse dans ses cheveux, puis je passe mes autres doigts le long des creux et des courbes de son dos."
"""Let the human go.""",Laisse partir l'humain.,« Lâche l'humain. »
"""Why did it have to be Luke?",Pourquoi fallait-il que ce soit Luke ?,pourquoi ça a dû être Luke ?
"The beach lay in darkness, and Inna could lurk anywhere among the dunes or pier remains.","La plage était plongée dans l'obscurité, et Inna pouvait se cacher n'importe où parmi les dunes ou les vestiges de la jetée.","La plage était plongée dans le noir, et Inna pouvait se cacher n'importe où parmi les dunes ou les restes de la jetée."
Chapter 34,Chapitre 34,Chapitre 34
"His fingers tweak one of my nipples, and I moan into yet another kiss.",Ses doigts titillent l'un de mes mamelons et je gémis dans un nouveau baiser.,"Ses doigts pincent un de mes tétons, et je gémis dans un autre baiser."
"God, that felt so fucking good.","Mon Dieu, que ça faisait du bien.","Bon sang, c'était trop bon."
But he wasn't good at that kind of thing.,Mais il n'était pas doué pour ce genre de choses.,Mais il n'était pas doué pour ce genre de trucs.
"I don't only mean the millions of songs in the digital archive, someone in the station's history had hoarded vinyl like it was going out of style.","Je ne parle pas seulement des millions de chansons contenues dans les archives numériques, mais du fait qu'une personne, dans l'histoire de la station, ait accumulé des vinyles comme si c'était démodé.","Je ne parle pas seulement des millions de chansons dans les archives numériques, mais aussi du fait que quelqu'un dans l'histoire de la station avait collectionné des vinyles comme si c'était la fin du monde."
"After maneuvering around a few tables, he laid her on the corner couch.","Après avoir contourné quelques tables, il l'allongea sur le canapé du coin.","Après avoir contourné quelques tables, il l'a allongée sur le canapé d'angle."
I hum the line to him and search his face for recognition.,Je lui fredonne le morceau et cherche sur son visage pour voir s'il a reconnu la mélodie.,Je lui fredonne la phrase et je regarde son visage pour voir s'il reconnaît.
"""Do you think it will ever go away?",Penses-tu que cela disparaîtra un jour ?,tu penses que ça va finir par passer ?
"Any other day, his eye contact would be filed in the fantasy category called ""replay.""","N'importe quel autre jour, son contact visuel aurait été catalogué dans l'esprit de Mari dans la catégorie des fantasmes appelée ""replay"".","N'importe quel autre jour, son regard serait classé dans la catégorie fantaisiste appelée « replay »"
"""Such a cynic, you are.""",Tu es un vrai cynique.,t'es vraiment cynique
Too relieved to be inside the circle of his embrace again to fight it.,Je suis trop soulagé d'être à nouveau dans le cercle de son étreinte pour lutter.,Trop soulagé d'être à nouveau dans ses bras pour résister.
Not my John.,Pas mon John.,Pas mon John.
"I debate driving back down to Philly, even though it's not a good idea in my current frame of mind.","J'envisage de retourner à Philadelphie en voiture, même si ce n'est pas une bonne idée dans l'état d'esprit où je me trouve.","Je me demande si je devrais retourner à Philadelphie, même si c'est pas une bonne idée vu comment je me sens en ce moment."
"And even though the sea held darkness, the land did too.","Et même si la mer contenait des ténèbres, la terre en contenait aussi.","Et même si la mer était sombre, la terre l'était aussi."
"But you all don't care about that, you have a juicy story for your ratings and your newspapers.","Mais vous vous en moquez tous, vous avez une histoire juteuse pour vos audiences et vos journaux.","Mais tout ça, vous vous en fichez, vous avez une histoire juteuse pour vos audiences et vos journaux."
"Sunset was near, though it was impossible to tell with the blossoming of dark clouds across the sky.","Le coucher du soleil était proche, même s'il était impossible de le deviner avec l'éclosion de nuages sombres dans le ciel.","Le coucher de soleil approchait, même si c'était dur à dire avec tous ces nuages sombres qui envahissaient le ciel."
"And besides, pirates didn't have coffee with cream and sugar.","Et puis, les pirates ne prenaient pas de café avec de la crème et du sucre.","Et puis, les pirates ne buvaient pas de café avec de la crème et du sucre."
She dropped her clothes on the sand and placed a rock on them to keep them from blowing away then glanced at Inna.,"Elle laissa tomber ses vêtements sur le sable et posa une pierre dessus pour les empêcher de s'envoler, puis jeta un coup d'œil à Inna.","Elle a laissé tomber ses fringues sur le sable et a mis une pierre dessus pour éviter qu'elles s'envolent, puis elle a regardé Inna."
"He wraps his arms around me, one across my collar and one around my chest, and it feels so damned good.","Il m'entoure de ses bras, l'un autour de mon cou et l'autre autour de ma poitrine, et c'est tellement bon.","Il m'enlace, un bras autour de mon cou et l'autre autour de ma poitrine, et ça fait un bien fou."
He pulls out a Steely Dan.,Il sort un vinyle de Steely Dan.,Il sort un album de Steely Dan.
"He'd used her weakness against her, something that she would not forget.",Il avait utilisé sa faiblesse contre elle ;,"Il avait utilisé sa faiblesse contre elle, un truc qu'elle n'oublierait pas."
Quivering like a pair of virgin teenagers.,Frémissant comme deux ados puceaux.,Tremblant comme deux ados vierges.
The rain was picking up and it wouldn't be long until it was constant.,La pluie s'intensifia et ne tardera pas à devenir continue.,La pluie commençait à tomber plus fort et ça n'allait pas tarder à devenir une averse.
The dune grass bent almost horizontally to the ground and clouds of sand rolled down the beach like tumbleweeds.,L'herbe des dunes se courbaient presque horizontalement vers le sol et des nuages de sable roulaient sur la plage comme des chenilles.,L'herbe des dunes était presque à plat sur le sol et des nuages de sable roulaient sur la plage comme des tumbleweeds.
"Mesa turned to walk away, then stopped and looked back.","Mesa se tourna pour s'éloigner, puis s'arrêta et se retourna.","Mesa a fait demi-tour pour partir, puis s'est arrêté et a regardé en arrière."
"""It's a great offer,"" he added.","C'est une excellente offre, ajouta-t-il.","« C'est une super offre », a-t-il ajouté."
"I watch him through the double-paned glass of the booth, and I can hear him through the open door.",Je le regarde à travers le double vitrage de la cabine et je l'entends par la porte ouverte.,Je le regarde à travers la vitre double de la cabine et je l'entends à travers la porte ouverte.
"""I have a reservation for Andi Dawson,"" Andi said with a satisfied sigh as she reached for her credit card only to end up grumbling when Devyn narrowed his eyes on her until she put it away.","J'ai une réservation au nom d'Andi Dawson, dit Andi avec un soupir de satisfaction en tendant sa carte de crédit, mais elle finit par grommeler quand Devyn la fixa, les yeux plissés  jusqu'à ce qu'elle la range.","« J'ai une réservation au nom d'Andi Dawson », dit Andi avec un soupir de satisfaction en sortant sa carte de crédit, avant de se mettre à râler quand Devyn la regarda d'un air méchant jusqu'à ce qu'elle la range."
"The sooner they could find out what condition the island was in, the sooner he could leave.","Plus vite ils sauraient dans quel état se trouvait l'île, plus vite il pourrait partir.","Plus vite ils pourraient voir dans quel état était l'île, plus vite il pourrait partir."
"Today is Sunday, and Nicki has invited everyone to a celebratory brunch at Rick's Pub.",Nous sommes dimanche et Nicki a invité tout le monde à un brunch de célébration au Rick's Pub.,"Aujourd'hui, c'est dimanche, et Nicki a invité tout le monde à un brunch festif au Rick's Pub."
"It had taken being disavowed in a very public, painful way to get Dyer to walk away from the two years he'd invested.",Il a fallu qu'il soit désavoué de manière très publique et douloureuse pour que Dyer abandonne les deux années qu'il avait investi dans cette relation.,Il a fallu que Dyer soit rejeté de manière très publique et douloureuse pour qu'il abandonne les deux années qu'il avait investies.
Was this what being a grown-up was like?,"Était-ce ça, être adulte ?","C'était ça, être adulte ?"
No telling what the tide pushed up near the shore.,On ne sait pas ce que la marée poussait près du rivage.,On ne sait pas ce que la marée a poussé près du rivage.
It rubs over my raw nerves and makes my heart ache.,Elle gratte mes nerfs à vif et me fait mal au cœur.,Ça me met les nerfs à vif et ça me fait mal au cœur.
Inna kicked at the floor planks with his bare foot.,Inna donna un coup de pied sur les planches du sol avec son pied nu.,Inna donna un coup de pied dans les planches du sol avec son pied nu.
Was Christopher the pirate who killed Inna's great-great-something-grandmother?,Christopher était-il le pirate qui avait tué l'arrière-arrière-grand-mère d'Inna ?,Est-ce que Christopher était le pirate qui a tué l'arrière-arrière-grand-mère d'Inna ?
"John's erection is thicker than mine, though shorter.","L'érection de John est plus épaisse que la mienne, bien que plus courte.","La bite de John est plus grosse que la mienne, mais moins longue."
"He scanned the beach, looking for Inna.","Il balaya la plage du regard, à la recherche d'Inna.","Il a balayé la plage du regard, à la recherche d'Inna."
"The water here is still and silent, green with algae and moss, and brackish in my nostrils.","Ici, l'eau est calme et silencieuse, verte avec des algues et de la mousse, et saumâtre dans mes narines.","L'eau ici est calme et silencieuse, verte à cause des algues et de la mousse, et saumâtre quand je la sens."
"He's so big and so solid, I can't help but feel safe with him.",Il est si grand et si solide que je ne peux m'empêcher de me sentir en sécurité avec lui.,Il est tellement grand et costaud que je me sens en sécurité avec lui.
You've built a great little business here and you should be proud.,Tu as créé une belle petite affaire et tu peux en être fière.,T'as monté une super petite boîte ici et tu peux en être fier.
"A light breeze hit her, pushing away the sticky humidity for a moment, and she gulped the fresh airso clean.","Une légère brise l'atteignit, chassant un instant l'humidité poisseuse, et elle avala l'air frais, si pur.","Une petite brise lui a caressé le visage, chassant un instant l'humidité collante, et elle a respiré à pleins poumons l'air frais et pur."
"""And that film is still your birthright.""",Et ce film fait partie de ton patrimoine !,"et ce film, c'est toujours ton droit de naissance"
"""What's complicated about it?",Qu'est-ce qui est compliqué ?,qu'est-ce qui est compliqué là-dedans ?
"""Super helpful,"" Andi mumbled as she tossed it aside and grabbed another one.","Super utile, marmonna Andi en le jetant de côté et en prenant un autre.","« Super utile », marmonna Andi en le jetant et en en prenant un autre."
He opened his eyes and reached for a glass to pour some of his favorite Scotch into.,Il ouvrit les yeux et attrapa un verre pour y verser son scotch préféré.,Il a ouvert les yeux et a attrapé un verre pour se servir un peu de son scotch préféré.
"""Really, Franklin?""","Vraiment, Franklin ?","franchement, Franklin ?"
"Well, that wasn't entirely true because Ben had been more than happy to make sure that she didn't have any reason to come back to the office, call, text, or even send an email.","Enfin, ce n'était pas tout à fait vrai parce que Ben avait été plus qu'heureux de s'assurer qu'elle n'avait aucune raison de revenir au bureau, d'appeler, d'envoyer un message ou même d'envoyer un e-mail.","Bon, c'était pas tout à fait vrai, parce que Ben avait fait en sorte qu'elle n'ait aucune raison de revenir au bureau, d'appeler, d'envoyer un SMS ou même un e-mail."
There are some things I can't share.,Il y a des choses que je ne peux pas partager.,Il y a des trucs que je ne peux pas partager.
"""And if my sister wasn't already lost in whatever the hell you just gave her, she'd remember her manners and introduce us.","Et si ma sœur n'était pas déjà perdue dans ce que tu viens de lui donner, elle se souviendrait de ses bonnes manières et nous présenterait.","et si ma sœur n'était pas déjà perdue dans ce que tu viens de lui donner, elle se souviendrait de ses bonnes manières et nous présenterait."
"That's one thing I'll miss when I movefresh seafood.""",C'est une chose qui me manquera quand je déménagerai : les fruits de mer frais.,C'est une chose qui va me manquer quand je déménagerai : les fruits de mer frais
"Then a long nap to forget the weather, the bar, Mari.","Puis une longue sieste pour oublier le temps qu'il faisait, le bar, Mari.","Puis une bonne sieste pour oublier le temps, le bar, Mari."
"That's the third or fourth time I've seen him hauling records out of here.""",C'est la troisième ou quatrième fois que je le vois sortir des disques d'ici pour leur donner.,C'est la troisième ou quatrième fois que je le vois sortir des disques d'ici
"After one last look at The Charlton, Devyn climbed back in the car with a murmured, ""The Mason.""","Après avoir jeté un dernier coup d'œil au Charlton, Devyn remonta dans la voiture en murmurant : ""Le Mason"".","Après un dernier coup d'œil au Charlton, Devyn est remonté dans la voiture en marmonnant : « Le Mason. »"
During a storm.,Pendant une tempête.,Pendant une tempête.
"One afternoon he'll choose, and another I will.","Un après-midi, c'est lui qui choisit le lieu, et l'après-midi suivant, c'est moi.","Un après-midi, c'est lui qui choisira, et un autre, ce sera moi."
"In fact, it was the only option left.","En fait, c'était la seule option qui lui restait.","En fait, c'était la seule option qui restait."
"""I've been fascinated by fairs, amusement parks, and Ferris wheels since Luke and I were little.","Je suis fasciné par les foires, les parcs d'attractions et les grandes roues depuis que Luke et moi sommes petits.","depuis qu'on était petits, Luke et moi, on a toujours été fascinés par les foires, les parcs d'attractions et les grandes roues."
"In the pack, with the water, and a cell phone with no signal.""","Dans le sac, avec l'eau et un téléphone portable sans signal.","Dans le sac, avec l'eau et un téléphone portable sans réseau"
"""Dyer doesn't do domestic,"" he deadpans before he spins in his rainbow Chuck Taylors and scurries off.","Dyer ne fait pas le ménage, dit-il avant de tourner les talons dans ses Chuck Taylors arc-en-ciel et de s'enfuir en courant.","« Dyer ne s'occupe pas des tâches ménagères », dit-il d'un ton neutre avant de faire un tour sur lui-même dans ses Chuck Taylors arc-en-ciel et de filer."
"""If you need anything, don't bother calling the front desk.","Si vous avez besoin de quoi que ce soit, n'appelez pas la réception.","si t'as besoin de quoi que ce soit, t'as pas besoin d'appeler la réception."
I had a client up from the city.,J'avais un client qui venait de la ville.,J'avais un client qui venait de la ville.
She dove under to swim to him.,Elle plongea pour nager jusqu'à lui.,Elle a plongé pour aller vers lui à la nage.
You can tell me.,Tu peux me le dire.,Tu peux me le dire.
He'd seen himit wasn't his imagination.,"Il l'avait vu, ce n'était pas son imagination.","Il l'avait vu, ce n'était pas son imagination."
"And that may be, but I'm not made for you.","C'est possible, mais je ne suis pas fait pour toi.","C'est peut-être vrai, mais je ne suis pas faite pour toi."
"He caught his breath, then moved closer to the pier ruins where she stood.","Il reprit son souffle, puis se rapprocha des ruines de la jetée où elle se tenait.","Il reprit son souffle, puis s'approcha des ruines de la jetée où elle se tenait."
I don't like the waterespecially the ocean.,"Je n'aime pas l'eau, surtout l'océan.","Je n'aime pas l'eau, surtout l'océan."
"""Of course, it won two Grammys,"" I tell him.","Bien sûr, ils ont gagné deux Grammys avec cet album, lui dis-je.","« Évidemment, il a chopé deux Grammys », je lui dis."
"Dad was a fisherman, and Mom liked to be near the water.",Papa était pêcheur et maman aimait être près de l'eau.,Papa était pêcheur et maman aimait être près de l'eau.
"""After I graduated, I started at the bottom, took every shift I could get my hands on, read every book that I could find that I thought would help, and worked my way up to the top and when I heard about the position at Carta Hotels, I went after it, knowing that if I could pull it off that it would be enough","Après avoir obtenu mon diplôme, j'ai commencé au bas de l'échelle, j'ai pris tous les postes qui me tombaient sous la main, j'ai lu tous les livres que j'ai pu trouver et qui pouvaient m'aider.","après avoir eu mon diplôme, j'ai commencé tout en bas de l'échelle, j'ai pris tous les postes que je pouvais, j'ai lu tous les livres qui pouvaient m'aider et j'ai gravi les échelons jusqu'au sommet. Quand j'ai entendu parler du poste chez Carta Hotels, je me suis lancé, sachant que si je réussissais, ça serait suffisant"
"""If you've never been, you don't know if Kansas is better.""","Si tu n'y es jamais allée, tu ne sais pas si le Kansas est mieux ou pas.","si t'y es jamais allé, tu sais pas si le Kansas est mieux"
"I think Interpol has a file.""",Je pense qu'Interpol a un dossier sur le sujet.,Je crois qu'Interpol a un dossier là-dessus
All muscles and strength.,Tout en muscles et en force.,Que des muscles et de la force.
"""Sorry, been prepping for the storm.""","Désolé, je me préparais à la tempête.","désolé, j'étais en train de me préparer pour la tempête"
"Still, he wasn't a lost cause.","Pourtant, ce n'était pas une cause perdue.","Mais bon, il n'était pas complètement foutu."
"""The stubborn little pain in the ass has gone into labor,"" came the words that had her opening her mouth, only to close it with a grumble since she really couldn't argue with that.","La petite enquiquineuse bornée a commencé le travail, furent les mots qui lui firent ouvrir la bouche, avant de la refermer avec un grognement, car elle ne pouvait vraiment pas contester cette information.","« Cette petite emmerdeuse têtue est en train d'accoucher », dit-elle avant de se taire, car elle ne pouvait vraiment pas contester ça."
"You know the significance of that tattoo.""",Tu connais la signification de ce tatouage.,Tu sais ce que ce tatouage veut dire
"Her sister never had issuessing a song, snag a man.","Sa sœur n'avait jamais eu de problème  une chanson, un homme. Du moins, c'est ce qu'il lui semblait.",Sa sœur n'a jamais eu de problème pour sortir une chanson ou trouver un mec.
"""God, I love bacon,"" his new assistant murmured with a happy little sigh as she nibbled on what looked like an egg sandwich with an unhealthy amount of bacon while Devyn stood there, wondering why his new assistant was sitting outside at six-thirty in the morning.","murmura sa nouvelle assistante avec un petit soupir heureux alors qu'elle grignotait ce qui ressemblait à un sandwich aux œufs avec une quantité astronomique de bacon, alors que Devyn était planté là à se demander ce que sa nouvelle assistante faisait à l'extérieur du bâtiment à six heures et demie du matin.","« Mon Dieu, j'adore le bacon », marmonna sa nouvelle assistante avec un petit soupir de bonheur en grignotant ce qui ressemblait à un sandwich aux œufs avec une quantité malsaine de bacon, tandis que Devyn restait là, se demandant pourquoi sa nouvelle assistante était assise dehors à six heures et demie du matin."
I hadn't done anything but sit and hold him for a while.,Je n'ai rien fait d'autre que de m'asseoir et de le tenir dans mes bras pendant un moment.,Je n'avais rien fait d'autre que m'asseoir et le serrer dans mes bras pendant un moment.
It was only months later that he realized Kelly had been lonely.,Ce n'était que des mois plus tard qu'il avait compris que Kelly se sentait seule.,Ce n'est que quelques mois plus tard qu'il a compris que Kelly se sentait seule.
"I'm peripherally aware of the heads turning and the looks that trail his trip toward me, but my focus is entirely on him.","Je suis conscient des têtes qui se tournent et des regards qui suivent son chemin vers moi, mais je me concentre entièrement sur lui.","Je remarque vaguement les têtes qui se tournent et les regards qui suivent son chemin vers moi, mais je suis complètement concentrée sur lui."
And I will catch you.,Et je t'attraperai.,Et je t'attraperai.
"I guess I have two things, then.",Je suppose donc que j'ai deux choses à moi.,"Bon, j'ai deux trucs à dire, alors."
Andi rushed to explain as she threw a panicked look at the large security guard reaching for her and-,Andi se dépêchait de s'expliquer en jetant un regard paniqué à l'énorme agent de sécurité qui s'approchait et...,"Andi s'est empressée d'expliquer, tout en jetant un regard paniqué au gros garde de sécurité qui tendait la main vers elle et.."
"""He has been very busy working behind the scenes, arranging transfers, intercepting audits, and doing everything that he could to keep us distracted.""","Il a été très occupé à travailler dans les coulisses, à organiser des transferts, à intercepter des audits et à faire tout ce qu'il pouvait pour nous distraire.","il a été super occupé en coulisses, à organiser des transferts, à bloquer des audits et à faire tout ce qu'il pouvait pour nous distraire"
That hadn't been enough to annul thingstoo much riding on the union of the tribes.,Cela n'avait pas suffi à annuler les promesses  trop de choses dépendaient de l'union de leurs deux tribus.,"Ça n'avait pas suffi pour annuler les choses, l'union des tribus était trop importante."
"Of course, this wasn't Hawaii, but up near the point was some darn good East Coast surfing.","Bien sûr, ce n'était pas Hawaï, mais près de la pointe, il y avait de sacrés bons coins pour surfer sur la côte Est.","Bon, c'était pas Hawaï, mais près de la pointe, on pouvait faire du surf super cool sur la côte Est."
"""I'll be back,"" he says, breathless.","Je reviens, dit-il, essoufflé.","« Je reviens », dit-il, à bout de souffle."
She pointed to the bar.,Elle désigna le bar.,Elle a montré le bar du doigt.
It was his dream too.,C'était aussi son rêve.,C'était aussi son rêve.
"She didn't look like she was trying to kill him, Devyn thought, taking a sip of the large caramel coffee that he was forced to grab from the employee cafeteria when it became painfully obvious that his new assistant didn't know how to make coffee.","Elle n'avait pourtant pas l'air de vouloir le tuer, se dit Devyn en buvant une gorgée du café au caramel qu'il avait dû prendre à la cafétéria des employés quand il était devenu évident que sa nouvelle assistante ignorait comment faire du café.","Elle n'avait pas l'air de vouloir le tuer, pensa Devyn en prenant une gorgée du grand café au caramel qu'il avait dû aller chercher à la cafétéria du personnel quand il était devenu évident que sa nouvelle assistante ne savait pas faire le café."
She stretched out her legs and laid her head on the couch pillow and softly whistled some nondescript '80s pop song.,"Elle étendit ses jambes, posa sa tête sur le coussin du canapé et siffla doucement une chanson pop des années 80.","Elle a étendu ses jambes, posé sa tête sur le coussin du canapé et sifflé doucement une chanson pop des années 80 dont je ne me souviens plus le nom."
Gayle pauses when she reaches the door and looks at me like I'm out of my head.,Gayle s'arrête au niveau de la porte et me regarde comme si j'avais perdu la tête.,Gayle s'arrête quand elle arrive à la porte et me regarde comme si j'étais complètement dingue.
"""I don't want to be fair, I want you here.""","Je ne veux pas être juste, je veux que tu sois là.","je veux pas être juste, je te veux ici"
"Once he was gone, Devyn sat down on the couch and watched Andi, still amazed by how quickly her mind worked as she went through the files that he'd brought.","Une fois qu'il fut parti, Devyn s'assit sur le canapé et observa Andi, toujours étonné par la rapidité avec laquelle son esprit travaillait alors qu'elle parcourait les dossiers qu'il avait apportés.","Une fois qu'il fut parti, Devyn s'assit sur le canapé et regarda Andi, toujours impressionné par la rapidité avec laquelle elle parcourait les dossiers qu'il lui avait apportés."
It's easy to picture John in front of a classroom.,C'est facile d'imaginer John dans une salle de classe.,C'est facile d'imaginer John devant une classe.
"I've always known, even before he came back to his flat that night and found that I'd learned the truth about him.","Je l'ai toujours su, même avant qu'il ne revienne à son appartement cette nuit-là et qu'il découvre que j'avais appris la vérité à son sujet.","J'ai toujours su, même avant qu'il rentre chez lui ce soir-là et découvre que j'avais appris la vérité à son sujet."
And it's clear he looks up to him.,Et il est clair qu'il l'admire.,Et c'est clair qu'il l'admire.
"As a boy, he'd relished that meditative quality that grew where the water met the land and the sun blanketed everything in a golden warmth that lingered in the soul forever.","Enfant, il avait savouré cette faculté méditative qui naissait là où l'eau rencontrait la terre et où le soleil recouvrait tout d'une chaleur dorée qui s'attardait dans l'âme","Quand il était gamin, il adorait cette ambiance méditative qui se créait là où l'eau rencontrait la terre et où le soleil enveloppait tout d'une chaleur dorée qui restait pour toujours dans l'âme."
"""He likes the classics.",Il aime les classiques.,il aime les classiques.
She had Chase now.,Elle avait Chase maintenant.,Elle avait Chase maintenant.
"""I love the warmth of the sun on my skin, and the brush of a cool breeze, and the clarity of music on land.""","J'aime la chaleur du soleil sur ma peau, le frôlement d'une brise fraîche et la clarté de la musique sur la terre ferme.","j'adore la chaleur du soleil sur ma peau, la caresse d'une brise fraîche et la pureté de la musique sur terre"
Then I look up at him.,Puis je lève les yeux vers lui.,Puis je le regarde.
"Do your thing, I'll be tuning in.""","Fais opérer ta magie, je serai à l'écoute.","Fais ton truc, je vais regarder"
Fall into her arms again.,Tomber à nouveau dans ses bras.,Retombe dans ses bras.
"But he flashes his blinding smile, and the woman grins, blushing as she ushers her kidlet into the restaurant.","Mais il affiche son sourire aveuglant et la femme sourit, rougissant en faisant entrer son enfant dans le restaurant.","Mais il lui fait un sourire qui en met plein la vue, et la femme sourit aussi, rougissant en faisant entrer son gamin dans le resto."
She rose on her elbows and watched him pull his T-shirt over his head.,Elle se redressa sur ses coudes et le regarda passer son tee-shirt par-dessus sa tête.,Elle s'est relevée en s'appuyant sur ses coudes et l'a regardé enlever son t-shirt.
"He didn't move away, and she leaned in close.","Il ne bougea pas, et elle se rapprocha.","Il n'a pas bougé, et elle s'est penchée vers lui."
"You know, the one where the Ex brings the stuff you've left at their place and vice versa.","Vous savez, cet échange où l'ex apporte les affaires que tu as laissées chez lui et vice versa.","Tu sais, quand ton ex te ramène les trucs que t'as laissés chez lui et vice versa."
"""It's only an hour and a half.",Ce n'est qu'à une heure et demie de trajet.,c'est juste une heure et demie.
"""It's a beautiful country.""",C'est un pays magnifique.,c'est un super pays
I could automate my entire set.,Je pourrais automatiser l'ensemble de mon travail.,Je pourrais automatiser tout mon ensemble.
"God, just thinking about the burnt, cold, creamy, grainy concoction...","Mon Dieu, rien que de repenser à cette mixture granuleuse, froide et avec un goût de brûlé...","Bon sang, rien que de penser à ce truc brûlé, froid, crémeux et granuleux..."
"""I already have that,"" Andi pointed out with a disappointed sigh and a sad shake of her head as she glanced back at Nicholas.","Je l'ai déjà ça, dit Andi avec un soupir déçu et un triste hochement de tête en regardant Nicholas.","« J'ai déjà ça », dit Andi avec un soupir déçu et en secouant tristement la tête, tout en jetant un coup d'œil à Nicholas."
"""So, all the stories I heard about Christopher and Amelia...""","Alors, toutes les histoires que j'ai entendues sur Christopher et Amelia...","« Donc, toutes les histoires que j'ai entendues sur Christopher et Amelia... »"
"""Yeah,"" I agree, and trail off myself because John could leave anyone speechless, but especially me.","Oui, dis-je en signe d'acceptation, et je m'interromps parce que John peut laisser n'importe qui sans voix, mais surtout moi.","« Ouais », je suis d'accord, et je m'arrête là parce que John peut laisser n'importe qui sans voix, mais surtout moi."
"They'd be stupid to fire him, Andi reminded herself, repeating the words that had gotten her through the last ten hours.","Ils seraient stupides de le licencier, se rappela Andi, répétant les mots qui l'avaient aidée à traverser les dix dernières heures.","Ils seraient bêtes de le virer, se dit Andi, en se répétant les mots qui l'avaient aidée à tenir le coup ces dix dernières heures."
"The faint smell of burning wood reaches my nose, and I inhale deeply.",L'odeur légère du bois brûlé parvient à mon nez et j'inspire profondément.,"Une légère odeur de bois brûlé me monte au nez, et je respire profondément."
"I just don't know whether I'd end up in the warm embrace of his impossibly long arms, or if my heart would smash into bits on some outcropping of rocks that I can't see but know are probably there.","J'ignore si je finirais dans l'étreinte chaleureuse de ses bras incroyablement longs, ou si mon cœur se briserait en mille morceaux sur un affleurement de rochers que je ne peux pas voir mais dont je devine la présence.","Je ne sais juste pas si je vais finir dans l'étreinte chaleureuse de ses bras incroyablement longs, ou si mon cœur va se briser en mille morceaux sur des rochers que je ne vois pas mais dont je sais qu'ils sont probablement là."
"And I refuse to believe she can't sing, not with a tone like that.","Et je refuse de croire qu'elle ne sait pas chanter, pas avec un tel timbre.","Et je ne crois pas qu'elle ne sache pas chanter, pas avec une voix comme ça."
And what was he supposed to do with a crying woman?,Et qu'était-il censé faire avec une femme qui pleurait ?,Et qu'est-ce qu'il était censé faire avec une femme qui pleurait ?
"""It was an observation.""",C'était juste une remarque.,c'était juste une remarque
"""You knew killed my brother and you didn't tell me?""",Tu savais que mon frère avait été tué et tu ne me l'as pas dit ?,tu savais que t'avais tué mon frère et tu m'as rien dit ?
A lovely lunch made by Chase.,Un délicieux déjeuner préparé par Chase.,Un super déjeuner préparé par Chase.
"""Wow, you are lucky to have a family record from that far back.",Tu as de la chance d'avoir des objets de famille aussi anciens.,"ouah, t'as de la chance d'avoir des archives familiales qui remontent aussi loin."
I'm weighing my options - Melrose Diner for its proximity or Broad Street Diner for its superior batter - when the phone rings.,"Je pèse mes options : le Melrose Dinner pour sa proximité ou le Broad Street Diner pour sa pâte supérieure, lorsque le téléphone sonne.",Je suis en train de réfléchir à mes options - Melrose Diner parce que c'est tout près ou Broad Street Diner parce que leur pâte est top - quand le téléphone sonne.
"I shiver with pleasure and shake my head hard, wrenching his hand away from my needy flesh.","Je frissonne de plaisir et secoue la tête avec force, éloignant sa main de ma chair en manque ""Stop !""","Je frissonne de plaisir et secoue vigoureusement la tête, repoussant sa main loin de ma chair avide."
"""You won't think so once you know the truth.""",Tu ne le penseras plus quand tu connaîtras la vérité.,tu changeras d'avis quand tu sauras la vérité
"Did she know him, or had they just met?",Le connaissait-elle ou venaient-ils de se rencontrer ?,Elle le connaissait ou ils venaient juste de se rencontrer ?
He would not win.,Il ne gagnerait pas.,Il n'allait pas gagner.
Or cancel the contract.,Ou annuler le contrat.,"Ou bien, tu peux juste annuler le contrat."
"""For sixty-seven days?""",Depuis soixante-sept jours ?,« Pendant soixante-sept jours ? »
The moonlight streaks John's hair with gold.,"Au clair de lune, les cheveux de John se teintent d'or.",La lune éclaire les cheveux de John d'un éclat doré.
"I'm supposed to be putting you to sleep with my droning.""",Je suis censé t'endormir avec mon histoire barbante.,Je suis censé te faire dormir avec mon bourdonnement
"That's beyond crazy, it's creepy.""","C'est plus que fou, c'est effrayant.","C'est plus que dingue, c'est flippant"
"""I thought you wanted to go to the park.",Je croyais que tu voulais aller au parc.,je croyais que tu voulais aller au parc.
"And Christopher loved her enough to sacrifice everything for her.""",Et Christopher l'aimait suffisamment pour tout sacrifier pour elle.,Et Christopher l'aimait tellement qu'il était prêt à tout sacrifier pour elle
"What the hell are you doing under my desk?""","Que faites-vous sous mon bureau, bon sang ?",Qu'est-ce que tu fais sous mon bureau ?
It wouldn't be the same.,Ce ne serait pas la même chose.,Ce ne serait pas pareil.
"Naturally, a young mother with her toddler wanders into the area just as those delightful words leave Dyer's mouth.","Naturellement, une jeune mère et son bambin entrent dans le restaurant juste au moment où ces mots charmants sortent de la bouche de Dyer.","Évidemment, une jeune maman avec son petit bout débarque dans le coin juste au moment où Dyer dit ces mots sympas."
"We found out about the child, but no record of Amelia.""","Nous avons découvert l'enfant, mais aucune trace d'Amelia.","On a trouvé des infos sur l'enfant, mais rien sur Amelia"
"Or to a place you really love.""",Ou dans un endroit que tu aimes vraiment.,Ou à un endroit que tu aimes vraiment
"It's Saturday again, and I've invited John to go with me to a giant record fair in Cherry Hill, New Jersey.","Nous sommes samedi, et j'ai invité John à m'accompagner à une gigantesque foire aux disques à Cherry Hill, dans le New Jersey.","C'est encore samedi, et j'ai invité John à venir avec moi à une super foire aux disques à Cherry Hill, dans le New Jersey."
"""Give me a minute,"" he mumbled, and small sobs wracked his body, sending visible tremors through his shoulders.","Donne-moi une minute, marmonna-t-il, et de petits sanglots secouèrent son corps, provoquant des tremblements visibles dans ses épaules.","« Laisse-moi une minute », marmonna-t-il, et de petits sanglots secouèrent son corps, faisant trembler ses épaules."
"The sun glints in his snowy, blonde hair.",Le soleil brille dans ses cheveux blonds comme la neige.,Le soleil brille dans ses cheveux blonds comme neige.
Then...not so much.,Ensuite... plus vraiment.,Après... pas vraiment.
"""Lexi is the sister of the boy that...?""",Lexi est la sœur du garçon qui... ?,"lexi, c'est la sœur du gars qui... ?"
"I don't know why I'm so nervous, except that I have no idea what's going on between us.","Je ne sais pas pourquoi je suis si nerveux, mis à part que je n'ai aucune idée de ce qui se passe entre nous.","Je sais pas pourquoi je suis si nerveux, sauf que je comprends pas ce qui se passe entre nous."
"I can blame the pirate in the painting for all my troubles.""",Je peux blâmer le pirate du tableau pour tous mes problèmes.,Je peux dire que c'est le pirate du tableau qui est à l'origine de tous mes problèmes
She'd never forget the perfection of the moment.,Elle n'oublierait jamais la perfection de ce moment.,Elle n'oubliera jamais à quel point ce moment était parfait.
"""I would have killed your diver man that day toobut you were there.","J'aurais tué ton plongeur ce jour-là aussi, mais tu étais là.","j'aurais bien tué ton plongeur ce jour-là, mais t'étais là."
She needed an antacid more than dinner.,Elle avait plus besoin d'un antiacide que d'un dîner.,Elle avait plus besoin d'un antiacide que d'un dîner.
He leaned forward and buried his face in his hands.,Il se pencha en avant et enfouit son visage dans ses mains.,Il s'est penché en avant et a enfoui son visage dans ses mains.
"It's just that he seems so lost, at the moment.","C'est juste qu'il semble si perdu, en ce moment.",C'est juste qu'il a l'air tellement perdu en ce moment.
Tangy warmth filled her mouth and her taste buds opened up.,La chaleur acidulée emplit sa bouche et ses papilles gustatives se réveillèrent.,Une chaleur acidulée lui a envahi la bouche et ses papilles gustatives se sont réveillées.
"""Before we could decide exactly what we were going to do, a large wave washed over the jelly.""","Avant que nous ayons pu décider exactement ce que nous allions faire, une grande vague s'était abattue sur la méduse.","avant qu'on ait pu décider quoi faire, une grosse vague a balayé la gelée"
He couldn't help but smile back.,Il ne put s'empêcher de sourire à son tour.,Il n'a pas pu s'empêcher de lui rendre son sourire.
"He hasn't seen me yet, which is a both a blessing and a curse.","Il ne m'a pas encore vu, ce qui est à la fois une bénédiction et une malédiction.","Il ne m'a pas encore vu, ce qui est à la fois une chance et une malchance."
"""Roman Palms is our highest earner,"" Devyn said, watching as she scrolled to a financial report.","Roman Palms est l'hôtel qui nous rapporte le plus, dit Devyn, en la regardant faire défiler un rapport financier.","« Roman Palms est notre plus gros client », dit Devyn en regardant le rapport financier qu'elle faisait défiler."
It's become our thing.,C'est devenu notre truc.,C'est devenu notre truc.
I hear rustling and know he's settling in for a conversation I don't know I want to have with him.,J'entends des bruits de mouvements et je sais qu'il s'installe pour une conversation que je ne suis pas sûr d'avoir envie d'entamer avec lui.,J'entends un bruit et je sais qu'il se prépare pour une conversation dont je ne suis pas sûr de vouloir discuter avec lui.
"She ought to tell him the whole story, and that Inna was after him toobut she was tired and emotionally drained.","Elle devrait lui raconter toute l'histoire, et lui dire qu'Inna lui en voulait à lui aussi, mais elle était fatiguée et à bout de nerfs.","Elle aurait dû lui raconter toute l'histoire, et lui dire qu'Inna était aussi après lui, mais elle était fatiguée et à bout de nerfs."
"I know that I could get you an interview,"" Drew said with a sympathetic smile.","Je sais que je peux t'obtenir un entretien, dit Drew avec un sourire compatissant.","Je sais que je pourrais te décrocher un entretien, dit Drew avec un sourire sympa."
It's a lot to swallow.,C'est beaucoup à avaler.,C'est dur à avaler.
"His eyes open, half-lidded with lust, and I lick my bottom lip, sucking it into my mouth and biting it before I stretch my tongue out to taste him.","Ses yeux s'ouvrent, mi-clos de désir, et je lèche ma lèvre inférieure, l'aspirant dans ma bouche et la mordillant avant d'étirer ma langue pour le goûter.","Ses yeux s'ouvrent, à moitié fermés par le désir, et je lèche ma lèvre inférieure, la suce dans ma bouche et la mords avant de sortir ma langue pour le goûter."
"""And your glorious fucking arse.""",Et ton putain de cul glorieux.,et ton cul magnifique
His t-shirt rides up to reveal a flat stomach covered in a light dusting of strawberry blonde hair.,Son t-shirt remonte et révèle un ventre plat recouvert d'une légère couche de poils blond vénitien.,"Son t-shirt remonte, laissant voir un ventre plat avec quelques poils blond vénitien."
"And the rent was cheaper, too.",Et le loyer était moins cher.,Et le loyer était moins cher aussi.
"""Yes, you did,"" Devyn murmured in agreement with a pointed look at the notes that Andi made last night.","Oui, vous l'avez fait, murmura Devyn en signe d'accord avec le regard pointé sur les notes qu'Andi avait prises la nuit précédente.","« Ouais, c'est vrai », dit Devyn en hochant la tête, tout en jetant un coup d'œil aux notes qu'Andi avait prises la veille."
Good thing her fantasies didn't beam out of the top of her head and project onto the ceiling.,Heureusement que ses fantasmes ne sortaient pas de sa tête pour se projeter au plafond.,Heureusement que ses fantasmes ne sortaient pas de sa tête pour se projeter au plafond.
And then he withdrew.,Et puis il s'est éloigné.,Et puis il s'est retiré.
"""Yes, since you set me up with nightly play dates.""","Oui, puisque tu m'as arrangé des créneaux de rendez-vous nocturnes pour que je m'amuse.","ouais, vu que tu m'as organisé des soirées jeux tous les soirs"
The wind gusted and showered them with a spray of misty rain.,Le vent souffla en rafales et les aspergea d'une pluie fine.,Le vent soufflait fort et les aspergeait d'une pluie fine.
"""I don't think he's a guard.",Je ne pense pas que ce soit un gardien.,je ne pense pas qu'il soit garde.
"""You can't dive in Kansas unless you're planning on diving corn plants.""","On ne peut pas plonger au Kansas, à moins d'avoir l'intention de plonger dans des champs de maïs.","tu ne peux pas plonger au Kansas, sauf si tu veux plonger dans les champs de maïs"
"Mari climbed the stairs, disappearing for a moment on the other side of the dunes.","Mari monta les escaliers, disparaissant un instant de l'autre côté des dunes.","Mari a grimpé les escaliers, disparaissant un instant de l'autre côté des dunes."
His attention had been on her and no one else.,Son attention s'était portée sur elle et sur personne d'autre.,Il ne s'intéressait qu'à elle et à personne d'autre.
"?"" He asks.",demande-il.,« ? » demande-t-il.
"For a moment, Devyn considered taking a look at the notebook on the couch next to her to find out what she was working on, only to decide against it since that would probably end with him feeling like the biggest asshole alive when that bottom lip started trembling and she sadly mumbled, ""My notebook.""","Pendant un instant, Devyn envisagea de jeter un coup d'œil au carnet posé sur le canapé à côté d'elle pour savoir sur quoi elle travaillait, mais il décida de ne pas le faire parce qu'il finirait probablement par se sentir comme le plus grand connard lorsque sa lèvre inférieure se mettrait à trembler et qu'elle marmonnerait tristement : ""mon carnet.""","Pendant un instant, Devyn a pensé à jeter un œil au cahier posé sur le canapé à côté d'elle pour voir sur quoi elle bossait, mais il a finalement décidé de ne pas le faire, car ça l'aurait probablement fait se sentir comme le plus gros connard du monde quand sa lèvre inférieure s'est mise à trembler et qu'elle a murmuré tristement : « Mon cahier. »"
"""I didn't know you made a habit of riding out storms.""",Je ne savais pas que tu avais l'habitude de traverser les tempêtes.,je savais pas que t'avais l'habitude de braver les tempêtes
"""I don't know,"" she said, raising her voice over the sound of the water.","Je ne sais pas, dit-elle en élevant la voix au-dessus du bruit de l'eau.","« Je ne sais pas », dit-elle en parlant plus fort pour couvrir le bruit de l'eau."
"""Then you should probably answer quickly,"" he said, not really looking all that concerned that she was about to create a memory that neither one of them would ever forget.","Alors, tu devrais probablement répondre rapidement, dit-il, ne semblant pas vraiment préoccupé par le fait qu'elle était sur le point de créer un souvenir que ni l'un ni l'autre n'oublierait jamais.","« Alors tu devrais probablement répondre vite », dit-il, sans vraiment avoir l'air préoccupé par le fait qu'elle était sur le point de créer un souvenir qu'aucun d'eux n'oublierait jamais."
"""I'd just found out my little sister has cancer!"" The teen screams, startling the room.",Je viens d'apprendre que ma petite sœur a un cancer !,"« Je viens d'apprendre que ma petite sœur a un cancer ! » s'écrie l'ado, surprenant tout le monde dans la pièce."
Dyer is unreasonably handsome.,Dyer est d'une beauté démesurée.,Dyer est super beau.
"Hoping that this would be quick, Andi opened the door only to find a large man standing in the hallway.","En espérant que ce serait rapide, Andi ouvrit la porte et trouva un homme imposant qui se tenait dans le couloir.","En espérant que ça irait vite, Andi a ouvert la porte et a vu un gros mec dans le couloir."
"""If you stay, I do too.","Si tu restes, je reste aussi.","si tu restes, je reste aussi."
"He swipes at it, but another soon takes its place.","Il l'essuie, mais une autre prend rapidement sa place.","Il le chasse d'un geste de la main, mais un autre prend vite sa place."
"Besides, it gives me time to think.","Et puis, ça me laisse le temps de réfléchir.","En plus, ça me laisse le temps de réfléchir."
"His grip on me is light, but it burns hot.","Son emprise sur moi est légère, mais elle est brûlante.","Sa prise sur moi est légère, mais elle brûle."
"""You have to admit, it was a smart move to blame me.",Tu dois admettre que c'était une bonne idée de m'accuser.,tu dois admettre que c'était malin de me faire porter le chapeau.
"When I first landed on America's shores, I'd had high hopes of becoming a music journalist.","Lorsque j'ai débarqué sur le sol américain, j'avais le grand espoir de devenir journaliste musical.","Quand j'ai débarqué pour la première fois sur les côtes américaines, j'avais plein d'espoirs de devenir journaliste musical."
"I snatch up the rest of my things, and then I walk out of  John's bedroom.",Je ramasse le reste de mes affaires et je sors de la chambre de John.,"Je ramasse le reste de mes affaires, puis je sors de la chambre de John."
"But if he does, then he'll see how desperately I want him to do just that.","Mais s'il le fait, il verra à quel point j'ai désespérément envie qu'il le fasse.","Mais s'il le fait, il verra à quel point j'ai vraiment envie qu'il fasse ça."
"He's such a sweetheart, so tender and gentle, and yet so powerful.","Il est si gentil, si tendre et si doux, et pourtant si puissant.","C'est un amour, tellement tendre et doux, mais aussi super fort."
He remembered how much he loved the ocean before the accident.,Il se souvient à quel point il aimait l'océan avant l'accident.,Il se souvenait à quel point il aimait l'océan avant l'accident.
You would have been collateral damage if I hadn't been able to rescue you.,Tu aurais été un dommage collatéral si je n'avais pas pu te sauver.,Tu aurais été une victime collatérale si je n'avais pas pu te sauver.
"They look rather cozy, actually.","Ils ont l'air plutôt sympathiques, en fait.","Ils ont l'air plutôt sympas, en fait."
Like he's using me to test waters he's been afraid to swim in for whatever reason.,Comme s'il m'utilisait pour tester des eaux dans lesquelles il a peur de nager pour une raison ou une autre.,"C'est comme s'il m'utilisait pour tester des eaux dans lesquelles il a peur de se baigner, pour une raison ou une autre."
Her mouth barely moved as she spoke.,Sa bouche bougeait à peine lorsqu'elle parla.,Sa bouche bougeait à peine quand elle parlait.
"""Right now, Roman Palms is renting their ballroom space for the Winter Wonderland and a few other low attendance events at a fraction of the price because it's easier, but it's costing them in the long run,"" Andi explained as he took the iPad from her and swiped through the file, taking a closer look at the numbers.","En ce moment, Roman Palms loue sa salle de bal pour le Winter Wonderland et quelques autres événements peu fréquentés à une fraction du prix normal parce que c'est plus facile, mais ça leur coûte cher à long terme, expliqua Andi en lui prenant l'iPad et en parcourant le fichier, examinant les chiffres de plus près.","« En ce moment, Roman Palms loue sa salle de bal pour le Winter Wonderland et quelques autres événements qui n'attirent pas beaucoup de monde à un prix super bas parce que c'est plus simple, mais ça leur coûte cher à long terme », a expliqué Andi en prenant l'iPad des mains d'Andi et en parcourant le fichier pour regarder de plus près les chiffres."
I don't have complete control over my body at the moment.,Je n'ai pas le contrôle total de mon corps en ce moment.,Je ne contrôle pas trop mon corps en ce moment.
"You act like you know him.""",Tu agis comme si tu le connaissais.,Tu parles comme si tu le connaissais
The Hollywood Hearts Series:,La série Hollywood Hearts :,La série Hollywood Hearts :
"The room fills up rapidly around us, its dark walnut tables wobbling under the weight of glasses, dishes, and errant elbows.","La salle se remplit rapidement autour de nous, les tables en noyer sombre vacillent sous le poids des verres, de la vaisselle et des coups de coude.","La salle se remplit vite autour de nous, ses tables en noyer foncé vacillant sous le poids des verres, des assiettes et des coudes qui s'agitent."
But she didn't say that.,Mais elle n'avait pas dit ça.,Mais elle n'a pas dit ça.
"Of course, he'd keep it all for himself.","Bien sûr, il garderait tout pour lui.","Évidemment, il garderait tout ça pour lui."
"""Yeah,"" he grunts into my neck.","Oui, grogne-t-il dans mon cou.","« Ouais », me dit-il dans mon oreille."
It was all you could do when the air ran out.,C'est tout ce qu'on peut faire quand il n'y a plus d'air.,C'était tout ce qu'on pouvait faire quand l'air s'épuisait.
And then he's racked by a choking sob that takes him to his knees.,Puis un sanglot étouffé le fait tomber à genoux.,"Et là, il est pris d'un sanglot si fort qu'il tombe à genoux."
"Maybe tomorrow if there isn't much damage from the weather.""",Peut-être demain s'il n'y a pas trop de dégâts,"Peut-être demain, s'il n'y a pas trop de dégâts à cause du temps"
I'll take him as a faux pirate since the real ones need baths and a dentist anyway.,Je le considérerai comme un faux pirate puisque les vrais ont de toute façon besoin d'un bain et d'un dentiste.,"Je le prendrai comme faux pirate, vu que les vrais ont besoin d'un bon bain et d'un dentiste de toute façon."
"Wait until my mother hears about you trying to kill me.""",Attends que ma mère apprenne que tu as essayé de me tuer.,Attends que ma mère apprenne que t'as essayé de me tuer
"He'd gone years without touching a woman, but the thought of going even one day without touching her...","Il avait passé des années sans toucher une femme, mais l'idée de passer ne serait-ce qu'un jour sans la toucher...","Il avait passé des années sans toucher une femme, mais l'idée de passer ne serait-ce qu'une journée sans la toucher..."
"His are dark, darker than I've ever seen them, the pupils completely blown.","Les siens sont sombres, plus sombres que je ne les ai jamais vus, les pupilles complètement dilatées.","Ses yeux sont sombres, plus sombres que jamais, les pupilles complètement dilatées."
"I've never ordered your pimento cheese, but it tastes different than what I've had before.""","Je n'ai jamais commandé ton fromage pimenté, mais il a un goût différent de ceux que j'ai déjà mangé.","Je n'ai jamais commandé votre fromage au piment, mais il a un goût différent de ceux que j'ai déjà goûtés"
It's the question glaring at me from the top of my screen.,C'est la question qui m'interpelle en haut de mon écran.,C'est la question qui me saute aux yeux en haut de mon écran.
"""Why do I have a feeling that this is about more than just a job?""",Pourquoi ai-je l'impression qu'il s'agit de bien plus qu'un simple travail,pourquoi j'ai l'impression que c'est plus qu'un simple boulot ?
"""Let's get the last window on this side done.",Nous allons terminer la dernière fenêtre de ce côté.,finissons la dernière fenêtre de ce côté.
"A flash of a distant transformer going, and then memories burned in his stomach like a whirlpool.","Un éclair venant d'un transformateur lointain qui se mettait en marche, puis des souvenirs brûlèrent dans son l'estomac comme un tourbillon.","Un éclair provenant d'un transformateur lointain, puis des souvenirs qui lui brûlaient l'estomac comme un tourbillon."
"The strong flame flickered in his sight, the remnants of his tears making halo rainbows around the flame.","La forte flamme vacilla sous ses yeux, les restes de ses larmes formant des arcs-en-ciel autour de la flamme.","La flamme vive clignotait devant ses yeux, et les restes de ses larmes faisaient des halos arc-en-ciel autour de la flamme."
"""Luke was about seven, I think.","Luke avait environ sept ans, je crois.","luke avait environ sept ans, je crois."
"The little place felt more like a home than anywhere she'd lived, and she wasn't ready to leave it behind.","Ce petit endroit ressemblait plus à un foyer que n'importe quel autre endroit où elle avait vécu, et elle n'était pas prête à le laisser derrière elle.","Ce petit coin lui faisait plus penser à chez elle que tous les autres endroits où elle avait vécu, et elle n'était pas prête à le quitter."
"""I didn't want to delay the project,"" she mumbled sadly only to open her eyes and glare at the man who'd quickly become like a big brother to her over the past year and seemed to really enjoy tormenting her when he muttered, ""Pain in the ass.""","Je ne voulais pas retarder le projet, marmonna-t-elle tristement, avant d'ouvrir les yeux et de fixer l'homme qui était rapidement devenu un grand frère pour elle au cours de l'année écoulée et qui prenait plaisir à la tourmenter en marmonnant : ""Casse-pieds"".","« Je ne voulais pas retarder le projet », marmonna-t-elle tristement, avant d'ouvrir les yeux et de lancer un regard noir à l'homme qui était rapidement devenu comme un grand frère pour elle au cours de l'année écoulée et qui semblait vraiment prendre plaisir à la tourmenter lorsqu'il murmura : « Quelle emmerdeuse. »"
"""That's not really an answer,"" Andi said as she carefully slipped her feet back into her shoes.","Ce n'est pas vraiment une réponse, dit Andi alors qu'elle remettait avec précaution ses chaussures.","« C'est pas vraiment une réponse », dit Andi en remettant doucement ses chaussures."
Where were all the birds?,Où étaient tous les oiseaux ?,Où étaient passés tous les oiseaux ?
"I'm very, very busy, you know.","Je suis très, très occupé, tu sais.","Je suis super occupé, tu sais."
It was going to be an easy cleanup with no water damage to contend with.,Le nettoyage allait être facile et il n'y aurait pas de dégâts des eaux à déplorer.,"Le nettoyage allait être facile, sans dégâts causés par l'eau à gérer."
John and I?,John et moi ?,John et moi ?
My parents already thought I was obsessed.,Mes parents pensaient déjà que j'étais obsédé.,Mes parents pensaient déjà que j'étais obsédé.
A cool wave slid over her feet and her tail throbbed.,Une vague fraîche glissa sur ses pieds et sa queue palpita.,Une vague fraîche lui a glissé sur les pieds et sa queue a vibré.
"She leaned into him, relishing the warmth and safety of his hug.","Elle se pencha vers lui, savourant la chaleur et la sécurité de son étreinte.","Elle s'est blottie contre lui, profitant de la chaleur et de la sécurité de son étreinte."
"""But of course you'd be a butterfly.""",Mais bien sûr que tu deviendras un papillon.,« Mais bien sûr que tu serais un papillon. »
"Before I know it, I've closed the door and grabbed him from behind.","Avant même de m'en rendre compte, j'ai refermé la porte et je l'ai attrapé par derrière.","Avant même de m'en rendre compte, j'ai fermé la porte et je l'ai attrapé par derrière."
I was busy boarding up the windows and closing the storm shutters.,J'étais occupé à barricader les fenêtres et à fermer les volets.,J'étais en train de barricader les fenêtres et de fermer les volets anti-tempête.
"He's clearly educated, and I've seen his patience in action.",Il est manifestement instruit et j'ai vu sa patience à l'œuvre.,"Il est clairement cultivé, et j'ai vu à quel point il est patient."
"He looked so stressed, Andi thought as she lay there, watching Devyn as he worked on the couch that he'd dragged in here to keep an eye on her because apparently, he had trust issues and-","Il paraissait tellement stressé, pensa Andi alors qu'elle était allongée là, regardant Devyn travailler sur le canapé qu'il avait traîné ici pour garder un œil sur elle parce qu'apparemment, il avait des problèmes de confiance et...","Il avait l'air tellement stressé, pensa Andi, allongée là, en regardant Devyn bosser sur le canapé qu'il avait traîné ici pour la surveiller, parce qu'apparemment, il avait des problèmes de confiance et.."
Gulls shrieked warnings in the distance.,Des goélands criaient des avertissements au loin.,Les mouettes criaient des avertissements au loin.
"She's strong in her convictions, anyone with eyes can see it.","Elle est tient droite dans ses bottes, n'importe qui avec des yeux peut le voir.","Elle a des convictions bien arrêtées, ça se voit tout de suite."
The men didn't need to cross paths.,Les deux hommes n'avaient pas besoin de se croiser.,Les gars n'avaient pas besoin de se croiser.
It's romantic.,C'est romantique.,C'est romantique.
"After handing the keys to the valet, Devyn, who kept sending her accusing glares, led her inside the incredibly beautiful hotel lobby.","Après avoir remis les clés au voiturier, Devyn, qui ne cessait de lui lancer des regards accusateurs, la conduisit à l'intérieur du hall de l'hôtel, d'une beauté incroyable.","Après avoir donné les clés au voiturier, Devyn, qui n'arrêtait pas de lui lancer des regards accusateurs, l'a amenée dans le hall de l'hôtel, qui était vraiment magnifique."
Maybe this Patrick was the reason.,Peut-être que ce Patrick en était la raison.,Peut-être que ce Patrick était la raison.
"""I thought you were resting.",Je croyais que tu te reposais.,je pensais que tu te reposais.
"He took her mouth in his, taking in the sweetness of her breath and the yielding fullness of her lips.","Il prit sa bouche dans la sienne, profitant de la douceur de son souffle et de la souplesse de ses lèvres.","Il a embrassé sa bouche, savourant la douceur de son souffle et la plénitude de ses lèvres."
"He should give her one last kiss goodbye and head for the door, but...","Il devrait lui donner un dernier baiser d'adieu et se diriger vers la porte, mais...","Il devrait lui donner un dernier baiser d'adieu et se diriger vers la porte, mais..."
"I can't describe the noise I make, part newborn kitten, part whiny toddler.","Je ne peux décrire le bruit que je fais, on dirait à la fois un chaton nouveau-né et un enfant pleurnichard.","Je ne sais pas trop comment décrire le bruit que je fais, un mélange entre un chaton nouveau-né et un gamin qui pleurniche."
"""Are you ready to tell me what happened between you two?""",Es-tu prêt à me dire ce qui s'est passé entre vous deux ?,t'es prêt à me raconter ce qui s'est passé entre vous deux ?
Pterodactyls take up residence in my gut.,Des ptérodactyles s'installent dans mes tripes.,Les ptérodactyles s'installent dans mon ventre.
"Dizzied, she couldn't separate Chase's licks from his nibbles, and she fell over the edge in one frantic shout.","Étourdie, elle n'arrivait pas à distinguer les coups de langue de Chase de ses mordillements, et elle tomba dans le vide en poussant un cri frénétique.","Étourdie, elle ne pouvait plus faire la différence entre les coups de langue et les petits mordillements de Chase, et elle a fini par craquer en poussant un cri de folie."
"Who has time to bake bread anymore?""",Qui a encore le temps de faire du pain ?,Qui a encore le temps de faire son pain ?
"I hold up a hand, hating the fact that it wobbles.","Je lève une main, détestant le fait qu'elle tremble.","Je lève la main, dégoûté de la voir trembler."
"LPs, CDs, and rare box sets, both vinyl and digital.","Des vinyles, des CD et des coffrets rares, tant en vinyle qu'en numérique.","Vinyles, CD et coffrets rares, en vinyle et en version numérique."
"""This is Frankie L, and I'm here to take you on a journey.",Je suis Frankie L. et je suis là pour vous faire voyager.,"salut, je m'appelle Frankie L et je suis là pour t'emmener en voyage."
"""While I was taking a look at Roman Palms Hotel's files, I got curious about a few things, mostly about their off-months,"" she began as he took the hint and sat up only to release a small grunt when she climbed between his legs and grabbed the iPad back out of his hands so that she could take over.","Pendant que je jetais un coup d'œil aux dossiers de l'hôtel Roman Palms, j'ai été curieuse de certaines choses, surtout à propos de leurs mois creux, commença-t-elle.","« En regardant les dossiers du Roman Palms Hotel, j'ai remarqué des trucs bizarres, surtout sur leurs mois creux », a-t-elle commencé. Il a compris et s'est redressé, mais a juste poussé un petit grognement quand elle s'est mise entre ses jambes et lui a repris l'iPad des mains pour prendre le relais."
"But yeah, I'm pretty sure we're going to end up naked.","Mais oui, je suis presque sûr que nous allons finir nus.","Mais ouais, je suis presque sûr qu'on va finir à poil."
"She'd gotten a little sad, mostly because she'd never known her dad.","Elle s'était sentie un peu triste, surtout parce qu'elle n'avait jamais connu son père.","Elle était un peu triste, surtout parce qu'elle n'avait jamais connu son père."
"How'd you get through high school?""",Comment as-tu fait pour survivre les années lycée ?,Comment t'as fait pour finir le lycée ?
"""Give me what I want, Frankie,"" John growls.","Donne-moi ce que je veux, Frankie, grogne John.","« Donne-moi ce que je veux, Frankie », grogne John."
"""That's not what I'm focusing on right now,"" I mutter.","Ce n'est pas ce sur quoi je me concentre en ce moment, murmuré-je.","« C'est pas ce qui m'intéresse pour l'instant », je dis."
"He hopped off the barstool and grabbed all the dishes with the finesse of a longtime waiter, stacking everything on his forearm and parading to the kitchen door.","Il sauta du tabouret et attrapa toute la vaisselle avec la dextérité d'un serveur expérimenté, empilant le tout sur son avant-bras et se dirigeant vers la porte de la cuisine.","Il a sauté de son tabouret de bar et a attrapé tous les plats avec l'aisance d'un serveur expérimenté, empilant le tout sur son avant-bras et se dirigeant vers la porte de la cuisine."
"""Forgot we don't have lights.",J'ai oublié que nous n'avions pas de lumière.,j'avais oublié qu'on n'avait pas de lumière.
"""I'll..."" I try to swallow and end up coughing.",J'essaie d'avaler ma salive et je finis par tousser.,« Je vais... » J'essaie d'avaler ma salive et je finis par tousser.
"Looks like you're done.""",On dirait que tu as fini.,On dirait que t'as fini
Doing hurricane prep.,Je prépare l'arrivée de l'ouragan.,On se prépare pour l'ouragan.
"""I..."" I shake my head, trying to laugh off this, whatever it is.","Je secoue la tête, essayant de rire de tout ça, peu importe ce que c'est.","« Je... » Je secoue la tête, essayant de rire de cette situation, quelle qu'elle soit."
He's practically dead on his feet tonight.,Il est pratiquement mort de fatigue ce soir.,Il est complètement crevé ce soir.
He had to stay strong for her.,Il devait rester fort pour elle.,Il devait rester fort pour elle.
"""Trust me, there's nothing wrong with this deal.","Fais-moi confiance, il n'y a rien qui cloche avec ce contrat.","crois-moi, y a rien de louche dans ce deal."
"At the first gush of his warm breath on me, I buck hard.","À la première bouffée de son souffle chaud sur moi, je me cabre.","Dès que je sens son souffle chaud sur moi, je me cambre de plaisir."
"""So?"" She turned to look over the sound at the sun slung low in the sky.",Alors... Elle se tourna pour regarder le soleil bas dans le ciel.,« Et alors ? » Elle se retourna pour regarder le soleil bas dans le ciel.
"When John frowns, I continue.","Devant le froncement de sourcils de John, je poursuis.","Quand John fronce les sourcils, je continue."
It's a distraction.,C'est une sacrée distraction.,C'est une distraction.
"He's not looking at me, his eyes are trained on the ceiling.","Il ne me regarde pas, ses yeux sont rivés au plafond.","Il ne me regarde pas, il a les yeux rivés sur le plafond."
"They walked without talking, Mari whistling what sounded like a mash-up of Jingle Bells and America, the Beautiful, and Chase trying to keep up with her brisk pace.","Ils marchaient sans parler, Mari sifflant ce qui ressemblait à un mélange de Jingle Bells et d'America, the Beautiful, et Chase essayant de suivre son rythme rapide.","Ils marchaient sans parler, Mari sifflant un mélange de Jingle Bells et America, the Beautiful, et Chase essayant de suivre son rythme rapide."
"He's been up all night, and it shows.",Il n'a pas dormi de la nuit et cela se voit.,"Il n'a pas dormi de la nuit, et ça se voit."
We've never even exchanged contact information.,Nous n'avons jamais échangé nos coordonnées.,On n'a même jamais échangé nos coordonnées.
"It is a lie.""",C'est un mensonge.,C'est un mensonge
"""Hey, John, good to see you again.""","Hé, John, content de te revoir !","salut John, content de te revoir"
"He set the dishes on the counter, then headed to the bar.",Il posa les plats sur le comptoir et se dirigea vers le bar.,"Il a posé les assiettes sur le comptoir, puis s'est dirigé vers le bar."
Blood dripped onto his shirt.,Du sang coulait sur son tee-shirt.,Du sang coulait sur sa chemise.
"If Amelia had survived, then there were lots of part-mer, part-humans out there on Chase's family tree.","Si Amelia avait survécu, c'est qu'il y avait beaucoup de métis de sirènes et d'humains dans l'arbre généalogique de Chase.","Si Amelia avait survécu, alors il y avait plein de créatures mi-mer, mi-humaines dans l'arbre généalogique de Chase."
"""Oh, no,"" he says, and his laugh is...not bitter, it's a laugh of disbelief.","Oh, non ! dit-il, et son rire n'est pas amer, c'est un rire d'incrédulité.","« Oh, non », dit-il, et son rire n'est pas amer, c'est un rire d'incrédulité."
I often wonder if she's got hidden cameras.,Je me demande souvent si elle a des caméras cachées.,Je me demande souvent si elle a des caméras cachées.
"So much wind.""",Il y a tellement de vent.,Il y a tellement de vent
"""I was almost killed by a tourist attraction.""",J'ai failli être tuée par une attraction touristique.,j'ai failli me faire tuer par une attraction touristique
"Within seconds, his gaze went from panicked to determined.","En quelques secondes, son regard passa de la panique à la détermination.","En quelques secondes, son regard est passé de paniqué à déterminé."
"In fact, he looks like he hasn't slept since primary school.","En fait, on dirait qu'il n'a pas dormi depuis l'école primaire.","En fait, on dirait qu'il n'a pas dormi depuis l'école primaire."
"""Sure, there's a balcony just off the guest bedroom.""","Bien sûr, il y a un balcon dans la chambre d'amis.","« Bien sûr, il y a un balcon juste à côté de la chambre d'amis. »"
"In the meantime, I try to stick to mornings at the school district.""","En attendant, j'essaie de m'en tenir aux matinées à l'école...","En attendant, j'essaie de m'en tenir aux matinées dans le district scolaire"
"Step by step, he drew closer.","Pas à pas, il se rapprocha.","Petit à petit, il s'est rapproché."
"There are stars behind my eyes, and a whirring sound in my ears, followed by pounding in my ribcage.","J'ai des étoiles derrière les yeux et un bourdonnement dans les oreilles, suivi d'un martèlement dans la cage thoracique.","J'ai des étoiles dans les yeux, un bourdonnement dans les oreilles, puis mon cœur qui bat super fort."
Wasn't that the legend?,N'est-ce pas ce que disait la légende ?,"C'était pas ça, la légende ?"
"""I enjoy those things,"" he says, a frown over his beautiful eyes.","J'aime ces instants-là, dit-il en fronçant les sourcils.","« J'aime bien ces trucs », dit-il, les sourcils froncés au-dessus de ses beaux yeux."
"""So, I couldn't help but notice that there was a lovely hotel on the way here,"" Andi pointed out, already reaching for her phone.","Je n'ai pas pu m'empêcher de remarquer qu'il y avait un bel hôtel sur le chemin, souligna Andi, en attrapant déjà son téléphone.","« Bon, j'ai remarqué qu'il y avait un super hôtel sur le chemin », a dit Andi en sortant déjà son téléphone."
"""I did,"" he readily agreed as he began caressing the back of her hand with his thumb.","C'est vrai, reconnut-il volontiers en commençant à caresser le dos de sa main avec son pouce.","« Oui », dit-il tout de suite en commençant à lui caresser le dos de la main avec son pouce."
She peered out the window and whistled Jingle Bells under her breath.,Elle jeta un coup d'œil par la fenêtre et siffla doucement Jingle Bells.,Elle a regardé par la fenêtre et sifflé Jingle Bells tout doucement.
"John toes out of his Skechers and lifts, first one leg, then the other as I strip him of his jeans.","John enlève ses Skechers et soulève d'abord une jambe, puis l'autre, tandis que je le débarrasse de son jean.","John enlève ses Skechers et lève d'abord une jambe, puis l'autre pendant que je lui enlève son jean."
"""I'm going to try,"" Nicholas said, his lips twitching with amusement as he helped himself to another slice of bacon.","Je vais essayer, dit Nicholas, ses lèvres se tordant d'amusement tandis qu'il se servait une autre tranche de bacon.","« Je vais essayer », dit Nicholas, les lèvres tremblotant de rire, tout en se servant une autre tranche de bacon."
"Amelia swam into the still waters, and when she saw Christopher, she lifted her arms like she wanted to board the ship.","Amelia avait nagé dans les eaux calmes, et quand elle avait vu Christopher, elle avait levé les bras comme si elle voulait monter à bord.","Amelia a nagé dans les eaux calmes, et quand elle a vu Christopher, elle a levé les bras comme si elle voulait monter à bord du bateau."
"""...wasn't a homophobic asshat?",... n'était pas un connard homophobe ?,... n'était pas un connard homophobe ?
"""I'll leave you to negotiate that with John,"" Gayle answers as she gathers her things to go.","J'te laisse négocier ça 'vec John, répond Gayle en rassemblant ses affaires pour partir.","« Je te laisse régler ça avec John », répond Gayle en rassemblant ses affaires pour partir."
That look has me trembling.,Ce regard me fait trembler.,Ce regard me fait trembler.
"Besides, if anything happens, I'll be right there to keep you safe,"" Travis said as she forced herself to look away from Devyn, wondering what the hell was wrong with her.","De plus, si quelque chose devait arriver, je serai là pour vous protéger, déclara Travis alors qu'elle s'efforçait de détourner le regard de Devyn, se demandant ce qui n'allait pas chez elle.","En plus, si un truc arrive, je serai là pour te protéger », dit Travis en essayant de détourner son regard de Devyn, se demandant ce qui lui prenait."
I don't have to tell him twice.,Je n'ai pas besoin de le lui dire deux fois.,Je n'ai pas besoin de lui le dire deux fois.
"Thunder echoed in the distance and stalks of bright lightning dropped out of the sky near the horizon, momentarily lighting up the surface of the ocean like polished silver.","Le tonnerre résonnait au loin et des éclairs brillants tombaient du ciel près de l'horizon, illuminant momentanément la surface de l'océan comme de l'argent poli.","Le tonnerre grondait au loin et des éclairs brillants tombaient du ciel près de l'horizon, éclairant un instant la surface de l'océan comme de l'argent poli."
Seemed like baseball was always on lately.,On aurait dit que le baseball était toujours à l'écran ces derniers temps.,On dirait que le baseball est tout le temps à la télé ces derniers temps.
"I hear the tell-tale snick of the cap of a bottle, and then cold liquid drips down my crease.","J'entends le bruit caractéristique du bouchon de bouteille qu'on ouvre, puis un liquide froid coule le long de mon pli.","J'entends le bruit caractéristique du bouchon d'une bouteille qui s'ouvre, puis un liquide froid coule le long de mon front."
"Before she could finish the sentence that promised to break the perfection of the moment, he tipped her chin higher and grazed her lips with his.","Avant qu'elle ne puisse terminer la phrase qui promettait de briser la perfection du moment, il lui fit relever le menton et effleura ses lèvres.","Avant qu'elle ait pu finir sa phrase qui risquait de gâcher ce moment parfait, il lui releva le menton et effleura ses lèvres avec les siennes."
"The setting sun streamed across the park, casting long shadows of rides onto the empty beach like an invading army of giant insects.","Le soleil couchant traversa le parc, projetant de longues ombres de manèges sur la plage vide, telle une armée envahissante d'insectes géants.","Le soleil couchant illuminait le parc, projetant les longues ombres des manèges sur la plage déserte, comme une armée d'insectes géants qui envahissait les lieux."
She loved the way the light streaked across his angry eyes like a flash of lightning over a dark sea.,"Elle aimait la façon dont la lumière traversait ses yeux en colère, comme un éclair sur une mer sombre.",Elle adorait la façon dont la lumière traversait ses yeux en colère comme un éclair sur une mer sombre.
"I'm fuller than I've ever been, stretched and aching with a pleasure I can barely process.","Je n'ai jamais été aussi rempli, étiré et endolori par un plaisir que j'ai du mal à assimiler.","Je suis plus comblé que jamais, tendu et douloureux d'un plaisir que j'ai du mal à gérer."
"""I'm sorry you had to leave a job you loved, the place you grew up,"" I say, and I mean it.","Je suis désolé que tu aies dû quitter un travail que tu aimais, l'endroit où tu as grandi, dis-je, et je le pense vraiment.","« Je suis désolé que tu aies dû quitter un boulot que tu adorais, l'endroit où tu as grandi », je lui dis, et je le pense vraiment."
"It's the least I can do.""",C'est le moins que je puisse faire.,C'est le moins que je puisse faire
Her heart thumped and she whistled the Imperial March from Star Wars.,Son cœur battait la chamade et elle siffla la Marche impériale de La Guerre des étoiles.,Son cœur battait à fond et elle sifflait la Marche impériale de Star Wars.
"He lifted her chin and kissed her, his lips pressing against hers in fervent desire.","Il lui souleva le menton et l'embrassa, ses lèvres se pressant contre les siennes dans un désir fervent.","Il lui a soulevé le menton et l'a embrassée, ses lèvres se pressant contre les siennes avec un désir intense."
"""I love seeing you wearing that necklace,"" he murmured.","J'aime te voir porter ce collier, murmura-t-il.","« J'adore te voir porter ce collier », murmura-t-il."
"""So, I think I figured it out,"" Andi said, already completely fucking lost in whatever was on the iPad that she'd managed to get her hands on as she rolled onto her back.","Ah, j'ai trouvé, dit Andi, déjà complètement perdue dans ce qu'il y avait sur l'iPad sur lequel elle avait réussi à mettre la main, alors qu'elle se roulait sur le dos.","« Bon, je crois que j'ai compris », dit Andi, déjà complètement perdue dans ce qu'il y avait sur l'iPad qu'elle avait réussi à attraper en se retournant sur le dos."
"""We'd better get to work.""",Nous ferions mieux de nous mettre au travail.,« On ferait mieux de se mettre au boulot. »
His voice pours over me like melted chocolate.,Sa voix se déverse sur moi comme du chocolat fondu.,Sa voix me coule dessus comme du chocolat fondu.
"I'm sure they made the best decision, given the conditions.""","Je suis sûre qu'ils ont pris la meilleure décision, compte tenu des conditions.","Je suis sûr qu'ils ont pris la meilleure décision, vu les circonstances"
"I don't know how long we stand in my doorway, but I eventually slip out of his arms and lead him over to the couch.","Je ne sais pas combien de temps nous sommes restés sur le seuil de ma porte, mais j'ai fini par me défaire de son étreinte et je le conduis jusqu'au canapé.","Je ne sais pas combien de temps on reste dans l'entrée, mais je finis par me dégager de ses bras et je l'emmène vers le canapé."
"""I can't give you what you need.",Je ne peux pas te donner ce dont tu as besoin.,je ne peux pas te donner ce dont t'as besoin.
"""I guess you weren't kidding about the whole birthright thing.""",Je suppose que tu ne plaisantais pas à propos de l'héritage culturel.,je suppose que tu ne plaisantais pas à propos de ce truc de droit d'aînesse
"I have the overwhelming urge to kiss him there, and so I do.","J'ai une envie irrésistible de l'embrasser à cet endroit, et c'est ce que je fais.","J'ai une envie irrésistible de l'embrasser là, alors je le fais."
"Whether she had hidden it, or he hadn't looked closely enough to see it, he didn't know.","Qu'elle l'ait cachée ou qu'il ne l'ait pas regardée d'assez près pour la voir, il ne le savait pas.",Il ne savait pas si elle l'avait caché ou s'il n'avait pas regardé assez attentivement pour le voir.
I don't think I've ever met anyone so ready to experience joy.,Je crois que je n'ai jamais rencontré quelqu'un d'aussi enclin à éprouver de la joie.,Je crois que je n'ai jamais rencontré quelqu'un d'aussi prêt à vivre la joie.
Mari leaned over to see.,Mari se pencha pour voir.,Mari s'est penchée pour voir.
She was always at the hospital.,Elle était toujours à l'hôpital.,Elle était toujours à l'hôpital.
It probably saved me.,Elle m'a probablement sauvé.,Ça m'a probablement sauvé.
"A bit worried about the storm, yeah.""","Je suis un peu inquiète à cause de la tempête, c'est tout.","Un peu inquiet à cause de la tempête, ouais"
No sign of Inna anywhere.,Aucune trace d'Inna.,Pas de trace d'Inna nulle part.
"He's blinking up at the ceiling, and he's gone quiet.","Il cligne des yeux en regardant le plafond, et il est devenu silencieux.","Il cligne des yeux en regardant le plafond, et il est devenu silencieux."
"""I'd go for a swim if I didn't worry about all the debris in the water.""",J'irai bien nager si je ne m'inquiétais pas de tous les débris dans l'eau.,« J'irais bien nager si je ne m'inquiétais pas de tous les déchets dans l'eau. »
"Can't you get out of the contract?""",Tu ne peux pas rompre ce contrat ?,Tu ne peux pas te débarrasser de ce contrat ?
"Determined to ignore it, she cleared her throat, slapped a smile on her face and watched as Devyn's eyes narrowed on her as he reached over and plucked the phone out of her hand.","Déterminée à l'ignorer, elle se racla la gorge, afficha un sourire et regarda Devyn qui, les yeux rivés sur elle, s'approcha et lui enleva le téléphone des mains.","Décidée à faire comme si de rien n'était, elle s'est éclairci la gorge, a affiché un sourire sur son visage et a regardé Devyn plisser les yeux en se penchant pour lui prendre le téléphone des mains."
"""More,"" he responds.","Plus, répond-il.","« Encore », répond-il."
"""Oh yes, we'll be married.","Oh oui, nous nous marierons.","ouais, on va se marier."
Will there be?,Y en aura-t-il ?,Y en aura-t-il ?
He winced as a streak of pain shot through his face at her touch.,Il grimaça lorsqu'un trait de douleur traversa son visage à son contact.,Il grimaça quand une vague de douleur lui traversa le visage au contact de sa main.
"It only takes one breach, and there'll be water and mess all over the bar.""",Il suffit d'une brèche pour qu'il y ait de l'eau et des dégâts partout dans le bar.,Il suffit d'une seule brèche pour que l'eau se répande partout dans le bar et mette le bazar
"It's a necessity.""",C'est une nécessité.,C'est une nécessité
My focus is on the Big Plates section of the menu until John's voice rumbles across the table.,Je me concentre sur la catégorie des grandes assiettes sur le menu jusqu'à ce que la voix de John retentisse à l'autre bout de la table.,Je suis en train de regarder la section « Grands plats » du menu quand la voix de John résonne de l'autre côté de la table.
"""We talked about that,"" Andi pointed out as she googled Hillshire Hotels to see how they were holding up after yesterday, only to swallow hard when she saw the first headline.","Nous en avions déjà parlé, fit-elle remarquer, tout en cherchant sur Google ""Hôtels Hillshire"" pour voir comment ils s'en sortaient depuis la veille","« On en a parlé », a dit Andi en cherchant Hillshire Hotels sur Google pour voir comment ils allaient après hier, mais elle a eu un choc en voyant le premier titre."
"He'd never made promises, never offered more than he could give, and it was never anything that he couldn't live without, but God help him, he knew that he'd lose his fucking mind if he had to live without this.","Il n'avait jamais fait de promesses, n'avait jamais offert plus que ce qu'il pouvait donner, et ce n'était jamais quelque chose dont il ne pouvait pas se passer, mais que Dieu lui vienne en aide, il savait qu'il perdrait la tête s'il devait se passer de ça.","Il n'avait jamais fait de promesses, n'avait jamais proposé plus que ce qu'il pouvait donner, et ce n'était jamais quelque chose dont il ne pouvait se passer, mais bon sang, il savait qu'il deviendrait fou s'il devait vivre sans ça."
"He reached up and took down the mermaid sun catcher, then set it gently into the box, surrounding it with packing material.","Il tendit le bras et décrocha l'attrape-soleil en forme de sirène, puis le déposa délicatement dans la boîte, en l'entourant de papier bulle.","Il a tendu le bras pour décrocher le capteur de soleil en forme de sirène, puis l'a posé délicatement dans la boîte, en l'entourant de matériel d'emballage."
Never knew what I was missing until now.,Je n'ai jamais su ce qui me manquait jusqu'à présent.,Je ne savais pas ce que je ratais avant aujourd'hui.
"Good-looking, hard-working, and sensitive, he was all that.","Beau, travailleur et sensible, il était tout cela.","Beau, bosseur et sensible, il avait tout ça."
"He grinned and lowered himself to her, his warm skin setting her afire more.","Il sourit et s'approcha d'elle, sa peau déjà chaude s'enflammant encore plus.","Il sourit et se pencha vers elle, sa peau chaude l'embrasant encore plus."
"""I really don't think that I can do this,"" Andi stressed as she continued taking in the room that they were expected to stay in.","Je ne pense vraiment pas que je puisse le faire, souligna Andi en continuant d'observer la pièce dans laquelle ils sont censés séjourner.","« Je ne pense vraiment pas pouvoir faire ça », a insisté Andi en continuant à regarder la chambre où ils devaient rester."
"""You like me when I'm hard,"" he says, laughing.","Tu aimes quand je suis dur, réplique-t-il en riant.","« Tu m'aimes quand je suis dur », dit-il en rigolant."
I need to know what's going through that enigmatic head of his.,J'ai besoin de savoir ce qui se passe dans sa tête énigmatique.,J'ai besoin de savoir ce qui se passe dans sa tête mystérieuse.
"""Are you worried you won't get off the island before the storm hits?""",Tu as peur de ne pas pouvoir quitter l'île avant la tempête ?,t'as peur de pas pouvoir quitter l'île avant que la tempête arrive ?
"She'd saved him from death, for goodness sake.","Elle l'avait sauvé de la mort, pour l'amour du ciel.","Elle l'avait sauvé de la mort, bon sang."
"""Which is why I contacted Hillshire Hotels and asked them to send the files again when I let them know that you weren't going to be able to make it to New York to meet with their CEO.",C'est pourquoi j'ai contacté les Hôtels Hillshire pour qu'ils me renvoient une copie des dossiers et leur dire que vous ne pourriez pas vous rendre à New York pour rencontrer leurs PDG.,c'est pour ça que j'ai contacté Hillshire Hotels et leur ai demandé de renvoyer les fichiers quand je leur ai dit que tu ne pourrais pas aller à New York pour rencontrer leur PDG.
"He had a good crew.""",Il avait un bon équipage.,Il avait une bonne équipe
She could swim another day.,Elle pourrait nager un autre jour.,Elle pourrait nager un autre jour.
"""It is and it isn't,"" she said, worrying her bottom lip between her teeth, wondering why she couldn't seem to figure out what she wanted.","Ça l'est et ça ne l'est pas, dit-elle, mordillant sa lèvre inférieure entre ses dents, se demandant pourquoi elle n'arrivait pas à comprendre ce qu'elle voulait","« C'est vrai et ce n'est pas vrai », dit-elle en mordillant sa lèvre inférieure, se demandant pourquoi elle n'arrivait pas à comprendre ce qu'elle voulait."
And it's pretty far-fetched.,Et elle est assez farfelue.,Et c'est un peu tiré par les cheveux.
"Seize this moment and hold it tight because we never know what the next moment's going to bring.""",Saisir ce moment et le serrer fort parce qu'on ne sait jamais ce que le moment suivant va nous apporter.,"Profite bien de ce moment et garde-le précieusement, parce qu'on ne sait jamais ce que le prochain moment nous réserve"
"Until that terrible day, he'd always been able to protect his younger brother.","Jusqu'à ce jour terrible, il avait toujours été capable de protéger son jeune frère.","Jusqu'à ce jour horrible, il avait toujours réussi à protéger son petit frère."
Looks like it started with Christopher.,On dirait que ça a commencé avec Christopher.,On dirait que ça a commencé avec Christopher.
She didn't want him feeling bound to her because she'd saved him or because he was physically attracted to her.,Elle ne voulait pas qu'il se sente lié à elle parce qu'elle l'avait sauvé ou parce qu'il était physiquement attiré par elle.,Elle ne voulait pas qu'il se sente lié à elle parce qu'elle l'avait sauvé ou parce qu'il était attiré par elle.
"I'm fucking Johnny like an animal, getting closer to God, using the rhythm of the music to drive us both insane.","Je baise Johnny comme un animal, me rapprochant de Dieu, utilisant le rythme de la musique pour nous rendre tous les deux fous.","Je baise Johnny comme une bête, je me rapproche de Dieu, en utilisant le rythme de la musique pour nous rendre fous tous les deux."
"Inna was waiting, and he didn't like to wait.","Inna attendait, et il n'aimait pas attendre.","Inna attendait, et il n'aimait pas attendre."
"She was surely tired too, but she hadn't complained a bit.","Elle aussi devait sûrement être fatiguée, mais elle ne s'était pas plainte.","Elle devait sûrement être fatiguée elle aussi, mais elle ne s'était pas plainte du tout."
"He bent his head, and her lips met his with a slow kiss.",Il pencha la tête et ses lèvres rencontrèrent les siennes dans un lent baiser.,"Il a penché la tête, et ses lèvres ont rencontré les siennes dans un baiser tout doux."
A large percentage of guests going to the Winter Wonderland in January are only going to kill time and the others are locals just going so that their children can go on the ice slides.,Une grande partie des visiteurs qui se rendent au Winter Wonderland en janvier n'y vont que pour tuer le temps et les autres sont des locaux qui viennent juste pour que leurs enfants puissent faire des glissades sur la glace.,"Beaucoup de gens qui vont au Winter Wonderland en janvier, c'est juste pour passer le temps, et les autres, c'est des gens du coin qui y vont juste pour que leurs enfants puissent faire les toboggans de glace."
I can't believe I hadn't noticed when the music stopped.,Je ne peux pas croire que je n'ai pas remarqué que la musique s'était arrêtée.,Je n'arrive pas à croire que je n'ai pas remarqué quand la musique s'est arrêtée.
"And although John isn't technically a virgin, I can't help but feel like I'm about to deflower him.","Et bien que John ne soit pas techniquement vierge, je ne peux m'empêcher de penser que je suis sur le point de le déflorer.","Et même si John n'est pas vraiment vierge, j'ai quand même l'impression que je vais le déflorer."
"""Why can't you leave us all alone?",Pourquoi ne pouvez-vous pas nous laisser tranquilles ?,pourquoi tu peux pas nous laisser tranquilles ?
"Again, with the stupid.","Encore une fois, c'est stupide.","Encore une fois, avec les idiots."
"He believed me for years.""",Il m'a cru pendant des années.,Il m'a cru pendant des années
"The only thing I hear is my pounding heart, our mingled breaths, and the snick-snick-snick of...","La seule chose que j'entends, c'est mon cœur qui bat la chamade, nos respirations qui se mélangent et le bruit de...","Tout ce que j'entends, c'est mon cœur qui bat à fond, nos respirations qui se mélangent et le cliquetis de..."
"Sure, he'd enjoyed swimming in the oceanspent a couple years diving on WWII wrecks for the US Navy.","Bien sûr, il avait aimé nager dans l'océan  il avait passé quelques années à plonger à l'intérieur d'épaves de la Seconde Guerre mondiale pour l'US Navy.","Bien sûr, il avait adoré nager dans l'océan et avait passé quelques années à plonger sur des épaves de la Seconde Guerre mondiale pour la marine américaine."
"""Doesn't look like she got the message,"" Lucas said, sounding amused.","On dirait bien qu'elle ne l'a pas compris, rétorqua Lucas avec amusement.","« On dirait qu'elle n'a pas compris le message », dit Lucas, l'air amusé."
"""I think some of the other guys plan to come by the bar to help, so I don't have to have you here, but there'll be work if you want it.""","Je pense que d'autres gars ont prévu de venir au bar pour aider, donc tu n'es pas obligé de venir, mais il y aura du travail si tu le veux.","je crois que d'autres gars vont passer au bar pour donner un coup de main, donc t'as pas besoin de rester, mais y'aura du boulot si tu veux"
She shielded her eyes from the bright sun and strained to see if she recognized the dark figure approaching from the northern section of the beach.,Elle se protégea les yeux du soleil et s'efforça de reconnaître la silhouette sombre qui s'approchait de la partie nord de la plage.,Elle s'est protégé les yeux du soleil et a essayé de voir si elle reconnaissait la silhouette sombre qui s'approchait depuis le nord de la plage.
"Did you know the 1893 fair in Chicago was the celebration of four hundred years since Columbus landed?""",Savais-tu que la foire de 1893 à Chicago célébrait les quatre cents ans du débarquement de Christophe Colomb ?,Tu savais que l'Exposition universelle de 1893 à Chicago célébrait les quatre cents ans du débarquement de Christophe Colomb ?
"Against his mates' recommendations, he threw the rope ladder over the side and she came aboard.","Contre les recommandations de ses compagnons, il avait jeté l'échelle de corde par-dessus bord et elle était montée à bord.","Malgré ce que ses potes lui disaient, il a lancé l'échelle de corde par-dessus bord et elle est montée à bord."
"""Carta Hotels' board has decided after careful consideration that it might be in their best interest to find someone who shares their vision,"" Devyn said, looking lost in thought as he absently drummed his fingertips against the armrest.","Les membres du conseil d'administration des Hôtels Carta ont décidé, après mûre réflexion, qu'il était dans leur intérêt de chercher quelqu'un qui partageait leur vision, dit Devyn semblant perdu dans ses pensées alors que ses doigts pianotaient distraitement sur le l'accoudoir du canapé.","« Après avoir bien réfléchi, le conseil d'administration de Carta Hotels a décidé qu'il serait peut-être mieux pour eux de trouver quelqu'un qui partage leur vision », a dit Devyn, l'air pensif, en tapotant distraitement l'accoudoir du fauteuil avec ses doigts."
"""I quit!"" she managed to get out before returning to mumbling, ""We're going to die!"" over and over again as she released the cutest fucking sniffles while he did his best to stop fucking smiling.","Elle réussit à dire : ""Je démissionne !"" avant de se remettre à marmonner : ""On va mourir !», encore et encore, en lâchant un reniflement des plus mignons, tandis qu'il faisait de son mieux pour arrêter de sourire.","« J'arrête ! » a-t-elle réussi à dire avant de recommencer à marmonner « On va mourir ! » encore et encore, tout en faisant les reniflements les plus mignons qui soient, tandis qu'il faisait de son mieux pour arrêter de sourire."
"How would he tell her that he wanted to stay on the island, wanted to take a chance with her?","Comment allait-il lui dire qu'il voulait rester sur l'île, qu'il voulait tenter sa chance avec elle ?","Comment lui dire qu'il voulait rester sur l'île, qu'il voulait tenter sa chance avec elle ?"
"John...I don't know what he's doing, but he is looking at me, and suddenly I feel exposed.","je ne sais pas ce qu'il fait, mais il me regarde, et soudain, je me sens exposé.","John... Je ne sais pas ce qu'il fait, mais il me regarde, et tout à coup, je me sens exposée."
"I also found the emails and letters from Hillshire Hotels to the fake account that Mr. Anderson set up, informing him of the hotel's dire situation.","J'ai également trouvé les e-mails et les lettres envoyés par les Hôtels Hillshire au faux compte créé par M. Anderson, l'informant de la situation désastreuse de l'hôtel.","J'ai aussi trouvé les e-mails et les lettres envoyés par Hillshire Hotels au faux compte créé par M. Anderson, qui lui expliquaient la situation difficile de l'hôtel."
"We'd sometimes grab a bite to eat afterward.""",Nous allions parfois manger un morceau après.,On allait parfois manger un morceau après
"""I assume he felt obligated to finish out his contract as privateer.",Je suppose qu'il s'était senti obligé de terminer son contrat de corsaire.,je pense qu'il s'est senti obligé de finir son contrat en tant que pilote privé.
Of course she could read.,"Bien sûr, qu'elle savait lire.",Bien sûr qu'elle savait lire.
Too bad diverboy hadn't shown any instalove back.,Dommage que le plongeur n'ait pas eu le coup de foudre en retour.,Dommage que le plongeur n'ait pas répondu à son coup de foudre.
Is that heat in his voice?,Y a-t-il de la chaleur dans sa voix ?,C'est de la chaleur dans sa voix ?
"It's a hot day, but inevitably cooler up here than it would be in the city.","Il fait chaud, mais il fait indéniablement plus frais ici qu'en ville.","Il fait chaud aujourd'hui, mais c'est quand même plus frais ici qu'en ville."
"""Well, this was fun,"" Andi said brightly with a satisfied sigh as she made her way back to the elevator.","Eh bien, c'était amusant, dit Andi avec un soupir de satisfaction en retournant vers l'ascenseur.","« Bon, c'était sympa », dit Andi d'un ton enjoué avec un soupir de satisfaction alors qu'elle retournait vers l'ascenseur."
"""I like you too much, I think.""","Je t'aime trop, je crois.",je crois que je t'aime trop
Even more unusual up in New Bromley.,C'est encore plus rare à New Bromley.,Encore plus bizarre à New Bromley.
"""We're well equipped for dark, then.""","Nous sommes bien équipés pour la nuit, alors.","« On est bien équipés pour l'obscurité, alors. »"
"He poked at it with a piece of driftwood, trying to see if it had tentacles, but all that was left were stubsmost had been sheared off as the tide brought the jellyfish to shore.""","Il la toucha avec un morceau de bois flotté, essayant de voir si elle avait des tentacules, mais il ne restait que des bouts  la plupart avaient été arrachés quand la marée avait ramené la méduse sur le rivage.","Il l'a poussée avec un bout de bois flotté pour voir si elle avait des tentacules, mais il ne restait que des moignons, la plupart ayant été coupés quand la marée a ramené la méduse sur le rivage"
Chase had taken the money and built the bar.,Chase avait pris l'argent et construit le bar.,Chase avait pris l'argent et construit le bar.
"As long as I'm with you, everything will be fine.""","Tant que je serai avec toi, tout ira bien.","Tant que je suis avec toi, tout ira bien"
"""I'll have your name added to the list,"" he promised, making a mental note to put her name on the list if she was still here at the end of the week.","Je ferais ajouter votre nom à la liste, promit-il, en le notant dans un coin de sa tête au cas où elle travaillait encore là d'ici la fin de la semaine.","« Je vais ajouter ton nom à la liste », lui dit-il, en se promettant de le faire si elle était toujours là à la fin de la semaine."
"""Looks like he passed out,"" the guard said.","On dirait qu'il s'est évanoui, dit le garde.","« On dirait qu'il s'est évanoui », a dit le garde."
"Not enough places to hide.""",Il n'y a pas assez d'endroits où se cacher.,Pas assez de places où se cacher
"""You'd be surprised.",Tu pourrais être surpris.,tu serais surpris.
John nudges my shoulder when one woman tells me she earned her bachelor's degree listening to me while she studied.,John me donne un coup d'épaule lorsqu'une femme me dit qu'elle a obtenu sa licence en m'écoutant pendant qu'elle étudiait.,John me donne un petit coup de coude quand une femme me dit qu'elle a eu son diplôme de licence en m'écoutant pendant qu'elle bossait.
Or no shirt.,Ou sans chemise aussi.,Ou pas de t-shirt.
"It's as if all the weeks and months of wanting him or trying not to want him, have coalesced into an incessant need.",C'est comme si toutes les semaines et les mois passés à le désirer ou à essayer de ne pas le désirer s'étaient transformés en un besoin incessant.,C'est comme si toutes ces semaines et ces mois passés à le désirer ou à essayer de ne pas le désirer s'étaient transformés en un besoin constant.
Too close.,Trop proche.,Trop près.
I'll hide in the dune grassI want to hear you break his heart.,"Je me cacherai dans les dunes, je veux t'entendre lui briser le cœur.",Je vais me cacher dans les herbes des dunes. J'ai envie de t'entendre lui briser le cœur.
"He was her boss and she was a complication that he didn't need right now, Devyn reminded himself only to realize that he didn't care.","Il était son patron et elle était une complication dont il n'avait pas besoin en ce moment, se rappela Devyn juste pour se rendre compte qu'il s'en fichait.","Il était son boss et elle représentait une complication dont il n'avait pas besoin pour le moment, se rappela Devyn, avant de se rendre compte qu'il s'en fichait."
"""Saturday works.""","Samedi, ça marche.","« Samedi, ça marche. »"
He pulled out his razor and cream.,Il sortit son rasoir et sa crème de rasage.,Il a sorti son rasoir et sa crème.
Appreciate it.,L'apprécier.,Merci beaucoup.
"Making a mental note about that for later, he set it aside only to frown when he saw the financial report beneath it.","Il le nota mentalement pour plus tard et la mit de côté, mais fronça les sourcils en voyant le rapport financier qui se trouvait en dessous.","Il se dit qu'il y repenserait plus tard, et mit le document de côté, mais fronça les sourcils en voyant le rapport financier qui se trouvait en dessous."
Inna's head snapped up.,La tête d'Inna se releva d'un coup.,Inna a levé la tête d'un coup.
The picture was a total diversion.,Le tableau était une véritable diversion.,La photo était juste une distraction.
"""Careful,"" he says as I step over the edge.","Attention, dit-il alors que j'enjambe le bord.","« Fais gaffe », me dit-il alors que je passe par-dessus le rebord."
"You've taken that thing a million times.""",Tu l'as pris un million de fois.,Tu as pris cette photo un million de fois
"""Just ignore him,"" she said with a conspiratorial wink and smile.","Ignorez-le simplement, dit-elle avec un clin d'œil complice et un sourire.","« Fais comme s'il n'était pas là », dit-elle avec un clin d'œil et un sourire complice."
All Mine Series:,Série All Mine :,Série All Mine :
How could he consider this?,Comment pouvait-il envisager cela ?,Comment a-t-il pu penser à ça ?
"""Since I was the one that introduced you, yes.""","Oui, puisque c'est moi qui vous ai présenté.","« Puisque c'est moi qui t'ai présenté, ouais. »"
"""Me too,"" he says and kisses me gently.","Moi aussi, dit-il en m'embrassant doucement.","« Moi aussi », dit-il en m'embrassant doucement."
"And I don't see him again until the air starts to cool, and the leaves begin to change color.",Et je ne l'ai plus revu jusqu'à ce que l'air commence à se rafraîchir et que les feuilles commencent à changer de couleur.,Et je ne le revois pas avant que l'air commence à se rafraîchir et que les feuilles changent de couleur.
"""It's a lot of work.""",C'est beaucoup de travail.,c'est un sacré boulot
"""Clearly, it likes you too.""","Manifestement, tu lui plais aussi.",« C'est clair qu'il t'aime bien aussi. »
"In real life, he was better than any fantasy, and things were simply too perfect.","Dans la vraie vie, il était mieux que dans n'importe quel fantasme, et les choses étaient tout simplement trop parfaites.","Dans la vraie vie, il était encore mieux que dans n'importe quel rêve, et tout était juste trop parfait."
"""You mean your room,"" Lucas pointed out as Devyn sat there, clenching his jaw as he met his best friend's gaze head-on.","Tu veux dire ta chambre, fit remarquer Lucas alors que Devyn s'asseyait, serrant la mâchoire alors qu'il croisait le regard de son meilleur ami.","« Tu veux dire ta chambre », dit Lucas alors que Devyn était assis là, serrant les mâchoires tout en regardant son meilleur pote droit dans les yeux."
My patience is thin.,Ma patience a atteint ses limites.,Je suis à bout de patience.
"Oh gods, how long had he been watching?","Mon Dieu, depuis combien de temps regardait","Oh mon Dieu, depuis combien de temps il regardait ?"
"""And we don't know when the portrait was paintedwhether it was before he disappeared, or afterward, on Amelia's direction.","Et nous ne savons pas quand le portrait a été peint, si c'était avant sa disparition, ou après, sur les instructions d'Amelia.","et on ne sait pas quand le portrait a été peint, si c'était avant qu'il disparaisse ou après, sur demande d'Amelia."
"He raised his gaze to meet hers, and for a moment, ""spend the night"" took on a whole new meaning.","Il leva son regard pour rencontrer le sien et, pendant un instant, ""passer la nuit"" prit une toute nouvelle signification.","Il leva les yeux vers elle, et pendant un instant, « passer la nuit » prit un tout nouveau sens."
"""You can spend next Christmas with my family,"" she said with a firm nod as though that settled everything.","Tu peux venir passer le prochain Noël avec ma famille, dit-elle avec un hochement de tête ferme, comme si ça réglait tout.","« Tu peux passer Noël prochain avec ma famille », dit-elle en hochant la tête avec conviction, comme si ça réglait tout."
"""Ditch the shoes,"" Chase said.","Enlève tes chaussures, dit Chase.","« Laisse tomber les chaussures », a dit Chase."
He pulled her farther under him.,Il l'attira plus loin sous lui.,Il l'a tirée plus loin sous lui.
"""The park, silly.","Le parc, idiot.","le parc, voyons."
"Christ, out of all the women that he'd sent to lure the bastard, the secretaries, assistants, and that fucking hooker, and the woman that had finally brought him to his knees was a small woman who had no fucking idea what she was getting herself into.","Bon sang, parmi toutes les femmes qu'il avait envoyé pour appâter ce salaud, les secrétaires, les assistantes, et cette putain de prostituée, celle qui l'avait finalement mis à genoux était une petite femme qui n'avait aucune putain d'idée de ce dans quoi elle s'engageait.","Bon sang, parmi toutes les nanas qu'il avait envoyées pour piéger ce salaud, les secrétaires, les assistantes, cette putain de pute, celle qui avait fini par le mettre à genoux était une petite femme qui n'avait aucune idée de ce dans quoi elle s'embarquait."
"That looked confident, didn't it?","Elle avait l'air sûre d'elle, n'est-ce pas ?","Ça avait l'air confiant, non ?"
"""I'll walk you out.""",Je vais te raccompagner.,je te raccompagne dehors
"I want to engage him, to bring back the cheeky inquisitive guy that used to grab lunch with me every other day.","Je veux le faire parler, faire revenir le curieux insolent qui avait l'habitude de déjeuner avec moi tous les deux jours.","Je veux le faire participer, retrouver ce gars curieux et effronté qui venait déjeuner avec moi tous les deux jours."
My skin there is on fire.,"Ma peau, à cet endroit, est en feu.",Ma peau là-bas est en feu.
"""I try to get the early classes, so I can be done by early afternoon.""",J'essaie de prendre les premiers cours pour pouvoir terminer en début d'après-midi.,j'essaie de prendre les cours tôt pour pouvoir finir en début d'après-midi
"A butterscotch leather jacket hangs off his frame like it was made for him, and the burgundy button-down he has on underneath makes the copper and red highlights in his beard pop.","Une veste en cuir caramel lui colle à la peau comme si elle avait été conçue pour lui, et la chemise bordeaux qu'il porte en dessous fait ressortir les reflets cuivrés et rouges de sa barbe.","Une veste en cuir couleur caramel lui va comme un gant, et la chemise bordeaux boutonnée qu'il porte en dessous fait ressortir les reflets cuivrés et roux de sa barbe."
Then sing her heart out.,Puis chanter à tue-tête.,"Alors, chante à fond."
At least I try to.,"Du moins, j'essaie.","Du moins, j'essaie."
"Too many times, he'd stopped himself.","Trop de fois, il s'en était empêché.","Trop souvent, il s'était retenu."
"It's not my smile, so I tamp down my jealousy.","Ce n'est pas mon sourire, alors j'étouffe ma jalousie.","Ce n'est pas mon sourire, alors je retiens ma jalousie."
"Oh, and you make soup.","Oh, et tu fais de la soupe.","Ah, et tu fais de la soupe."
"Dyer rolls his lips inward as I eye him, and I can't help but poke at him.","Les lèvres de Dyer se retroussent quand je le regarde, et je ne peux pas m'empêcher d'insister.","Dyer retrousse ses lèvres quand je le regarde, et je ne peux pas m'empêcher de le titiller."
"Clearing his throat uncomfortably, Thomas Brandon, assistant manager of the Carta Castle Hotel, said, ""He quit.""","Se raclant la gorge, Thomas Brandon, directeur adjoint de l'hôtel Carta Castle, déclara :","En se raclant la gorge, Thomas Brandon, le directeur adjoint du Carta Castle Hotel, a dit : « Il a démissionné. »"
"""As soon as possible.""",Dès que possible.,« Dès que possible. »
His eyes no doubt follow John around the room just as mine do.,"Ses yeux suivent sans doute John dans la pièce, tout comme les miens.","Ses yeux suivent sûrement John partout dans la pièce, tout comme les miens."
"Based on what they'd said, he'd been hoping that she would be able to quickly adapt to her new role, but so far, it wasn't working out.","En se basant sur ce qui lui avait été dit, il espérait qu'Andi s'adapterait rapidement à son nouveau poste ;","D'après ce qu'ils avaient dit, il espérait qu'elle s'adapterait vite à son nouveau boulot, mais pour l'instant, ça ne marchait pas."
"""Analog is so much warmer than digital,"" I say.","L'analogique est tellement plus chaleureux que le numérique, dis-je.","« L'analogique est tellement plus chaleureux que le numérique », je dis."
"""I loved my mother.",J'aimais ma mère.,j'aimais ma mère.
That had been met with a horrified look and a slight trembling of her bottom lip that had him quickly promising never to touch her notebook again.,Ça lui avait valu un regard horrifié et un léger tremblement de sa lèvre inférieure qui avait rapidement fait promettre à Devyn de ne plus jamais y toucher.,"Ça lui avait valu un regard horrifié et un léger tremblement de la lèvre inférieure, ce qui l'avait poussé à promettre tout de suite de ne plus jamais toucher à son carnet."
"He'd been given two years to turn this mess around, and so far, he'd been able to surpass every expectation, but now that his contract was set to expire in a few months, Devyn was having a hell of a time getting anything done with every assistant that he hired quitting and making his life a hell of a lot harder than it needed to be.","mais maintenant que son contrat allait expirer d'ici quelques mois, Devyn peinait beaucoup à faire avancer les choses, toutes ses assistantes qui démissionnaient lui rendait la vie beaucoup plus difficile qu'elle n'aurait dû l'être.","Il avait eu deux ans pour redresser la situation, et jusqu'à présent, il avait réussi à dépasser toutes les attentes. Mais maintenant que son contrat allait expirer dans quelques mois, Devyn avait beaucoup de mal à faire quoi que ce soit, car tous les assistants qu'il avait embauchés démissionnaient, lui rendant la vie bien plus difficile qu'elle ne devait l'être."
Better to get the evening over with and worry about the bar tomorrow.,Il valait mieux en finir avec cette soirée et se préoccuper du bar demain.,Mieux vaut en finir avec cette soirée et s'occuper du bar demain.
"The slightest of pulls from his hand on my nape has me leaning down to him, but he stops my descent before I can touch my lips to his.","La moindre traction de sa main sur ma nuque me fait me pencher vers lui, mais il arrête ma descente avant que je ne puisse toucher ses lèvres.","Il me tire un peu par la nuque et je me penche vers lui, mais il m'arrête avant que mes lèvres touchent les siennes."
"Dyer's right, I haven't spoken to him, or anyone, about what's happening between John and me.","Dyer a raison, je ne lui ai pas parlé  ni à personne d'ailleurs  de ce qui se passe entre John et moi.","Dyer a raison, je n'ai parlé à personne de ce qui se passe entre John et moi."
"""And you have to tell him you don't love himnever did.""","Et tu dois lui dire que tu ne l'aimes pas, que tu ne l'as jamais aimé.","et tu dois lui dire que tu ne l'aimes pas, que tu ne l'as jamais aimé"
"Slowly, I turn my head.","Lentement, je tourne la tête.",Je tourne doucement la tête.
"John's words should make me feel better, but they don't.","Les mots de John devraient me rassurer, mais ce n'est pas le cas.","Les mots de John devraient me remonter le moral, mais c'est pas le cas."
"She'd wanted to ask him why he'd gotten it, since she first saw it after Luke's death, but it seemed like such an intimate question.","Elle avait voulu lui demander pourquoi il se l'était fait faire, depuis qu'elle l'avait vu pour la première fois après la mort de Luke, mais la question lui avait semblé si intime.","Elle avait envie de lui demander pourquoi il l'avait fait, depuis qu'elle l'avait vu pour la première fois après la mort de Luke, mais ça semblait être une question trop perso."
Quiet time?,Du temps calme ?,Un moment de calme ?
Anger darkens the green of his eyes from emerald to forest.,La colère assombrit le vert de ses yeux qui passent de l'émeraude à la forêt.,La colère fait passer le vert de ses yeux de l'émeraude au vert forêt.
He didn't know.,Il ne savait pas.,Il ne savait pas.
"""Don't speak to my daughter with disrespect.",Ne manqua pas de respect à ma fille.,ne parle pas à ma fille comme ça.
Nine Inch Nails fills my head.,Nine Inch Nails remplit ma tête.,Nine Inch Nails me trotte dans la tête.
"I feel the flood of warmth and wet surround my cock as I pulse, spilling into the condom.","Je sens le flot de chaleur et d'humidité entourer ma bite alors que je pulse, me déversant dans le préservatif.","Je sens un flot de chaleur et d'humidité m'envelopper la bite alors que je jouis, remplissant le préservatif."
This wasn't just about sex.,Il ne s'agissait pas seulement de sexe.,C'était pas juste une histoire de sexe.
"Instead, he fucked off to God knows where.","Au lieu de cela, il s'est barré Dieu sait où.","Au lieu de ça, il est parti chier Dieu sait où."
"He'd better switch to the cheaper stuff soon, or he'd regret drinking up his reserve stash.","Il ferait mieux de passer bientôt aux bouteilles moins chères, sinon il regretterait d'avoir épuisé sa réserve.","Il ferait mieux de passer bientôt à des produits moins chers, sinon il va regretter d'avoir bu ses réserves."
But it's a peaceful walk that not many people know about.,Mais c'est une promenade paisible que peu de gens connaissent.,Mais c'est une balade tranquille que peu de gens connaissent.
You got a fucking virgin!,Tu as un putain de puceau !,T'as une putain de vierge !
"Swallowing hard, he listened as Andi quietly tiptoed throughout the small apartment, shutting lights off as she went and then-","Déglutissant, il écouta Andi marcher sur la pointe des pieds dans le petit appartement, éteignant les lumières au fur et à mesure, puis...","Il a dégluti, écoutant Andi marcher doucement sur la pointe des pieds dans le petit appart, éteignant les lumières au fur et à mesure, puis.."
"Wherever you go, I'll be watching you.","Où que tu ailles, je te surveille.","Où que tu ailles, je te surveillerai."
"""Right now, I'm occupied with these eight.""","Pour l'instant, je suis occupé par ces vingt centimètres là.","en ce moment, je suis pris par ces huit-là"
"He slammed her against the covered window, pressing his body against the length of hers.","Il la plaqua contre la fenêtre barricadée, pressant tout son corps contre le sien.","Il la plaqua contre la fenêtre couverte, collant son corps contre le sien."
That's worth celebrating.,Cela vaut la peine d'être célébré.,Ça mérite d'être fêté.
The tattoo that marked her as mermaid.,Le tatouage qui la marquait comme sirène.,Le tatouage qui la faisait passer pour une sirène.
The deep-blue sky burst with hints of orange where the sun hung low in the west.,Le ciel d'un bleu profond se teintait d'orange là où le soleil était bas à l'ouest.,Le ciel bleu foncé était éclaboussé de touches orange là où le soleil était bas à l'ouest.
Like they had a connection beyond the present.,Comme s'ils avaient une connexion au-delà du présent.,Comme s'ils avaient un lien qui allait au-delà du présent.
I scroll down and find one story that has a video.,Je fais défiler l'écran et trouve un article avec une vidéo.,Je fais défiler la page et je tombe sur un article avec une vidéo.
"The muscle tenses under my palm, and I drop my arm to my side, sighing inwardly.",Le muscle se crispe sous ma paume et je laisse tomber mon bras sur le côté en soupirant intérieurement.,"Le muscle se tend sous ma main, et je laisse tomber mon bras le long du corps en soupirant à l'intérieur."
"""I need one more thing,"" Chase said.","J'ai besoin d'une dernière chose, dit Chase.","« Il me faut encore un truc », a dit Chase."
"Their cousins, the Sirens, sang a song and trapped a man.","Leurs cousines, les harpies, chantaient une chanson pour piéger les hommes.","Leurs cousines, les sirènes, chantaient une chanson et piégeaient un homme."
"""Look at me, Mari,"" he said, squeezing her knee.","Regarde-moi, Mari, dit-il en lui pressant le genou.","« Regarde-moi, Mari », dit-il en lui serrant le genou."
One thing was for certain.,Une chose était sûre.,Une chose était sûre.
"""No, the regular had a family emergency.""","Non, le DJ habituel a eu une urgence familiale.","non, le client habituel a eu un problème de famille"
Who in the twenty-first century doesn't Google someone after meeting them?,"Qui, au vingt-et-unième siècle, ne cherche pas quelqu'un sur Google après l'avoir rencontré ?","Qui, au XXIe siècle, ne cherche pas quelqu'un sur Google après l'avoir rencontré ?"
"Unless there's a ghost tattoo artist around the island, I swear I don't know where these tattoos keep coming from.""","A moins qu'il n'y ait un tatoueur fantôme sur l'île, je jure que je ne sais pas d'où viennent ces tatouages.","À moins qu'il y ait un tatoueur fantôme sur l'île, je te jure que je ne sais pas d'où viennent tous ces tatouages"
"I can't move, don't want to, and John seems content to have me covering him.","Je ne peux pas bouger, je n'en ai pas envie, et John semble satisfait que je sois sur lui.","Je ne peux pas bouger, je n'en ai pas envie, et John a l'air content que je le couvre."
"As his skin heats, his earthy musk hits my senses, making my mouth water.","Au fur et à mesure que sa peau se réchauffe, son odeur de musc et de terre s'impose à mes sens et me met l'eau à la bouche.","Quand sa peau se réchauffe, son parfum musqué et terreux me fait saliver."
"I was unhappy.""",J'étais malheureux.,J'étais malheureux
LOCAL HIGH SCHOOL TEACHER ARRESTED ON SUSPICION OF SEX WITH STUDENT,UN ENSEIGNANT D'UN LYCÉE LOCAL ARRÊTÉ POUR SUSPICION DE RELATIONS SEXUELLES AVEC UNE ÉLÈVE,UN PROF DE LYCÉE ARRÊTÉ PARCE QU'ON LE PENSE AVOIR EU DES RELATIONS SEXUELLES AVEC UNE ÉLÈVE
"""What's this?"" I ask, removing the paper, though I already know.","demandé-je en retirant le papier, bien que je le sache déjà.","« C'est quoi ça ? », je demande en enlevant le papier, même si je sais déjà."
"""Oh, you mean he'd tell you his moods.",Tu veux dire qu'il te disait son humeur.,"oh, tu veux dire qu'il te disait comment il se sentait."
"When I call Dyer and ask him to sit in on my shift, he only hesitates for a moment before agreeing.","Lorsque j'appelle Dyer pour lui demander de me remplacer, il hésite un instant avant d'accepter.","Quand j'appelle Dyer pour lui demander de me remplacer pendant mon service, il hésite juste un instant avant d'accepter."
"He stood, dabbing his eye with the ice pack.",Il se leva et se tamponna l'œil avec la poche de glace.,"Il s'est levé, en se tamponnant l'œil avec la poche de glace."
"Why is it suddenly hot out here, has summer returned in the last hour or so?","Pourquoi fait-il soudain chaud ici, l'été serait-il revenu depuis une heure ?","Pourquoi il fait tout à coup chaud dehors, l'été est revenu en une heure à peu près ?"
"This time, Travis led her through the large hole in the side of the ship, making her smile as she watched yellow, orange, and blue fish race out the other side, following Travis as he made his way back up to the surface and-","Cette fois, Travis la fit passer à travers le grand trou sur le flanc du navire, la faisant sourire en regardant des poissons jaunes, oranges et bleus sortir de l'autre côté, suivant Travis alors qu'il remontait à la surface et...","Cette fois, Travis l'a guidée à travers le gros trou sur le côté du bateau, la faisant sourire en regardant les poissons jaunes, orange et bleus filer de l'autre côté, suivant Travis alors qu'il remontait vers la surface et.."
"He follows them down to the floor and helps me step out of, first my Vans sneakers, and then the denim.","Il le suit jusqu'au sol et m'aide à enlever d'abord mes baskets Vans, puis le jean.","Il les suit jusqu'au sol et m'aide à enlever d'abord mes baskets Vans, puis mon jean."
"""Shut up, woman.""","Tais-toi, femme.","tais-toi, femme"
"She was going to spend the rest of her life telling herself that it was good enough, she thought, deciding that definitely earned another heartfelt sigh.","Elle allait passer le reste de sa vie à se dire que c'était suffisant, pensa-t-elle, décidant que ça valait bien un autre soupir du fond du cœur.","Elle allait passer le reste de sa vie à se dire que c'était assez bien, pensa-t-elle, décidant que ça méritait vraiment un autre soupir sincère."
"And then, after finally accepting the painful realization that I'll never see the man again, it sure is a shock to the system when he walks into Nicki's house during her annual fall mixer.","Et puis, après avoir finalement accepté la dure réalité que je ne reverrai jamais cet homme, ça m'a fait un vrai choc lorsqu'il entre dans la maison de Nicki lors de sa soirée annuelle d'automne.","Et puis, après avoir enfin accepté la dure réalité que je ne reverrai jamais cet homme, c'est un vrai choc quand il débarque chez Nicki pendant sa fête d'automne annuelle."
He spoke her thoughts aloud.,Il exprima ses pensées à voix haute.,Il a dit tout haut ce qu'elle pensait.
He'd thought about that a lot and just how badly he wanted to do it again.,Il avait souvent repensé à cela et à quel point il avait envie de le refaire.,Il y avait beaucoup réfléchi et s'était rendu compte à quel point il voulait recommencer.
"And this nightmare will be over.""",Et ce cauchemar sera terminé.,Et ce cauchemar sera fini
"She stared at him as he tried to maneuver partway down the sand-covered stairs, and his pulse raced at the scrutiny.","Elle le dévisagea alors qu'il tentait de descendre les marches couvertes de sable, et son pouls s'accéléra à l'examen minutieux de la situation.","Elle le regardait fixement alors qu'il essayait de descendre les marches couvertes de sable, et son cœur s'emballa sous son regard scrutateur."
"Still, I can't say I'm not disappointed that we won't be strolling hand-in-hand through the fair.","Pourtant, je ne peux pas dire que je ne suis pas déçu que nous ne nous promenions pas main dans la main à travers la foire.","Mais bon, je ne peux pas dire que je ne suis pas déçu qu'on ne puisse pas se balader main dans la main à la foire."
The day had been a cacophony of noises from wind to Inna to rain to cheesy music.,"La journée avait été une cacophonie de bruits, du vent à Inna, de la pluie à la musique ringarde.","La journée avait été une vraie cacophonie de bruits, entre le vent, Inna, la pluie et la musique ringarde."
"Aren't those reasons enough?""",Ces raisons ne sont-elles pas suffisantes ?,Ces raisons ne suffisent-elles pas ?
Inna wasn't going to mess things up with Chase.,Inna n'allait pas tout gâcher avec Chase.,Inna n'allait pas tout gâcher avec Chase.
"Now, there was no chance of saving Chase from Inna's angerhe had every mer-legal right to kill the man who'd seduced his betrothed.","Maintenant, il n'y avait plus aucune chance de sauver Chase de la colère d'Inna  il avait tous les droits légaux de tuer l'homme qui avait séduit sa promise.","Bon, y avait aucune chance de sauver Chase de la colère d'Inna : il avait tout à fait le droit de tuer le mec qui avait séduit sa fiancée."
He looks so happy.,Il a l'air si heureux.,Il a l'air tellement heureux.
Another romp with him would drown out any fears she had.,Une autre partie de jambes en l'air avec lui noierait toutes les craintes qu'elle avait.,Une autre partie de jambes en l'air avec lui ferait oublier toutes ses peurs.
"""I should get back to...""",Je devrais retourner à...,je devrais retourner à..
"Not too much, too soon.","Pas trop, pas trop tôt.","Pas trop, pas trop vite."
"He's a good guy, and I enjoy talking to him.""","C'est un bon gars, et j'aime bien lui parler.","C'est un type sympa, et j'aime bien discuter avec lui"
"""My mom loves me, Chase.","Ma mère m'aime, Chase.","ma mère m'aime, Chase."
"""You're from Scotland?"" He asks, his eyes following the flight of a bird from one treetop to the next.","me demande-t-il, ses yeux suivant le vol d'un oiseau d'une cime à une autre.","« T'es écossais ? » demande-t-il, les yeux rivés sur un oiseau qui vole d'un arbre à l'autre."
"It didn't help that she'd been afraid to close her eyes, terrified that if she closed them for even a minute that something would happen to him.","La peur qu'il lui arrive quelque chose si elle fermait les yeux, ne serait-ce","Ça n'aidait pas qu'elle ait eu peur de fermer les yeux, terrifiée à l'idée que si elle les fermait ne serait-ce qu'une minute, quelque chose lui arriverait."
"""I really don't, though,"" Andi said, sniffling at the end there as she once again found herself heading towards another long night of searching through files and trying to come up with a way to improve the hotel's bottom line as she kept an eye out for anything that could help them figure out who the mysterious James Jamerson was.","Je ne sais vraiment pas, dit Andi, en reniflant à la fin, alors qu'elle se dirigeait une fois de plus vers une longue nuit de recherche dans les dossiers et de tentatives pour trouver un moyen d'améliorer les résultats de l'hôtel, tout en gardant un œil sur tout ce qui pourrait les aider à découvrir qui était le mystérieux James Jamerson.","« Mais ce n'est vraiment pas le cas », dit Andi en reniflant à la fin de sa phrase, alors qu'elle se retrouvait une fois de plus face à une longue nuit passée à fouiller dans des dossiers et à essayer de trouver un moyen d'améliorer les résultats financiers de l'hôtel, tout en gardant l'œil ouvert pour trouver quoi que ce soit qui pourrait les aider à découvrir qui était ce mystérieux James Jamerson."
"I nod, reaching up to hold his face in my hands.","J'acquiesce, en levant les bras pour prendre son visage dans mes mains.",Je hoche la tête et lève les mains pour lui tenir le visage.
"This is the best news ever.""",C'est la meilleure nouvelle qui soit.,C'est la meilleure nouvelle qui soit
"""I like listening to you.""",J'aime t'écouter.,j'adore t'écouter
"We also discovered the responsible party, James Jamerson,"" Devyn explained, making Harold frown in confusion.","Nous avons également découvert le responsable, James Jamerson, expliqua Devyn, ce qui fit froncer les sourcils de Harold, confus.","On a aussi trouvé le responsable, James Jamerson », a dit Devyn, ce qui a fait froncer les sourcils à Harold, un peu perdu."
"""But, really, I tend to go along with whatever.","Mais, en fait, j'ai tendance à me laisser faire.","mais, franchement, je suis plutôt du genre à suivre le mouvement."
He set his plate beside hers.,Il posa son assiette à côté de la sienne.,Il a posé son assiette à côté de la sienne.
"When she deepened the kiss, he wished she were on a bed where he could press harder against her, feeling every contour of her soft body beneath his.","Lorsqu'elle approfondit le baiser, il souhaita qu'elle soit dans un lit où il pourrait se presser plus fort contre elle, sentant chaque contour de son corps doux sous le sien.","Quand elle a intensifié le baiser, il aurait voulu qu'elle soit sur un lit pour pouvoir la serrer plus fort contre lui, sentir chaque courbe de son corps doux sous le sien."
"God, if he only knew how wanted he was.",Si seulement il savait à quel point il est désiré.,"Bon sang, s'il savait à quel point il est recherché."
"Mari dipped under the water as a large wave washed over her, then came back up, slicking her hair away from her face.","Mari plongea sous l'eau lorsqu'une grosse vague la submergea, puis remonta, écartant ses cheveux de son visage.","Mari a plongé sous l'eau quand une grosse vague l'a recouverte, puis elle est ressortie en écartant ses cheveux de son visage."
"A mermaid has no business on land, and now look what's happened.","Une sirène n'a rien à faire sur terre, et regarde ce qui s'est passé.","Une sirène n'a rien à faire sur terre, et regarde ce qui s'est passé."
"I glance over at Dyer, and he's studying me.","Je jette un coup d'œil à Dyer, et il m'étudie.","Je jette un coup d'œil à Dyer, et il est en train de me mater."
Until John Burton.,Jusqu'à John Burton.,Jusqu'à John Burton.
One way or another.,D'une manière ou d'une autre.,D'une manière ou d'une autre.
"He could face her now, find out exactly what the man meant by ""engaged.""","Il pouvait l'affronter maintenant, découvrir exactement ce que l'homme entendait par ""fiancé"".","Il pouvait maintenant lui faire face, découvrir exactement ce que l'homme entendait par « fiancé »"
"Or what's left of it.""",Ou ce qu'il en reste.,Ou ce qu'il en reste
"She struggled to climb the pile of sand, her flip-flops in one hand.","Elle s'efforça de grimper sur le tas de sable, ses tongs dans une main.","Elle a eu du mal à grimper sur le tas de sable, ses tongs dans une main."
"There's awe in his face, the way his lips part ever-so-slightly, and his eyes widen just a little bit.","Il y a de l'admiration sur son visage, la façon dont ses lèvres s'écartent légèrement, et ses yeux s'écarquillent un tout petit peu.","On voit de la crainte sur son visage, ses lèvres s'entrouvrent un tout petit peu et ses yeux s'écarquillent un peu."
We're so very different from one another.,Nous sommes très différents l'un de l'autre.,On est tellement différents les uns des autres.
"What was the point of all this – of us -  if you can't trust me?""",Quel était le but de tout cela  de nous  si tu ne peux pas me faire confiance ?,"À quoi ça servait tout ça, notre histoire, si tu ne peux pas me faire confiance ?"
"The way you are with music, that's how he is with beer.","Il est comme toi et la musique, mais avec la bière.",T'es avec la musique comme il est avec la bière.
"""The eye should make landfall approximately midnight or a little after, depending on whether the storm slows a lot as it moves inland.","""L'œil du cyclone devrait toucher terre vers minuit ou un peu plus tard, en fonction de la vitesse de déplacement de la tempête vers l'intérieur des terres.","l'œil devrait toucher terre vers minuit ou un peu après, selon si la tempête ralentit beaucoup en se déplaçant vers l'intérieur des terres."
She moved to look out over the railing and saw the lighted pier lanterns bobbing as the pier swayed and groaned under the weight of the swollen waves.,Elle se déplaça pour regarder par-dessus la balustrade et vit les lanternes allumées de la jetée qui se balançaient tandis que la jetée elle-même se balançait et gémissait sous le poids des vagues déchaînées.,Elle s'est approchée de la balustrade pour regarder dehors et a vu les lanternes allumées du quai qui se balançaient au rythme des vagues gonflées qui faisaient tanguer et gémir le quai.
"To be with me, forever?","Être avec moi, pour toujours ?",Tu veux rester avec moi pour toujours ?
"""It's too soon to tell,"" Devyn said, sighing heavily as he slid the daily report into his coat pocket.","Il est trop tôt pour le dire, soupira Devyn tout en glissant le rapport quotidien dans la poche de son manteau.","« C'est trop tôt pour le dire », dit Devyn en poussant un gros soupir alors qu'il glissait le rapport quotidien dans la poche de son manteau."
Big trouble.,De gros ennuis.,Gros problème.
"Chase pushed Mari off his shoulder and leaped up, his heart throbbing in his throat as a wave of nausea rolled through him.","Chase repoussa Mari de son épaule et se leva d'un bond, le cœur palpitant dans sa gorge, tandis qu'une vague de nausée le traversait.","Chase a poussé Mari de son épaule et s'est levé d'un bond, le cœur battant à tout rompre dans sa poitrine, tandis qu'une vague de nausée le submergeait."
"""I think I can handle that,"" the man that still hadn't told her what job she was interviewing for murmured.","C'est gérable, marmonna l'homme qui ne lui avait toujours pas dit pour quel poste elle passait un entretien.","« Je pense que je peux m'en occuper », a murmuré le mec qui ne lui avait toujours pas dit pour quel poste elle passait l'entretien."
"Chase turned toward her, his eyes looking through her.","Chase se tourna vers elle, ses yeux la pénétrant.","Chase s'est tourné vers elle, le regard perdu dans le vide."
"I like seeing him like this, so close to the edge so soon.","J'aime le voir comme ça, si proche de craquer, si rapidement.","J'adore le voir comme ça, si près du bord si tôt."
"""Thanks a lot, man.","Merci beaucoup, mec.","merci beaucoup, mec."
"""No,"" Devyn bit out as she did a search for nearby hotels and found the one that she was looking for.","Non, dit Devyn en recherchant les hôtels des environs, et en trouvant celui qu'elle cherchait.","« Non », dit Devyn d'un ton sec alors qu'elle cherchait des hôtels à proximité et trouvait celui qu'elle voulait."
"She pressed against him harder, well aware that he couldn't move until the screw was in or the plywood would fall.","Elle se serra plus fort contre lui, consciente qu'il ne pouvait pas bouger tant que la vis n'était pas enfoncée, sous peine de voir le contreplaqué tomber.","Elle s'est collée contre lui, sachant bien qu'il ne pouvait pas bouger tant que la vis n'était pas vissée, sinon le contreplaqué tomberait."
"""Need a beer or some water or something?""","Tu veux une bière, de l'eau ou autre chose ?","tu veux une bière, de l'eau ou autre chose ?"
The smile he gives me is stunning.,Le sourire qu'il m'adresse est stupéfiant.,Le sourire qu'il me fait est incroyable.
I've wanted to have my own shop on the beach my whole life.,"Toute ma vie, j'ai voulu avoir ma propre boutique sur la plage.",J'ai toujours rêvé d'avoir ma propre boutique sur la plage.
"I don't know what I was expecting from the residence of a man as talented with his hands as John is, but this isn't it.","J'ignore ce que j'attendais de la résidence d'un homme aussi doué de ses mains que John, mais ce n'est pas ça.","Je sais pas trop à quoi je m'attendais en voyant la maison d'un gars aussi doué de ses mains que John, mais c'est pas ça."
And it could burn down the bar.,Et elle pourrait brûler le bar.,Et ça pourrait mettre le feu au bar.
"She reached to her throat, but words had dried on her tongue.","Elle porta la main à sa gorge, mais les mots avaient séché sur sa langue.","Elle a voulu parler, mais les mots étaient coincés dans sa gorge."
And would have killed Chase if she hadn't been there to save him.,Et aurait tué Chase si elle n'avait pas été là pour le sauver.,Et il aurait tué Chase si elle n'avait pas été là pour le sauver.
"A local directory yielded a little info on John Burton, owner of Burton Construction.","Un annuaire local m'a permis d'obtenir quelques informations sur John Burton, propriétaire de Burton Construction.","Un annuaire local a donné quelques infos sur John Burton, le boss de Burton Construction."
"""Two months!""",Deux mois !,« Deux mois ! »
"Placid, green oceans filled those same eyes when someone needed a helping hand.",Des océans verts et paisibles remplissaient ces mêmes yeux lorsque quelqu'un avait besoin d'une main secourable.,Ces mêmes yeux se remplissaient d'une douceur et d'une sérénité infinies quand quelqu'un avait besoin d'un coup de main.
"""It's complicated,"" he said, picking up a file only to toss it back on his desk and go still when she blurted out, ""I have to tell you something.""","C'est compliqué, répondit-il, s'emparant d'un dossier pour le reposer aussitôt sur son bureau et de s'immobiliser quand elle lâcha :","« C'est compliqué », dit-il en prenant un dossier, avant de le reposer sur son bureau et de se figer lorsqu'elle lâcha : « Je dois te dire un truc. »"
"His eyes blaze in the dark, but I can't make out his expression.","Ses yeux brillent dans l'obscurité, mais je n'arrive pas à distinguer son expression.","Ses yeux brillent dans le noir, mais je n'arrive pas à voir son expression."
"But the studios have needed working on for a long time, and I'm glad our last fundraiser was enough to at least start on it.","Mais cela fait longtemps qu'il fallait rénover les studios, et je suis heureux que notre dernière collecte de fonds ait été suffisante pour au moins commencer à le faire.","Mais les studios avaient besoin d'être rénovés depuis un moment, et je suis content que notre dernière collecte de fonds ait permis au moins de commencer les travaux."
"""We have nothing but time,"" Andi said, smiling hugely as she placed the colorful sack down at the top of the slide and gestured for him to sit down.","On a tout le temps, dit Andi, avec un grand sourire, en posant le sac coloré en haut du toboggan et en lui faisant signe de s'asseoir.","« On a tout le temps », dit Andi en souriant largement alors qu'elle posait le sac coloré en haut du toboggan et lui faisait signe de s'asseoir."
"When someone tells you they've had it all and done it all, and feel no need for more when you're still reaching for every goddamned thing life can offer, what is there left to say?","Quand quelqu'un vous dit qu'il a tout eu et tout fait, et qu'il ne ressent pas le besoin d'en avoir plus alors que vous cherchez toujours tout ce que la vie peut vous offrir, que reste-t-il à dire ?","Quand quelqu'un te dit qu'il a tout eu, tout fait et qu'il n'a plus besoin de rien, alors que toi, tu veux encore profiter de tout ce que la vie peut t'offrir, qu'est-ce que tu peux répondre ?"
The waves crashed on the sand and the water pooled near her.,Les vagues s'écrasaient sur le sable et l'eau s'accumulait près d'elle.,Les vagues se cassaient sur le sable et l'eau s'accumulait près d'elle.
"""Frankie,"" John breathes into my wet hair.","Frankie, souffle John dans mes cheveux mouillés.","« Frankie », John souffle dans mes cheveux mouillés."
"She didn't want this day, no matter how hard the work was, to ever end.","Elle ne voulait pas que cette journée, même si le travail était difficile, se termine un jour.","Elle voulait que cette journée, même si c'était super dur, ne finisse jamais."
His dimple is just so adorable.,Sa fossette est tellement adorable.,Sa fossette est vraiment trop mignonne.
He lets his eyes skate over me before he turns them back to the room.,Il laisse ses yeux glisser sur moi avant de les tourner de nouveau vers la pièce.,Il me regarde de haut en bas avant de reporter son attention sur la pièce.
"Humid, warm air rushed in and filled her lungs, and salty dampness coated her face.","L'air chaud et humide s'engouffra dans ses poumons, et une humidité salée recouvrit son visage.","De l'air chaud et humide s'engouffra dans ses poumons, et une humidité salée recouvrit son visage."
"""I'll keep her safe,"" Drew said, making Andi wince as she hung over his shoulder, struggling to keep the terror at bay.","Je la garderai en sécurité, dit Drew, faisant grimacer Andi qui s'accrochait à son épaule, s'efforçant de maintenir la terreur à distance.","« Je vais la protéger », dit Drew, ce qui fit grimacer Andi, accrochée à son épaule, essayant de contenir sa peur."
"Nicki's skin is a deep, rich mahogany that must have been painted on by the hand of God himself, it's so perfect.","La peau de Nicki est d'un acajou riche et profond qui a dû être peint par la main de Dieu lui-même, tant elle est parfaite.","La peau de Nicki est d'un acajou profond et riche qui semble avoir été peinte par Dieu lui-même, tellement elle est parfaite."
"And I'm sitting here in the bar that was supposed to be both our legacies.""",Et je suis assis ici dans le bar qui était censé être notre héritage à tous les deux.,"Et je suis assis ici, dans le bar qui était censé être notre héritage à tous les deux"
"No dark water surrounding him, just the bright and cold glare of sterility and the smell of bleach.","Il n'y avait plus d'eau sombre autour de lui, juste la froide lumière blafarde d'un endroit stérile et une odeur d'eau de Javel.","Pas d'eau sombre autour de lui, juste la lumière vive et froide de la stérilité et l'odeur de l'eau de Javel."
"That's the best news I've heard in ages.""",C'est la meilleure nouvelle que j'ai entendue depuis longtemps.,C'est la meilleure nouvelle que j'ai entendue depuis des lustres
"I've done it a thousand times.""",Je l'ai fait des milliers de fois.,Je l'ai fait un million de fois
What a day.,Quelle journée !,Quelle journée !
A big part of me wants to pull John into my arms and shield him from everything and everyone that would ever wish him harm.,Une grande partie de moi veut prendre John dans mes bras et le protéger de tout ce qui pourrait lui faire du mal.,Une grande partie de moi veut serrer John dans mes bras et le protéger de tout et de tous ceux qui pourraient lui faire du mal.
"It's me you want, not him.","C'est moi que tu veux, pas lui.","C'est moi que tu veux, pas lui."
Reds and blues and bright yellows swirled and clashed along the walls.,"Du rouge, du bleu et du jaune vif tourbillonnaient et se mélangeaient le long des murs.","Des rouges, des bleus et des jaunes vifs tourbillonnaient et s'entrechoquaient le long des murs."
"Merely acquaintances, as far as the world knew.","De simples connaissances, pour autant que le monde le sache.","Juste des potes, d'après ce que tout le monde savait."
It's intangible.,Ce n'est pas tangible.,C'est pas quelque chose de concret.
He was headed directly for them.,Il se dirigeait directement vers eux.,Il se dirigeait droit vers eux.
"She'd fantasized about sucking him off many times, but it was never this good, this real.","Elle avait souvent fantasmé sur le fait de l'avoir en bouche, mais cela n'avait jamais été aussi bon, aussi vivace.","Elle avait souvent rêvé de lui faire une pipe, mais ça n'avait jamais été aussi bon, aussi réel."
"At first, I assume it's for work or for Lexi but, when I ask, he dodges the question or distracts me with sex.","Au début, je supposais que c'était pour le travail ou pour Lexi, mais quand je lui demande, il esquive la question ou me distrait avec du sexe.","Au début, je pense que c'est pour le boulot ou pour Lexi, mais quand je lui demande, il esquive la question ou me distrait avec du sexe."
"What a phenomenon.""",Quel phénomène !,Quel truc incroyable !
"""If I had my way, we'd take out the privateer's whole linewomen too.","Si ça ne tenait qu'à moi, nous aurions éliminé toute la lignée du corsaire, y compris les femmes.","si c'était moi qui décidais, on éliminerait aussi toutes les femmes de la ligne des corsaires."
"Pinching the jacket for Sign O' the Times between two fingers, I ease it off the shelf.","En pinçant la pochette de Sign O' the Times entre deux doigts, je la sors de l'étagère.",Je prends la pochette de Sign O' the Times entre deux doigts et la sors tranquillement de l'étagère.
"""He's covering his ass,"" Devyn said, watching as she returned her attention back to the email and-","Il couvre ses arrières, dit Devyn, en la regardant reporter son attention sur l'e-mail et...","« Il se couvre », dit Devyn en la regardant se replonger dans son e-mail et.."
"""Lot's happened in the past couple of days.""",Il s'est passé beaucoup de choses ces deux derniers jours.,il s'est passé plein de trucs ces derniers jours
I frame his face in my hands.,J'encadre son visage dans mes mains.,Je prends son visage entre mes mains.
"""You're going to love the fourth grade,"" Uncle Shawn said, smiling as he picked her up and placed her on the chair as she frantically shook her head, knowing that this wasn't going to end well.","Tu vas adorer le CM1, dit Oncle Shawn en souriant alors qu'il la prenait dans ses bras et la déposait sur la chaise pendant qu'elle secouait frénétiquement la tête, car elle savait que ça n'allait pas bien se finir.","« Tu vas adorer la quatrième année », lui dit oncle Shawn en souriant, alors qu'il la soulevait et la posait sur la chaise, tandis qu'elle secouait frénétiquement la tête, sachant que ça n'allait pas bien se finir."
"""You said he changed it,"" Garrett countered.","Tu as dit qu'il l'avait changé, rétorque Garrett.","« Tu as dit qu'il l'avait changé », a rétorqué Garrett."
My voice sounds like I've been chewing on asphalt and my words crumble under the crush of it.,Ma voix sonne comme si j'avais mâché de l'asphalte et mes mots s'effritent sous son poids.,Ma voix sonne comme si j'avais mâché de l'asphalte et mes mots s'effritent sous son poids.
"""I'll post guards near the beach,"" her mother said.","Je vais poster des gardes près de la plage, dit sa mère.","« Je vais mettre des gardes près de la plage », a dit sa mère."
"And I'm not gonna lie, I get off on living vicariously through others.","Et je ne vais pas mentir, je prends mon pied en vivant par procuration à travers les autres.","Et franchement, j'adore vivre par procuration à travers les autres."
"""Why didn't Christopher stay on land with her?",Pourquoi Christopher n'était-il pas resté sur la terre ferme avec elle ?,pourquoi Christopher n'est-il pas resté sur terre avec elle ?
I know you feel the pull to the sea like I do.,"Je sais que tu es attiré par la mer, tout comme moi.",Je sais que tu ressens le même attrait pour la mer que moi.
"Inna was already on the ropes, scaling like a spider on a web.","Inna était déjà sur l'échelle de cordes, se déplaçant comme une araignée sur une toile.","Inna était déjà accrochée aux cordes, grimpant comme une araignée sur sa toile."
He must see this because he continues.,"Il doit s'en apercevoir, car il continue.","Il doit voir ça, parce qu'il continue."
"""I think it made everything better,"" she said, absently tracing his fingers, careful of the cuts.","Je pense que ça a tout amélioré, dit-elle, traçant distraitement le contour de ses doigts, prenant soin de ne pas toucher aux coupures.","« Je pense que ça a tout arrangé », dit-elle en suivant distraitement le contour de ses doigts, en faisant gaffe aux coupures."
"He stared into her almond-shaped eyes, then moved his hand and turned away.","Il fixa ses yeux en amande, puis déplaça sa main et se détourna.","Il a regardé fixement ses yeux en amande, puis a retiré sa main et s'est détourné."
"After wiping my mouth with the back of my hand, I slink to the floor by the (blessedly cleanish) toilet, unable to move.","Après m'être essuyé la bouche du revers de la main, je me glisse sur le sol près des toilettes (heureusement propres), incapable de bouger.","Après m'être essuyé la bouche avec le dos de la main, je me laisse glisser sur le sol près des toilettes (heureusement propres), incapable de bouger."
"""Swimming lessons.",Des cours de natation.,cours de natation.
"The more he breathed the decision, the more it became clear that she was meant for him.","Plus il pensait à cette décision, plus il devenait évident qu'elle était faite pour lui.","Plus il réfléchissait à sa décision, plus il devenait clair qu'elle était faite pour lui."
"""Michelle was my first,"" he offers.","Michelle était ma première, explique-t-il.","« Michelle a été ma première », dit-il."
She was supposed to be able to do a hundred different things at once and-,"Elle était censée pouvoir faire une centaine de tâches en même temps, et...",Elle était censée pouvoir faire plein de trucs en même temps et..
"Dyer smiles, tossing the strap of his messenger bag over his head.","Dyer sourit, jetant la lanière de son sac par-dessus sa tête.",Dyer sourit en passant la bandoulière de son sac à dos par-dessus sa tête.
"I take it back, he needs to stop doing that.","Je retire ce que j'ai dit, il doit arrêter de faire ça.","Je retire ce que j'ai dit, il doit arrêter de faire ça."
"Mermaids were often spotted during a stormthat is when sailors needed them, and when they helped humans most.",Les sirènes sont souvent aperçues pendant une tempête  c'est à ce moment-là que les marins ont besoin d'elles et qu'elles aident le plus les humains.,"On voyait souvent des sirènes pendant les tempêtes, c'est là que les marins avaient le plus besoin d'elles et qu'elles aidaient le plus les humains."
"""Better?"" he asked, surprised at his breathiness.","demanda-t-il, surpris de son essoufflement.","« Ça va mieux ? » demanda-t-il, surpris par sa voix haletante."
"My skin is suddenly too tight, and my dick is arguing loudly in Garrett's favor, reminding me that we hadn't had sex in weeks before the end, so it's been - let me count - Jesus, nearly two months since I got laid.","Ma peau est soudain trop tendue, et ma bite plaide vigoureusement en faveur de Garrett, me rappelant que nous n'avions plus fait l'amour depuis des semaines avant la fin de notre histoire.","Ma peau est soudainement trop tendue, et ma bite est super d'accord avec Garrett, me rappelant qu'on n'avait pas couché ensemble depuis des semaines avant la fin, donc ça fait - laisse-moi compter - bon sang, presque deux mois que je n'ai pas baisé."
It wasn't any different.,Ce n'était pas différent.,C'était pareil.
"For now, we need to figure out what to do.""","Pour l'instant, nous devons trouver quoi faire.","Pour l'instant, on doit réfléchir à ce qu'on va faire"
"I mean, fuck.","Je veux dire, putain.","Je veux dire, merde."
"The winding path through the rides was mostly clean of sand and debris, and only a few of the rides and sideshow games showed any evidence that a powerful storm had ripped through the night before.","Le chemin sinueux qui traversait les manèges était presque entièrement débarrassé du sable et des débris, et seuls quelques manèges et jeux du parc d'attraction montraient des signes qu'une puissante tempête s'était abattue sur le parc la nuit précédente.","Le chemin sinueux qui traversait les manèges était presque propre, sans sable ni débris, et seuls quelques manèges et jeux forains montraient des traces de la grosse tempête qui avait frappé la nuit d'avant."
"""Has anyone ever...confronted you?",Est-ce que quelqu'un t'a déjà... confronté ?,est-ce que quelqu'un t'a déjà... confronté ?
"John's hand, which he's lifted to sift through the hair at my nape, drifts down to cup the back of my neck.","La main de John, qu'il a soulevée pour la glisser dans les cheveux à l'arrière de mon crâne, descend jusqu'à ma nuque.","La main de John, qu'il a levée pour passer ses doigts dans mes cheveux à la nuque, descend pour se poser sur mon cou."
"""This is a long series of firsts for me,"" he says, his voice quiet.","C'est une longue série de premières pour moi, dit-il, la voix calme.","« C'est une longue série de premières pour moi », dit-il d'une voix calme."
"""If my calculations are correct, I would say a little over twenty-two billion, forty-seven million, two hundred fifty-seven thousand dollars and eighty-three cents.","Si mes calculs sont corrects, je dirai un peu plus de vingt-deux milliards, quarante-sept millions, deux cent cinquante-sept mille dollars et quatre-vingt-trois centimes.","si mes calculs sont bons, je dirais un peu plus de vingt-deux milliards, quarante-sept millions, deux cent cinquante-sept mille dollars et quatre-vingt-trois cents."
"My skin is beech with a hint of henna, my wild, black curls have minds of their own.","Ma peau est de la couleur du hêtre avec un soupçon de henné, mes boucles noires et sauvages n'en font qu'à leur tête.","Ma peau est couleur hêtre avec un peu de henné, mes boucles noires et sauvages font ce qu'elles veulent."
"When she stepped, the ground seemed to fall out from under her feet and she stumbled on air.","Lorsqu'elle fit un pas, le sol sembla se dérober sous ses pieds et elle trébucha dans le vide.","Quand elle a fait un pas, le sol a semblé se dérober sous ses pieds et elle a trébuché dans le vide."
"""You too,"" I reply over my shoulder, as he starts his engine.","Toi aussi, répondis-je par-dessus mon épaule, tandis qu'il démarre son moteur.","« Toi aussi », je réponds par-dessus mon épaule, alors qu'il démarre son moteur."
Every nerve in her body hummed.,Chaque nerf de son corps frémissait.,Tous ses nerfs vibraient.
I smack him on his rock-hard abs.,Je lui donne une claque sur ses abdominaux durs comme la pierre.,Je lui donne une petite tape sur ses abdos durs comme de la pierre.
"The sun warmed the top of his head and his shoulders, and the heated sand toasted his bare feet.","Le soleil lui réchauffait le sommet du crâne et les épaules, et le sable chaud brûlait ses pieds nus.","Le soleil lui réchauffait le haut de la tête et les épaules, et le sable chaud lui faisait du bien aux pieds nus."
"As sure as he was that he couldn't get close to anyone, he longed to feel her touch.","Même s'il était sûr de ne pas pouvoir être proche de quelqu'un, il avait envie de la toucher.","Même s'il était sûr de ne pouvoir se rapprocher de personne, il rêvait de sentir son contact."
It'd sure be handy to talk to himhave him on her side in case the approaching figure turned out to be a menace.,"Ce serait bien pratique de lui parler, de l'avoir à ses côtés au cas où la silhouette qui s'approchait s'avérait être une menace.","Ça serait vraiment pratique de lui parler, de l'avoir de son côté au cas où la silhouette qui s'approchait serait une menace."
We had so much more in common.,Nous avions bien plus en commun.,On avait tellement plus en commun.
"My cock dribbles nonstop, leaving threads of precome against my stomach.","Ma bite dégouline sans arrêt, laissant des fils de liquide séminal contre mon estomac.","Ma bite coule sans arrêt, laissant des traces de liquide pré-éjaculatoire sur mon ventre."
"""I'm not used to being snuck up on.",Je n'ai pas l'habitude de me faire surprendre.,je ne suis pas habitué à ce qu'on me surprenne par derrière.
"He and Luke had loved the birds when they were kids, but after owning the bar, he realized what a nuisance they could be.","Luke et lui avaient adoré les oiseaux lorsqu'ils étaient enfants, mais depuis qu'il était propriétaire du bar, il s'était rendu compte de la nuisance qu'ils pouvaient représenter.","Lui et Luke adoraient les oiseaux quand ils étaient petits, mais une fois qu'il a eu le bar, il s'est rendu compte à quel point ils pouvaient être embêtants."
"""Tell me that this is enough.""",Dis-moi que ça suffit.,dis-moi que ça suffit
She paused to see if he was joking.,Elle s'arrêta net pour voir s'il plaisantait.,Elle s'est arrêtée pour voir s'il plaisantait.
Or were they in love?,Ou étaient-ils amoureux ?,Ou étaient-ils amoureux ?
"""I don't know what Lucas has planned, but until I can make sure that you're safe, I need you to stay with your brother,"" Devyn explained as he placed the iPad and laptop in her backpack and handed it to Drew.","J'ignore ce que Lucas a prévu, mais jusqu'à ce que je puisse m'assurer que tu es en sécurité, j'ai besoin que tu restes avec ton frère, expliqua Devyn en plaçant l'iPad et l'ordinateur portable dans le sac à dos d'Andi et en le tendant à Drew.","« Je ne sais pas ce que Lucas a prévu, mais tant que je ne suis pas sûr que tu sois en sécurité, j'ai besoin que tu restes avec ton frère », a expliqué Devyn en mettant l'iPad et l'ordinateur portable dans son sac à dos et en le tendant à Drew."
"He turns my head the way he wants it so that he can plunder my mouth, and I take it all.","Il tourne ma tête dans le sens qu'il veut pour pouvoir dévorer ma bouche, et je prends tout.","Il tourne ma tête comme il veut pour pouvoir me baiser la bouche, et je me laisse faire."
"For the first time in her life, she didn't care that she was in over her head or that she was probably making the biggest mistake of her life, not when he kissed her like this.","Pour la première fois de sa vie, elle ne se souciait pas de savoir qu'elle était dépassée par les événements ou qu'elle commettait probablement la plus grosse erreur de sa vie, pas quand il l'embrassait comme ça.","Pour la première fois de sa vie, elle s'en fichait d'être dépassée par les événements ou de faire probablement la plus grosse erreur de sa vie, pas quand il l'embrassait comme ça."
"""I heard you sold the bar.",J'ai entendu dire que tu avais vendu le bar.,j'ai entendu dire que t'avais vendu le bar.
"""What's this about, Lucas?"" Devyn asked because Lucas was the last person that he wanted to talk about Andi with.","demanda Devyn, parce que Lucas était la dernière personne avec qui il voulait parler d'Andi.","« C'est quoi cette histoire, Lucas ? » a demandé Devyn, parce que Lucas était la dernière personne à qui il voulait parler d'Andi."
"""We want different things, Frankie,"" he'd said, and it hadn't come as a surprise.","""Nous voulons des choses différentes, Frankie"", avait-il dit, et cela n'avait pas été une surprise.","« On veut des trucs différents, Frankie », avait-il dit, et ça ne l'avait pas surpris."
"I catch him in my arms, taking his weight so that he doesn't face-plant in the middle of the street.","Je l'attrape dans mes bras, supportant son poids pour qu'il ne tombe pas la tête la première au milieu de la rue.","Je l'attrape dans mes bras, en supportant son poids pour qu'il ne tombe pas tête la première au milieu de la rue."
"I scroll further and stop, not really able to wrap my head around the headlines for these articles.","Je fais défiler la page, puis je m'arrête, n'arrivant pas à comprendre les titres de ces articles.","Je continue à faire défiler la page et je m'arrête, un peu perplexe devant les titres de ces articles."
"He used to find reasons to stay after school, detention, clubs, anything was better than going back to rundown motels and boarding rooms without heat.","Il avait l'habitude de trouver des raisons de rester après l'école, les heures de colle, les clubs, tout valait mieux que de retourner dans des motels délabrés et des chambres d'internat sans chauffage.","Il trouvait toujours des excuses pour rester après l'école : retenues, clubs, tout valait mieux que de retourner dans des motels délabrés et des chambres sans chauffage."
I'll be his first for everything.,Je serai son premier pour tout.,Je serai sa première dans tout.
He set his glass of water on the coffee table between them.,Il posa son verre d'eau sur la table basse entre eux.,Il a posé son verre d'eau sur la table basse entre eux.
"With Hillshire Hotels reorganizing and ready to sell off some of its properties to save itself, they didn't have a lot of time to waste.","Les Hôtels Hillshire étant en train de se réorganiser et prêts à vendre certains de leurs propriétés pour se sauver, ils avaient peu de temps à perdre.","Avec la réorganisation de Hillshire Hotels et la décision de vendre certaines de ses propriétés pour se sauver, ils n'avaient pas beaucoup de temps à perdre."
She'd protect Chase as long as she could.,Elle protégerait Chase aussi longtemps qu'elle le pourrait.,Elle protégerait Chase aussi longtemps qu'elle le pourrait.
"""Good intense?"" He asks, hopeful.","demande-t-il, plein d'espoir.","« Bien intense ? », demande-t-il, plein d'espoir."
"I arch and shimmy and squirm as waves of pleasure pulse through me, from the soles of my feet to the crown of my head, and I disintegrate, clenching and releasing and clenching again.","Je me cambre, me trémousse et me tortille tandis que des vagues de plaisir me traversent, de la plante des pieds au sommet de la tête, et je me désintègre, me serrant, me relâchant et me serrant à nouveau.","Je me cambre, je me tortille et je me contorsionne alors que des vagues de plaisir me traversent, de la plante des pieds jusqu'au sommet du crâne, et je m'effondre, me contractant, me relâchant, puis me contractant à nouveau."
"She jumped to the last platform before the door, then stepped up to the landing.","Elle sauta sur la dernière plateforme avant la porte, puis s'avança sur le palier.","Elle a sauté sur la dernière plateforme avant la porte, puis a grimpé sur le palier."
"There is one double ten-inch I've been after for bloody ages, a rare pressing of The Police's Regatta de Blanc.""","Il y a un double vinyle 10 pouces que je cherche depuis des lustres, un exemplaire rare de Regatta de Blanc de The Police.","Y a un double album de 25 cm que je cherche depuis une éternité, un pressage rare de Regatta de Blanc de The Police"
"Family and pirate and all.""","La famille, les pirates et tout le reste.","La famille, les pirates et tout le reste"
"She kissed and licked his length, noting the way that it became harder with every touch of her tongue as she wrapped her hand around him and took the tip between her lips and moaned.","Elle embrassa et lécha son membre, notant la façon dont il devenait plus dur à chaque contact de sa langue, puis elle enroula sa main autour de lui, prit le bout entre ses lèvres et gémit.","Elle l'embrassa et le lécha sur toute sa longueur, remarquant qu'il devenait plus dur à chaque fois qu'elle le touchait avec sa langue. Elle l'enveloppa de sa main, prit le bout entre ses lèvres et gémit."
Then I'm everybody's golden boy.,Je deviens alors le prodige de tous.,Alors je suis le chouchou de tout le monde.
Are they wider than before?,Sont-elles plus larges qu'avant ?,Est-ce qu'ils sont plus larges qu'avant ?
"""I've been meaning to go there.",J'avais l'intention d'y aller.,j'avais envie d'aller là-bas.
"From the distance, Mari could see Inna's scowl.","De loin, Mari pouvait voir la mine renfrognée d'Inna.","De loin, Mari pouvait voir Inna faire la tête."
Damn birds were loudespecially in the quiet of the post-storm island.,"Ces satanés oiseaux étaient bruyants, surtout dans le calme de l'île après la tempête.","Ces fichus oiseaux faisaient un bruit d'enfer, surtout dans le calme de l'île après la tempête."
Of course she wanted to know how the jelly was.,"Bien sûr, qu'elle voulait savoir ce qu'il en était de la méduse.","Évidemment, elle voulait savoir comment était la gelée."
But he was wiser now.,Mais il était plus sage maintenant.,Mais il était plus sage maintenant.
The aroma of her coconut soap wafted up to him.,L'arôme de son savon à la noix de coco s'éleva jusqu'à lui.,L'odeur de son savon à la noix de coco lui est montée au nez.
"Another gust of wind pelted her with prickles of sand, and she wiped her face.",Une nouvelle rafale de vent la bombarda de grains de sable piquants et elle s'essuya le visage.,"Une autre rafale de vent lui a envoyé des grains de sable dans les yeux, et elle s'est essuyé le visage."
"I'm a storm girl.""",Je suis une fille d'orage.,Je suis une fille de tempête
My uncle took good care of us.,Mon oncle s'est bien occupé de nous.,Mon oncle a vraiment pris soin de nous.
"""One of the largest on the East Coast.""",C'est l'une des plus grandes de la côte Est.,« Un des plus grands de la côte Est. »
She held up a plate.,Elle brandit une assiette.,Elle a brandi une assiette.
I open my mouth to say come join me when John's phone rings.,"J'ouvre la bouche pour dire ""viens me rejoindre"" quand le téléphone de John sonne.",Je m'apprête à dire « viens avec moi » quand le téléphone de John sonne.
He was leaving and would never see her again.,Il partait et ne la reverrait jamais.,Il partait et ne la reverrait jamais.
He dropped off the files that Devyn needed her to go over first thing in the morning and picked them up at night.,Il déposait chez elle les dossiers que Devyn voulait qu'elle examine le matin et venait les récupérer le soir.,Il a déposé les dossiers que Devyn devait examiner dès le lendemain matin et les a récupérés le soir.
Her legs wobbled as she adjusted to standing on land for the first time in weeks.,Ses jambes vacillèrent tandis qu'elle s'habituait à se tenir sur la terre ferme pour la première fois depuis des semaines.,Ses jambes tremblaient alors qu'elle s'habituait à être debout sur la terre ferme pour la première fois depuis des semaines.
I also hate the fact that someone will be in my space tonight.,Je déteste aussi le fait qu'une personne soit dans mon espace ce soir.,Je déteste aussi le fait que quelqu'un va être chez moi ce soir.
I'm too stunned to respond. Too needy.,Je suis trop abasourdi pour répondre.,Je suis trop choqué pour dire quoi que ce soit. Trop en manque.
"She smiled and pictured herself as a barista, dressed in a tiny pink skirt and tall heels, no panties.","D'accord, sourit-elle en s'imaginant en barista, vêtue d'une petite jupe rose et de talons hauts, sans culotte.","Elle a souri et s'est imaginée en barista, avec une petite jupe rose et des talons hauts, sans culotte."
Mari put her arms around his waist and lay her head on his back.,Mari passa ses bras autour de sa taille et appuya sa tête contre son dos.,Mari a passé ses bras autour de sa taille et a posé sa tête sur son dos.
"He filled her completely, unlike any other man she'd been with, not that there'd been many.","Il la remplissait complètement, contrairement à tous les autres hommes qu'elle avait fréquenté, non pas qu'il y en ait eu beaucoup.","Il la comblait complètement, contrairement à tous les autres mecs avec qui elle avait été, même si elle n'en avait pas eu beaucoup."
She wiped the last tears from her cheeks.,Elle essuya les dernières larmes sur ses joues.,Elle a essuyé les dernières larmes sur ses joues.
Pursued the ship all over the Caribbean.,Ils l'avaient poursuivi dans tous les Caraïbes.,On a suivi le bateau partout dans les Caraïbes.
"And good riddance.""",Et bon débarras.,Et bon débarras
"""More than Dyer?""",Plus que Dyer ?,« Plus que Dyer ? »
"""You're a little neurotic,"" he continues.","Tu es un peu névrosé, poursuit-il.","« T'es un peu névrosé », continue-t-il."
"""Dyer recommended we do the chef's tasting.""",Dyer nous a recommandé de prendre la dégustation du chef.,dyer nous a conseillé de prendre le menu dégustation du chef
"Inna wouldn't kill his family, would he?","Inna ne tuerait pas sa famille, n'est-ce pas ?","Inna ne tuerait pas sa famille, n'est-ce pas ?"
"""Yeah, though he's down in Florida.""","Oui, mais il est en Floride.","« Ouais, mais il est en Floride. »"
"""Let's go,"" he said, gesturing to the elevators and destroying her last hope of sleeping in her own bed for the first time in a month.","Allons-y, dit-il en faisant un geste vers les ascenseurs et en détruisant son dernier espoir de dormir dans son propre lit pour la première fois depuis un mois.","« On y va », dit-il en montrant les ascenseurs, détruisant ainsi son dernier espoir de dormir dans son propre lit pour la première fois depuis un mois."
"""Can't you go to a motel or something?""",Tu ne peux pas aller dans un motel ou quelque chose comme ça ?,tu peux pas aller dans un motel ou un truc du genre ?
"""I can see that you're off in your own little world now, so I'm going to head back to work now,"" Drew said dryly, not that she was listening since an idea came to her, one that had her absently murmuring, ""Love you, too,"" as she climbed off the bed and grabbed her iPad.","Je vois que tu es dans ton petit monde maintenant, alors je vais retourner au travail, déclara sèchement Drew, non pas qu'elle l'écoutait puisqu'une idée lui était venue, une idée qui la fit distraitement murmurer : ""Moi aussi, je t'aime"", alors qu'elle sortait du lit et attrapait son iPad.","« Je vois que t'es dans ton petit monde là, alors je retourne bosser », dit Drew d'un ton sec, mais elle n'écoutait pas vraiment, car une idée lui était venue, qui la fit murmurer distraitement « Je t'aime aussi » tandis qu'elle descendait du lit et attrapait son iPad."
The glow of moonlight spread across her face like sparkling fairy dust over a summer meadow.,L'éclat de la lune se répandait sur son visage comme une poussière de fée scintillante sur une prairie d'été.,La lueur de la lune éclairait son visage comme de la poussière de fée scintillante sur une prairie en été.
"I can protect you then.""",Je pourrai alors te protéger.,Je peux te protéger alors
Swimming away wouldn't solve anything and it wouldn't save Chase.,Nager loin ne résoudrait rien et ne sauverait pas Chase.,Partir à la nage ne changerait rien et ça ne sauverait pas Chase.
"His seems okay now, so I remove my hands from his body and immediately miss the feel of him against my palms.","Il a l'air d'aller bien maintenant, alors j'enlève mes mains de son corps et la sensation  contre mes paumes me manque immédiatement.","Il a l'air d'aller mieux maintenant, alors je retire mes mains de son corps et je regrette tout de suite de ne plus le sentir contre mes paumes."
"Her hand trembled as she opened the hinged box, and she blew out the breath in a long, slow whistle.","Sa main tremblait lorsqu'elle ouvrit la boîte à charnière, et elle expira dans un long et lent souffle.","Sa main tremblait quand elle a ouvert la boîte à charnières, et elle a expiré dans un long sifflement lent."
"""Some things,"" he begins after a long minute.","Certaines choses, commence-t-il après une longue minute.","« Certaines choses », dit-il après un long moment."
"Besides, he didn't deserve to be close to anyone anymore.","D'ailleurs, il ne méritait plus d'être proche de qui que ce","En plus, il ne méritait plus d'être proche de qui que ce soit."
"""Walk me through how the requests were made.""",Expliquez-moi comment les demandes ont été faites.,explique-moi comment les demandes ont été faites
"She's mistaken,"" Lucas said, sighing heavily as he gestured for security to show her to the door.","Elle se trompe, dit Lucas, soupirant lourdement et faisant signe aux agents de sécurité de la sortir de la pièce.","Elle se trompe, dit Lucas en poussant un gros soupir, tout en faisant signe aux agents de sécurité de la raccompagner à la porte."
"""Does she live far away or something?",Elle habite loin ou quelque chose du genre ?,elle habite loin ou quoi ?
"""It's my heartbeat,"" Devyn said, turning his hand over so that she could see the new smartwatch that he'd purchased to link his heartbeat to the bear's so that no matter where he was, she would never have to sleep alone again.","C'est mon rythme cardiaque, dit Devyn, en retournant sa main pour qu'elle puisse voir la nouvelle montre connectée qu'il avait achetée pour relier son rythme cardiaque à celui de l'ours, afin que, peu importe où il se trouve, elle n'ait plus jamais à dormir seule.","« C'est mon rythme cardiaque », dit Devyn en retournant sa main pour qu'elle puisse voir la nouvelle montre connectée qu'il avait achetée pour relier son rythme cardiaque à celui de l'ours, afin que, où qu'il soit, elle n'ait plus jamais à dormir seule."
Maybe I've earned some leeway.,Peut-être ai-je gagné une certaine marge de manœuvre.,Peut-être que j'ai gagné un peu de marge de manœuvre.
"They should have deleted the rows instead of just hiding them, but that probably would have alerted the accounting department to the embezzlement sooner.","La personne aurait dû effacer les lignes de compte au lieu de les cacher, mais ça aurait probablement alerté plus tôt le service comptabilité sur le détournement de fonds.","Ils auraient dû supprimer les lignes au lieu de juste les cacher, mais ça aurait sûrement alerté plus tôt le service comptable sur le détournement de fonds."
She put her foot back onto the couch and closed her eyes again.,Elle reposa son pied sur le canapé et ferma à nouveau les yeux.,Elle a remis son pied sur le canapé et a refermé les yeux.
Unless Inna went upstairs to the bar.,À moins qu'Inna ne monte au bar.,À moins qu'Inna soit montée au bar.
"And now it's my turn to dispense justice.""","Et maintenant, c'est à mon tour de rendre justice.","Et maintenant, c'est à moi de rendre justice"
"""I thought that was only a story,"" she said.","Je croyais que ce n'était qu'une histoire, dit-elle.","« Je pensais que c'était juste une histoire », dit-elle."
"He set everything down in a pile, caught the rolling flashlight, and then grabbed the handset.","Il posa tout en tas, attrapa la lampe de poche qui roulait, puis saisit le combiné.","Il a posé tout ça en tas, a attrapé la lampe de poche qui roulait, puis a pris le combiné."
"If I stretched out my arm, I could touch him.","Si je tends le bras, je pourrais le toucher.","Si je tendais le bras, je pourrais le toucher."
"""What are you doing, can I come over?""","Que fais-tu,  je peux venir ?","qu'est-ce que tu fais, je peux passer ?"
"Between going through the Hillshire Hotels' files and taking care of him, she was exhausted.","Entre l'examen des dossiers des Hôtels Hillshire et les soins apportés à Devyn, elle était épuisée.","Entre fouiller dans les dossiers des hôtels Hillshire et s'occuper de lui, elle était crevée."
"""Sorry if I touched a nerve.""",Désolé si j'ai touché un point sensible.,désolé si j'ai touché un point sensible
"Inna struggled and the guards shoved him to the ground, face-first.","Inna se débattit et les gardes le poussèrent au sol, la tête la première.","Inna a résisté et les gardes l'ont plaqué au sol, la tête la première."
John's laughter rumbles against my back.,Le rire de John gronde contre mon dos.,Le rire de John résonne dans mon dos.
"""Plus, we didn't get a lot of sleep last night.","En plus, on n'a pas beaucoup dormi la nuit dernière.","en plus, on n'a pas beaucoup dormi cette nuit."
I need to see him.,J'ai besoin de le voir.,J'ai besoin de le voir.
"In short, I was the guy sitting on the arm of his boyfriend's chair staring off into space while everyone around him espoused the genius of someone named Lena Dunham.","En bref, j'étais le gars assis sur le bras du fauteuil de son copain, regardant dans le vide pendant que tout le monde autour de lui vantait le génie d'une certaine Lena Dunham.","En gros, j'étais le mec assis sur l'accoudoir du fauteuil de son copain, le regard perdu dans le vide, pendant que tout le monde autour de lui disait que Lena Dunham était géniale."
"Maybe they were staging a rescue.""",Peut-être qu'ils organisaient un sauvetage.,Peut-être qu'ils faisaient semblant de venir nous sauver
He needed answers and he couldn't get them from behind a desk.,Il avait besoin de réponses et il ne pouvait pas les obtenir derrière un bureau.,Il avait besoin de réponses et il ne pouvait pas les trouver en restant assis à son bureau.
He couldn't protect anyone anymore.,Il ne pouvait plus protéger personne.,Il ne pouvait plus protéger personne.
"""I have to question the logistics of what the report said because I'm not sure how Mrs. Grady would have been able to bend me over her desk with her bad hip and-""","Je dois remettre en question la logistique de ce que dit le rapport, car j'ignore comment Mme Grady aurait pu me pencher sur son bureau avec sa blessure à la  hanche et...","je me demande comment ça aurait pu se passer, parce que je vois pas comment Mme Grady aurait pu me faire pencher sur son bureau avec sa hanche qui la fait souffrir et.."
"""And you?""","Et, vous ?",et toi ?
"""I wish I could do that, but I don't know how.""","J'aimerai pouvoir le faire, mais je ne sais pas comment.","j'aimerais bien pouvoir faire ça, mais je ne sais pas comment"
It was almost like he was a mood ring with a short-circuiting sensor.,C'était presque comme s'il était une bague d'humeur avec un court-circuit dans ses capteurs.,C'était presque comme s'il était une bague d'humeur avec un capteur qui déraillait.
"She would go on and on about it, and that wasn't good for either of their anxieties.","Elle n'aurait cessé d'en parler, ce qui n'était pas bon pour leurs angoisses.","Elle n'arrêtait pas d'en parler, et ça n'aidait pas à calmer leur anxiété à tous les deux."
"When I was old enough to dress myself, she says I didn't give a shit about girls' clothes or boys' clothes, I liked what I liked.","Quand j'ai eu l'âge de m'habiller seul, elle m'a dit que je me moquais de savoir si c'étaient des vêtements pour filles ou pour garçons, j'aimais ce que j'aimais.","Quand j'ai été assez grand pour m'habiller tout seul, elle dit que je me fichais des fringues de filles ou de garçons, j'aimais ce que j'aimais."
"A stiff breeze rustles the trees above our heads, blowing my hair into my face.","Une forte brise fait bruisser les arbres au-dessus de nos têtes, soufflant mes cheveux sur mon visage.","Une bonne brise fait bouger les arbres au-dessus de nos têtes, et mes cheveux me tombent sur le visage."
"We don't know what happened.""",Nous ne savons pas ce qui s'est passé.,On ne sait pas ce qui s'est passé
"For now, it had to stay hidden.","Pour l'instant, elle devait rester cachée.","Pour l'instant, ça devait rester secret."
"As he slipped into the ocean, he shifted into a dark, tentacled beast and slithered into the deeper water.","Alors qu'il s'enfonçait dans l'océan, il se transforma en une bête sombre à tentacules et s'enfonça dans les eaux plus profondes.","Quand il a plongé dans l'océan, il s'est transformé en une bête sombre avec des tentacules et s'est glissé dans les eaux plus profondes."
"Swallowing hard, she watched as he pulled his belt free and dropped it to the floor as he toed off his shoes.","Déglutissant, elle le regarda retirer sa ceinture et la laisser tomber sur le sol en même temps qu'il enlevait ses chaussures.","Elle a dégluti, le regardant enlever sa ceinture et la laisser tomber par terre, puis retirer ses chaussures avec ses orteils."
"Well, almost everything.","Enfin, de presque tout.","Bon, presque tout."
"Rows of bungalows lay along the road, empty for now, but each holding a family's memories within its walls.","Des rangées de bungalows s'étendaient le long de la route, vides pour l'instant, mais renfermant chacun les souvenirs d'une famille.","Des rangées de bungalows bordent la route, vides pour l'instant, mais chacun renfermant les souvenirs d'une famille entre ses murs."
"Someone could see you.""",Quelqu'un pourrait te voir.,Quelqu'un pourrait te voir
"I sound whiny and not at all sure about this, which I'm not.","J'ai l'air pleurnichard et pas du tout sûr de moi, ce qui n'est pas le cas.","J'ai l'air de me plaindre et pas du tout sûr de moi, mais c'est pas le cas."
"""The man in the painting.""",L'homme du tableau.,« Le mec dans le tableau. »
"He could barely believe it, as it felt like they'd been boarding up for weeks.","Il avait du mal à le croire, car il avait l'impression que cela faisait des semaines qu'ils fixaient des planches.","Il avait du mal à y croire, car il avait l'impression qu'ils étaient en train de tout barricader depuis des semaines."
"When he pulled her fingertips to his lips for a kiss, she giggled.","Lorsqu'il porta le bout de ses doigts à ses lèvres pour l'embrasser, elle gloussa.","Quand il a approché ses doigts de ses lèvres pour les embrasser, elle a gloussé."
"My heartbeat pulses in its tip, and know I'm already wetting the front of my boxer-briefs.",Mon cœur bat à l'extrémité de mon gland et je sais que je mouille déjà le devant de mon boxer.,"Mon cœur bat la chamade, et je sens déjà que je mouille le devant de mon caleçon."
"He peered down at her, his pupils dilating with need, and evidence of his desire reaching out to her.","Il la regarda, les pupilles dilatées par le besoin, et la preuve de son désir s'étendant jusqu'à elle.","Il la regarda, les yeux tout grands, et on voyait bien qu'il avait envie d'elle."
"The night would be memorable, one way or another.","La nuit allait être mémorable, d'une manière ou d'une autre.","La soirée allait être mémorable, d'une manière ou d'une autre."
"He loved her, more than anything and he wasn't about to lose her because he'd fucked up and trusted the wrong person.","Il l'aimait, plus que tout, et il n'allait pas la perdre parce qu'il avait merdé et fait confiance à la mauvaise personne.",Il l'aimait plus que tout et il n'allait pas la perdre parce qu'il avait merdé et fait confiance à la mauvaise personne.
"The words come slowly, as if he's giving me time to process them.","Les mots viennent lentement, comme s'il me donnait le temps de les assimiler.","Les mots sortent lentement, comme s'il me laissait le temps de les assimiler."
"""It's a good place to be quiet and just think.""",C'est un bon endroit pour être tranquille et réfléchir.,c'est un endroit sympa pour se détendre et réfléchir tranquillement
"""No, thanks,"" she said.","Non, merci, dit-elle.","« Non merci », a-t-elle dit."
"She didn't say anything but looked up at him with wild, wide eyes and kiss-swollen lips.","Elle ne dit rien, mais le regarda avec des yeux grands et furieux et des lèvres gonflées par leurs baisers.","Elle n'a rien dit, mais elle l'a regardé avec des yeux écarquillés et sauvages et des lèvres gonflées par les baisers."
Almost reserved.,Presque réservée.,Presque réservé.
"He wasn't about to lose everything, not after everything he had to do to get to this point, which meant that he had to stay focused and keep his head in the game.","Il n'allait pas tout perdre, pas après tout ce qu'il avait dû faire pour en arriver là, ce qui signifiait qu'il avait dû rester concentré et garder la tête froide pour rester dans la partie.","Il n'allait pas tout perdre, pas après tout ce qu'il avait dû faire pour en arriver là, ce qui voulait dire qu'il devait rester concentré et garder la tête dans le jeu."
"For a moment, she debated whether or not she should ask, but...","Pendant un instant, elle se demanda si elle devait poser la question ou non, mais...","Pendant un instant, elle s'est demandé si elle devait poser la question, mais..."
"I want to take my time tonight.""",Je veux prendre mon temps ce soir.,Je veux prendre mon temps ce soir
"It was either that or they got lucky, Andi thought as she thought over everything that they'd learned over the past few months and-","C'était soit ça, soit ils ont eu de la chance, pensa Andi en réfléchissant à tout ce qu'ils avaient appris dans les derniers mois et...","C'était soit ça, soit ils avaient eu de la chance, se dit Andi en repensant à tout ce qu'ils avaient appris ces derniers mois et.."
"Life isn't always fair.""",La vie n'est pas toujours juste.,La vie n'est pas toujours juste
"Unfortunately for her, and her bacon addiction, the only restaurant within walking distance that made them closed hours ago.","Malheureusement pour elle, et pour son addiction au bacon, le seul restaurant à proximité qui en faisait avait fermé il y a des heures.","Malheureusement pour elle et son addiction au bacon, le seul resto à quelques pas qui en servait avait fermé il y a des heures."
"""You can't up and leave all you've built here.""","Tu ne peux pas abandonner tout ce que tu as construit ici, continua-t",tu ne peux pas juste partir et laisser tout ce que t'as construit ici
"I wiggle my eyebrows, just to let him know I'm teasing.","ajouté-je tout en remuant les sourcils, juste pour lui faire comprendre que je le taquine","Je remue les sourcils, juste pour lui faire comprendre que je le taquine."
"You're going to go down there, sit down, and keep your mouth shut while I break the news to the board about the unfortunate circumstances surrounding your impending resignation.","Tu vas t'y rendre, t'asseoir et te taire pendant que j'annonce au conseil les circonstances malheureuses de ta démission imminente.","Tu vas descendre, t'asseoir et te taire pendant que je raconte au conseil d'administration les circonstances malheureuses qui ont mené à ta démission imminente."
"I came in at the right time to clean this mess up and keep you distracted, especially since the files were already missing before I was hired, which makes me believe that the angle that Lucas was going for was that I came in after the fact to clean up the mess for a partner, perhaps a boss.","Je suis arrivée au bon moment pour faire le ménage dans ce bazar et vous distraire, d'autant plus que les dossiers avaient déjà disparu avant que je ne sois engagée, ce qui me fait penser que l'angle d'attaque de Lucas était que je suis arrivée après coup pour faire le ménage pour un partenaire, peut-être un patron.","Je suis arrivé au bon moment pour régler ce bazar et te distraire, surtout que les dossiers avaient déjà disparu avant que je sois embauché, ce qui me fait penser que Lucas voulait faire croire que j'étais là pour nettoyer les dégâts d'un partenaire, peut-être un patron."
"""Beer, if you have an IPA.""","De la bière, si tu as une IPA.","« Une bière, si t'as une IPA. »"
"He poured a small amount of the golden-brown alcohol into his glass, then lifted it and took a whiff.","Il versa une petite quantité de l'alcool brun doré dans son verre, puis le souleva et le huma.","Il a versé un peu de cet alcool brun doré dans son verre, puis l'a levé et l'a reniflé."
You'll like him.,Tu l'aimerais bien.,Tu vas l'adorer.
"""Why are you pouting?"" came the question that had Andi releasing a shuddering sigh as she sat there, admittedly pouting, but for good reason.","""Pourquoi fais-tu la tête ?"" entendit Andi qui lâcha un soupir tremblant alors qu'elle était assise là, faisant certes la moue, mais pour une bonne raison.","« Pourquoi tu fais la moue ? » Cette question fit pousser un soupir à Andi, qui était assise là, faisant effectivement la moue, mais pour une bonne raison."
Chase shifted the small backpack higher on his shoulders.,Chase déplaça le petit sac à dos plus haut sur ses épaules.,Chase a remonté son petit sac à dos sur ses épaules.
"I want to see his face when he finds out all about us.""",Je veux voir sa tête quand il apprendra tout sur nous.,Je veux voir sa tête quand il va découvrir tout ce qui se passe entre nous
"He winks, and laughs, and something in my chest loosens a bit.","Il fait un clin d'œil et rit, et quelque chose dans ma poitrine se détend","Il me fait un clin d'œil, rigole, et je me sens un peu plus détendue."
She didn't scare him.,Elle ne lui faisait pas peur.,Elle ne lui faisait pas peur.
"""Patrick and I, we could talk about anything and everything.","Patrick et moi, nous pouvions parler de tout et de rien.","patrick et moi, on pouvait parler de tout et de rien."
"Christ, he'd never seen her coming, Lucas thought as he considered the small woman that had destroyed everything that he'd worked so hard for before shifting his attention to the black BMW parked only a few yards away.","Bon sang, il ne l'avait pas vue venir, pensa Lucas en considérant la petite femme qui avait détruit tout ce pour quoi il avait travaillé si dur, avant de reporter son attention sur la BMW noire garée à quelques mètres de là.","Bon sang, il ne l'avait pas vue arriver, pensa Lucas en regardant la petite femme qui avait détruit tout ce pour quoi il avait travaillé si dur, avant de se concentrer sur la BMW noire garée à quelques mètres de là."
She'd felt so fucking good in his arms and-,"Cette sensation de bien-être quand elle était dans ses bras, et...",Elle se sentait tellement bien dans ses bras et..
Lingering outside in the wind and rain wasn't getting her any closer to her goal.,S'attarder dehors dans le vent et la pluie ne la rapprochait pas de son but.,Rester dehors sous la pluie et le vent ne la rapprochait pas de son but.
"He pushed into his bedroom, navigating the dark space with ease.","Il pénétra dans sa chambre, se frayant un chemin dans l'espace sombre avec aisance.","Il est entré dans sa chambre, se déplaçant facilement dans le noir."
Of course it was worth it.,Bien sûr que ça en valait la peine.,Bien sûr que ça en valait la peine.
"Any other time, I would signal my dining partner to let them know where I was.","À tout autre moment, je ferais signe à mon compagnon de table pour lui indiquer où je me trouve.","À tout autre moment, je ferais signe à mon compagnon de table pour lui dire où j'en suis."
I wish my father were still alivehe'd understand.,J'aimerai que mon père soit encore en vie  il comprendrait.,"J'aimerais que mon père soit encore là, il comprendrait."
"When he rode it, he flew.","Lorsqu'il montait dedans, il volait.","Quand il le chevauchait, il volait."
"""Nothing for me but thanks.""","Rien pour moi, mais merci.","« Rien pour moi, mais merci. »"
"""I don't hear the wind howling as much.""",Je n'entends plus le vent hurler autant.,je n'entends plus autant le vent qui hurle
She leaned forward and pushed a kiss onto his jeans' fly.,Elle se pencha en avant et déposa un baiser sur la braguette de son jean.,Elle s'est penchée et a embrassé la braguette de son jean.
"""I‘m so mad at you,"" I whisper between kisses, gripping his shoulders so hard, I know I'm leaving bruises.","Je suis tellement en colère contre toi, murmuré-je entre deux baisers, en serrant ses épaules si fort que je sais que je laisse des bleus.","« Je suis tellement en colère contre toi », je te murmure entre deux baisers, en te serrant les épaules si fort que je sais que je vais te laisser des bleus."
Snowed Undercover,La neige sous couverture,Enneigé sous couverture
"Mermaid's Purse is my responsibility, and if it fails, I've got nothing.""","La Bourse de la Sirène est sous ma responsabilité, et si elle tombe en ruine, je n'ai plus rien.","Je suis responsable de Mermaid's Purse, et si ça foire, je me retrouve sans rien"
He scanned the deck but only reflected moonlight and the remaining bits of debris met his gaze.,"Il balaya le pont du regard, mais seuls le reflet de la lune et les débris restants rencontrèrent son regard.","Il a balayé le pont du regard, mais il n'a vu que le reflet de la lune et les débris qui traînaient."
"""I have no fucking idea, but I plan on talking to Lucas to see what he thinks,"" Devyn said, taking one last sip of his coffee before placing it back on his nightstand as she found herself wondering how someone who'd been working on a project for almost two years didn't know that it was-","Je n'en ai aucune idée, mais j'ai prévu d'en parler à Lucas pour voir ce qu'il en pense, dit Devyn en buvant une dernière gorgée de son café avant de le reposer sur le chevet alors qu'elle se demandait comment quelqu'un qui avait travaillé sur ce projet pendant presque deux années n'avait pas se rendre compte que c'était","« J'en ai aucune idée, mais je vais en parler à Lucas pour voir ce qu'il en pense », dit Devyn en prenant une dernière gorgée de café avant de reposer sa tasse sur la table de chevet, se demandant comment quelqu'un qui bossait sur un projet depuis presque deux ans pouvait ignorer que c'était.."
"He looks up at me, his eyes so full of pain, a lump forms in my throat.","Il lève les yeux vers moi, ils sont si emplis de douleur qu'une boule se forme dans ma gorge.","Il me regarde, les yeux pleins de douleur, et j'ai la gorge serrée."
Chase would never forgive her if he ever found out.,Chase ne lui pardonnerait jamais s'il le découvrait.,Chase ne lui pardonnerait jamais s'il venait à le découvrir.
Chapter 11,Chapitre 11,Chapitre 11
"If I lose everything...""",Si je perds tout...,Si je perds tout..
"""It is a lovely hotel,"" Andi murmured in agreement with a solemn nod as she took her time selecting a slice of bacon off the huge platter in front of her.","C'est un bel hôtel, murmura Andi en acquiesçant d'un signe de tête solennel, tout en prenant le temps de choisir une tranche de bacon sur l'immense plateau qui se trouve devant elle.","« C'est un super hôtel », dit Andi en hochant la tête d'un air solennel, tout en prenant son temps pour choisir une tranche de bacon dans l'énorme plat devant elle."
"This morning when he woke up and realized that she wasn't there, he'd realized just how much he liked waking up with her in his arms.","Ce matin, quand, à son réveil, il avait vu qu'elle n'était pas à ses côtés, il avait réalisé à quel point il aimait se réveiller dans ses bras.","Ce matin, quand il s'est réveillé et qu'il a vu qu'elle n'était pas là, il a compris à quel point il aimait se réveiller avec elle dans ses bras."
He had bumps and ridges everywhere he should.,Il avait des muscles saillants partout où il le fallait.,Il avait des bosses et des crêtes partout où il fallait.
"Well, that was...precise.","Eh bien, c'est... précis.","Eh bien, c'était... précis."
"After they'd graduated, Lucas's godfather gave him a junior management position at Carta Hotels while Devyn started at the bottom, working the overnight shift as a clerk for a chain of cheap hotels.","Après l'obtention de leurs diplômes, le parrain de Lucas lui avait offert le poste de cadre subalterne chez les Hôtels Carta alors que Devyn avait dû commencer en bas de l'échelle, en commençant à travailler de nuit comme réceptionniste pour une chaîne d'hôtels bon marché.","Après avoir obtenu leur diplôme, le parrain de Lucas lui a trouvé un poste de cadre junior chez Carta Hotels, tandis que Devyn a commencé tout en bas de l'échelle, travaillant de nuit comme réceptionniste dans une chaîne d'hôtels pas chers."
She wasn't happy that he wasn't interested in the job.,Elle n'était pas contente par le fait qu'il n'était pas intéressé par cette tâche.,Elle était déçue qu'il ne soit pas intéressé par le boulot.
"""Come with me to Kansas.",Viens avec moi au Kansas.,viens avec moi au Kansas.
"There's day-old snow on the ground, and tiny ice cubes falling from the cloudy sky, but inside is toasty and warm.","Il y a de la neige de la veille sur le sol et de petits flocons qui tombent du ciel nuageux, mais à l'intérieur, il fait chaud et c'est chaleureux.","Il y a de la neige tombée la veille sur le sol et de petits glaçons tombent du ciel nuageux, mais à l'intérieur, c'est bien chaud et confortable."
"Blood ran from his cheek, and he swiped and smeared it across his face.","Du sang coulait de sa joue, il l'essuya et l'étala sur son visage.","Du sang coulait de sa joue, et il l'a essuyé et étalé sur son visage."
She was alive and that's all that mattered.,Elle était en vie et c'est tout ce qui comptait.,Elle était en vie et c'est tout ce qui comptait.
"Chase watched the hem of her shirt ride up again, this time enough to reveal the skin of her back.","Chase regarda l'ourlet de son tee-shirt remonter, cette fois suffisamment pour dévoiler la peau de son dos.","Chase a vu l'ourlet de son t-shirt remonter encore, cette fois assez pour montrer la peau de son dos."
"I've never been particularly empathetic, and I barely know the man, but there you have it.","Je n'ai jamais été particulièrement empathique, et je connais à peine cet homme, mais voilà.","Je n'ai jamais été super empathique, et je connais à peine ce type, mais voilà."
"It's delicious, in a perverted, self-destructive sense.","C'est délicieux, dans un sens pervers et autodestructeur.","C'est super bon, dans un sens un peu tordu et autodestructeur."
"We need to get our hands on another iPad and a laptop, log into our accounts and download those files before he gets a chance to alter them or delete them.""","Nous devons mettre la main sur un autre iPad et un ordinateur portable, nous connecter à nos comptes et télécharger ces fichiers avant qu'il n'ait le temps de les modifier ou de les effacer.","On doit se procurer un autre iPad et un ordinateur portable, se connecter à nos comptes et télécharger ces fichiers avant qu'il ait le temps de les modifier ou de les supprimer"
"""I could ask you the same,"" I say, letting the water wash the soap from my body.","Je pourrais te demander la même chose, dis-je en laissant l'eau rincer le savon de mon corps.","« Je pourrais te dire la même chose », je réponds, en laissant l'eau rincer le savon de mon corps."
"When his hands found her breasts, she moved into his touch, the move causing her to be exactly where he needed her.","Lorsque ses mains trouvèrent ses seins, elle se laissa toucher, se plaçant exactement à l'endroit où il avait besoin d'elle.","Quand ses mains ont touché ses seins, elle s'est approchée de lui, ce qui l'a amenée exactement là où il voulait qu'elle soit."
"""And once you're in a relationship, I find that going out on actual dates just doesn't happen.""","Et une fois qu'on est en couple, je trouve qu'on ne sort plus en amoureux.","et une fois qu'on est en couple, je trouve qu'on ne sort plus vraiment pour des rendez-vous galants"
Many thanks to:,Un grand merci,Un grand merci à :
"There's barely any natural light, so John has off-white, rice-paper lanterns scattered in the corners.","Comme il n'y a pratiquement pas de lumière naturelle, John a placé des lanternes en papier de riz, couleur blanc cassé dans les coins.","Comme il n'y a presque pas de lumière naturelle, John a mis des lanternes en papier de riz blanc cassé un peu partout dans les coins."
She loved the way that he gently caressed her cheek with his fingertips as he moaned her name until that wasn't enough.,"Elle aimait la façon de caresser doucement sa joue du bout des doigts en gémissant son nom, jusqu'à ce que ça ne suffise plus.","Elle adorait la façon dont il lui caressait doucement la joue du bout des doigts tout en murmurant son nom, jusqu'à ce que ça ne lui suffise plus."
Line-dancing area.,Une piste de danse en ligne.,Zone de danse en ligne.
"""If what you say is truewell, it happened a long time ago.","Si ce que tu dis est vrai, c'est arrivé il y a longtemps.","si ce que tu dis est vrai, eh bien, c'était il y a longtemps."
A small smile tugs at the corner of his mouth.,Un petit sourire se dessine au coin de sa bouche.,Un petit sourire se dessine au coin de sa bouche.
"""I can't,"" was all he could muster, and even that sounded like the most pathetic excuse.","Tout ce qu'il avait pu dire, c'est ""Je ne peux pas"", et même cette excuse lui avait semblé des plus pathétiques.","« Je ne peux pas », c'est tout ce qu'il a réussi à dire, et même ça, ça semblait être l'excuse la plus nulle qui soit."
It takes everything in me not to look away.,Il me faut tout ce que j'ai en moi pour ne pas détourner le regard.,Je dois faire un gros effort pour ne pas détourner le regard.
"The feel of him, tight around me, is almost too much to bear.","La sensation de son intérieur, serré autour de moi, est presque trop difficile à supporter.","Le fait de le sentir serré contre moi, c'est presque trop pour moi."
"He pushed the door mostly closed and looked out into the park, a stripe of late-day sunlight highlighting his face.","Il poussa la porte jusqu'à la fermer et regarda vers le parc, un rayon de soleil de fin de journée illuminant son visage.","Il a presque fermé la porte et a regardé dehors vers le parc, un rayon de soleil de fin de journée éclairant son visage."
"Where else would we hide?""",Où d'autre pourrions-nous nous cacher ?,Où d'autre on pourrait se cacher ?
"I'll hold him all night, if that's what he wants.","Je le tiendrai toute la nuit, si c'est ce qu'il veut.","Je le tiendrai dans mes bras toute la nuit, s'il veut."
Our time together meant nothing.,Le temps que nous avons passé ensemble ne signifiait rien.,Notre temps ensemble n'a rien voulu dire.
"I love music,"" he says.","J'aime la musique, dit-il.","J'adore la musique », dit-il."
"After the often-crushing humidity of summer, fall in Philadelphia is crisp, like a ripe apple you can't wait to sink your teeth into.","Après l'humidité souvent écrasante de l'été, l'automne à Philadelphie est frais, comme une pomme mûre que l'on a hâte de croquer à pleines dents.","Après l'humidité souvent étouffante de l'été, l'automne à Philadelphie est frais, comme une pomme mûre qu'on a hâte de croquer à pleines dents."
"We'll sleep on the couches.""",On dormira sur les canapés.,On dormira sur les canapés
"He'd live in this moment, this night with her, with no promises.","Il vivrait ce moment, cette nuit avec elle, sans rien lui promettre.","Il allait profiter de ce moment, de cette nuit avec elle, sans se faire d'illusions."
"""We were having a difficult time putting the pieces together because of the missing files, but thankfully, Mr. Anderson was kind enough to create a fake hotel for every transfer.","Nous peinions à recoller les morceaux à cause des dossiers manquants, mais heureusement, M. Anderson a eu la gentillesse de créer un faux hôtel pour chaque transfert.","on avait du mal à rassembler toutes les pièces du puzzle à cause des fichiers manquants, mais heureusement, M. Anderson a eu la gentillesse de créer un faux hôtel pour chaque transfert."
Even the girls have noticed me slinking around our flat.,Même les filles ont remarqué que je me faufilais dans notre appartement.,Même les filles ont remarqué que je traînais dans notre appart.
It never occurred to me that I might be hindering his progress by forcing him to keep quiet.,Il ne m'est jamais venu à l'esprit que je pouvais l'empêcher d'avancer en le forçant à se taire.,Je n'avais jamais pensé que je pouvais freiner ses progrès en le forçant à se taire.
"Chase hefted the plywood and set it against the window, lining up the pilot holes.","Chase souleva le contreplaqué et le plaça contre la fenêtre, alignant les avant-trous.","Chase a soulevé le contreplaqué et l'a posé contre la fenêtre, en alignant les avant-trous."
"""They changed the schedule.",Ils ont changé les horaires.,ils ont changé l'horaire.
"""I'll go grab the bags,"" he said, that muscle in his jaw working double-time as he turned around and left, leaving her with no choice but to see this thing through on her own.","Je vais chercher nos bagages, ajouta-t-il, le muscle de sa mâchoire tiquant deux fois plus alors qu'il se retournait et partait, ne laissant pas d'autres choix à la jeune femme que de se débrouiller toute seule.","« Je vais chercher les sacs », dit-il, en serrant les dents alors qu'il se retournait et partait, la laissant seule pour s'occuper de tout ça."
If Chase ever found out the truth...,Si Chase découvrait la vérité...,Si Chase venait à découvrir la vérité...
"The sun, half-risen and bright, glowed behind her head like an orange halo, outlining the edges of her hair in bright relief.","Le soleil, à moitié levé et brillant, rayonnait derrière sa tête comme un halo orange, soulignant les contours de ses cheveux d'un relief éclatant.","Le soleil, à moitié levé et brillant, brillait derrière sa tête comme un halo orange, soulignant les contours de ses cheveux d'un relief lumineux."
It never lies.,Elle ne ment jamais.,Ça ne ment jamais.
Of course Inna set the fire.,Bien sûr qu'Inna avait mis le feu.,C'est sûr qu'Inna a mis le feu.
"But you will find someone.""",Mais tu trouveras quelqu'un.,Mais tu trouveras quelqu'un
"It didn't matter what her mother had promised him, or what her father owed him.","Peu importe ce que sa mère lui avait promis, ou ce que son père lui devait.",Peu importe ce que sa mère lui avait promis ou ce que son père lui devait.
"Not even a little bit, because she had plenty to keep her busy, and honestly, she didn't have time for anything else.","Pas même un peu, car elle avait de quoi s'occuper, et honnêtement, elle n'avait pas le temps pour quoi que ce soit d'autre","Pas du tout, parce qu'elle avait plein de trucs à faire et, franchement, elle n'avait pas le temps pour autre chose."
The sun is stroking the highlights of John's auburn hair as if it can't keep its fingers out of the wavy locks.,"Le soleil caresse les reflets des cheveux auburn de John, comme s'il ne pouvait pas empêcher ses rayons de toucher ses mèches ondulées.","Le soleil caresse les reflets auburn des cheveux de John, comme s'il ne pouvait s'empêcher de jouer avec ses boucles ondulées."
"The pier cut out to sea a hundred yards north, and fishermen and tourists alike would always head to his bar for lunch.","La jetée s'enfonçait dans la mer à une centaine de mètres au nord, et les pêcheurs comme les touristes se rendaient toujours à son bar pour déjeuner.","La jetée s'avançait dans la mer sur une centaine de mètres vers le nord, et les pêcheurs comme les touristes allaient toujours dans son bar pour déjeuner."
"She turned to Inna, and the words formed sticky clumps in her mouth.","Elle se tourna vers Inna, et les mots formèrent des amas collants dans sa bouche.","Elle s'est tournée vers Inna, et les mots se sont coincés dans sa bouche."
"""It's from the Police, a song called Tea in the Sahara.""","C'est une chanson de Police qui s'appelle ""Tea in the Sahara"".",c'est une chanson de Police qui s'appelle Tea in the Sahara
"""If you'd be still, it wouldn't hurt.""","Si tu restais tranquille, tu n'aurais pas mal.","si tu restais tranquille, ça ne ferait pas mal"
The storm shutters banged a raging rhythm as the strong winds roared inland.,Les volets claquaient à un rythme endiablé tandis que les vents violents s'engouffraient à l'intérieur des terres.,Les volets anti-tempête claquaient à un rythme effréné tandis que les vents violents soufflaient sur les terres.
"I know John was married to a woman, and that the marriage lasted for at least a few years.",Je sais que John était marié à une femme et que ce mariage a duré au moins quelques années.,Je sais que John était marié à une femme et que ce mariage a duré au moins quelques années.
"""How did she survive, being a woman in that time?","Comment a-t-elle survécu, en tant une femme à cette époque ?","comment a-t-elle réussi à s'en sortir, en tant que femme à cette époque ?"
"But John brought color and warmth to it, things I didn't know I'd been missing.","Mais John y a apporté de la couleur et de la chaleur, des choses qui je ne savais pas me manquaient.","Mais John a apporté de la couleur et de la chaleur, des trucs dont je ne savais pas qu'ils me manquaient."
"""What?"" My question brings John back to the present.",Ma question ramène John au présent.,« Quoi ? » Ma question ramène John dans le présent.
"One slides up my neck and into my hair, where he grabs a fistful of my curls, pulling me down into his hungry, greedy kiss.","L'une d'elles remonte le long de mon cou jusqu'à mes cheveux, où il saisit une poignée de mes boucles, m'attirant plus bas dans un baiser affamé et avide.","L'un d'eux glisse le long de mon cou jusqu'à mes cheveux, où il attrape une poignée de mes boucles et m'attire vers lui pour me couvrir de baisers avides et gourmands."
"I turn away enough to give him some semblance of privacy, quietly putting my things in my backpack, but I stay close.","Je me détourne suffisamment pour lui laisser un semblant d'intimité, en rangeant discrètement mes affaires dans mon sac à dos, mais je reste près de lui.","Je me détourne un peu pour lui laisser un peu d'intimité, rangeant tranquillement mes affaires dans mon sac à dos, mais je reste à proximité."
"""I have no idea since you haven't told me what I'm doing exactly.",Je n'en ai aucune idée vu que tu ne m'as pas dit ce que je dois exactement faire.,"je n'en ai aucune idée, vu que tu ne m'as pas dit exactement ce que je fais."
I'm a veritable treasure trove of useless knowledge.,Je suis un véritable puits de connaissances inutiles.,Je suis un vrai trésor de connaissances inutiles.
She reached for him and touched his arm and his tattoo burned like she'd touched him with a torch.,"Elle s'approcha de lui, toucha son bras et son tatouage le brûla comme si elle l'avait touché avec une torche.","Elle a tendu la main vers lui et lui a touché le bras, et son tatouage a brûlé comme si elle l'avait touché avec un chalumeau."
"John makes a sound in the back of his throat, something like a confirmation, and drops his head to his chest.","John émet un grognement, quelque chose comme une confirmation, et baisse la tête vers sa poitrine.","John fait un bruit avec sa gorge, genre pour dire « ouais », et baisse la tête vers sa poitrine."
"""Huh?"" Mari sighed as the image of her and Chase vanished.",Mari soupira alors que l'image d'elle et de Chase disparaissait.,« Hein ? » Mari soupira alors que l'image d'elle et de Chase disparaissait.
"I want inside you,"" he practically begs.","Je veux être en toi, supplie-t-il presque.","Je veux être en toi, dit-il presque en suppliant."
"""He's not here,"" Mari whispered.","Il n'est pas là, murmura Mari.","« Il n'est pas là », a chuchoté Mari."
Lights lit up the room and sickly carnival music blasted from unseen speakers.,Des lumières illuminèrent la pièce et une musique de carnaval discordante sortit de haut-parleurs invisibles.,Des lumières ont éclairé la pièce et une musique de carnaval un peu bizarre a commencé à jouer à fond depuis des haut-parleurs qu'on ne voyait pas.
"He could see more fire than bar, and he knew it was over.","Il voyait plus le feu que son bar, et il savait que c'était fini.","Il voyait plus de feu que de bar, et il savait que c'était fini."
"He doesn't think I'm crazy when I stop, mid-sentence, to point out the song that's playing in the restaurant while we eat.","Il ne me prend pas pour un fou quand je m'arrête, au milieu d'une phrase, pour lui faire remarquer la chanson qui passe dans le restaurant pendant que nous mangeons.",Il ne me prend pas pour une folle quand je m'arrête au milieu d'une phrase pour lui montrer la chanson qui passe au resto pendant qu'on mange.
Let me try to brace myself halfway.,Laisse-moi essayer de m'arc-bouter à mi-chemin.,Je vais essayer de me préparer à moitié.
"""I deserve to feel his death.",Je mérite de voir sa mort.,j'ai le droit de ressentir sa mort.
"The naked woman stood tall, her deep-brown hair reaching to her ankles.","La femme nue se tenait debout, ses cheveux d'un brun profond lui arrivaient aux chevilles.","La nana nue se tenait bien droite, ses cheveux brun foncé lui arrivant aux chevilles."
"Feeling more confident in her movements, she stroked him as she licked and sucked, grasping him firmly.","Plus confiante dans ses mouvements, elle le caressa tout en le léchant et en le suçant, l'empoignant fermement.","Plus à l'aise dans ses mouvements, elle le caressait tout en le léchant et en le suçant, le tenant bien en main."
"So, they tried to scare me off by telling me about all the monsters and the ghosts in the school, how mean the teacher really was, all the gross things the cafeteria lady was putting in the food, and unfortunately, it worked.","Elles ont donc essayé de m'effrayer en me parlant de tous les monstres et fantômes de l'école, de la méchanceté du professeur, de toutes les choses dégoûtantes que la dame de la cafétéria mettait dans la nourriture, et malheureusement, ça a fonctionné.","Du coup, ils ont essayé de me faire peur en me racontant plein d'histoires sur les monstres et les fantômes qui hantaient l'école, sur la méchanceté de la prof, sur toutes les cochonneries que la dame de la cantine mettait dans la bouffe, et malheureusement, ça a marché."
I hope my voice sounds firm.,J'espère que ma voix est ferme.,J'espère que ma voix semble ferme.
"""I'm very thorough,"" Andi said, nibbling on a piece of bacon.","Je suis très minutieuse, dit Andi en grignotant un morceau de bacon.","« Je suis super minutieuse », dit Andi en grignotant un bout de bacon."
"After high school, she attended college, worked as a bellhop, fast food cook, and a museum worker until she decided to take an EMT course.","Après le lycée, elle est allée à l'université, a travaillé comme groom, cuisinière dans un fast-food et employée dans un musée, jusqu'à ce qu'elle décide de suivre des cours pour devenir ambulancière.","Après le lycée, elle a fait des études sup, bossé comme groom, cuisinière dans un fast-food et employée de musée avant de se lancer dans une formation d'ambulancière."
"""His baby sister.",Sa petite sœur.,sa petite sœur.
"""Welcome to the Emerald Cove, Mr. MacGregor,"" the clerk said with that warm smile that didn't seem to help the situation as Devyn continued to glare in a way that told her that she was never going to hear the end of this.","Bienvenue à l'Emerald Cove, M. MacGregor, dit la réceptionniste avec un sourire chaleureux qui ne semblait pas arranger la situation, alors que Devyn continuait de la fixer d'une manière qui lui disait qu'elle ne finirait jamais d'en entendre parler.","« Bienvenue à Emerald Cove, M. MacGregor », dit le réceptionniste avec un sourire chaleureux qui ne semblait pas aider, car Devyn continuait à le fusiller du regard, lui faisant comprendre qu'elle n'en finirait jamais avec ça."
Was this the end?,Était-ce la fin ?,C'était la fin ?
The board would have fired his ass for gross incompetence.,Les membres du conseil d'administration l'auraient licencié pour incompétence grave.,Le conseil l'aurait viré pour incompétence grave.
To escape.,Pour s'échapper.,Pour s'échapper.
"We expect landfall not long after midnight at the storm's current speed...""",Nous nous attendons à ce que la tempête touche terre peu après minuit vu sa vitesse actuelle...,"On s'attend à ce que la tempête touche terre peu après minuit, vu la vitesse à laquelle elle avance.."
I don't want any stray projectiles to catch either one of us unawares.,"Je ne veux pas qu'un projectile perdu nous prenne au dépourvu, l'un ou l'autre.",Je ne veux pas qu'un projectile perdu nous prenne par surprise.
"I yank until I free myself, wincing, but the pain calms me down a little.","Je tire jusqu'à me libérer, en grimaçant, mais la douleur me calme","Je tire jusqu'à ce que je me libère, en grimaçant, mais la douleur me calme un peu."
He looked out to the dark beach.,Il regarda la plage sombre.,Il regarda la plage sombre.
"You haven't told me how you feel about him.""",Tu ne m'as pas dit ce que tu ressentais pour lui.,Tu ne m'as pas dit ce que tu penses de lui
Serving Chase coffee in bed without his black T-shirt or pants.,"Servir un café à Chase dans son lit, sans son tee-shirt noir ni son pantalon.",Servir le café à Chase au lit sans son t-shirt noir ni son pantalon.
"No going barefoot on the deck today, it wasn't safe.","Pas question d'aller pieds nus sur le pont aujourd'hui, ce n'était pas sûr.","Pas question de marcher pieds nus sur le pont aujourd'hui, c'était pas prudent."
Lots of little girls with curls hanging to their waists and bright blue eyes...,Beaucoup de petites filles avec des boucles qui leur arriveraient à la taille et des yeux bleu brillant...,Pleins de petites filles avec des boucles qui leur descendent jusqu'à la taille et des yeux bleus super clairs...
What he faced now.,Ce qu'il affrontait maintenant.,Ce à quoi il était confronté maintenant.
She freaking loved quiet time!,Elle adorait le temps calme !,Elle adorait les moments de calme !
"The elevator doors barely had a chance to open when he was moving his ass, heading to his office, praying every step of the way that Andi was there.","Les portes de l'ascenseur avaient à peine eu le temps de s'ouvrir qu'il en sortait, se dirigeant vers son bureau, priant à chaque pas pour qu'Andi soit là.","Les portes de l'ascenseur avaient à peine eu le temps de s'ouvrir qu'il se dépêchait déjà de se diriger vers son bureau, en espérant à chaque pas qu'Andi soit là."
"""God, you'll never know how sorry I am.""","Bordel, tu ne peux pas savoir à quel point je suis désolé.","bon sang, tu ne peux pas imaginer à quel point je suis désolé"
"""You hate the clutter I make with my records and my gadgets, and my clothing lying about the bedroom.""","Tu détestes le désordre que je crée avec mes disques, mes gadgets et mes vêtements qui traînent dans la chambre.","tu détestes le désordre que je fais avec mes disques, mes gadgets et mes fringues qui traînent partout dans la chambre"
"""Who is he and what is he to you?""",Qui est-il et que représente-t-il pour toi ?,qui est-il et qu'est-ce qu'il représente pour toi ?
"""You'll be safer at home.""",Tu seras plus en sécurité à la maison.,tu seras plus en sécurité chez toi
"Get control, mister.","Contrôlez-vous, monsieur.","Prenez le contrôle, monsieur."
Not for anyone.,Pour personne.,Pas pour n'importe qui.
"I look away, unable to handle the intensity of John's gaze, and stare unseeing at the computer screen.","Je détourne le regard, incapable de supporter l'intensité du regard de John, et je fixe l'écran de l'ordinateur sans le voir.","Je détourne le regard, incapable de supporter l'intensité du regard de John, et je fixe l'écran de l'ordinateur sans le voir."
"She fingered the pearl pendant, twisting it slowly.",Elle toucha le pendentif en perles et le fit tourner lentement.,"Elle a tripoté le pendentif en perle, le tournant doucement."
"Then he reeled backward, almost falling off the platform.","Puis il recula, tombant presque de la plateforme.","Puis il a reculé, manquant de tomber de la plateforme."
"Every time I come in for my shift, I expect to find a note from Nicki, but she leaves me alone.","Chaque fois que j'arrive pour mon service, je m'attends à trouver un mot de Nicki, mais elle me laisse tranquille.","Chaque fois que je commence mon service, je m'attends à trouver un mot de Nicki, mais elle me laisse tranquille."
"Breaking off the kiss, Andi reached for that bottle of bodywash and squeezed more into her hand before tossing the empty bottle aside and turning around in his arms, reaching up and pulled him back down to pick up where they left off while she reached between their bodies and-","Rompant le baiser, Andi attrapa la bouteille de gel douche et en pressa davantage dans sa main avant de jeter la bouteille vide de côté et de se retourner dans ses bras, tendant ses bras pour le mettre à son niveau et reprendre là où ils s'étaient arrêtés tandis qu'elle passait la main entre leurs corps et...","Andi a arrêté de l'embrasser, a attrapé le flacon de gel douche, en a mis plus dans sa main, a jeté le flacon vide, s'est retournée dans ses bras, a tendu le bras et l'a ramené vers elle pour reprendre là où ils en étaient restés, tout en passant sa main entre leurs corps et.."
"And so damned tight, I start to babble.",Et tellement serré que je commence à bafouiller.,Et tellement tendu que je commence à bredouiller.
"Add the peep show to the grudge and revenge plot, and Inna would kill both of them without hesitation.","Ajoutez le peep-show au projet de vengeance, et Inna les tuerait tous les deux sans hésiter.","Ajoute le peep-show à l'histoire de rancune et de vengeance, et Inna les tuerait tous les deux sans hésiter."
"It's my fault he's dead.""",C'est ma faute s'il est mort.,C'est ma faute s'il est mort
I've never been like this with anyone.,Je n'ai jamais été comme ça avec personne.,J'ai jamais été comme ça avec personne.
"Not everyone can make it with a coastal shop.""",Ce n'est pas donné à tout le monde de réussir à s'en sortir avec un magasin en bord de mer.,Tout le monde ne peut pas réussir avec un magasin en bord de mer
Inna wouldn't either.,Inna non plus.,Inna non plus.
She tugged more forcefully and moved to take him in her mouth.,Elle tira plus fort et bougea pour le prendre dans sa bouche.,Elle a tiré plus fort et s'est déplacée pour le prendre dans sa bouche.
"Yes, I am a bit of a music snob, but he shouldn't know that.","Oui, je suis un peu snob en matière de musique, mais il ne devrait pas le savoir.","Ouais, je suis un peu snob en matière de musique, mais il n'a pas besoin de le savoir."
"""You really want to know?""",Tu veux vraiment savoir ?,tu veux vraiment savoir ?
"Right at this moment, when I'm so raw, I'm bleeding on the inside.","Tout de suite ? En ce moment même, alors que je suis à vif, que je saigne","En ce moment même, alors que je suis à vif, je saigne à l'intérieur."
Garrett and I stopped a week or two before our break-up.,Garrett et moi avons arrêté une semaine ou deux avant notre rupture.,"Garrett et moi, on a arrêté de se voir une semaine ou deux avant de rompre."
In public?,En public ?,En public ?
Starstruck Holidays: A MM Sci-Fi Holiday Romance Anthology,Starstruck Holidays : Une anthologie de romance de vacances MM Sci-Fi,Starstruck Holidays : une anthologie de romans d'amour de science-fiction MM pour les fêtes
"John Burton, Walt Whitman High School, Patrick","John Burton, Walt Whitman High School, Patrick","John Burton, Lycée Walt Whitman, Patrick"
He watched as her focus turned to confusion as she stared down at the light brown teddy bear that had taken him two days to find before her lips pulled up into a beautiful smile.,"Il vit son attention se transformer en confusion lorsqu'elle fixa l'ours en peluche marron clair qu'il avait mis deux jours à trouver, avant que ses lèvres ne se retroussent en un magnifique sourire.","Il a vu son regard passer de la concentration à la confusion alors qu'elle fixait l'ours en peluche brun clair qu'il avait mis deux jours à trouver, avant que ses lèvres ne s'étirent en un magnifique sourire."
It would just take a little longer than she'd planned.,Ça prendrait juste un peu plus de temps que prévu.,Ça prendrait juste un peu plus de temps que prévu.
She didn't let it overwhelm or cripple her.,Elle ne la laissait pas l'accabler ou la paralyser.,Elle ne s'est pas laissée submerger ou paralyser par ça.
"John inspires so much music in me, but I haven't found his song.","John m'inspire tellement de chansons, mais je n'ai pas trouvé sa chanson.","John me donne tellement envie de faire de la musique, mais je n'ai pas encore trouvé sa chanson."
"She hadn't felt safe and secure in a long time, and her breathing slowed as she relaxed.","Cela faisait longtemps qu'elle ne s'était pas sentie en sécurité, et sa respiration ralentit à mesure qu'elle se détendait.","Elle ne s'était pas sentie en sécurité depuis un bon moment, et sa respiration s'est calmée quand elle s'est détendue."
"""We go out all the time.""",Nous sortons tout le temps.,on sort tout le temps
Daydreams and swimming would have to wait.,Les rêveries et les baignades devaient attendre.,Les rêveries et la natation devraient attendre.
"Who knows what our options will be tomorrow.""",Qui sait quelles seront nos options demain ?,Qui sait ce qu'on pourra faire demain
A small chime had Devyn swallowing hard as he looked up and found Andi's phone in the bastard's hand.,Un petit tintement fit déglutir Devyn qui leva les yeux et trouva le téléphone d'Andi dans la main du connard.,Un petit tintement fit déglutir Devyn qui leva les yeux et vit le téléphone d'Andi dans la main du salaud.
"""Her parents?""",Ses parents ?,ses parents ?
She turned toward the stack of wood so he wouldn't see her blush.,Elle se tourna vers la pile de bois pour qu'il ne la voit pas rougir.,Elle s'est tournée vers le tas de bois pour qu'il ne voie pas qu'elle rougissait.
"""I can help you make your selections, though I have to warn you.","Je peux vous aider à faire votre choix, mais je dois vous prévenir.","je peux t'aider à faire ton choix, mais je dois te prévenir."
"He tossed Mari her sundress, then slid into his jeans and zipped them.","Il lança sa robe d'été à Mari, puis se glissa dans son jean et le ferma.","Il a lancé sa robe d'été à Mari, puis a enfilé son jean et a remonté la fermeture éclair."
Garrett brought a bottle of wine.,Garrett a apporté une bouteille de vin.,Garrett a apporté une bouteille de vin.
"""We don't have all day.""",Nous n'avons pas toute la journée.,on n'a pas toute la journée
His muscles glistened with rain or seawater; she didn't know which.,"Ses muscles brillaient sous l'effet de la pluie ou de l'eau de mer, elle ne savait pas laquelle.",Ses muscles brillaient à cause de la pluie ou de l'eau de mer ; elle ne savait pas trop.
Her brows furrow.,Ses sourcils se froncent.,Elle fronce les sourcils.
"""Hey, I can't breathe.""","Hé, je n'arrive pas à respirer.","« Hé, je n'arrive pas à respirer. »"
"""Your turn.""",À ton tour.,c'est à toi
"A shudder passes through me, followed by a lightning bolt of desire that lands right on the tip of my cock.","Un frisson me traverse, suivi d'un éclair de désir qui atterrit directement sur le bout de ma queue.","Un frisson me parcourt, suivi d'un éclair de désir qui atterrit directement sur le bout de ma bite."
"I take in his deep, brown skin and near-white hair, his chiseled cheekbones, and dimpled chin.","Je regarde sa peau brun foncé, ses cheveux presque blancs, ses pommettes ciselées et la fossette sur son menton.","Je remarque sa peau mate et ses cheveux presque blancs, ses pommettes saillantes et son menton creusé d'une fossette."
"Something was going on, and Mari was going to tell him everything.","Il se passait quelque chose, et Mari allait tout lui dire.","Il se passait quelque chose, et Mari allait tout lui raconter."
"Mari stopped and watched them too, her curvy figure leaning against the walkway railing.","Mari s'arrêta et les observa également, sa silhouette pulpeuse appuyée contre la rambarde de la passerelle.","Mari s'est arrêtée et les a regardés aussi, sa silhouette tout en courbes appuyée contre la rampe de la passerelle."
"I wish you'd stay inside.""",J'aimerais que tu restes à l'intérieur.,J'aimerais que tu restes à l'intérieur
Pleasure struck hard and fast and she cried out as an orgasm slammed into her.,Le plaisir la surprit vite et fort et elle cria lorsqu'un orgasme la frappa de plein fouet.,"Le plaisir l'a frappée fort et vite, et elle a crié quand l'orgasme l'a submergée."
"The stretch, it burns, and it feels so fucking good.","L'étirement, la brûlure, c'est si bon, putain.","Ça tire, ça brûle, et c'est trop bon."
Wasn't that what people did in times of stress?,N'est-ce pas ce que font les gens en période de stress ?,C'est pas ce que les gens faisaient quand ils étaient stressés ?
"His voice is barely above a whisper, and there's such warmth and affection in it, my heart stutters.","Sa voix est à peine plus forte qu'un murmure, et il y a tant de chaleur et elle contient tellement d'affection que mon cœur bat la chamade.","Sa voix est à peine plus forte qu'un murmure, et elle est tellement chaleureuse et affectueuse que mon cœur s'emballe."
"He turned to her, trying to keep his voice low and firm.","Il se tourna vers elle, essayant de garder une voix basse et ferme.","Il s'est tourné vers elle, essayant de garder une voix basse et ferme."
"If he were being honest with himself, he'd admit he would miss the bar and all the long nights of work and music and stories.","S'il était honnête avec lui-même, il admettrait que le bar et les longues nuits de travail, de musique et d'histoires lui manqueraient.","S'il était honnête avec lui-même, il dirait que le bar, les longues nuits de boulot, la musique et les histoires lui manqueraient."
Over the past three days...nothing.,Durant les trois derniers jours.,Ces trois derniers jours... rien.
"""I might have considered letting Chase move away if you'd asked me nicely.""",J'aurai pu envisager de laisser Chase partir si tu me l'avais demandé gentiment.,j'aurais peut-être laissé Chase partir si tu me l'avais demandé gentiment
"She knew he held grudges, but this was ridiculous.","Elle savait qu'il était rancunier, mais là, c'était ridicule.","Elle savait qu'il était rancunier, mais là, c'était vraiment trop."
I guess that solves that problem.,Je suppose que cela résout le problème.,Je pense que ça règle le problème.
"He'd thought he'd planned it well with plenty of time to get off the island and go a couple hundred miles inland, maybe to Raleigh.","Il pensait avoir bien planifié son départ et avoir suffisamment de temps pour quitter l'île et se rendre à quelques centaines de kilomètres à l'intérieur des terres, peut-être jusqu'à Raleigh.","Il pensait avoir tout bien planifié, avec plein de temps pour quitter l'île et aller à quelques centaines de kilomètres à l'intérieur des terres, peut-être jusqu'à Raleigh."
"""Curiosity, I suppose.""","La curiosité, je suppose.","« La curiosité, je pense. »"
"""I guess you think I'm crazy now.",Je suppose que tu penses que je suis fou maintenant.,je suppose que tu penses que je suis fou maintenant.
"He sighs and slides his fingers against mine, back and forth.","Il soupire et fait glisser ses doigts entre les miens, d'avant en arrière.","Il soupire et fait glisser ses doigts contre les miens, d'avant en arrière."
"Besides, it isn't like the rides will be open.""","Et puis, ce n'est pas comme si les manèges étaient ouverts.","En plus, c'est pas comme si les manèges allaient être ouverts"
He took care of practically everything.,Il s'occupait pratiquement de tout.,Il s'occupait de presque tout.
"I spin some MC5, X, The Noisettes, and Miike Snow.","Je passe MC5, X, The Noisettes et Miike Snow.","Je mets des morceaux de MC5, X, The Noisettes et Miike Snow."
"And now, just as things were going well between her and Chase, she might lose him forever.","Et maintenant, alors que les choses allaient bien entre Chase et elle, elle risquait de le perdre pour toujours.","Et maintenant, alors que tout allait bien entre elle et Chase, elle risquait de le perdre pour toujours."
I guess it is a normal part of daughters growing up.,Je suppose que c'est une partie normale du processus du passage à l'âge adulte pour les filles.,Je pense que c'est normal quand les filles grandissent.
"If she didn't know better, she'd say that Inna controlled the weather.","Si elle ne le connaissait pas mieux, elle dirait qu'Inna contrôlait la météo.","Si elle ne savait pas mieux, elle dirait qu'Inna contrôle le temps."
"There's only a smattering of trees in my neighborhood, and even those are too young to do more than sprinkle a bit of confetti on the ground, but Bucks County, where the station is – and where John lives - is a fall lover's dream.","Il n'y a que quelques arbres dans mon quartier, et même ceux-là sont trop jeunes pour ne faire plus que répandre un peu de confettis sur le sol, mais le comté de Bucks, où se trouve la station radio et où vit John, est un lieu de rêve pour les amoureux de l'automne.","Il n'y a que quelques arbres dans mon coin, et même ceux-là sont trop jeunes pour faire plus que saupoudrer un peu de confettis sur le sol, mais le comté de Bucks, où se trouve la station – et où John habite – est le rêve de tout fan de l'automne."
I greet WKMP's general manager as he sets a crate of records on the ground and unlocks his 2012 VW Golf.,Je salue le directeur général de WKMP alors qu'il pose une caisse remplie de disques sur le sol et déverrouille sa Golf 2012.,Je dis bonjour au directeur général de WKMP alors qu'il pose une caisse de disques par terre et ouvre sa VW Golf de 2012.
Breakfast?,Le dîner ?,Tu veux un petit-déj' ?
Like slipping into my favorite pair of sweatpants at the end of a long day.,C'est comme si je me glissais dans mon pantalon de survêtement préféré à la fin d'une longue journée.,C'est comme enfiler mon pantalon de survêtement préféré après une longue journée.
"""That depends,"" Andi said, adding a little sniffle at the end there as she continued toying with his fingers while he lay there, unable to take his eyes off her as he thought about the last two days and...","Ça dépend, dit Andi, ajoutant un petit reniflement à la fin de sa phrase tout en continuant à jouer avec les doigts de Devyn resté allongé, incapable de la quitter des yeux alors qu'il pensait aux deux derniers jours et...","« Ça dépend », dit Andi, en reniflant un peu à la fin, tout en continuant à jouer avec ses doigts pendant qu'il était allongé là, incapable de la quitter des yeux, repensant aux deux derniers jours et..."
"USA Today bestselling author Kerry Adrienne loves history, science, music, and art.","Kerry Adrienne, autrice de best-sellers USA Today, aime l'histoire, la science, la musique et l'art.","Kerry Adrienne, auteur à succès classé au palmarès USA Today, adore l'histoire, la science, la musique et l'art."
"I can't keep my eyes off John, and I'm worried that I'll scratch a record or miss a cue.",Je ne peux pas quitter John des yeux et je crains de rayer un disque ou de rater un signal.,"Je n'arrive pas à détourner mon regard de John, et j'ai peur de rayer un disque ou de rater une entrée."
I'm pleased that he seems to like it.,Je suis heureux qu'il semble l'aimer.,Je suis content qu'il ait l'air d'aimer ça.
"The phone lines are blinking, but I'm not taking any more requests.","Les lignes téléphoniques clignotent, mais je ne prends plus de demandes.","Les lignes téléphoniques clignotent, mais je ne prends plus de demandes."
"He picked up the pickle spear and sucked on the end, his mouth contracting at the sourness.","Il prit un cornichon et en suça l'extrémité, sa bouche se contractant sous l'effet de l'aigreur.","Il a attrapé le cornichon et a sucé le bout, sa bouche se contractant à cause de l'acidité."
"""But both my sister and I are pretty good at taking care of ourselves.",Mais ma sœur et moi savons très bien nous occuper de nous-mêmes.,"mais ma sœur et moi, on sait bien prendre soin de nous."
"Not a tangible sense of loss, but an echo of what might have been.","Ce n'était pas un sentiment réel de perte, mais un écho de ce qui aurait pu être.","Pas vraiment un sentiment de perte, mais plutôt un écho de ce qui aurait pu être."
He almost reached for her but stopped.,"Il s'approcha presque d'elle, mais s'arrêta.","Il a failli la toucher, mais s'est arrêté."
"I only let my eyes flit briefly over its welcoming expanse and push any thoughts of us tumbling onto it, limbs entwined and John's big body pressing me into the mattress, right out of my head.","Je ne laisse mes yeux que balayer brièvement son étendue accueillante, et j'écarte de ma tête toute idée de nous y laisser tomber, les membres enlacés et le grand corps de John me pressant contre le matelas.","Je laisse juste mon regard se poser un instant sur son espace accueillant et chasse de ma tête toute idée de nous y rouler, enlacés, le gros corps de John me plaquant contre le matelas."
"""What if I told you that I had to leave so that I could send your project to Roman Palms so that they could implement the changes you came up with immediately?"" he asked, smiling against her throat when she went still.",Et si je te disais que je devais partir pour envoyer ton projet à Roman Palms afin qu'ils puissent mettre en œuvre immédiatement les changements que tu as proposés ?,« Et si je te disais que je devais partir pour envoyer ton projet à Roman Palms pour qu'ils puissent mettre en place tout de suite les changements que tu as proposés ? » demanda-t-il en souriant contre son cou lorsqu'elle s'immobilisa.
"She'd never been brazen, and her face heated despite her outward boldness.","Elle n'avait jamais été effrontée, et son visage s'échauffa malgré son audace apparente.","Elle n'avait jamais été effrontée, et son visage s'empourpra malgré son audace apparente."
"""Stop it, Inna!","Arrête, Inna !","arrête ça, Inna !"
"""Will it be loud, or can I leave the door open?"" I try to keep my annoyance out of my voice.","Ce sera bruyant, ou je peux laisser la porte ouverte ?",« Ça va faire du bruit ou je peux laisser la porte ouverte ? » J'essaie de ne pas montrer que ça m'énerve.
"""It's not that bad,"" I swear.","Ce n'est pas si mal, juré-je.","c'est pas si grave, je te le jure."
And never come back to the islandnever contact you.,"Et de ne jamais revenir sur l'île, de ne jamais te contacter.","Et ne jamais revenir sur l'île, ne jamais te contacter."
"He'd gathered four flashlights from the kitchen, one from behind the bar, and a few pillar candles and matches, when the phone rang.","Il avait rassemblé quatre lampes de poche dans la cuisine, une derrière le bar, quelques bougies et des allumettes, lorsque le téléphone sonna.","Il avait pris quatre lampes de poche dans la cuisine, une derrière le bar, ainsi que quelques bougies et des allumettes, quand le téléphone a sonné."
Probably right after his mother died and he'd been forced to live off discounted Halloween candy for a month.,Probablement juste après la mort de sa mère et qu'il avait été forcé de vivre en mangeant des bonbons d'Halloween à prix réduit pendant un mois.,Probablement juste après que sa mère soit morte et qu'il ait dû se contenter de bonbons d'Halloween soldés pendant un mois.
"The fading light cast long, deep shadows over one side of his face and his strong features stood out in contrast.",La lumière déclinante projetait des ombres longues et profondes sur un côté de son visage et ses traits forts se détachaient par contraste.,"La lumière déclinante projetait des ombres longues et profondes sur un côté de son visage, faisant ressortir ses traits marqués."
"In addition to writing books, she's also a college instructor, artist, anime/manga and historical costumer, editor, and bad guitar player.","En plus d'écrire des livres, elle est également enseignante à l'université, artiste, costumière d'anime/manga et d'histoire, rédactrice, et mauvaise joueuse de guitare.","En plus d'écrire des livres, elle est aussi prof à la fac, artiste, fan d'anime/manga et de costumes historiques, éditrice et mauvaise guitariste."
He landed right on top of her.,Il atterrit juste au-dessus d'elle.,Il a atterri juste sur elle.
"A small mermaid swam near the tentaclea mermaid with long pale hair, holding a pink starfish.","Une petite sirène nageait près du tentacule, une sirène aux longs cheveux pâles, tenant une étoile de mer rose.","Une petite sirène nageait près de la sirène tentaculaire aux longs cheveux pâles, tenant une étoile de mer rose."
"""No wonder they canceled the ferry.""",Pas étonnant qu'ils aient annulé le ferry.,pas étonnant qu'ils aient annulé le ferry
He had thanked me.,Il m'avait remercié.,Il m'avait remercié.
"Not like we can do anything without electricity.""",Ce n'est pas comme si nous pouvions faire quoi que ce soit sans électricité.,C'est pas comme si on pouvait faire quoi que ce soit sans électricité
"""I can understand that,"" Andi said with a sad shake of her head as she auto-filled her credit card information to hold the room.","Je peux le comprendre, dit Andi en secouant tristement la tête tandis qu'elle remplissait automatiquement les informations de sa carte de crédit pour réserver la chambre.","« Je comprends », dit Andi en secouant tristement la tête, tout en remplissant automatiquement les infos de sa carte de crédit pour réserver la chambre."
"Yet, if she stayed alone, that punk might hurt her.","Pourtant, si elle restait seule, ce voyou pourrait lui faire du mal.","Mais si elle restait toute seule, ce voyou pourrait lui faire du mal."
"He'd better be glad I didn't get my hands on him.""",Il ferait mieux d'être content que je ne lui ai pas mis la main dessus.,Il a de la chance que je ne lui sois pas tombé dessus
"""And another for my date.""",Et une autre pour mon rendez-vous.,« Et un autre pour mon rendez-vous. »
"It's a steady rhythm, and I feel my heartbeat slowing to match it.","C'est un rythme régulier, et je sens les battements de mon cœur ralentir en même temps.","C'est un rythme régulier, et je sens mon cœur ralentir pour s'y adapter."
"His hands found her breasts as he continued alternating between teasing her clit and sliding his tongue inside her, licking her hungrily as she lay there, wondering if she'd ever felt anything this good before.","Ses mains trouvèrent ses seins alors qu'il continuait d'alterner entre taquiner son clitoris et glisser sa langue à l'intérieur d'elle, la léchant avec avidité alors qu'elle était allongée là, se demandant si elle avait déjà ressenti quelque chose d'aussi bon auparavant.","Ses mains ont trouvé ses seins alors qu'il continuait à alterner entre titiller son clitoris et glisser sa langue en elle, la léchant avec envie pendant qu'elle était allongée là, se demandant si elle avait déjà ressenti quelque chose d'aussi bon auparavant."
"""2345 divided by 82.""","""2345 divisé par 82.",« 2345 divisé par 82. »
We've been a lot slower this afternoon.,Nous avons été beaucoup plus lents cet après-midi.,On a été beaucoup plus lents cet après-midi.
Without Regret,Sans regret,Sans regret
"I...I googled you a while back.""",Je... j'ai cherché des informations sur toi sur Google il y a un moment.,Je... je t'ai cherché sur Google il y a quelque temps
"""I'm not here about the storm, though we'll need to board up in the morning.""","Je ne suis pas là pour la tempête, même si nous devrons installer des planches dans la matinée.","je ne suis pas là pour parler de la tempête, même si on devra mettre des planches aux fenêtres demain matin"
You've been cruel to me.,Tu as été cruelle avec moi.,T'as été dur avec moi.
"I wanted to check the shop door.""",Je voulais vérifier la porte du magasin.,Je voulais aller voir la porte du magasin
"Her eyes were closed, and she twirled, not once, but three times, before she opened them.","Ses yeux étaient fermés et elle tournoyait, non pas une fois, mais trois fois, avant de les ouvrir.","Elle avait les yeux fermés et elle a tournoyé, pas une, mais trois fois, avant de les ouvrir."
Music is my life.,"La musique, c'est ma vie.","La musique, c'est ma vie."
"""She's...very ill, awake now, but comfortable.","Elle est... très malade, consciente maintenant, mais confortable.","elle est... super malade, réveillée maintenant, mais à l'aise."
Now he'd done what he feared.,Il avait fait ce qu'il craignait.,"Maintenant, il avait fait ce qu'il craignait."
"While she did that, Devyn worked on running Carta Hotels, dealing with the board, and doing whatever it took to keep them happy and buy them more time.","Alors qu'elle s'occupait de ça, Devyn continuait de diriger les Hôtels Carta, s'occupant du conseil d'administration, et faisant tout son possible pour les contenter, et ainsi gagner plus de temps.","Pendant ce temps, Devyn s'occupait de gérer Carta Hotels, de discuter avec le conseil d'administration et de faire tout ce qu'il fallait pour les satisfaire et leur faire gagner du temps."
"""Are we high enough here behind the dunes to be safe from that much water?""","Sommes-nous assez haut ici, derrière les dunes pour être à l'abri d'une telle quantité d'eau ?","on est assez en hauteur ici, derrière les dunes, pour être à l'abri de toute cette eau ?"
It wasn't the same.,Ce n'était pas la même chose.,C'était pas pareil.
Fucking cookies!,Des putain de cookies !,Putain de cookies !
"Taller than me, which isn't saying much.","Plus grand que moi, ce qui n'est pas anodin.","Plus grand que moi, ce qui n'est pas difficile."
"I've had dreams about that, ever since the night at the station when he asked me out.",J'en ai rêvé depuis la nuit où il m'a demandé de sortir avec lui à la radio.,J'ai rêvé de ça depuis le soir où il m'a invitée à sortir à la gare.
"""I guess I'm not kissable in the daytime.",Je suppose que je ne suis pas le genre de fille qu'on embrasse en plein jour.,je crois que je ne suis pas embrassable pendant la journée.
"Sliding his hand up her thigh, Devyn pressed his tongue against her clit harder, rubbing the tip of his tongue over her as he slid two fingers beneath her panties and slowly pulled the soft material aside, exposing the neatly trimmed hair protecting the swollen lips that had his cock throbbing painfully.","Faisant glisser sa main le long de sa cuisse, Devyn pressa plus fort sa langue contre son clitoris, frottant le bout de sa langue sur elle alors qu'il glissait deux doigts sous sa culotte et tirait lentement le tissu doux sur le côté, exposant les poils bien taillés protégeant les lèvres gonflées qui faisaient douloureusement palpiter sa queue.","Glissant sa main le long de sa cuisse, Devyn appuya plus fort sa langue contre son clitoris, frottant le bout de sa langue contre elle tout en glissant deux doigts sous sa culotte et en écartant lentement le tissu doux, exposant les poils soigneusement taillés qui protégeaient les lèvres gonflées qui faisaient palpiter douloureusement sa bite."
"For several minutes they lay there, struggling to catch their breath as Devyn pressed a kiss against her forehead, the tip of her nose, and finally, he brushed his lips against hers before he pulled back and met her gaze as he said the three words that she'd never expected to hear.","Pendant plusieurs minutes, ils restèrent allongés, luttant pour reprendre leur souffle tandis que Devyn déposait un baiser sur son front, le bout de son nez, et finalement, il effleura ses lèvres avant de se retirer et de croiser son regard en prononçant les trois mots qu'elle ne s'était jamais attendue à entendre.","Pendant quelques minutes, ils sont restés allongés là, à essayer de reprendre leur souffle, tandis que Devyn embrassait son front, le bout de son nez, puis enfin ses lèvres, avant de se reculer et de la regarder dans les yeux pour lui dire les trois mots qu'elle ne s'attendait pas à entendre."
She'd feel lost if her sister diedand maybe do some crazy things too.,Elle se sentirait perdue si sa sœur mourait  et ferait peut-être des choses folles aussi. Mais son chagrin était bien plus profond qu'une simple perte.,Elle serait super triste si sa sœur mourait et ferait peut-être des trucs un peu dingues aussi.
"She pretended to savor her coffee, eyes in slits as she peeked at Chase while he drank.","Elle fit semblant de savourer son café, les yeux plissés en fente pour observer Chase pendant qu'il buvait.","Elle faisait semblant de savourer son café, les yeux plissés, tout en regardant Chase boire."
"""Miss Dawson, if you'll come with me?"" he said absently as he glanced down at her resumé while Andi couldn't help but notice the pitying look the other woman was sending her.","Mlle Dawson, veuillez me suivre, fit-il distraitement en jetant un coup d'œil à son CV, alors qu'Andi ne pouvait s'empêcher de voir le regard rempli de pitié que lui jetait l'autre femme.","« Mlle Dawson, tu peux venir avec moi ? » dit-il d'un air distrait en jetant un coup d'œil à son CV, tandis qu'Andi ne pouvait s'empêcher de remarquer le regard compatissant que lui lançait l'autre femme."
And about us.,Et pour nous.,Et à propos de nous.
"After months of wishful thinking, I'm wary.","Après des mois de vœux pieux, je me méfie.","Après des mois à me faire des illusions, je suis méfiant."
"He kissed her with bruising force, and she cried out.","Il l'embrassa avec une force qui la meurtrit, et elle cria.","Il l'embrassa avec une force brutale, et elle poussa un cri."
"I don't believe it either, but it's an interesting story.""","Je n'y crois pas non plus, mais c'est une histoire intéressante.","Je n'y crois pas non plus, mais c'est une histoire intéressante"
"""I want to make sure it's perfect first.""",Je veux d'abord m'assurer que tout est parfait.,je veux d'abord m'assurer que c'est parfait
"The tension eased a bit through lunch, as the topic of conversation turned back to music and pop culture in general.","La tension s'est un peu apaisée au cours du déjeuner, le sujet de conversation revenant sur la musique et la culture pop en général.","La tension s'est un peu calmée pendant le déjeuner, quand on a recommencé à parler de musique et de culture pop en général."
He needs to stop being so goddamned...whatever he's being.,Il doit arrêter d'être si sacrément... peu importe ce qu'il est.,Il doit arrêter d'être aussi... peu importe ce qu'il est.
"An elf, maybe.","Un elfe, peut-être.","Un elfe, peut-être."
"He does it with his whole being, holding nothing back.","Il le fait de tout son être, sans aucune retenue.","Il le fait à fond, sans se retenir."
"Had he helped Inna hurt other people, too?",Avait-il aidé Inna à blesser d'autres personnes ?,Est-ce qu'il avait aussi aidé Inna à faire du mal à d'autres personnes ?
"Well, at least what's been passed down as truth.","Du moins, ce qui a été transmis comme étant la vérité.","Enfin, du moins ce qu'on nous a toujours dit être vrai."
"I didn't want to get to know myself, because I was afraid of what I'd find if I looked too closely.","Je ne voulais pas apprendre à me connaître, car j'avais peur de ce que je découvrirais si je regardais de trop près.","Je ne voulais pas me connaître, parce que j'avais peur de ce que je trouverais si je regardais de trop près."
And you choose to move away and leave me.,Et tu choisis de t'éloigner et de me quitter.,Et tu décides de partir et de me laisser.
"His grip is tight, almost painful, and there's a tick in his jaw.","Sa prise est serrée, presque douloureuse, et il y a un tic dans sa mâchoire.","Il serre fort, presque trop fort, et sa mâchoire est crispée."
"""'Cause, babe, you can play it down all you want.","Parce que, chéri, tu peux minimiser autant que tu veux.","parce que, chérie, tu peux minimiser ça autant que tu veux."
"""I'm not done with storm prep at the shop.""",Je n'ai pas fini de préparer mon magasin contre la tempête.,« Je n'ai pas encore fini de préparer le magasin pour la tempête. »
"""I've heard Annalise whispering into Nanette's ear more than once about how much better you could do than me.","J'ai entendu Annalise chuchoter à l'oreille de Nanette plus d'une fois que tu pourrais trouver mieux que moi. Et elles ont raison, tu pourrais.",j'ai entendu Annalise chuchoter plus d'une fois à l'oreille de Nanette que tu méritais mieux que moi.
"He's a bad person.""",C'est une mauvaise personne.,C'est un méchant
"And yet there's such a fire in him, behind his eyes.","Et pourtant, il y a un tel feu en lui, dans son regard.","Et pourtant, il y a une telle flamme en lui, dans son regard."
Many mermaids had shielding capability.,Beaucoup de sirènes avaient des capacités de protection.,Beaucoup de sirènes pouvaient se protéger.
"""Not until he's dead,"" Inna growled.","Pas avant qu'il ne soit mort, grogna Inna.","« Pas avant qu'il soit mort », a dit Inna d'un ton énervé."
"If you'd asked me, I'd say he's the most confident person I'd ever met.""","Si tu m'avais posé la question, je t'aurais dit qu'il est la personne la plus sûre d'elle que j'aie jamais rencontrée.","Si tu me demandais mon avis, je dirais que c'est la personne la plus sûre d'elle que j'ai jamais rencontrée"
You look like you've been sucking a lemon.,On dirait que tu as sucé un citron.,On dirait que t'as sucé un citron.
Cling to someone who understood? Someone who cared?,S'accrocher à quelqu'un qui comprenait la situation ?,Tu t'accrochais à quelqu'un qui te comprenait ? Quelqu'un qui s'intéressait à toi ?
"For a moment, he lay there staring up at the ceiling and found himself thinking about everything that she did for him over the last few days and...","L'espace d'un instant, il resta allongé, regardant le plafond et repensa à tout ce qu'elle avait fait pour lui ses derniers jours, et...","Pendant un moment, il est resté allongé là, à regarder le plafond, et s'est surpris à penser à tout ce qu'elle avait fait pour lui ces derniers jours et..."
"Listened, or just been quiet, but you...""","Écouter, ou simplement me taire, mais tu...","Tu as écouté, ou tu es juste resté silencieux, mais toi.."
"""I'd forgotten how clear the sky is inside the eye.",J'avais oublié à quel point le ciel est clair à l'intérieur de l'œil.,j'avais oublié à quel point le ciel est clair à l'intérieur de l'œil.
"""You must think I'm really fucking weird.""",Tu dois penser que je suis vraiment bizarre.,tu dois vraiment me trouver bizarre
The breeze off the ocean rustled her long hair and whipped her sundress around her legs.,La brise de l'océan faisait bruisser ses longs cheveux et agitait sa robe d'été autour de ses jambes.,La brise de l'océan faisait voler ses longs cheveux et agitait sa robe d'été autour de ses jambes.
"""I won't,"" Drew said as he tightened his hold around her legs.","Ça n'arrivera pas, dit Drew en resserrant son emprise sur les jambes de la jeune femme.","« Je ne le ferai pas », dit Drew en serrant plus fort ses jambes autour d'elle."
My music library has gotten me out of a lot of sticky social situations.,Ma bibliothèque musicale m'a permis de me sortir de bien des situations sociales délicates.,Ma collection de musique m'a aidé à me sortir de plein de situations sociales un peu gênantes.
"""Don't fucking lie to me again,"" I growl, still angry but so in love with this guy.","Ne me mens plus jamais, grogné-je, toujours en colère mais tellement amoureux de ce type.","« Ne me mens plus jamais, putain », je grogne, toujours en colère, mais tellement amoureuse de ce mec."
"I push myself onto him, and, just as I thought, he slips in easily.","Je me pousse contre lui et, comme je le pensais, il se glisse facilement à l'intérieur.","Je me mets sur lui et, comme je pensais, il rentre facilement."
"""And I really feel like you should take pity on me and tell me what you know about this hotel,"" he said with a teasing smile that had her returning his smile as she glanced back down at her notes and found herself wondering about something.","Et je pense que tu devrais vraiment avoir pitié de moi et me dire ce que tu sais sur cet hôtel, dit-il avec un sourire taquin qu'elle lui retourna, puis elle regarda ses notes et commença à réfléchir à quelque chose.","« Et j'ai vraiment l'impression que tu devrais avoir pitié de moi et me dire ce que tu sais sur cet hôtel », dit-il avec un sourire taquin qui la fit lui rendre son sourire alors qu'elle baissait les yeux vers ses notes et se surprenait à se poser une question."
That happened to other people.,Cela n'arrivait qu'aux autres.,Ça est arrivé à d'autres personnes.
"He's the CEO of Carta Hotels,"" the woman said with a polite smile.","C'est le PDG des Hôtels Carta, répondit la femme avec un sourire poli.","C'est le PDG de Carta Hotels, dit la femme avec un sourire sympa."
"I mentally kick myself when relief washes over me, but it's quickly followed by a wave of tenderness for this man that knocks the air out of me.","Je me donne une tape mentale lorsque le soulagement m'envahit, mais ce sentiment est rapidement suivi d'une vague de tendresse pour cet homme qui me coupe l'herbe sous le pied.","Je m'en veux quand je me sens soulagée, mais ça laisse vite place à un élan de tendresse pour cet homme qui me coupe le souffle."
I may not survive this night.,Je ne survivrai peut-être pas à cette nuit.,Je ne vais peut-être pas passer cette nuit.
"""And Chase doesn't want me,"" she babbled.","Et Chase ne veut pas de moi, bafouilla-t-elle.","« Et Chase ne veut pas de moi », dit-elle."
The portrait occupied a prized spot on the bar wallone that would typically be filled by a mirror in most bars.,"Le portrait occupait une place de choix sur le mur du bar, une place qui serait normalement occupée par un miroir dans la plupart des bars.","Le portrait était accroché à un endroit bien en vue sur le mur du bar, là où on trouve souvent un miroir dans la plupart des bars."
You had to be a fool to go out on the oceaneven that close to shoreon a surfboard.,"Il fallait être fou pour aller sur l'océan, même si c'était près du rivage, avec une planche de surf.","Il fallait être fou pour aller sur l'océan, même si c'était près du rivage, sur une planche de surf."
He cut through the beach access beside his bar and headed down the boardwalk to the stairs.,Il coupa par l'accès à la plage à côté de son bar et descendit la promenade jusqu'aux escaliers.,Il a pris le raccourci qui passe par la plage à côté de son bar et a suivi la promenade jusqu'aux escaliers.
"As he turned the white disk over, it broke in half in his grip, and dusty fragments spilled into the air and onto the counter.","En retournant le coquillage, ce dernier se brisa en deux dans sa main et des fragments poussiéreux se répandirent dans l'air et sur le comptoir.","Quand il a retourné le disque blanc, il s'est cassé en deux dans sa main, et des morceaux poussiéreux se sont répandus dans l'air et sur le comptoir."
"""Not for a few hours,"" Andi pointed out, shifting anxiously next to him.","Pas avant quelques heures, souligna Andi, se déplaçant anxieusement à côté de lui.","« Pas avant quelques heures », dit Andi en bougeant nerveusement à côté de lui."
"""Better sit in the middle.",Mieux vaut s'asseoir au milieu.,mieux vaut t'asseoir au milieu.
I don't know what to make of this shift in his mood.,Je ne sais pas quoi penser de ce changement d'humeur.,Je ne sais pas quoi penser de ce changement d'humeur chez lui.
"Perched on one elbow, I position my lips over the swollen head of his cock and lift my eyes to his face.","En appui sur un coude, je positionne mes lèvres sur son gland engorgé et je lève les yeux vers son visage.","Je me mets en appui sur un coude, pose mes lèvres sur le gland gonflé de sa bite et lève les yeux vers son visage."
"""We've been spending a lot of time together, like I said, and it's been...well, it's been fucking incredible.""","Nous avons passé beaucoup de temps ensemble, comme je l'ai dit, et c'est...","« On a passé beaucoup de temps ensemble, comme je l'ai dit, et ça a été... eh bien, ça a été vraiment incroyable. »"
Especially nice to be fantasizing about Chase.,Et surtout de fantasmer sur Chase.,C'est super sympa de rêver à Chase.
"I swirl my tongue around the tip, exploring every bump and ridge, every dip and curve.","Je fais tourner ma langue autour de son gland, explorant chaque bosse et chaque crête, chaque creux et chaque courbe.","Je fais tourner ma langue autour du bout, en explorant chaque bosse et chaque crête, chaque creux et chaque courbe."
And the sex had been amazing.,Et le sexe avait été extraordinaire.,Et le sexe était génial.
Too bad they couldn't have spent more time together under different circumstances.,Dommage qu'ils n'aient pas pu passer plus de temps ensemble dans d'autres circonstances.,Dommage qu'ils n'aient pas pu passer plus de temps ensemble dans d'autres conditions.
"I can smell the citrus and sandalwood of John's shampoo, or maybe it's his deodorant, and I quietly take it into my lungs.","Je peux sentir les agrumes et le bois de santal du shampoing de John, ou peut-être est-ce l'odeur de son déodorant, et je m'en imprègne en respirant doucement.","Je sens l'odeur d'agrumes et de bois de santal du shampoing de John, ou peut-être est-ce son déodorant, et je l'inspire doucement."
"""Tell me about you and Luke at the beach.",Parle-moi de toi et de Luke à la plage.,raconte-moi ton histoire avec Luke à la plage.
"He smirked. ""That he was a last fling before our marriage.",Qu'il n'était qu'une dernière aventure avant notre mariage.,Il a souri. « Que c'était une dernière aventure avant notre mariage.
"Why are you giving in so easily?"" He squinted.",Pourquoi cèdes-tu si facilement ?,Pourquoi tu te laisses faire si facilement ? » Il plissa les yeux.
I find the school's directory and look through it for a ‘Patrick.',"Je trouve l'annuaire de l'école et je cherche un ""Patrick"".",Je trouve l'annuaire de l'école et je le parcours à la recherche d'un « Patrick »
A fantasy.,Un fantasme.,Un rêve.
He slips a hand up into my curly hair and cups the back of my skull.,Il glisse une main dans mes cheveux bouclés et attrape l'arrière de mon crâne.,Il glisse sa main dans mes cheveux bouclés et me tient l'arrière de la tête.
"Lead the way.""",Montre-moi le chemin.,Montre le chemin
I've never seen anyone eat like him.,Je n'ai jamais vu quelqu'un manger comme lui.,J'ai jamais vu quelqu'un manger comme lui.
There's a hint of a dimple.,Il a un soupçon de fossettes.,On voit un petit creux.
"""I said stop.","J'ai dit ""stop"".",j'ai dit « arrête ».
"You've been Debby Downer for months, now.""",Tu es rabat-joie depuis des mois.,T'es super négative depuis des mois maintenant
"""Maybe think about what you would have done in his place.",Réfléchis à ce que tu aurais fait à sa place.,réfléchis à ce que tu aurais fait à sa place.
She was naked.,Elle était nue.,Elle était à poil.
"""That's not what I hear,"" Nicholas murmured, looking thoughtful.","Ce n'est pas ce que j'ai entendu, murmura Nicholas, l'air pensif.","« C'est pas ce que j'ai entendu dire », marmonna Nicholas, l'air pensif."
People think it's strange until we meet up for quiz night at the pub.,Les gens trouvent ça bizarre jusqu'à ce qu'on se retrouve pour une soirée quiz au pub.,Les gens trouvent ça bizarre jusqu'à ce qu'on se retrouve pour une soirée quiz au pub.
"The brunette has wrapped her arms around his waist, and I want to scratch her eyes out.",La brune a enroulé ses bras autour de sa taille et j'ai envie de lui arracher les yeux.,"La brune a ses bras autour de sa taille, et j'ai envie de lui arracher les yeux."
"I'm smart enough not to take risks.""",Je suis assez intelligente pour ne pas prendre de risques.,Je suis assez malin pour ne pas prendre de risques
I turn to see who's uttered the filthy slur.,Je me retourne pour voir qui a proféré l'immonde injure.,Je me retourne pour voir qui a dit ce truc grossier.
"""Goodnight, G.""","Bonne nuit, G.","bonne nuit, G"
He dabbed at the leaking ice pack again.,Il tamponna à nouveau la poche de glace qui fuyait.,Il a encore essuyé la poche de glace qui fuyait.
Chase watched it soar out over the beach.,Chase la regarda s'envoler au-dessus de la plage.,Chase l'a regardé s'envoler au-dessus de la plage.
"I'm gonna check the weather again, then I'll join you.","Je vais encore vérifier la météo, puis je te rejoins.","Je vais encore jeter un œil à la météo, puis je te rejoins."
"""We have a problem,"" Lucas said, grabbing a thick manilla folder from his bag and tossed it on the small table in front of him.","Nous avons un problème, dit Lucas en sortant de son sac un épais dossier en papier kraft qu'il jeta sur la petite table devant lui.","« On a un problème », dit Lucas en sortant un gros dossier en papier kraft de son sac et en le posant sur la petite table devant lui."
"It starts off sweetly enough, but then, holy fuck, he's really going for it.","Ça commence doucement, mais ensuite, il y va à fond.","Ça commence plutôt bien, mais ensuite, putain, il y va à fond."
"""I don't like the dark.""",Je n'aime pas l'obscurité.,je n'aime pas le noir
"He had to, as it might be his only chance, ever.","Il le fallait, car c'était peut-être sa seule chance.","Il devait le faire, car c'était peut-être sa seule chance."
"The warmth spread over him like a summer tide and memories engulfed him, good memories of happy times.",Une chaleur se répandit en lui comme une marée d'été et les souvenirs le submergèrent de bons souvenirs des temps heureux.,"La chaleur l'envahit comme une vague estivale et les souvenirs le submergèrent, de bons souvenirs de moments heureux."
"Only two more, and he'd be standing on the beachnear the water.","Plus que deux, et il serait sur la plage, près de l'eau.","Encore deux pas, et il serait sur la plage, près de l'eau."
"""What do you want, Franklin?""","Que veux-tu, Franklin ?","« Qu'est-ce que tu veux, Franklin ? »"
"It was a dumb fucking move, but one that he couldn't regret, not when being with her made him happy for the first time in years.","C'était une décision stupide, mais qu'il ne pouvait pas regretter, pas quand être avec elle le rendait heureux pour la première fois depuis des années.","C'était une décision complètement idiote, mais il ne pouvait pas la regretter, surtout que le fait d'être avec elle le rendait heureux pour la première fois depuis des années."
I wait until he meets my eyes.,J'attends qu'il croise mon regard.,J'attends qu'il me regarde dans les yeux.
"It's like heroin, or at least how I imagine the opiate would feel hitting your bloodstream at a million decibels.","C'est comme de l'héroïne, ou du moins ce que j'imagine être la sensation de l'opiacé quand il coule dans nos veines à un million de décibels.","C'est comme l'héroïne, ou du moins comment j'imagine que ça doit être quand l'opiacé te monte dans le sang à un million de décibels."
"Hot and wet, with just the right amount of pressure to melt my brain.","Le baiser est chaud et humide, avec juste ce qu'il faut de pression pour me faire perdre la tête.","Chaud et humide, avec juste ce qu'il faut de pression pour me faire fondre le cerveau."
"She needed a change, Andi reminded herself as she plastered a polite smile on her face and stood up only to frown when the man that had been watching her since she sat down pushed away from the wall and moved to join them.","Andi se remémora qu'elle avait besoin de changement alors qu'elle affichait un sourire poli sur ses lèvres et se levait, mais elle fronça les sourcils quand l'homme qui l'observait, depuis qu'elle s'était assise, s'écarta du mur et vint les rejoindre.","Elle avait besoin de changement, se dit Andi en affichant un sourire poli et en se levant, avant de froncer les sourcils quand le mec qui la regardait depuis qu'elle s'était assise s'éloigna du mur et vint les rejoindre."
The sound of steel teeth parting fills the gaps between my breathless panting as he eases my zipper down.,"Le son des dents d'acier qui s'écartent remplit les intervalles entre mes halètements, tandis qu'il abaisse ma fermeture éclair.",Le bruit des dents en acier qui s'écartent remplit les intervalles entre mes halètements essoufflés pendant qu'il baisse ma fermeture éclair.
"He pressed a kiss against her lips, his eyes locking with hers as he slid his arms beneath her legs and his hands found hers.","Il déposa un baiser sur ses lèvres, ses yeux s'accrochèrent aux siens, il glissa ses bras sous ses jambes et ses mains trouvèrent les siennes.","Il lui a donné un baiser sur les lèvres, les yeux dans les siens, en glissant ses bras sous ses jambes et en prenant ses mains dans les siennes."
"She ignored him and kept walking, kicking at the sand in defiance with every step.","Elle l'ignora et continua à marcher, donnant des coups de pied dans le sable en signe de défi à chaque pas.","Elle l'a ignoré et a continué à marcher, donnant des coups de pied dans le sable à chaque pas, comme pour montrer qu'elle s'en fichait."
"""As long as you're careful, I would say you have until your contract is up to turn this fucking mess around, which is really fucked-up since this wasn't your mistake,"" Lucas said, ramming his fingers through his hair.","Tant que tu fais attention, je dirais que tu as jusqu'à la fin de ton contrat pour régler ce merdier ce qui est vraiment tordu puisque ce n'était pas ta faute, dit Lucas en passant ses doigts dans ses cheveux.","« Tant que tu fais gaffe, je dirais que t'as jusqu'à la fin de ton contrat pour redresser cette putain de situation, qui est vraiment foireuse vu que c'est pas ta faute », dit Lucas en se passant les doigts dans les cheveux."
"Our thirst for learning, our drive to reach the kids under our charge.""","Notre soif d'apprendre, notre volonté de faire progresser les enfants dont nous avions la charge.","Notre envie d'apprendre, notre motivation pour aider les enfants dont on s'occupe"
"He knew these were the right words to say to comfort her, but the words did anything but ease his anxiety.","Il savait que c'était les bons mots à dire pour la réconforter, mais ces mots ne servaient qu'à rien d'autre qu'à apaiser son anxiété.","Il savait que c'était les bons mots pour la réconforter, mais ces mots ne faisaient que renforcer son anxiété."
"He needed to hurry, or there would be nothing left to save.","Il devait se dépêcher, sinon il n'y aurait plus rien à sauver.","Il fallait qu'il se dépêche, sinon il n'y aurait plus rien à sauver."
"Look at you, so ready for me.""","Regarde-toi, si prêt à m'accueillir.","Regarde-toi, tu es tout prêt pour moi"
Nothing would be left after she told Chase she didn't love him.,Il ne resterait plus rien après qu'elle ait dit à Chase qu'elle ne l'aimait pas.,Il ne resterait plus rien après qu'elle ait dit à Chase qu'elle ne l'aimait pas.
"""You don't do requests,"" Dyer states, frowning.","Tu ne réponds pas aux demandes, déclare Dyer en fronçant les sourcils.","« Tu ne fais pas de demandes », dit Dyer en fronçant les sourcils."
"They'd had absolutely nothing in common, but they'd hit if off almost immediately.",Ils n'avaient rien en commun mais le courant était passé immédiatement.,"Ils n'avaient vraiment rien en commun, mais ils se sont tout de suite bien entendus."
He put the flashlights in a straight line from shortest to tallest.,"Il plaça les lampes de poche en ligne droite, de la plus courte à la plus grande.","Il a mis les lampes de poche en ligne, de la plus petite à la plus grande."
"""You didn't have to walk me home,"" Andi said as she came to a stop in front of a door with an Eeyore sticker above the peephole.","Vous n'étiez pas obligé de me raccompagner, dit-elle en s'arrêtant devant la porte dont le judas était orné d'un autocollant Bourriquet.","« T'avais pas besoin de me raccompagner chez moi », dit Andi en s'arrêtant devant une porte avec un autocollant d'Eeyore au-dessus du judas."
"It was love.""",C'était de l'amour.,C'était de l'amour
"""You know I'm moving away from the ocean.",Tu sais que je vais m'éloigner de l'océan.,tu sais que je vais déménager loin de l'océan.
"I'm sure he didn't know who he could trust.""",Je suis sûr qu'il ne savait pas à qui il pouvait faire confiance.,Je suis sûr qu'il ne savait pas à qui il pouvait faire confiance
"""Are you really going to mess us up over stupid shit?""",Tu vas vraiment nous faire tourner en bourrique pour des conneries ?,tu vas vraiment nous foutre dans la merde pour des conneries ?
"""She doesn't have a company phone,"" Devyn pointed out.","Elle ne dispose pas de téléphone professionnel, fit remarquer Devyn.","« Elle n'a pas de téléphone de service », a fait remarquer Devyn."
"""I want you,"" I say, which probably sounds crazy to him because we're both spent, our cocks still twitching.","J'ai envie de toi, dis-je, ce qui doit lui paraître fou parce que nous sommes tous les deux épuisés, nos bites tressautant encore.","« J'ai envie de toi », je lui dis, ce qui doit lui paraître dingue parce qu'on est tous les deux crevés, nos bites encore en érection."
The sun brightened and Mari shielded her eyes.,Le soleil s'était mis à briller et Mari se protégea les yeux.,Le soleil s'est mis à briller et Mari s'est protégé les yeux.
"You zipped up right after I told you about the mermaid.""",Tu t'es tu juste après que j'ai parlé de la sirène.,T'as fermé ta braguette juste après que je t'ai parlé de la sirène
A few drops of rain dotted her cheeks like tears.,Quelques gouttes de pluie parsemaient ses joues comme des larmes.,Quelques gouttes de pluie ont coulé sur ses joues comme des larmes.
"I don't know if he's seen what I'd been doing online, but I figure there's no reason for me to lie, at least.","Je ne sais pas s'il a vu ce que j'ai fait en ligne, mais je me dis qu'il n'y a pas de raison que je mente, au moins.","Je sais pas s'il a vu ce que je faisais en ligne, mais je me dis qu'y a pas de raison que je mente, au moins."
"""We'll ditch him in the fun house.""",On le sèmera dans le palais du rire.,on va le larguer dans le manège
"Here, where we vacationed as we grew up, and everywhere I look, I see him.","Ici, où nous avons passé nos vacances en grandissant, et où que je regarde, je le vois.","Ici, où on passait nos vacances quand on était petits, et partout où je regarde, je le vois."
"His muscles twitched as she touched him, and he let out a small gasp.","Ses muscles se contractèrent lorsqu'elle le toucha, et il laissa échapper un petit halètement.","Ses muscles ont tressailli quand elle l'a touché, et il a laissé échapper un petit halètement."
"""Please, don't let me hurt you.""","S'il te plaît, ne me laisse pas te faire du mal.","s'il te plaît, ne me laisse pas te faire de mal"
"""How?"" He asks, leaning forward to place his elbows on his knees.","demande-t-il, se penchant en avant pour poser ses coudes sur ses genoux.",« Comment ? » demande-t-il en se penchant en avant pour poser ses coudes sur ses genoux.
"She rubbed her arms and looked toward the door, her eyes widening.","Elle se frotta les bras et regarda vers la porte, les yeux écarquillés.","Elle s'est frotté les bras et a regardé vers la porte, les yeux écarquillés."
