sources,references,translations
The lights flickered.,Les lumières clignotèrent.,Les lumières vacillaient.
"It's not safe near shore right now, but I know the area well,"" Mesa said.","Il n'est pas prudent de s'approcher du rivage pour l'instant, mais je connais bien la région, dit Mesa.","Ça n'est pas sûr près du rivage en ce moment, mais je connais bien la région, dit Mesa."
Chapter 10,Chapitre 10,10
"Still, only two broken windows in the whole place seemed like a miracle, given the strength of the storm.","Cependant, le fait que seules deux fenêtres aient été brisées dans toute la structure était proche du miracle, compte tenu de la force de la tempête.","Ça, c'était un miracle, pensa-t-il, alors que la tempête s'abattait sur la ville."
"If things were different, he would have asked her on a date or three.","Si les choses avaient été différentes, il l'aurait invitée à un ou deux rendez-vous.","Ça aurait pu être différent, il aurait pu lui demander un rendez-vous ou trois."
John rolls me to my stomach with an ease that surprises me.,John me fait rouler sur le ventre avec une facilité qui me surprend.,John me fait rouler sur le ventre avec une facilité qui me surprend.
"Though we could imagine there's a Ferris wheel in Paris, we could call it the Eiffel Tower.""","On pourrait imaginer qu'il y a une grande roue à Paris, on pourrait l'appeler la Tour Eiffel.","Ça nous permettrait d'imaginer qu'il y a une grande roue à Paris, mais on pourrait la nommer la Tour Eiffel."
"""I know the area you are talking about.",Je connais le coin dont tu parles.,Ça me rappelle un endroit.
"The words come out on a shuddering breath because John lowers his head to my skin, lips brushing over the ink.","Les mots sortent dans un souffle tremblant parce que John baisse la tête contre ma peau, ses lèvres effleurant l'encre de mon tatouage.","Les mots sortent sous un soupir, parce que John baissait la tête sur ma peau, les lèvres effleurant l'encre."
"You're not usually on Saturdays.""",Tu ne travailles pas généralement le samedi.,Ça ne te fait pas d'habitude les samedis.
"When he pulled back, he rolled his hips slower, taking her with slow strokes so that he could savor every slide back inside her.","Lorsqu'il se retira, il fit rouler ses hanches plus lentement, la prenant avec des coups lents afin de pouvoir savourer chaque glissement à l'intérieur d'elle.","Quand il se retira, il roula ses hanches plus lentement, la prenant avec des coups de bâtonnet lents pour pouvoir savourer chaque retour en elle."
"""You don't owe me an explanation, John.""","Tu ne me dois pas d'explications,","Ça ne te tient pas à m'expliquer, John."
They had nothing to gain.,Ils n'avaient rien à y gagner.,Ça ne leur servait à rien.
"I was grateful in the beginning that he'd gone out of his way not to be a distraction during my shifts, but I'm now I'm feeling a bit left out.","Au début, j'étais reconnaissant qu'il fasse tout son possible pour ne pas être une distraction pendant mes heures de travail, mais maintenant, je me sens un peu exclu.","Ça m'a fait plaisir au début qu'il ait fait le détour pour ne pas être une distraction pendant mes déplacements, mais maintenant je me sens un peu laissé de côté."
"Wood cracked and splinteredthough he couldn't see it, he knew the bar roof was close to stripping away, shingles probably flying everywhere.","Le bois cognait et se brisait  bien qu'il ne puisse pas le voir, il savait que le toit du bar était sur le point de s'arracher, et que les bardeaux volaient probablement dans tous les sens.","Le bois craquait et se brisait, même s'il ne le voyait pas, il savait que le toit du bar était très près de s'effacer, les tuiles volant probablement partout."
"Make sure that she takes her meds, takes it easy, and changes her bandage.""","Assure toi qu'elle prenne ses médicaments, qu'elle se ménage et qu'elle change son bandage.","Ça, assure-toi qu'elle prendra ses médicaments, qu'elle se calme et qu'elle change de bandage."
"""Get out of here, Mari,"" Chase yelled.","Sors d'ici, Mari, cria Chase.","Ça suffit, Mari, cria Chase."
And he wasn't going to get away with stalking anyone either.,Et il n'allait pas non plus s'en tirer en harcelant qui que ce,Ça ne le sauverait pas non plus de la poursuite d'une personne.
"I'm so open to him, so eager to receive him.","Je suis tellement ouvert à lui, tellement désireux de le recevoir.","Ça me fait si ouvert à lui, si désireux de le recevoir."
It's a déjà vu moment if I've ever had one.,C'est un moment de déjà-vu.,Ça ressemble à un moment de déjà-vu si j'en ai eu un.
"When I'm with someone, I want to share the good and the bad.","Quand je suis avec quelqu'un, je veux partager les bons et les mauvais moments.","Ça fait que, quand j'ai quelqu'un avec moi, je veux partager le bon et le mauvais."
"""You have a lot of eighties music here,"" John observes.","Tu as beaucoup de musique des années 80, observe John.","Ça y est, tu as beaucoup de musique des années 80 ici, remarque John."
"I can escape with little effort.""",Je peux m'échapper sans trop d'efforts.,Ça me permet de m'échapper avec peu d'efforts.
"At some spots, the island was so narrow you could throw a stone from the sound side to the waves.","À certains endroits, l'île était si étroite que l'on pouvait jeter une pierre sur les vagues du rivage et elle atterrirait dans les profondeurs.",Ça faisait si peu de large à certains endroits que vous pouviez jeter une pierre du côté du bruit jusqu'aux vagues.
"""When I finish up here.",Quand j'aurai fini ici.,"Ça, quand je finirai ici."
How could her mother ever expect her to marry someone like Inna?,Comment sa mère avait-t-elle pu s'attendre à ce qu'elle épouse quelqu'un comme Inna ?,"Ça, comment pouvait-elle s'y attendre ?"
A real kiss.,Un vrai baiser.,"Ça, c'est un vrai baiser."
It also got me my gig as a disc jockey.,C'est aussi ce qui m'a permis de devenir disc-jockey.,Ça m'a aussi permis de devenir DJ.
"""No!"" came the hysterical reply that had him sighing heavily as he reached down and grabbed hold of the comforter and slowly pulled it off the woman that refused to leave the hotel.","une pointe d'hystérie dans la voix, ce qui le fit soupirer lourdement en attrapant la couette et en la retirant lentement à la femme qui refusait de quitter l'hôtel","Non ! répondit-elle hystériquement, ce qui le fit soupirer lourdement, puis il tendit la main et attrapa la couverture, la tirant lentement sur la femme qui refusait de quitter l'hôtel."
The wind and rain had been scarier than she'd ever experienced.,Le vent et la pluie avaient été plus effrayants qu'ils ne lui étaient jamais apparus.,Ça faisait plus de peur que tout ce qu'elle avait jamais vécu.
He'd been there that day when she had come upon the divers.,Il était là ce jour-là quand elle avait rencontré les plongeurs.,"Ça faisait déjà un moment qu'il était là, le jour où elle avait croisé les plongeurs."
"""Amelia never remarried but lived on the bounty Christopher had stored and hidden on the island.",Amelia ne s'est jamais remariée mais a vécu grâce à la prime que Christopher avait stockée et cachée sur l'île.,"Amelia ne se remaria jamais, mais elle vécut grâce à la réserve de vivres que Christopher avait stockée et cachée sur l'île."
"""Only bloody thing they ever gave me,"" I murmur.","C'est la seule chose qu'ils m'aient jamais donnée , murmuré-je.","Ça, c'est la seule chose qu'ils m'aient donnée, murmuré-je."
"""Tell me you didn't, please!""","Dis-moi que tu ne l'as pas fait, s'il te plaît !",Ça te faisait plaisir ?
"The wind whipped by, catching the hem of his T-shirt in a flutter, exposing his firm abdomen for a too-brief moment.","Le vent soufflait en trombe, faisant voltiger l'ourlet de son tee-shirt, dévoilant son abdomen ferme pendant un trop bref instant.","Le vent passa, attrapant le bas de son tee-shirt dans un mouvement de pli, exposant son ventre ferme pendant un instant trop court."
"You never would.""",Tu ne le ferais jamais.,Ça ne te ferait pas.
Then they were separatedpossibly foreverto save her life.,Puis ils ont été séparés  peut-être pour toujours  afin de lui sauver la vie.,"Ça les sépara, peut-être pour toujours, pour sauver sa vie."
"""I would probably quake in fear for the rest of my life at the mere mention of your name,"" Devyn said dryly as he watched her return to glaring at him as she hastily toed off her slippers and kicked them aside, determined to make sure that he was properly terrified.","Je tremblerais probablement de peur pour le reste de ma vie à la simple mention de ton nom, dit Devyn d'un ton moqueur en la regardant se remettre à le fixer du regard tandis qu'elle enlevait précipitamment ses pantoufles et les écartait d'un coup de pied, bien décidée à s'assurer qu'il était bien terrifié.","Ça me fait probablement trembler de peur le reste de ma vie à l'annonce de ton nom, dit Devyn sèchement en la regardant retourner à lui glacer."
"It was water, nothing more.","C'était de l'eau, rien de plus.","Ça n'était que de l'eau, rien de plus."
"""Probably.""",Probablement.,Ça va probablement marcher.
"""Well, I don't think your brother would approve of you picking up and leaving the bar and everything you built here together.",Je ne pense pas que ton frère approuverait que tu prennes tes affaires et que tu quittes le bar et tout ce que vous avez construit ici ensemble.,"Ça va, je ne pense pas que ton frère approuverait que tu te déplace et que tu quittes le bar et tout ce que tu as construit ici avec lui."
"Let's start tonight.""",Commençons ce soir.,Ça commence ce soir.
"I claim the right.""",Je revendique ce droit.,Ça me revient.
"In the new sunlight, he saw her body jerk and twitch.","Dans la nouvelle lumière du soleil, il vit son corps tressaillir et se contracter.","Dans la lumière du soleil nouveau, il vit son corps se tordre et trembler."
"She was by the ocean, making her own way, despite her mother.","Elle était au bord de l'océan, traçant son propre chemin, malgré sa mère.","Ça faisait partie de son projet, elle était près de l'océan, elle faisait ce qu'elle voulait, malgré sa mère."
"""No, I'm not because I'm not going,"" Andi said with a firm nod as Uncle Shawn placed her back on her chair as she did her best to ignore the curious stares being sent her way by the kids that never seemed to appreciate her efforts to teach them the fundamentals of advanced algebra.","Non, parce que je n'irai pas en CM1, dit Andi en hochant fermement la tête alors qu'Oncle Shawn l'asseyait sur une chaise et qu'elle faisait son possible pour ignorer les regards curieux que lui lançaient les enfants qui n'appréciaient jamais ses efforts pour leur enseigner les bases en calcul avancé.","Non, je ne suis pas, car je ne vais pas, répondit Andi avec un hochement de tête ferme alors que Oncle Shawn la remettait sur son siège alors qu'elle faisait de son mieux pour ignorer les regards curieux des enfants qui ne semblaient jamais apprécier ses efforts pour leur enseigner les bases de l'algèbre."
"Air whooshes out of my lungs and the fuzzy feeling in my head, which I hadn't even noticed, fades.","L'air s'échappe de mes poumons et la sensation de flou dans ma tête, que je n'avais même pas remarquée, s'estompe.","L'air s'échappe de mes poumons et la sensation floue dans ma tête, que je n'avais même pas remarquée, s'estompe."
"""I was thinking,"" he says, rolling to his back after we catch our breath.","J'étais en train de réfléchir, dit-il en se mettant sur le dos après que nous ayons repris notre souffle.","Ça me vient en tête, dit-il en se retournant sur le dos après que nous ayons repris notre souffle."
"""I left the candle on the vanity, and there's a lighter beside it.""","J'ai laissé la bougie sur le meuble, et il y a un briquet à côté.","Ça y est, j'ai laissé la bougie sur la commode, et il y a une allumette à côté."
"""This way I get some time between school and the work I do for you guys at the station.""","...Comme ça, j'ai un peu de temps entre l'école et le travail que je fais pour vous à la station radio.",Ça me donne du temps entre l'école et le travail que je fais pour vous à la station.
I hope that you enjoyed reading Devyn and Andi's story as much as I enjoyed writing it.,J'espère que vous avez pris autant de plaisir à lire l'histoire de Devyn et Andi que j'ai eu à l'écrire.,Je espère que vous avez apprécié lire l'histoire de Devyn et Andi autant que je l'ai apprécié d'écrire.
Your mother sent me.,C'est ta mère qui m'envoie.,Ça vient de ta mère.
Like he's been comfortable in the pool but is ready to step into the ocean.,Comme s'il était assez à l'aise dans la piscine et qu'il était prêt à aller dans l'océan.,"Ça lui a plu de se baigner dans la piscine, mais il est prêt à entrer dans l'océan."
She stared at the flickering candles.,Elle fixa les bougies vacillantes.,Elle fixa les bougies qui flamboyaient.
"I feel the stinging pressure of his teeth on the hardening nub before he sits back, running his hands along my chest and abdomen.","Je sens la morsure cuisante de ses dents sur mon téton qui durcit avant qu'il ne s'assoie, passant ses mains le long de ma poitrine et de mon abdomen.","Je sens la pression de ses dents sur le bouton durci avant qu'il ne se redresse, passant ses mains sur mon torse et mon ventre."
John leans back in his chair and takes a swig of his beer.,John s'adosse à sa chaise et boit une gorgée de sa bière.,John s'adoucit dans son fauteuil et boit une gorgée de sa bière.
"""I thought we were more,"" he said.","Je pensais que nous étions plus que ça, dit-il.","Ça m'a fait penser que nous étions plus qu'amis, dit-il."
She was crawling on top of him and laying her head on his chest with a soft sigh as he wrapped his arms around her and couldn't help but feel like she was exactly where she belonged.,"Elle se glissa sur lui et posa sa tête sur sa poitrine en soupirant doucement, tandis qu'il l'entourait de ses bras et ne pouvait s'empêcher de penser qu'elle était exactement à sa place.","Ça lui faisait du bien de se laisser aller, elle était en train de se pencher sur lui et de poser sa tête sur son torse avec un soupir doux, tandis qu'il l'enveloppait dans ses bras et ne pouvait s'empêcher de se dire qu'elle était exactement où elle devait être."
I have to jog to catch up.,Je dois trottiner pour le rattraper.,Ça me faut pour rattraper le rythme.
"If we don't hurry, we're going to get caught in the dark.""","Si on ne se dépêche pas, on va se faire surprendre par l'obscurité.",Ça fait longtemps que je ne suis pas rentré chez moi.
Mari's tail twitched in excitement.,La queue de Mari s'agita sous l'effet de l'excitation.,La queue de Mari frémit de joie.
Were better left forgotten.,Il vaut mieux les oublier.,Ça vaut mieux oublier.
"I should've told you about Inna, but I didn't expect to see him here on the islandnot after the storm, and certainly not while I was with you.","J'aurais dû te parler d'Inna, mais je ne m'attendais pas à le voir ici sur l'île  pas après la tempête, et certainement pas pendant que j'étais avec toi. Je ne l'épouserai pas, quoi qu'il arrive.","Ça me faut, je devrais t'avoir dit de l'existence d'Inna, mais je ne m'attendais pas à le voir ici sur l'île, pas après la tempête, et certainement pas pendant que je suis avec toi."
"""Yeah?"" I'm logging my playlist, trying to keep my focus off our proximity to one another.","J'enregistre ma playlist, en essayant de ne pas me concentrer sur notre proximité.","Ça va ? Je note ma playlist, essayant de garder le focus loin de notre proximité."
"By the time enough merfolk had gathered to save her, the pirate ship was gone, harbored somewhere, no doubt.","Le temps que suffisamment d'habitants des mers se rassemblent pour la sauver, le bateau pirate avait disparu, sans doute caché quelque part.","Ça faisait déjà un certain temps que le navire pirate avait disparu, caché quelque part, sans doute."
Did her mother know about the revenge plot?,Sa mère était-elle au courant du projet de vengeance ?,Ça faisait-il partie du plan de vengeance ?
"""You don't know that,"" came the sadly mumbled reply that had his lips twitching.","Tu n'en sais rien, marmonnant tristement la jeune femme entre ses lèvres, ce qui le fit sourire","Ça ne te dit rien, répondit-il d'une voix triste qui fit tressaillir ses lèvres."
"He'd never understood why Devyn didn't play the same game, probably never would, and now that he knew about Andi...","Il n'avait jamais compris pourquoi Devyn ne jouait pas le même jeu, pourquoi il ne le ferait probablement jamais, et maintenant qu'il savait pour Andi...","Ça ne l'avait jamais expliqué, probablement jamais le fera, et maintenant qu'il savait que Devyn avait une liaison avec Andi..."
The urge to possess her thrummed through him to the point he could barely think.,L'envie de la posséder l'envahissait à tel point qu'il avait du mal à réfléchir.,L'envie de la posséder le parcourut à tel point qu'il ne pouvait plus penser.
"""You should check the supply closet.""",Tu devrais vérifier le placard à fournitures.,Ça vaut le coup de vérifier le placard des fournitures.
I'm telling you what I need.,Je te dis ce dont j'ai besoin.,"Ça, c'est ce que je veux."
Want to get to know you.,Je veux apprendre à te connaître.,Ça te plaît ?
His face brightens.,Son visage s'éclaire.,Son visage s'éclaircit.
Why would he risk that for either of them?,Pourquoi risquerait-il cela pour l'un ou l'autre ?,Pourquoi risquerait-il ça pour l'un ou l'autre ?
Best not to think about that at all.,Mieux valait ne pas y penser.,Ça ne vaut pas la peine de penser à ça.
"There are several articles about the football team, one about the debate team.","Il y a plusieurs articles sur l'équipe de football, un sur l'équipe de débat.","Ça y est, il y a plusieurs articles sur l'équipe de football, et un sur le club de débat."
"He didn't move, his gaze fixed on the bar ceiling.","Il ne bougea pas, le regard fixé sur le plafond du bar.","Il ne bougea pas, son regard fixé sur le plafond du bar."
I spit this out like some jilted lover.,Je crache ça comme un amoureux éconduit.,Ça me vient comme un amant rejeté.
"I've paired it with a soft pair of black corduroys that he hasn't seen yet, but I thank him for the compliment.","Je l'ai associé à un pantalon en velours côtelé noir qu'il n'a pas encore vu, mais je le remercie pour le compliment.","Ça va avec un pantalon de velours noir qu'il n'a pas encore vu, mais je lui remercie pour le compliment."
"He was so sure.""",Il en était si sûr.,Ça lui semblait si évident.
"To his credit, he slaps a hand over his mouth.","À sa décharge, il porte une main sur sa bouche.","Ça lui coûte cher, il pose la main sur sa bouche."
Would he ever get control of the rage inside him?,Parviendra-t-il un jour à contrôler la rage qui l'habitait ?,Êtait-il jamais capable de maîtriser la rage qui le dévore ?
His stomach knotted at the doubt that swirled around him.,Son estomac se noua devant le doute qui l'envahissait.,Son estomac se noua sous le doute qui le tournait autour de lui.
She should slip under and swim away.,Elle devrait se glisser sous l'eau et s'enfuir à la nage.,Ça lui fallait de se glisser sous l'eau et de nager loin.
"""Well, surely he had it painted before he died.""",Il l'a sûrement fait peindre avant de mourir.,"Ça, bien sûr, il l'a fait peindre avant de mourir."
Talking about my childhood illicits foreign sensations.,Parler de mon enfance provoque des sensations étranges.,Être questionné sur mon enfance me fait ressentir des sensations étranges.
"He wasn't sure what hurt more, his head or his ribs, but at that moment, he wished the asshole that attacked him had finished the fucking job and put him out of his misery.","Mais, à cet instant, il aurait aimé que le connard qui l'avait agressé ait fini le boulot et mette fin à ses souffrances.","Ça lui faisait mal la tête ou les côtes, mais à ce moment-là, il souhaitait que l'connard qui l'avait attaqué ait fini le travail et l'eût mis hors de ses souffrances."
He tasted the zinc that his mother had insisted he put on his nose and that always melted and dribbled down into his mouth.,Il goûta la crème solaire que sa mère insistait pour qu'il mette sur son nez et qui finissait par fondre et couler dans sa bouche.,Ça tint le zinc que sa mère lui avait fait appliquer sur le nez et qui fondait et coulait dans sa bouche.
She stood between him and the ocean like a lifeguard station or lighthouse.,"Elle se tenait entre lui et l'océan, comme un poste de sauvetage ou un phare.",Ça lui faisait office de station de sauvetage ou de phare.
"""Nothing is stopping you from moving the carpentry to part-time, maybe on the weekends or something.""","Rien ne t'empêche de passer la menuiserie à temps partiel, peut-être le week-end ou quelque chose comme ça.","Ça ne te fait pas de mal de passer le menuiserie à temps partiel, peut-être les week-ends ou quelque chose du genre."
That really would have been too much to take.,Cela aurait été vraiment trop dur à supporter.,Ça aurait été trop pour moi.
"""No,"" he says, grabbing my hand.","Non, dit-il en m'attrapant la main.","Non, dit-il en prenant ma main."
I plaster on a smile and move away from them as he hands me a pint glass filled with a golden liquid.,J'esquisse un sourire et m'éloigne d'elles tandis qu'il me tend un verre rempli d'un liquide doré.,Je collé un sourire et me détache de lui alors qu'il me tend un verre de bière rempli d'un liquide doré.
Chase had told her they would get through the storm togetherthat was the sweet and protective man she loved.,Chase lui avait dit qu'ils traverseraient la tempête ensemble  c'était l'homme doux et protecteur qu'elle aimait.,Chase lui avait dit qu'ils allaient traverser la tempête ensemble  c'était l'homme doux et protecteur qu'elle aimait.
Mine is practically immobilized inside his grasp.,La mienne est pratiquement immobilisée dans son emprise.,Ça me rend pratiquement immobile dans son étreinte.
"After a last look around, she flipped off the shop's main lights.","Après avoir jeté un dernier coup d'œil autour d'elle, elle éteignit les lumières principales de la boutique.","Après un dernier regard autour d'elle, elle éteignit les lumières principales de la boutique."
He wanted to hold her close and listen to her laughter and share in her happiness.,"Il voulait la serrer contre lui, écouter ses rires et partager son bonheur.","Ça lui fallait la tenir près de lui, écouter son rire et partager son bonheur."
"She stepped up into the cart, tipping it forward and setting it swaying and creaking.","Elle monta dans la cabine, la faisant basculer vers l'avant et la faisant osciller et grincer.","Elle monta dans la charrette, la faisant avancer et la faisant vaciller et grogner."
"And your mother is holding up his end of the bargain, as she should.","Et ta mère tient sa part du marché, comme il se doit.","Ça va, et ta mère tient son côté du marché, comme elle devrait."
"""Did I mention that I really need to use the bathroom?"" she asked, sending the bathroom a hopeful look.",Ai-je mentionné que j'ai vraiment besoin d'aller aux toilettes ?,Ça me dit que je n'ai pas dit que je voulais vraiment aller aux toilettes ?
I let you rescue him.,Je t'ai laissé le sauver.,Ça te laisse le temps de le sauver.
But he's looking at me like it's the first time.,Mais il me regarde comme si c'était la première fois.,Ça me regarde comme si c'était la première fois.
"I have better things to do than to waste my time worrying about what other people think.""",J'ai mieux à faire que de perdre mon temps à savoir ce que pensent les autres.,Ça me fait mieux que de perdre mon temps à me soucier de ce que pensent les autres.
The smile he gives me leaves me uncharacteristically breathless.,Le sourire qu'il m'adresse me laisse sans voix.,Le sourire qu'il me lance me laisse sans souffle.
"I can totally picture John Burton as a teacher, he has the personality for it.","Je peux tout à fait imaginer John Burton comme professeur, il a la personnalité qu'il faut.","Ça me fait totalement penser à John Burton comme professeur, il a le caractère pour ça."
"""We'll have a big party before I close for good.",Nous ferons une grande fête avant de fermer pour de bon.,Ça va être une grande fête avant que je ne ferme pour de bon.
Hurricane Giselle was nothing to fool around with.,L'ouragan Giselle n'était pas à prendre à la légère.,L'ouragan Giselle n'était pas à trifouiller.
"Oh, that couldn't be good, she thought when she saw the puddle forming on the floor around her.","Oh, ça ne présageait rien de bon, pensa-t-elle en voyant la flaque qui se formait sur le sol autour d'elle.","Ça ne pouvait pas être bon, pensa-t-elle en voyant le petit lac se former sur le sol autour d'elle."
"We can duck out for a little while, yeah?""","On peut s'éclipser un moment, d'accord ?","Ça fait un peu de temps que je ne vois pas de toi, alors on peut s'en aller un peu, non ?"
"I have to make sure the bar's safe first.""",Je dois d'abord m'assurer que le bar est sécurisé.,Ça me faut d'abord pour m'assurer que le bar est en sécurité.
No more...anything.,Plus rien.,Ça suffit...
"Maybe some Joy Division, a little Sigur Ros, a bit of Bilal, definitely James Blake.","Peut-être un peu de Joy Division, un peu de Sigur Ros, un peu de Bilal, certainement du James Blake.","Ça pourrait être du Joy Division, un peu de Sigur Ros, un peu de Bilal, et définitivement James Blake."
Want to know how those wine-stained lips of yours might taste.,Connaître le goût de tes lèvres colorées par le vin.,Ça te fait envie de savoir quel goût ont tes lèvres tachées de vin ?
"In the peace and calm of the eye of life's ever-growing hurricane, they'd found a moment.","Dans la paix et le calme de l'œil de l'ouragan de la vie, ils avaient trouvé un moment.","Dans la paix et la tranquillité du centre de la tempête qui grandissait sans cesse, ils avaient trouvé un moment."
"At least she had everything that she needed, Andi thought as she reached down and grabbed her iPad and the notebook that she'd been working on along with a carefully select assortment of pens that she'd helped herself to from the supply closet at work, only to realize that she'd left her phone at home.","Au moins, elle avait tout ce dont elle avait besoin, pensa Andi en se penchant pour attraper son iPad et le carnet sur lequel elle travaillait, ainsi qu'un assortiment de stylos soigneusement sélectionnés qu'elle s'était procuré dans le placard à fournitures du bureau, avant de réaliser qu'elle avait laissé son téléphone à la maison.","Ça ne faisait pas moins de 24 heures qu'elle était en vacances, et elle avait tout ce qu'elle avait besoin, pensa Andi en attrapant son iPad et son carnet de notes qu'elle travaillait sur, ainsi qu'une sélection de stylo qu'elle avait pris dans le placard à fournitures de son travail, avant de se rendre compte qu'elle avait laissé son téléphone à la maison."
It wasn't going to stop him from making sure that the little bastard paid for what he did to Andi.,Ça ne l'empêcherait pas de s'assurer que ce petit salaud paie pour ce qu'il a fait à Andi.,Ça ne l'empêcherait pas de s'assurer que ce petit connard payerait pour ce qu'il avait fait à Andi.
"""I'm going to run and see if I can get the fire department.",Je vais courir et voir si je peux appeler les pompiers.,Ça va falloir que je cours pour voir si je peux appeler les pompiers.
It's suddenly the most important thing in the world.,C'est soudain la chose la plus importante au monde.,Ça devient soudain la chose la plus importante au monde.
It's been a rough twenty-four hours.,Les dernières vingt-quatre heures ont été difficiles.,Ça a été une journée difficile.
"The shop was the first thing she could truly call her own, and now it was at risk.","Le magasin était la première chose qu'elle pouvait vraiment appeler la sienne, et maintenant il était en danger.","Ça faisait partie de son patrimoine, et maintenant, elle était en danger."
She would certainly bear Chase's kids.,Elle porterait certainement les enfants de Chase.,Ça lui ferait certainement du bien d'avoir des enfants avec Chase.
"""It's going to be very cold out there, Miss Dawson,"" Devyn said, watching as his favorite place on earth was slowly revealed.","Il va faire très froid dehors, Mlle Dawson, dit Devyn, en regardant son endroit préféré sur Terre se dévoiler progressivement.","Ça va être très froid dehors, Mlle Dawson, dit Devyn, observant la révélation lente de son endroit préféré sur la Terre."
"She drew her knees up and circled them with her arms, squeezing as tight as she could.","Elle remonta ses genoux et les entoura de ses bras, serrant aussi fort qu'elle le pouvait.","Elle releva ses genoux et les cercla de ses bras, les serrait autant qu'elle le pouvait."
This stops me mid-chew.,Cela m'arrête en plein milieu de  ma mastication.,Ça me fait hésiter au milieu de ma mâche.
The sea beckoned her.,La mer l‘appelait.,La mer lui faisait signe.
"I'm shaking, held up by John, who doesn't seem to have full control over his body either.","Je tremble, soutenu par John qui, lui non plus, ne semble pas avoir le contrôle total de son corps.","Ça me tremble, je suis soutenu par John, qui ne semble pas avoir le contrôle de son corps non plus."
My breath leaves me.,Mon souffle me quitte.,Ça me quitte.
"He wasn't muscular in the same way as Chase, but thick and solid.","Il n'était pas aussi musclé que Chase, mais il était fort et massif.","Ça ne lui donnait pas la même musculature que Chase, mais il était épais et solide."
"What I'm about to do is invasive, I know, but...","Ce que je vais faire est invasif, je le sais, mais...","Ça va être invasif, je sais ça, mais..."
"""I see,"" Devyn murmured, applying the last bandage.","Je vois, murmura Devyn en appliquant le dernier bandage.","Ça va, murmura Devyn en appliquant le dernier bandage."
"""Let me talk.""",Laisse-moi parler.,Ça me permet de parler.
"""Look at the domain.",Regarde le nom de domaine.,Ça regarde le domaine.
"He took a deep breath, focusing on the inhale, and then the exhale.","Il inspira profondément, se concentrant sur l'inspiration, puis sur l'expiration.","Il prit une grande inspiration, se concentrant sur l'inspiration, puis sur l'expiration."
"I stretch out beside him, draw his leg up and drape it over mine.","Je m'étire à côté de lui, remonte sa jambe et la fait  passer par-dessus la mienne.","Je m'allonge à côté de lui, soulevé sa jambe et la passe sur la mienne."
"""They're mostly in awe of you,"" he says, his voice taking on that honeyed timber he'd had when he asked me out on this date.","Ils sont surtout en admiration devant toi, dit-il, sa voix prenant ce timbre mielleux qu'il avait lorsqu'il m'a demandé de sortir avec lui.","Ça, c'est surtout le fait qu'ils soient émerveillés par toi, dit-il, la voix prise par un timbre d'ambre qu'il avait lorsqu'il m'avait invité à dîner."
"My style could be called dormitory chic, my flat furnished with a collection of mismatched pieces acquired over the life of my residency.","Mon style pourrait être qualifié de dortoir chic, mon appartement étant meublé d'une collection de pièces dépareillées acquises depuis que j'ai signé le bail.","Mon style pourrait être qualifié de ""chic dortoir"", mon appartement meublé d'une collection de meubles incohérents achetés au cours de ma résidence."
"""Yes, daughter.","Oui, ma fille.","Oui, fille."
"My ass, my thighs, the muscles of my back melt under John's ministrations.","Mon cul, mes cuisses, les muscles de mon dos fondent sous les doigts de John.","Mon cul, mes cuisses, les muscles de mon dos fondent sous les soins de John."
"He is so fucking beautiful, my heart hurts.","Il est si beau, putain, que j'en ai mal au cœur.","Ça fait mal, mon cœur."
"""You're gorgeous,"" John breathes, leaning forward.","Tu es magnifique, souffle John en se penchant en avant.","Ça te fait une bête, dit John, se penchant en avant."
This is why I'm not cut out for relationships.,Voilà pourquoi je ne suis pas fait pour les relations.,Ça explique pourquoi je ne suis pas fait pour les relations.
"""How the hell did we miss that?""",Comment diable avons-nous pu rater ça,"Ça, comment l'avons-nous manqué ?"
"She began to sob gently, covering her face with her hands.","Elle se mit à sangloter doucement, se couvrant le visage de ses mains.","Elle commença à pleurer doucement, couvrant son visage de ses mains."
If he got stranded on the island during the storm...,S'il se retrouvait bloqué sur l'île pendant la tempête...,Si il était coincé sur l'île pendant la tempête...
Not to accept that he can see me so clearly.,De ne pas accepter qu'il lise en moi si clairement.,Ça ne veut pas dire que je peux le voir aussi clairement.
His fingers were sore and stiff from the wood's rough assault.,Ses doigts étaient endoloris et raides à cause de la rugosité du bois.,Ses doigts étaient douloureux et rigides à cause de l'assaut du bois.
"You should have been paying attention to the news.""",Tu aurais dû faire attention aux informations.,Ça te serait arrivé si tu avais pris garde aux nouvelles.
"""Yes,"" he bit out, watching as her lips twitched.","Oui, dit-il sèchement en regardant les lèvres de la jeune femme se contracter.","Ça va, dit-il, regardant ses lèvres trembler."
I laugh and shake my head.,Je ris et secoue la tête.,Ça me fait rire et je secoue la tête.
"But anyway, Amelia's country sent a team to murder her and her human lover.""","Mais de toute façon, le pays d'Amelia a envoyé une équipe pour l'assassiner, elle et son amant humain.","Ça n'a pas d'importance, le pays d'Amelia a envoyé une équipe pour la tuer et son amant humain."
This open.,Aussi ouvert.,Ça ouvre.
"What's the bad news?""",Quelle est la mauvaise nouvelle ?,Ça va mal ?
"The lot is crowded, but we get lucky with a spot close to the entrance.","Ce dernier est bondé, mais nous avons la chance d'avoir une place près de l'entrée.","Ça fait chaud, mais nous avons eu de la chance d'obtenir un parking près de l'entrée."
It's also the reason why we're here.,C'est aussi la raison pour laquelle nous sommes ici.,Ça est aussi la raison pour laquelle nous sommes ici.
I thought we had a chance to make this work.,Je pensais que nous avions une chance de faire en sorte que ça marche.,Ça me semblait que nous avions une chance de faire marcher ça.
"""I'm not saying what he did was right, it's ten different flavors of wrong, but...""","Je ne dis pas que ce qu'il a fait est bien, le mal peut prendre plusieurs formes, mais...","Ça ne veut pas dire que ce qu'il a fait était juste, il y a dix goûts différents de faux, mais..."
"The kid is so grateful to John, it's heartwarming.",Le jeune homme est si reconnaissant envers John que cela fait chaud au cœur.,Ça fait du bien de voir le petit être si reconnaissant envers John.
"The smoke billowed and curved like a dark, beastly creature and Chase blinked back tears as it stung his eyes.","La fumée ondulait et se courbait comme une créature sombre et bestiale, et Chase essuya ses larmes quand elle lui piqua les yeux.","Le fumée s'élevait et se courbait comme une créature sombre et bestiale, et Chase cligna des yeux pour repousser les larmes alors qu'elle lui piquait les yeux."
He could finally breathe.,Il pourrait finalement respirer.,Ça lui permettait de respirer.
A total loss for sure.,"Une perte totale, c'était sûr.",Ça n'a pas marché.
"He shouldn't have given in to his desires, and he was mad at himself.","Il n'aurait pas dû céder à ses désirs, et il s'en voulait.","Ça ne devait pas lui faire céder à ses désirs, et il se reprouvait."
"""Medical bills.""",Des factures d'hôpital à payer.,Ça s'appelle les factures médicales.
"""You didn't answer your cell.",Tu n'as pas répondu à ton téléphone portable.,Ça te faisait plaisir de ne pas répondre à ton portable ?
"""We've become family to each other.",... Nous sommes devenus une famille l'un pour l'autre.,Ça fait que nous sommes devenus une famille.
People would still buy.,Les gens achèteraient quand même.,Ça ne les empêcherait pas de faire des achats.
"He'd fight it, fight for her.","Il se battrait, se battrait pour elle.","Ça ne l'empêcherait pas de lutter, de lutter pour elle."
It was none of her business why and where he went.,Ce n'était pas ses affaires de savoir pourquoi et où il allait.,Ça ne lui concernait pas pourquoi et où il allait.
"""Burton,"" he corrects me, but his eyes are liquid.","Burton, me corrige-t-il, mais ses yeux sont liquides.","Ça s'appelle Burton, me corrige-t-il, mais ses yeux sont larmoyants."
"His fingers are a little calloused, though less than I would have thought for a man that worked with his hands.","Ses doigts sont un peu calleux, mais moins que je ne l'aurais cru pour un homme qui travaille avec ses mains.","Ses doigts sont un peu rugueux, mais moins que je ne l'aurais pensé pour un homme qui travaille avec les mains."
"""She's mad at you.""",Elle est en colère contre toi.,Ça te fait rage.
"She'd sit on the bar's deck, pretending to read and watching the patrons.","Elle s'asseyait à la terrasse du bar, faisant semblant de lire et observant les clients.","Ça lui permettait de s'asseoir sur le pont du bar, de feindre de lire et de regarder les clients."
That's what hurts – so much.,C'est ce qui fait mal  tellement mal.,"Ça fait mal, tellement."
"My mood has improved dramatically since he told me he was coming, and I'm smiling already.","Mon humeur s'est considérablement améliorée depuis qu'il m'a dit qu'il venait, et je souris déjà.","Ça y est, ma humeur s'est améliorée depuis qu'il m'a dit qu'il venait, et je suis déjà souriant."
"She pressed her body against his, and heat tingled in his abdomen.","Elle pressa son corps contre le sien, et sa chaleur lui picota l'abdomen.","Elle pressa son corps contre le sien, et le chaleur tinglait dans son abdomen."
"For the first time since the storm, he was glad the electricity was out.","Pour la première fois depuis l'orage, il était content que l'électricité soit coupée.",Ça faisait le premier jour depuis la tempête qu'il était heureux que l'électricité soit coupée.
"That all happened when she was diagnosed with myeloma, bone marrow cancer.","Tout cela est arrivé quand on lui a diagnostiqué un myélome, un cancer de la moelle osseuse.","Ça s'est passé lorsqu'elle a été diagnostiquée de myélome, un cancer du moelle osseuse."
"""Go change those wet clothes before you catch a cold.""",Va changer ces vêtements mouillés avant d'attraper froid.,"Ça fait froid, va changer ces vêtements mouillés avant de prendre froid."
Check flashlight batteries?,Vérifier les piles de la lampe de poche ?,Êtes-vous allé vérifier les batteries de votre flash ?
"Surprising she could read and write, given the times.""","Il est surprenant qu'elle ait su lire et écrire, compte tenu de l'époque.","Ça me surprend qu'elle puisse lire et écrire, pour ces temps-là."
"""So much so, that I want you to do the same thing for the rest of Carta Hotels.""",À tel point que je veux que tu fasses la même chose pour le reste des hôtels Carta.,Ça va jusqu'à ce que je veuille que tu fasses la même chose pour le reste des Hôtels Carta.
"""Better figure it out soon.""",Tu ferais mieux de t'en rendre-compte rapidement.,Ça faut qu'on le découvre bientôt.
We made it through the storm with minimal damage.,Nous avons traversé la tempête avec un minimum de dégâts.,Ça a fait que nous avons traversé la tempête avec des dégâts minimes.
"Sharing with a mate from uni, who has since moved.",Je partageais le logement avec un ami de l'université qui a déménagé depuis.,Ça a été partagé avec un camarade d'université qui s'est depuis déplacé.
Come Undone: Romance Stories Inspired by the Music of Duran Duran,Come Undone : Histoires d'amour inspirées par la musique de Duran Duran,Ça se détache : Histoires d'amour inspirées par la musique de Duran Duran
And now he was planning to leave her behind and farm some dry land somewhere a million miles away.,"Et maintenant, il prévoyait de la laisser derrière lui et de cultiver une terre aride quelque part à un million de kilomètres d'ici.","Ça faisait maintenant un an qu'il était parti, et maintenant il avait l'intention de la laisser derrière lui et de s'installer sur un terrain sec quelque part à un million de lieues de là."
"I squirt a generous amount over my fingers and slick his cock, encouraging him to pump into my hand.","J'en verse une quantité généreuse sur mes doigts et j'enduis sa bite, l'encourageant à pomper dans ma main.","Je verse une quantité généreuse sur mes doigts et les lisse sur sa queue, lui encouragement à pousser dans ma main."
Inna might have her already.,Inna l'avait peut-être déjà attrapé.,Ça pourrait être déjà fait.
"The first time that he'd heard her humming, he'd squeezed his eyes shut and waited for the pain to explode in his head, only to have the soft, hypnotic sound slowly lull him to sleep.","La première fois qu'il l'avait entendu, il avait fermé ses yeux et attendu que la douleur explose dans sa tête, mais ce fut le contraire.","Ça faisait déjà un moment qu'il l'entendait chuchoter, il avait fermé les yeux et attendu que la douleur explose dans sa tête, mais le son doux et hypnotique l'avait lullé."
Towering clouds formed a barricade of weather that was bound to bring a lot of wind and rain to the little island.,Des nuages imposants formaient une enceinte climatique qui allait certainement apporter beaucoup de vent et de pluie sur la petite île.,Les nuages élevés formaient un barricade de météo qui allait amener beaucoup de vent et de pluie sur l'île.
She turned the page and found herself frowning as she went through the rest of the list and decided that perhaps she should just get started when she realized that there was a third page.,Elle décida qu'elle ferait mieux de commencer lorsqu'elle réalisa qu'il y avait une troisième page.,Elle tourna la page et fronça les sourcils en parcourant le reste de la liste et décida qu'elle devrait juste commencer lorsqu'elle réalisa qu'il y avait une troisième page.
His heart sped as he realized the potential that hung heavily in the moment.,Son cœur s'accéléra lorsqu'il réalisa le potentiel qui planait sur ce moment.,Son cœur battait plus vite lorsqu'il réalisa le potentiel qui pendait lourdement dans ce moment.
"Tears flowed down Mari's cheeks, mixed with the rainfall and the seawater.","Les larmes coulaient sur les joues de Mari, se mêlant à la pluie et à l'eau de mer.","Les larmes coulèrent sur les joues de Mari, mêlées à la pluie et à l'eau de mer."
"You're foolish to try.""",C'est idiot d'essayer.,Ça te fait une bête de t'essayer.
"""I want to take you somewhere you've been dying to go.",Je veux te faire plaisir et t'emmener dans un endroit où tu meurs d'envie d'aller.,Ça m'a fait envie de te mener quelque part où tu auras envie de t'y rendre.
"He's been eye-fucking me since the moment he walked in the door, and I'm finding it harder and harder to resist him with every pull from my glass.","Il me fait de l'œil depuis qu'il a franchi la porte, et j'ai de plus en plus de mal à lui résister à chaque fois que je bois un verre.","Ça fait que ça y est depuis qu'il est entré, et je trouve de plus en plus difficile de résister à lui avec chaque verre que je bois."
"""The only room I can stand to be in, really, is my bedroom.""","La seule pièce que je peux supporter, c'est ma chambre à coucher.","Ça, c'est la seule pièce où je peux me tenir, vraiment."
She owes me and she knows it.,Elle me doit quelque chose et elle le sait.,Ça lui revient et elle le sait.
His expression is sober.,Son expression est sérieuse.,Son expression est sérieuse.
Though the hostage thing might work.,Bien que la prise d'otage semblât être une bonne idée.,Ça pourrait marcher avec l'hôteage.
"His eyes lock on the place where our bodies join, his expression positively feral.","Ses yeux se fixent sur l'endroit où nos corps se rejoignent, son expression est positivement féroce.","Ses yeux se fixent sur le point où nos corps se rejoignent, son expression est positivement féroce."
"Hopefully, the repair wouldn't delay closing on the bar's sale.","Avec un peu de chance, la réparation ne retarderait pas la conclusion de la vente du bar.",Ça ne retarderait pas la vente du bar.
"He didn't know how long they sat on the couch holding each other, but it felt like forever.","Il ne savait pas combien de temps ils étaient restés assis sur le canapé à se serrer l'un contre l'autre, mais cela lui a semblé une éternité.","Ça durait depuis des heures qu'ils s'étaient assis sur le canapé, les bras autour de chacun."
He had to be at work in a few hours.,Il devait être au travail dans quelques heures.,Ça faisait quelques heures qu'il devait être au travail.
"He rubbed his arm, trying to stop the itching that suddenly overtook his skin.","Il se frotta le bras, essayant d'arrêter les démangeaisons qui envahissaient soudain sa peau.","Il se frotta le bras, essayant d'arrêter l'ivresse qui s'emparait soudain de sa peau."
"I hadn't even known he'd been paying attention, since he'd been distracted then too.","Je ne savais même pas qu'il était attentif, puisqu'il avait été distrait à ce moment-là aussi.","Ça ne m'avait pas fait attention, car il était déjà distrait à l'époque."
It was honestly the perfect job for her.,"Pour être honnête, c'était le travail idéal pour elle.",Ça était vraiment le travail idéal pour elle.
He stumbled across the room and put his palms against the wooden door.,Il traversa la pièce en titubant et posa ses paumes contre la porte en bois.,Il s'échoua dans la pièce et posa ses mains contre la porte en bois.
"She'd worked hard making the Mermaid's Purse a success, and it wasn't fair that her work was threatened both by a hurricane and by Chase's demonsat the same time.","Elle avait travaillé dur pour faire de la Bourse de la Sirène un succès, et il n'était pas juste que son travail soit menacé à la fois par un ouragan et par les démons de Chase, en même temps.","Ça faisait longtemps qu'elle travaillait dur pour faire du Mermaid's Purse un succès, et ça n'était pas juste que son travail soit menacé à la fois par un ouragan et par les démons de Chase."
"""Sorry, I wasn't thinking.","Désolé, je n'ai pas réfléchi.","Ça va, je n'étais pas concentré."
"He nibbled at her earlobe, his hot breath sending shivers down her torso and into her legs.","Il lui mordilla le lobe de l'oreille, son souffle chaud faisant frissonner sa poitrine et ses jambes.","Il mordit sa lèvre, son souffle chaud lui donnant des frissons le long de son torse et de ses jambes."
"By diver man's family.""",Par la famille du plongeur.,Ça vient de la famille du plongeur.
"I feel his body jolt beneath mine, muscles going rigid.","Je sens son corps tressaillir sous le mien, ses muscles se raidissent.","Je sens son corps se tordre sous le mien, ses muscles se rigident."
"""And I'm sure that there was a good reason why you didn't contact my office,"" Devyn said, moving to return his attention to the woman that hadn't been happy when she'd discovered that he'd planned on doing this audit in person.","Et je suis sûr qu'il y a une bonne raison pour laquelle vous n'avez pas contacté mon bureau, dit Devyn, reportant son attention sur la femme qui n'avait pas été heureuse d'apprendre qu'il avait prévu de faire cet audit en personne.","Ça m'a fait rire, et je suis sûr que j'ai une bonne raison de ne pas avoir contacté votre bureau, dit Devyn, retournant son attention à la femme qui n'avait pas été heureuse de découvrir qu'il avait prévu de faire l'audit en personne."
He'd showered and his damp hair stood in spikes.,Il s'était douché et ses cheveux humides se dressaient en épis.,Il s'était douché et ses cheveux humides se dressaient en épis.
"This is my kingdom, my domain.","C'est mon royaume, mon domaine.","Ça fait partie de mon royaume, de mon domaine."
"Maybe you can reach me.""",Tu pourras peut-être m'atteindre.,Ça peut être que tu pourras me joindre.
"""When she finally shows up, tell her that Devyn MacGregor, CEO of Carta Hotels, is here to do an inspection,"" Devyn said evenly.","Lorsqu'elle se présentera enfin, dites-lui que Devyn MacGregor, PDG des Hôtels Carta, est ici pour une inspection, dit Devyn d'un ton calme.","Ça va falloir un peu de temps, mais quand elle arrivera, dis-lui que Devyn MacGregor, PDG des Hôtels Carta, est là pour faire une inspection, dit-il d'une voix calme."
"""I wish we could've evacuated.""",J'aurai aimé qu'on évacue.,Ça me ferait plaisir d'avoir pu évacuer.
"As in, people actually have some.","En fait, les gens ont des attentes, tout simplement.",Ça veut dire que les gens en ont.
"I follow him back to the booth, where I'd been in the middle of setting up my next block of songs.","Je le suis jusqu'au studio, où j'étais en train d'installer mon prochain bloc de chansons.","Je le suis jusqu'au studio, où j'étais en train de préparer le prochain bloc de chansons."
"This time, I can't stop the shiver that races down my spine.","Cette fois, je ne peux pas arrêter le frisson qui me parcourt l'échine.","Ça, je ne peux plus m'empêcher de frissonner le long de ma colonne vertébrale."
"""Practice like this?""",S'entraîner comme ça ?,"Ça s'appelle ""pratiquer comme ça ?"""
"She moaned, then tipped her head back to give him access, her tongue tangling with his larger one.","Elle gémit, puis bascula sa tête en arrière pour lui donner un accès total, sa langue s'emmêlant avec celle plus imposante de Chase.","Ça lui donnait envie, elle renversa la tête pour lui donner accès, sa langue se tanglant avec la sienne plus grande."
"His ears are turning red, and his hands flutter a bit when he reaches for the pita bread.",Ses oreilles rougissent et ses mains s'agitent un peu lorsqu'il attrape le pain pita.,Ses oreilles sont rouges et ses mains tremblent un peu lorsqu'il attrape le pain pita.
"His name is Inna.""",Il s'appelle Inna.,Ça s'appelle Inna.
"""This must have cost a fortune,"" I tell him, pouring another glass.","Cela a dû coûter une fortune, lui dis-je en me versant un autre verre.","Ça doit avoir coûté une fortune, lui dis-je en remplissant un autre verre."
He's a good teacher.,C'est un bon professeur.,Ça fait un bon professeur.
She leaned over the railing and pretended to look at the dune.,Elle se pencha sur la balustrade et fit semblant de regarder la dune.,Elle se pencha sur la balustrade et feignit regarder la dune.
"The puppies were adorable,"" Andi said with a solemn nod, making him chuckle as she handed the chocolate bar over to him so that she could grab the notebook that he wasn't allowed to touch after he'd made the mistake of marking a page by folding a corner so that he could come back to it later.","Les chiots étaient adorables, déclara Andi avec un hochement de tête solennel, le faisant rire alors qu'elle lui tendait la barre de chocolat afin de pouvoir saisir le carnet qu'il n'avait pas le droit de toucher après avoir commis l'erreur de marquer une page en pliant un coin pour pouvoir y revenir plus tard.","Ça faisait rire Andi, qui lui tendit le barreau de chocolat pour qu'il puisse prendre la note qu'il n'était pas autorisé à toucher après avoir commis l'erreur de marquer une page en pliant un coin pour revenir plus tard sur ce point."
Wouldn't that make leaving much easier for him?,Cela ne rendrait-il pas son départ plus facile ?,Ça ne le rendrait-il pas plus facile à quitter ?
"Her face didn't hide the pain in her heart, the pain he hadn't noticed before.","Son visage ne cachait pas la douleur au fond de son cœur, une douleur qu'il n'avait pas remarquée auparavant.","Son visage ne cachait pas la douleur dans son cœur, la douleur qu'il n'avait pas remarquée auparavant."
"""Before the transfer finished coming through, they attempted to authorize a transfer, but the authorization for the transfer came into question and our accounting department flagged it.""","Avant que le transfert ne soit terminé, ils ont tenté d'autoriser un transfert, mais l'autorisation a été remise en question et notre service comptable l'a signalé.","Ça a commencé par une tentative d'autorisation de transfert, mais l'autorisation du transfert a été remise en question et notre service comptabilité l'a signalé."
"A few drops of water from the structure over them rained down at the motion and she ducked her head, laughing.",Quelques gouttes d'eau provenant de la structure qui les surplombait tombèrent à cause du mouvement et elle baissa la tête en riant.,"Ça fait quelques gouttes d'eau de la structure qui tombent sur eux à cause du mouvement, elle bascule la tête en riant."
"""We...don't really talk.""",Nous... ne nous parlons pas vraiment.,Ça... on ne parle pas vraiment.
I get out and jog around the car to grab his hands.,Je sors et contourne la voiture pour lui prendre les mains.,Ça me fait rire.
And it isn't something I've ever shared with anyone else.,Et ce n'est pas un secret que je n'ai jamais partagé avec quelqu'un d'autre.,Ça n'est pas quelque chose que je n'ai jamais partagé avec personne d'autre.
Her head swam and she struggled to keep herself under control.,Sa tête s'était mise à tourner et elle luttait pour garder le contrôle.,Son tête tournait et elle lutta pour se maintenir en équilibre.
"My cock bobs eagerly between us, and John's perks up to say hello.","Ma bite oscille entre nous avec impatience, et celle de John se réveille pour dire bonjour.","Ma bite se détend entre nous, et celle de John se redresse pour saluer."
And I mean he really listens as the singer promises not to let him drown in whatever is troubling him.,"Et, par-là, j'entends qu'il écoute vraiment, car le chanteur lui promet de ne pas le laisser se noyer dans ce qui le trouble.","Ça, c'est vraiment ça, et le chanteur promet de ne pas le laisser noyer dans ce qui le trouble."
"His back is to me, shoulders scrunched up to his ears.","Il me tourne le dos, les épaules haussées jusqu'aux oreilles.","Son dos est tourné vers moi, ses épaules sont plissées jusqu'aux oreilles."
A fucking hurricane was outside his window and he was thinking about getting laid?,Un putain d'ouragan était derrière sa fenêtre et il pensait à s'envoyer en l'air,Ça faisait un putain de ouragan dehors sa fenêtre et il pensait à se faire baiser ?
"He needed to stay focused, he kept reminding himself as he lay there, staring up at the ceiling as he thought about everything that was at stake, the list of hotels that they still needed to take a closer look at, and going over everything he had to do today, anything to stop thinking about the woman in the other room.","Il devait rester concentré, ne cessait-il de se rappeler alors qu'il était allongé, fixant le plafond en pensant à tout ce qui était en jeu, à la liste des hôtels qu'ils devaient encore examiner de plus près, et en passant en revue tout ce qu'il devait faire aujourd'hui, tout était bon pour cesser de penser à la femme dans l'autre pièce.","Ça faisait partie du jeu, il se disait cela en se recouchant, fixant le plafond en pensant à tout ce qui était en jeu, à la liste des hôtels qu'il fallait encore examiner de plus près, et en repassant en tête tout ce qu'il devait faire ce jour-là, n'importe quoi pour ne pas penser à la femme dans l'autre pièce."
"""Tell my mother I'll be home soon.",Dis à ma mère que je serai bientôt à la maison.,Dis à ma mère que je reviens bientôt.
He'd managed to negotiate a contract that benefitted them both.,Il avait réussi à négocier un contrat qui convenait aux deux parties.,Ça avait permis de négocier un contrat qui leur était avantageux.
"But I'm sure...""",Mais je suis sûr...,"Ça va marcher, je suis sûr de ça..."
"""But you came for another reason.""","Mais, tu es venue pour une autre raison.","Ça, c'est pour une autre raison."
"Grinning, I queue up Coldplay's Always in My Head.","En souriant, je mets en file d'attente Always in My Head de Coldplay.",Je souris et je mets en file d'attente Always in My Head de Coldplay.
"""He's here,"" Dyer's voice trails off.","Il est là, dit Dyer d'une voix étouffée.","Ça va, dit Dyer, laissant planer sa voix."
"""Only when I talk to you,"" she said, blinking up at him before following that up with, ""What did you do for Christmas?""","Seulement quand je te parle, dit-elle, clignant des cils avant de poursuivre :","Ça ne se passe que quand je te parle, dit-elle, clignant des yeux avant de poursuivre : ""Qu'est-ce que tu as fait pour Noël ?"""
I know he'll leave marks on my skin.,Je sais qu'il laissera des marques sur ma peau.,Ça me fera des traces sur la peau.
Anything you fucking want!,"Tout ce que tu veux, putain !",Ça t'intéresse ?
"I always have these harebrained schemes that seem like great ideas...at the time.""",J'ai toujours ces projets farfelus qui semblent être de bonnes idées... sur le moment.,Ça me passe toujours par la tête de ces idées folles qui semblent être des idées géniales... à l'époque.
"But there isn't much of a demand for them anymore.""",Mais il n'y a plus beaucoup d'offres pour ce métier.,Ça n'y a plus grand-chose à faire.
He and the unpowered wheel were both broken by storms.,Lui et la roue sans moteur avaient tous deux étés brisés par les tempêtes.,Ça et la roue non motorisée avaient tous les deux été brisés par les tempêtes.
They'd be lucky to have power by morning if the storm held true to predictions.,Ils auront de la chance d'avoir de l'électricité le matin si la tempête se maintient.,"Ça leur faudrait du bonheur pour avoir de l'électricité le matin, si la tempête se comportait comme prévu."
"But with John, I want the circle of his strong arms around me.","Mais avec John, je veux le cercle de ses bras forts autour de moi.","Ça, c'est avec John que je veux que le cercle de ses bras forts m'entourent."
It's the first genuine laugh I've had all week.,C'est le premier vrai rire que j'ai eu de toute la semaine.,Ça fait le premier rire sincère que j'ai eu cette semaine.
"I know she'd take me up on any offer I made her, and she knows I know.","Je sais qu'elle accepterait n'importe quelle offre que je lui ferai, et elle sait que je le sais.","Ça me dit qu'elle accepterait tout ce que je lui proposerai, et elle sait que je sais ça."
"""Sorry you're stuck spending the night with me.""","Désolée que tu sois coincé ici, obligé de passer la nuit avec moi.","Ça va, tu vas passer la nuit avec moi."
"Might be the last hot meal you get for a while.""",C'est peut-être le dernier repas chaud que tu auras avant longtemps.,Ça pourrait être le dernier repas chaud que tu auras pendant un certain temps.
"""Is that a hint of jealousy I see?""",Est-ce une pointe de jalousie que je sens ?,Ça sent un soupçon de jalousie ?
I suck the tip of his index finger into my mouth and run my tongue over it.,J'aspire le bout de son index dans ma bouche et passe ma langue dessus.,Je suis suçant le bout de son index dans ma bouche et je le froisse avec ma langue.
A little pain would divert the fear in his gut.,Un peu de douleur détournerait la peur qui le tenaillait.,"Ça lui ferait un peu de mal, mais ça détournerait la peur qui le gonflait."
"One of his denim-clad legs is folded beneath him, the other stretched toward me.","L'une de ses jambes vêtue de denim est repliée sous lui, l'autre tendue vers moi.","Un de ses jambes en denim est pliée sous lui, l'autre s'étend vers moi."
You'd think I'd never been touched before.,On pourrait croire que je n'ai jamais été touché auparavant.,Ça me ferait croire que je n'avais jamais été touché auparavant.
"She met his tongue with her own, wishing to tell him everything she'd kept secret from him.","Elle rencontra sa langue avec la sienne, souhaitant lui dire tout ce qu'elle avait gardé secret.","Elle rencontra sa langue avec la sienne, désirant lui raconter tout ce qu'elle avait gardé secrète."
"""I know plenty about you,"" he assured her as he swiped to the next email.","Je sais beaucoup de choses sur vous, lui assura-t-il alors qu'il passait à l'e-mail suivant.","Ça m'est bien connu, lui assura-t-il en passant à l'email suivant."
"""I need to get back,"" John says, abruptly.","Je dois rentrer, dit John brusquement.","Ça me faut, dit John, brusquement."
As always.,Comme toujours,Ça va toujours être comme ça.
"""Yes,"" Andi murmured, snuggling in closer until he took the hint and carefully wrapped his arm around her and pulled her closer.","Oui, murmura Andi, se blottissant plus près jusqu'à ce qu'il comprenne l'allusion et l'entoure soigneusement de son bras pour l'attirer plus près de lui.","Ça va, murmura Andi, s'approchant de lui jusqu'à ce qu'il prenne le bâton et qu'il l'entoure de son bras avec précaution, la rapprochant de lui."
"It's been weeks.""",Ça fait des semaines.,Ça fait des semaines.
Nothing he'd like better than to lay her down and make love to her again and again.,Rien ne lui plairait plus que de l'allonger et de lui faire l'amour encore et encore.,Ça ne lui plairait pas mieux que de la mettre à terre et de l'aimer à nouveau et à nouveau.
"""As long as the surge doesn't get too much bigger than they predict, we'll be okay.","Tant que l'onde de tempête n'est pas plus forte que ce qu'ils prévoient, tout ira bien.",Ça va marcher tant que le mouvement de marée ne sera pas trop important.
"I can tell, just listening to him, how much teaching there meant to John.","Je peux dire, rien qu'en l'écoutant, à quel point l'enseignement a compté pour John.","Ça me dit, juste en l'écoutant, à quel point l'enseignement était important pour John."
"""So, about dinner...""","Alors, à propos du dîner...","Ça va, à propos du dîner..."
Flames licked at the pre-dawn sky and heat radiated from the structure.,Les flammes léchaient le ciel d'avant l'aube et la chaleur irradiait de la structure.,Les flammes léchaient le ciel avant le lever du jour et la chaleur s'échappait de la structure.
"She'd never been through a tornado, if that's what it was, and she never wanted to experience it again.","Elle n'avait jamais traversé de tornade, si c'était bien de cela qu'il s'agissait, et elle ne voulait plus jamais en faire l'expérience.","Ça n'était pas un tornade, si c'était ça, et elle n'avait jamais voulu le rencontrer à nouveau."
"Once she and Chase were married, of course, and his mom was her mother-in-law.","Une fois qu'elle et Chase seraient mariés, bien sûr, et que sa mère serait sa belle-mère.","Ça allait changer une fois qu'ils seraient mariés, bien sûr, et que la mère de Chase serait sa belle-mère."
"As long as you know it isn't accurate.""",Tant que tu sais que ce n'est pas vrai.,"Ça suffit, tant que tu sais que ce n'est pas exact."
I'm not ever marrying you.,Je ne me marierai jamais avec toi.,Ça ne se passera jamais.
"""Do you want me to stop, or do you want more?"" I'm pressing in, even as I ask the question.",Tu veux que je m'arrête ou tu veux plus ?,Ça suffit ? Ou veux-tu plus ?
"Nodding absently, Andi returned her attention to the bear and-","Hochant la tête distraitement, Andi reporta son attention sur l'ours et...",Andi retourna son attention au ours et...
"""I'm taking you to dinner, Miss Dawson,"" Devyn said, smiling as he slowly brushed his lips against hers one last time before he stood up as she sent a panicked gaze at the window and-","Je vous emmène dîner, Mlle Dawson, dit Devyn en souriant et en effleurant lentement ses lèvres une dernière fois avant de se lever, alors qu'elle jetait un regard paniqué vers la fenêtre et...","Ça va être un dîner, Mlle Dawson, dit Devyn, souriant tandis qu'il effleurait lentement ses lèvres une dernière fois avant de se lever alors qu'elle envoya un regard paniqué vers la fenêtre et..."
"""It's been called that for as long as I remember.""",On l'appelle ainsi depuis aussi longtemps que je m'en souvienne.,Ça s'appelle ça depuis que je me souviens.
"His expression is so open, so vulnerable, and it brushes up against a tender spot near my heart.","Son expression est si ouverte, si vulnérable, et elle effleure un point sensible près de mon cœur.","Son expression est si ouverte, si vulnérable, et elle frappe un point sensible près de mon cœur."
Kill me now.,Tuez-moi sur le champ !,Ça me tue maintenant.
"He was still incredibly handsome, Andi thought as she debated pointing out that he should be back in bed.","Il était toujours très beau, se dit Andi tout en se demandant si elle devait lui dire de retourner au lit.","Ça faisait toujours un homme incroyablement beau, pensa Andi alors qu'elle hésitait à lui dire qu'il devrait revenir au lit."
"""You're a child of the eighties, aren't you?""","Tu es un enfant des années quatre-vingt, n'est-ce pas ?","Ça fait un enfant des années 80, n'est-ce pas ?"
"He blamed himself for Luke's death, and the passage of time hadn't lessened his feelings in the least.","Il se sentait responsable de la mort de Luke, et le temps qui passait n'avait en rien atténué ses sentiments.","Il se blâma pour la mort de Luke, et le temps n'avait pas atténué ses sentiments."
"After what happened with Luke, then the mess with Kelly.","Après ce qui s'est passé avec Luke, puis avec Kelly","Ça fait déjà un moment que Luke est parti, puis ça avec Kelly."
"I'm a little peeved at the orphaned butterfly that flutters in my stomach when I see his photo on my screen, shirtless and glistening by the pool.","Je suis un peu fâché par le papillon solitaire qui palpite dans mon estomac quand je vois sa photo sur mon écran, torse nu et luisant au bord de la piscine.","Ça me pique un peu le bout du nez de l'abeille orpheline qui flotte dans mon estomac lorsque je vois sa photo sur mon écran, sans chemise et brillant autour de la piscine."
"Then, they'd bring those skills back to North Carolina and run a bar and, with the proceeds, eventually open a diving school for civilians.","Ensuite, ils ramèneraient leurs compétences en Caroline du Nord, tiendraient un bar et, avec les bénéfices, ouvriraient éventuellement une école de plongée pour les civils.","Ça leur permettrait de revenir en Caroline du Nord et d'ouvrir un bar, avec les bénéfices d'investir dans une école de plongée pour les civils."
"I feel myself opening already, anticipating him.","Je me sens déjà en train de m'ouvrir, je l'attends.","Ça me fait déjà ouvrir, l'anticipant."
Anthologies:,Anthologies :,Anthologies :
"At least, for now.",Du moins pour l'instant,"Ça, pour l'instant."
"John was right when he said the man was handsome, but he doesn't hold a candle to my brawny lad.","John avait raison quand il a dit que l'homme était beau, mais il n'arrive pas à la cheville de mon mec musclé.","Ça vaut bien le coup de dire que cet homme est beau, mais il n'est pas aussi beau que mon gosse."
"She ran her gaze from the small bandage covering the cut on his temple that was probably going to leave a small scar down to the dark bruise that ran from his temple to his jaw, absently noting that it was beginning to fade.","Elle promena son regard sur lui, allant du bandage qui recouvrait sa coupure à la tempe et qui allait sûrement laisser une cicatrice, à l'ecchymose sombre qui courait de sa tempe à sa mâchoire.","Elle parcourut son regard du petit bandage recouvrant la blessure sur son front, qui allait probablement laisser une petite cicatrice, jusqu'à la bruise sombre qui courait du front à la mâchoire, remarquant distraitement qu'elle commençait à s'estomper."
"""Maybe a few shingleshard to tell.""","Peut-être quelques bardeaux, c'est difficile à dire.",Ça pourrait y avoir quelques éclats de tuile.
"Then again, none of this made any sense.","En même temps, rien de tout ceci n'avait aucun sens.",Ça n'avait aucun sens.
"I think it's the one thing I was put on this earth to do.""",Je pense que c'est la seule chose pour laquelle j'ai été mis sur cette terre.,"Ça, c'est la chose que j'ai été mis sur terre pour faire."
"""You're gorgeous, successful, grounded...""","Tu es magnifique, tu as du succès, tu as les pieds sur terre...","Ça va, tu es magnifique, tu es réussi, tu es bien ancrée..."
And then I'm out like a spent match.,Et puis je m'éteins comme une allumette usée.,Ça fait que je suis comme une allumette éteinte.
"I'm not in love with him, but I still love him.","Je ne suis pas amoureux de lui, mais je l'aime toujours.","Ça ne m'a pas rendu amoureux, mais je lui aime toujours."
He's a jolly sort. A kind of Sicilian Santa Claus.,Une sorte de Père Noël sicilien.,Ça fait rire.
"I'll stay a few days and visit, as long as my shop is still fine.","Je resterai quelques jours pour visiter, tant que mon magasin va bien.","Ça durera quelques jours et je visiterai, tant que ma boutique sera en état."
"""I'm cautiously optimistic,"" he hedged, taking a sip of apple juice as he pulled his phone back out of his pocket.","Je suis prudemment optimiste, nuança-t-il avant de prendre une gorgée de jus de pomme et de reprendre son téléphone.","Ça me fait un peu de peur, mais je suis optimiste, répondit-il en buvant une gorgée de jus de pomme tout en sortant son téléphone de sa poche."
They almost reached the beach stairs when he stopped.,Ils avaient presque atteint les escaliers de la plage lorsqu'il s'arrêta.,Ça faisait presque deux ans qu'ils avaient atteint la plage.
"When Devyn only glared, Lucas said, ""That's why.""","Comme Devyn se contenta de lui jeter un regard noir, Lucas dit : ""Voilà pourquoi.""","Ça, c'est pourquoi."
"It hasn't been that long.""",Ça ne fait pas si longtemps.,Ça n'a pas été si longtemps.
What the hell would he think if he found her talking to a naked man?,Que penserait-il s'il la surprenait en train de parler à un homme nu ?,Ça lui ferait quoi de trouver une femme qui parlait à un homme nu ?
"For a moment, he considered trying to make his way back to his room so that he could pass back out on his bed, but the thought of soaking in a hot bath sounded really fucking good at the moment.","Pendant un instant, il envisagea l'idée de retourner dans sa chambre et de s'évanouir encore une fois dans son lit, mais l'idée d'un bon bain chaud était tout aussi tentante à cet instant.","Il envisagea de retourner dans sa chambre pour s'endormir sur son lit, mais l'idée de se baigner dans une baignoire chaude lui semblait vraiment très agréable."
They spring out of my head in Medusa spirals that I pretend to control in the morning.,Elles jaillissent de ma tête en spirales comme Méduse que je fais semblant de contrôler le matin.,elles s'échappent de ma tête en spirales de Médée que je prétends contrôler le matin.
"""Let's simply say your father made a bet and lost.",Disons simplement que ton père a fait un pari et qu'il a perdu.,Ça veut dire que ton père a fait un pari et a perdu.
"Tied up, or of his own free will.","Attaché, ou de son plein gré.","Être attaché, ou de son plein gré."
The woman who'd pledged her life to me.,La femme qui m'avait juré de m'aimer toute ma vie.,La femme qui avait promis de donner sa vie pour moi.
Every fiber of his heart wanted to reach in and claim those lips.,Toutes les fibres de son cœur voulaient s'approcher et s'emparer de ces lèvres.,Être en contact avec ses lèvres était ce qu'il désirait le plus au monde.
"""Neither of us knew what we were doing.""",Aucun de nous ne savait ce qu'il faisait.,Ça ne nous servait à rien.
"Something is really eating at the man, and I wish I knew him well enough for me to be able to ask.","Quelque chose le ronge vraiment, et j'aimerais le connaître assez pour pouvoir le lui demander.","Ça lui fait vraiment mal, et je regrette de ne pas le connaître assez bien pour pouvoir lui demander."
"""Please don't make this more difficult than it already is.""","S'il te plaît, ne rends pas les choses plus difficiles qu'elles ne le sont déjà.",Ça ne fait pas que ça devienne plus difficile ?
"""Do I have a choice?""",Ai-je le choix ?,Êtes-vous sûr que j'ai le choix ?
"""I'll tell you about that oil portrait hanging over the bar.",Je vais te parler de cette peinture à l'huile accrochée au-dessus du bar.,"Ça, je vais te le dire."
"He'd led her on, knowing he couldn't give her what she really needed.",Il avait couché avec elle sachant qu'il ne pouvait pas lui donner ce dont elle avait vraiment besoin.,"Ça lui avait donné l'impression qu'il pouvait lui donner ce qu'elle voulait, alors qu'il savait qu'il ne pouvait pas."
"He's smiling, despite the uncertainty in his eyes.","Il sourit, malgré l'incertitude dans ses yeux.","Ça lui fait plaisir, malgré l'incertitude dans ses yeux."
It occurs to me that it's been over a month since I got laid.,Je me rends compte que cela fait plus d'un mois que je ne me suis pas envoyé en l'air.,Ça me vient à l'esprit que ce sont plus d'un mois que je n'ai pas eu de relations sexuelles.
"""Did you step on any glass?""",As-tu marché sur du verre ?,Ça a-t-il été un verre qui a brisé ?
"Are you going to leave me here and run away?""",Qu'est-ce que tu vas faire ? Tu vas me laisser ici et t'enfuir ?,Êtes-vous venu me laisser ici et te fuir ?
Chase took a bite of his sandwich then set it down.,Chase croqua une bouchée de son sandwich puis le reposa.,Chase prit une bouchée de son sandwich et la posa.
"I know she's doing what she thinks is best.""",Je sais qu'elle fait ce qu'elle pense être le mieux.,"Ça, je le sais, elle fait ce qu'elle pense être le meilleur."
"In a split second, she threw her arms around his neck and craned to kiss him, giving him a peck beneath his chin.","En une fraction de seconde, elle lui passa les bras autour du cou et se pencha pour l'embrasser, lui faisant un petit bisou sous le menton.","Dans un clin d'œil, elle passa ses bras autour de son cou et se pencha pour l'embrasser, lui donnant un baiser sous son menton."
He liked falling asleep with her in his arms more than he should.,"Il aimait, beaucoup plus qu'il ne devait, s'endormir avec elle dans ses bras.",Ça lui plaisait de s'endormir avec elle dans ses bras plus qu'il ne le devrait.
"Better grab a candle or two.""",Je ferais mieux de prendre une ou deux bougies.,Ça vaut mieux prendre une bougie ou deux.
"The mentholated cream soothed his skin as he rubbed, though he was careful not to lather near the cut.","La crème mentholée apaisa sa peau lorsqu'il frotta, bien qu'il fît attention à ne pas faire mousser la crème près de la coupure.","La crème mentholée apaisait sa peau tandis qu'il frottait, mais il s'assurait de ne pas lather à proximité de la blessure."
"""This is no time to be afraid of the ocean.",Ce n'est pas le moment d'avoir peur de l'océan.,Ça ne fait pas de bon moment pour avoir peur de l'océan.
"When the backs of his knees hit it, I release him, and he tumbles down.","Lorsque l'arrière de ses genoux le touche, je le libère et il se tomber.","Quand les genoux de son dos frappent le sol, je le lâche et il tombe."
"The crash of waves onto the sand echoed against the dunes, and the darkened skeletal remains of the pier jagged from the water.","Le fracas des vagues sur le sable résonnait contre les dunes, et les vestiges squelettiques de la jetée se détachaient de l'eau.","Le bruit des vagues qui s'écrasaient sur le sable résonna contre les dunes, et les restes squelettiques sombres de la jetée s'élevaient du fond de l'eau."
"""What do you think?"" Andi asked as she waited for Drew, her twin brother, best friend, and the man that she was counting on to tell her that she wasn't making a mistake to say something.","demanda Andi en attendant que Drew, son frère jumeau, son meilleur ami et l'homme sur qui elle comptait pour lui dire qu'elle n'était pas en train de commettre une erreur, dise quelque chose.",Ça te plaît ?
"No one would have ever put bets on finding a buyer that fast.""",Personne n'aurait jamais parié sur le fait de trouver un acheteur aussi rapidement.,Ça n'aurait jamais été possible de trouver un acheteur aussi rapidement.
Like Inna said.,Comme l'avait dit Inna.,Ça ressemble à ce que dit Inna.
"Sniffing my shirt, maybe?","Il renifle mon t-shirt, peut-être ?","Ça sentait le linge, peut-être ?"
I've never seen it before.,Je ne l'avais jamais vue auparavant.,Ça m'est inconnue.
"""He'll see me if I move it.",Il me verra si je la bouge.,Ça le fera voir s'il me déplace.
"""You called me your date.""",Tu as dit que j'étais ton rendez-vous.,Ça veut dire que tu m'as appelé ton partenaire.
"Now that the storm brought them back to reality, she could sense him tightening again with worry.","Maintenant que la tempête les ramenait à la réalité, elle sentait qu'il se crispait à nouveau d'inquiétude.","maintenant que la tempête les avait rappelés à la réalité, elle pouvait sentir qu'il se resserrait à nouveau sous le poids de ses préoccupations."
"""You like him.""",Tu l'aimes bien.,Ça te plaît.
"He knew that he was taking a chance by spending the last month on the road, but he didn't have a choice.","Il savait qu'il prenait un risque en passant le dernier mois sur la route, mais il n'avait pas le choix.","Ça faisait un mois qu'il était sur la route, et il savait qu'il prenait un risque en passant le mois à voyager, mais il n'avait pas d'autre choix."
"That couldn't be good, Andi thought even as she followed the mystery man that commandeered her interview, curious to see where this was going.","Ça ne présageait rien de bon, pensa Andi même si elle suivait l'homme mystérieux qui la convoquait pour un entretien afin de voir où tout ça la menait.","Ça ne pouvait pas être bon, pensa Andi tout en suivant l'homme mystérieux qui commandait son entretien, curieuse de voir où ça menerait."
"She kept her face buried in the couch, her ass high in the air.","Elle gardait le visage enfoui dans le canapé, les fesses en l'air.","Elle garda son visage enfoui dans le canapé, son cul en l'air."
I say this to John when he gives me his mood for the night.,C'est ce que je dis à John lorsqu'il me fait part de son humeur du soir.,"Ça, je le dis à John lorsqu'il me donne son humeur pour la soirée."
Damn the bad memories and damn his chivalry.,Au diable les mauvais souvenirs et au diable sa galanterie.,Ça fait mal les souvenirs et ça fait mal sa chevalerie.
"Biting back a disappointed sigh, Andi reluctantly stood up and followed him to the door, hoping that he'd change his mind.","Réprimant un soupir de déception, Andi se leva à contrecœur et le suivit jusqu'à la porte, espérant qu'il changerait d'avis.","Ça lui faisait mal de le laisser partir, mais Andi se leva et le suivit jusqu'à la porte, espérant qu'il changerait d'avis."
"She leaned against him, his body damp with sweat and warm.","Elle s'appuya contre lui, son corps humide de sueur et chaud.","Elle s'appuya contre lui, son corps mouillé de sueur et chaud."
"""Not me, my, uh, niece.","Pas moi, ma, euh... nièce.","Ça ne m'intéresse pas, ma, euh, nièce."
"He tried to back up, but he slid, his feet not gaining any traction on the shifting mess.","Il essaya de reculer, mais il glissa, ses pieds n'ayant aucune prise sur le sable mouvant.","Il essaya de reculer, mais il glissa, ses pieds ne trouvant aucune prise sur le brouillard."
"If only she knew how to ease his grief about his brotherthen, she might be able to get his attention on other things, like living.","Si seulement elle savait comment soulager son chagrin à propos de son frère, elle pourrait alors attirer son attention sur d'autres choses, comme vivre.","Ça lui aurait permis de se détendre sur le sujet de son frère, et elle aurait pu attirer son attention sur d'autres choses, comme la vie."
But she was old enough and independent enough to do this on her own.,Mais elle était assez âgée et indépendante pour le faire toute seule.,"Ça faisait déjà un an qu'elle était à l'université, elle était assez âgée et assez indépendante pour faire ça tout seule."
"""John, please, oh please, tell me you've had sex in the last eight years.""","John, s'il te plaît, oh s'il te plaît, dis-moi que tu as fait l'amour au cours des huit dernières années.","Ça, John, s'il te plaît, s'il te plaît, dis-moi que tu as eu des relations sexuelles dans les huit dernières années."
Focus on the ropes and climbing.,Elle se concentra sur les cordes et sur l'escalade.,Focaliser sur les cordes et l'escalade.
"""I'm glad you did,"" I admit, still shaky.","Je suis content que tu l'aies fait, admets-je, encore tremblant.","Ça me fait plaisir, admets-je, encore tremblant."
"It also didn't hurt that she was always early, worked hard, never bitched or complained when he asked her to do something, didn't bother kissing his ass, and, of course, he hadn't found her curled up in the fetal position underneath her desk yet.","À ça, il fallait rajouter qu'elle arrivait toujours tôt, travaillait dur, ne se plaignait jamais quand il lui demandait de faire quelque chose, elle ne lui léchait pas les bottes, et bien sûr, il ne l'avait pas trouvé en position fœtale sous son bureau pour l'instant.","Ça ne faisait pas de mal non plus qu'elle était toujours en retard, qu'elle travaillait dur, qu'elle ne se plaindrait jamais quand il lui demandait de faire quelque chose, qu'elle ne lui faisait pas de baisers de cul, et bien sûr, il n'avait pas encore trouvé de ses os dans la position du fœtus sous son bureau."
"Still don't, but it's thick and silky as the pads of my fingers slide along the waves.","Je ne le sais toujours pas, mais ils sont épais et soyeux lorsque la pulpe de mes doigts glisse dans ses cheveux ondulés.","Ça ne le fait pas, mais il est épais et silky, comme les doigts de ma main glissent sur les vagues."
"He'd offered to put this deal on hold until after she had the twins, but she'd been determined to see this thing through to the end and-","Il lui avait proposé de mettre cette affaire en suspens jusqu'à ce qu'elle ait accouché des jumeaux, mais elle était déterminée à aller jusqu'au bout et...","Ça avait été proposé de mettre en attente ce contrat jusqu'à ce qu'elle ait donné naissance aux jumeaux, mais elle avait été déterminée à mener ce projet à son terme et..."
"Silence stretches on between us, and I feel vindicated.",Le silence s'étire entre nous et je me sens validé.,"Le silence s'étend entre nous, et je me sens justifié."
"""Chase will be back soon.",Chase sera bientôt de retour.,Chase reviendra bientôt.
The bar was covered with lit candles and Mari was whistling some unknown song and twirling around.,Le bar était couvert de bougies allumées et Mari sifflait une chanson inconnue en tournant sur elle-même.,Le bar était recouvert de bougies allumées et Mari s'enfonçait dans une chanson inconnue qu'elle chantait en faisant des tours.
"""Yes, when he left her, she was carrying his child.""","Oui, quand il l'a quittée, elle portait son enfant.","Ça va, quand il l'a quittée, elle était enceinte de lui."
"It probably wouldn't have been so bad if she'd been allowed to focus on one thing at a time, but apparently, that wasn't an option.","Elle s'en serait probablement sortie s'il lui avait permis de se concentrer sur une seule tâche à la fois, mais apparemment, c'était impossible.","Ça n'aurait pas été si mal si elle avait été autorisée à se concentrer sur une chose à la fois, mais apparemment, c'était impossible."
It wasn't too late.,Il n'était pas trop tard.,Ça n'était pas trop tard.
That should be enough water.,Il devrait y avoir assez d'eau.,Ça devrait suffire.
"""I...it's just so wrong not having you with me,"" he groans.","Je... ça fait tellement mal de ne pas t'avoir avec moi, gémit-il.","Ça... c'est juste si mal de ne pas avoir de toi avec moi, gémit-il."
"""Let me get you a towel,"" he said in his forced calm and hopefully nice voice.","Je vais te chercher une serviette, dit-il de sa voix calme et, espérait-il, agréable.","Ça me fait plaisir de te faire un douche, dit-il avec sa voix forcée et espérant qu'elle soit agréable."
"""I know, I'm too awesome to be single forever.""","Je sais, je suis trop génial pour rester célibataire toute ma vie.","Ça va, je sais que je suis trop cool pour être célibataire à jamais."
Clearly his body and mind weren't on the same page.,"Manifestement, son corps et son esprit n'étaient pas sur la même longueur d'onde.",Ça faisait clairement que son corps et son esprit n'étaient pas d'accord.
"If Chase left, she'd have to marry Inna, or run away and live in a hidden cove somewhere her tribe couldn't find her.","Si Chase partait, elle devrait épouser Inna, ou s'enfuir et vivre dans une crique cachée, quelque part où sa famille ne pourrait pas la trouver.","Si Chase partait, elle devrait épouser Inna, ou s'enfuir et vivre dans une baie cachée où son peuple ne la trouverait pas."
Twitter: @kerryadrienne,Twitter : @kerryadrienne,Twitter : @kerryadrienne
"When she'd come to shore, she'd left behind everything she'd ever known to make it on her own and sometimes the weight of that choice caused her a pang of indecision.","Lorsqu'elle était arrivée sur la terre ferme, elle avait laissé derrière elle tout ce qu'elle avait connu pour se débrouiller seule et, parfois, le poids de ce choix lui causait un sentiment de doute.","Ça faisait longtemps qu'elle était sur le rivage, elle avait laissé derrière elle tout ce qu'elle avait connu pour se construire une vie à elle seule, et parfois le poids de cette choix lui faisait des doutes."
"I know this fun house.""",Je connais ce palais du rire.,"Ça, c'est un manège."
Andi Dawson.,Andi Dawson,Andi Dawson.
"Too many to count, and yet not enough to satisfy.","Trop pour les compter, et pourtant pas assez pour les satisfaire.","Ça fait trop pour être compté, et pas assez pour être satisfait."
And arranged marriages aren't always a bad thing.,Et les mariages arrangés ne sont pas toujours une mauvaise chose.,Ça ne veut pas dire que les mariages arrangés sont toujours mauvais.
"When she came out of the bathroom, she scanned the empty bar.","En sortant de la salle de bains, elle balaya du regard le bar vide.","Quand elle sortit de la salle de bains, elle fit le tour du bar vide."
"Since he'd been standing at the railing, clouds had filled most of the sky over the ocean and crept toward the shore.","Depuis qu'il se tenait à la balustrade, les nuages avaient envahi la majeure partie du ciel au-dessus de l'océan et s'étaient rapprochés du rivage.","Depuis qu'il était debout à la balustrade, les nuages avaient rempli la majeure partie du ciel au-dessus de l'océan et avaient tendu vers la côte."
"She peeked to see what he was doing, and he held his hands up and wiggled his fingers.","Elle jeta un coup d'œil pour voir ce qu'il faisait, et il leva les mains et remua les doigts.","Ça lui faisait peur, elle regarda ce qu'il faisait et il leva les mains et commença à faire trembler les doigts."
"I moan, and suck, and lick, and nibble, and give John Burton's cock every bit of pleasure I can dream up.","Je gémis, je suce, je lèche, je mordille et je donne à la queue de John Burton tout le plaisir que je peux imaginer.","Ça me fait moaner, sucer, lécher, mordre et donner le plus de plaisir que je peux à la queue de John Burton."
"""Come on, Chase, it'll be a nice break from being cooped up in here.""","Viens, Chase, ce sera une bonne pause après avoir été enfermés ici.","Ça va être une bonne pause de ce que tu as à faire, Chase."
"My patience with you is...gone.""",Ma patience en ce qui te concerne est... épuisée.,Ça fait que ma patience avec toi est... disparue.
The merpeople were incensed at Amelia's departure and hunted down the ship.,Les habitants des mers étaient furieux du départ d'Amelia et avaient pris le bateau en chasse.,Les habitants des mers étaient en colère à cause du départ d'Amelia et poursuivaient le navire.
"God, he wasn't ready for it to end yet.","Bon sang, il n'était pas encore prêt à ce que ça se termine.","Ça, il n'était pas prêt à qu'il se termine."
"Right now, family isn't one of the positives.""","En ce moment, ma famille ne fait pas partie des choses positives.",Ça n'est pas l'un des points forts de ma vie.
"""My shop will be a complete loss.",Mon magasin est totalement foutu.,Ça va coûter cher à ma boutique.
"""I wasn't planning on going,"" Devyn said, knowing better than to waste any time on bullshit, not when he only had four months to clean this mess.","Je n'avais pas prévu d'y aller, dit Devyn qui avait mieux à faire que de perdre son temps dans ces bêtises alors qu'il n'avait que quatre mois pour tout arranger.","Ça ne m'intéressait pas, dit Devyn, sachant qu'il n'avait pas le temps de perdre du temps avec des choses qui n'avaient aucune importance."
"A small, tight eye meant a strong, well-organized storm.",Un oeil de cyclone de petite taille était synonyme d'une tempête forte et rigoureuse.,"Ça faisait un petit œil fermé, c'était un petit orage bien organisé."
This has been a sore spot for us ever since the beginning.,"Depuis le début, c'est un point sensible entre nous.",Ça a été un point d'orgue pour nous depuis le début.
What kind of relationship would that be?,Quel genre de relation cela serait-il ?,Ça ferait quelle sorte de relation ?
"Right now, I watch John float back to earth.","Pour l'instant, je regarde John revenir sur terre.","Ça, je le regarde. John revient à la terre ferme."
Desperately.,Désespérément.,Desespérément.
"I prefer to remain anonymous online.""",Je préfère rester anonyme en ligne.,Ça me plaît de rester anonyme en ligne.
"Overbearing, sometimes.","Trop autoritaire, parfois.",Ça peut être oppressant parfois.
"You've mentioned it a few times.""",Tu l'as mentionné plusieurs fois.,Ça a été mentionné à plusieurs reprises.
"John looks over my head, and the scent of falafel fills my nose as the waiter reaches around me and sets our lunch orders on the table.",John regarde par-dessus ma tête et l'odeur des falafels m'emplit le nez lorsque le serveur me contourne et dépose nos commandes sur la table.,"John regarde par-dessus mon tête, et le parfum de falafel remplit mon nez lorsque le serveur passe derrière moi et pose nos commandes de déjeuner sur la table."
Plenty of stuff in the kitchen.,Il y a plein de choses dans la cuisine.,"Ça y est, il y a beaucoup de choses dans la cuisine."
She had to make sure that wouldn't happen.,Elle devait s'assurer que cela n'arriverait pas.,Ça ne pouvait pas arriver.
"At first, he thought it was some kind of sick joke played on him when he was drunk, and he'd tried to scrub it off, thinking it might be ink pen.","Au début, il avait cru qu'il s'agissait d'une mauvaise blague qu'on lui avait faite lorsqu'il était ivre, et il avait essayé de l'effacer en pensant qu'il s'agissait peut-être d'encre de stylo.","À première vue, il avait pensé qu'il s'agissait d'une blague maladive jouée sur lui lorsqu'il était ivre, et il avait essayé de l'effacer, pensant qu'il s'agissait d'un stylo à l'encre."
"He really got into the Artic Monkeys.""",Il a vraiment aimé les Arctic Monkeys.,Ça lui a vraiment plu les Arctic Monkeys.
"She wanted to memorize his every move, capture every touch and preserve the moments when they came together as one.","Elle voulait mémoriser chacun de ses mouvements, capturer chaque contact et immortaliser les moments où ils ne faisaient qu'un.","Elle voulait mémoriser tous ses mouvements, capturer chaque contact et conserver les moments où ils se rejoignaient en un seul être."
He couldn't let her get him more upset.,Il ne pouvait pas la laisser l'énerver davantage.,Ça ne pouvait pas le laisser se mettre plus en colère.
"""I'm not ready yet,"" she said.","Je ne suis pas encore prête, dit-elle.","Ça ne va pas, dit-elle."
"Not really caring how it got there, Andi grabbed her bag and-","Sans se soucier de la façon dont il était arrivé là, Andi l'attrapa et...","Ça n'avait pas vraiment d'importance de savoir comment ça était arrivé là, Andi saisit son sac et..."
"I've only turned on two of the lamps in my living room, and the walls merely glow softly around us.","Je n'ai allumé que deux des lampes de mon salon, et les murs se contentent de diffuser une douce lueur autour de nous.","Je n'ai allumé que deux lampes dans mon salon, et les murs luminescent doucement autour de nous."
I'm only half-serious.,Je ne suis qu'à moitié sérieux.,Ça ne me regarde que de moitié.
"She scampered after him, her flip-flops squeaking on the floor as she tried to run through the mirrored maze without tripping or falling or knocking over mirrors.","Elle lui emboita le pas, ses tongs crissant sur le sol alors qu'elle essayait de courir à travers le labyrinthe de miroirs sans trébucher, tomber ou renverser les miroirs.","Ça lui faisait peur, elle le suivit, ses claquettes s'entrechoquaient sur le sol alors qu'elle essayait de courir dans le labyrinthe de miroirs sans tomber ou fracasser des miroirs."
"""Music speaks to me,"" I find myself saying.","La musique me parle, me trouvé-je à dire.","Ça me parle de la musique, me dis-je."
Nicki takes a sudden interest in the papers on her desk.,Nicki s'intéresse soudain aux papiers posés sur son bureau.,Nicki s'intéresse soudain aux papiers sur son bureau.
"""That's better, now drink this.""","C'est mieux, maintenant bois ça.","Ça va mieux, bois ça maintenant."
"""I don't think I've heard it,"" John admits.","Je ne pense pas l'avoir entendu, admet John.","Ça ne m'a pas été dit, admis John."
"So far, the only thing that they knew was that whoever was behind it had access, which meant that every member of the board and several high-ranking executives at the company was a suspect.","Jusqu'à présent, la seule chose qu'ils savaient, c'était que la personne qui était derrière tout ça avait un accès à la gestion des Hôtels Carta, ce qui signifiait que tous les membres du conseil d'administration et plusieurs cadres supérieurs de l'entreprise étaient suspects.",Ça ne faisait qu'ajouter des suspects au nombre des personnes impliquées dans cette affaire.
"""I don't know,"" he yelled.","Je ne sais pas, cria-t-il.","Ça me fait rire, dit-il."
Chapter 19,Chapitre 19,19e chapitre
But she knew what she didn't want.,"Mais, elle savait ce dont elle ne voulait pas.","Ça, elle le savait."
"I'll tell you about the painting later.""",Je te parlerai du tableau plus tard.,"Ça, je t'en dirai plus tard."
"There's nothing here for you anymore.""",Il n'y a plus rien ici pour toi.,Ça ne te sert plus de rien.
"""Nothing changed, except maybe my ability to deny the truth.","Rien n'a changé, sauf peut-être ma capacité à nier la vérité.","Ça n'a pas changé, à part peut-être ma capacité à nier la vérité."
"The water, cool for September, pushed and pulled at her until she was over waist deep.","L'eau, fraîche pour un mois de septembre, la poussait et la tirait jusqu'à ce qu'elle ait dépassé sa taille.","L'eau, fraîche pour septembre, la poussa et la tirait jusqu'à ce qu'elle soit au-dessus de la taille."
"The moon is nearly full, waxing or waning I don't know, but it's bright.","La lune est presque pleine, je ne sais pas si elle est croissante ou décroissante, mais elle est brillante.","La lune est presque pleine, je ne sais pas si elle est en croissance ou en récession, mais elle est brillante."
"When the wet heat of John's mouth surrounds me for the first time, I know that I'm going to embarrass myself.","Lorsque la chaleur humide de la bouche de John m'entoure pour la première fois, je sais que je vais me ridiculiser.","Quand la chaleur humide de la bouche de John m'entoure pour la première fois, je sais que je vais me faire honte."
"He must have figured out where we went.""",Il a dû comprendre où on était allés.,Ça doit lui avoir donné l'idée de où nous étions allés.
"""I promise I won't let anything happen to you.""",Je te promets que je ne laisserai rien t'arriver.,"Ça, je le promets, je ne te laisserai rien arriver."
And I'm a little tongue-tied when he leans down and leaves a soft kiss on my cheek before he sits in the chair across from me.,Et je reste muet lorsqu'il se penche et dépose un doux baiser sur ma joue avant de s'asseoir sur la chaise en face de moi.,Ça me fait un peu tressaillir quand il se penche et dépose un doux baiser sur ma joue avant de s'asseoir dans le fauteuil en face de moi.
He'd be on a boat. On the water.,Il serait sur un bateau.,"Ça, c'était sur un bateau. Sur l'eau."
"""I'll see you before I leave tomorrow.""","On se verra demain, avant mon départ.","Ça va, je te vois avant de partir demain."
"His other arm boasted some type of navy diver tattoo, faded and smudged.","Son autre bras arborait une sorte de tatouage de plongeur de la Marine, délavé et abîmé.","Son autre bras portait un tatouage d'un plongeur de la marine, effacé et taché."
"""We have more important things to discuss,"" Devyn said with a pointed look at the files in his hands as he placed them on the coffee table.","Nous avons des choses plus importantes à discuter, déclara Devyn avec un regard appuyé sur les dossiers entre ses mains alors qu'il les posait sur la table basse.","Ça nous occupera plus tard, dit Devyn avec un regard pointé vers les dossiers qu'il tenait dans ses mains, avant de les poser sur la table basse."
"We can clean tomorrow.""",Nous pourrons nettoyer demain.,"Ça, on le nettoie demain."
Old-time pirates scared her.,Les pirates d'antan lui faisaient peur.,Les pirates du passé la faisaient peur.
"Maybe this wouldn't be so bad, Andi tried telling herself as she glanced back at the door to find Uncle Shawn standing there, shooting her a wink and a reassuring smile that was supposed to make this better.","Peut-être que ça ne sera pas si mal, se dit Andi alors qu'elle jetait un œil à l'embrasure de la porte où se tenait Oncle Shawn, lui lançant un clin d'œil et un sourire rassurant censés rendre les choses plus agréables.","Ça ne serait pas si mal, se disait Andi en jetant un coup d'œil à la porte pour voir Oncle Shawn s'y tenir, lui faisant un clin d'œil et un sourire réconfortant qui devait améliorer la situation."
"I stare up at John's sad, popcorn ceiling until I drift off into an exhausted, dreamless sleep.",Je fixe le triste plafond en crépi de John jusqu'à ce que je sombre dans un sommeil épuisant et sans rêve.,Je fixe le plafond en carton-onduleux triste de John jusqu'à ce que je m'endorme dans un sommeil épuisé et sans rêves.
"Before I realize what I've done, my hands are on his shoulders.","Avant que je ne réalise ce que j'ai fait, mes mains sont sur ses épaules.","avant que je ne me rende compte de ce que j'ai fait, mes mains sont sur ses épaules."
"""Yeah, maybe, but the whole arranged marriage thing sounds a little crazy.","Oui, peut-être, mais cette histoire de mariage arrangé me semble un peu folle.","Ça pourrait être possible, mais le mariage arrangé a un peu l'air fou."
If he knew her fantasies.,Si seulement il connaissait ses fantasmes.,Si il connaissait ses fantasmes.
"She keeps every door open, as if inviting partygoers to slip away and indulge in whatever they might fancy.","Elle laisse toutes les portes ouvertes, comme si elle invitait les fêtards à s'éclipser et à se laisser aller à leurs envies.","Ça fait comme si elle laissait toutes les portes ouvertes, comme si elle invitait les invités à s'échapper et à se laisser aller à leurs fantasmes."
"""Did you come out before you moved here or after?""",As-tu fait ton coming out avant d'emménager ici ou après ?,Êtes-vous sorti de l'ombre avant de venir s'installer ici ou après ?
"When I run a slick fingertip around his hole, he loses the battle, surging up and into the back of my throat.","Lorsque je passe le bout d'un doigt luisant sur le pourtour de son anus, il perd la bataille, s'arc-boutant  et s'enfonçant au fond de ma gorge.","Quand je fais rouler le bout de mon doigt humide autour de son anus, il perd la bataille, se soulevant et s'engouffrant dans la partie postérieure de ma gorge."
"""Remember, this is a story.",N'oublie pas que c'est une histoire.,"Ça, c'est une histoire."
As far-fetched as the story the merfolk told?,Était-elle aussi farfelue que l'histoire racontée par le peuple des mers ?,Être aussi improbable que l'histoire racontée par les habitants des mers ?
"""And no rule says we have to meet up for lunch.""",Et aucune règle ne dit que nous devons nous retrouver pour déjeuner.,Ça n'y a pas de règle qui dit que nous devons se retrouver pour le déjeuner.
"""I know it's a tattoo, silly mermaid.","Je sais que c'est un tatouage, stupide sirène.","Ça, c'est un tatouage, ma sotte sirène."
"And had given me the sweetest, softest kiss.",Et il m'avait donné le plus doux des baisers.,Ça m'a fait un baiser le plus doux et le plus tendre.
"Relieved that this was finally over, Devyn reached for his pen and-","Soulagé d'en finir, Devyn saisit son stylo et...","Relié de ce que ça finissait enfin, Devyn s'approcha de sa plume et..."
"For the most part, the scene is still.","La plupart du temps, la scène est immobile.",Ça reste le plus souvent immobile.
He rubbed his arms to silence the tingling she'd caused.,Il se frotta les bras pour faire taire les picotements qu'elle avait provoqués.,Il se frotta les bras pour calmer le piqure qu'elle lui avait causé.
"When she hesitated, he looked up and met her gaze as he said, ""Please,"" and found herself lying down as she noted the pained expression in his beautiful eyes.","Lorsqu'elle hésita, il leva les yeux et croisa son regard en disant : ""S'il te plaît"", et elle se retrouva allongée en remarquant l'expression de douleur dans ses beaux yeux.",Ça va ?
"I'm nearing six feet, but John Burton's got a good five inches on me, at least.","J'approche le mètre quatre-vingt-dix, mais John Burton fait au moins cinq centimètres de plus que moi.","Ça fait près de deux mètres pour moi, mais John Burton a au moins cinq centimètres de plus que moi."
"""Let's enjoy this evening together, okay?","Profitons de cette soirée ensemble, d'accord ?","Ça fait plaisir de passer ce soir ensemble, n'est-ce pas ?"
"As long as it's been, I'm still sad when I think about him.","Malgré tout le temps passé, je suis toujours triste quand je pense à lui.","Ça fait longtemps que je ne le vois plus, mais je suis toujours triste quand je pense à lui."
As if she didn't already have enough problems.,Comme si elle n'avait pas déjà assez de problèmes.,Ça faisait comme si elle n'avait pas déjà assez de problèmes.
"I sit up, feeling like I've been hit by a cement lorry.","Je me redresse, avec l'impression d'avoir été renversé par un camion benne.","Je me redresse, sentant que j'ai été frappé par un camion de béton."
"""You owe me more of an explanation.""",Tu me dois plus d'explications.,Ça t'appartient d'expliquer.
"It's slow and sweet and almost makes me miss my next cue, but I wouldn't have stopped the kiss if he hadn't pulled away.","C'est lent et doux, me faisant presque rater la chanson suivante à préparer, mais je n'aurai pas arrêté le baiser s'il ne s'était pas éloigné.","Ça va lentement, doucement, et m'empêche de me préparer à mon prochain coup de scène, mais je n'aurais pas arrêté le baiser s'il n'avait pas retiré."
"""Make no mistake, if you run, I will chase you.","Ne te méprends pas, si tu t'enfuis, je te poursuivrai.","Ça ne t'échappe pas, si tu te débrouilles, je te rattraperai."
He grabbed her hand and half dragged her as he took off running.,Il lui prit la main et la traîna à moitié pendant qu'il se mettait à courir.,"Il lui prit la main et la traîna à moitié, tandis qu'il s'envolait à toute vitesse."
"For most of her life, she'd felt lost, but when she was in Devyn's arms, she felt like she was exactly where she was supposed to be and that scared her.","Pendant la majeure partie de sa vie, elle s'était sentie perdue, mais lorsqu'elle était dans les bras de Devyn, elle avait l'impression d'être exactement là où elle devait être et ça l'effrayait.","Ça faisait plus d'une décennie qu'elle se sentait perdue, mais quand elle était dans les bras de Devyn, elle se sentait exactement où elle devait être, et ça la terrifiait."
"""John,"" I say after I set up the first block of songs for the night.",dis-je après avoir lancé le premier bloc de chansons de la soirée.,"Ça va, dit-je après avoir mis en place le premier bloc de chansons de la soirée."
"Like, when his parents announced they were getting divorced.",Comme lorsque ses parents ont annoncé qu'ils divorçaient.,"Ça, comme quand ses parents ont annoncé qu'ils divorçaient."
I set the paper aside and look at the bottle of lube.,Je mets le papier de côté et regarde la bouteille de lubrifiant.,Je laisse tomber le papier et j'examine la bouteille de lubrifiant.
I need to steer us toward safer ground.,J'ai besoin de nous diriger vers un terrain plus sûr.,Ça me faut pour nous diriger vers un terrain plus sûr.
"You'll get a formal letter asking you to vacate, but I thought I'd stop in and tell you personally.","Tu recevras une lettre officielle te demandant de quitter les lieux, mais j'ai pensé que c'était mieux de passer te le dire personnellement.","Ça te donnera le temps de trouver un autre appartement, mais je pensais que je te dirais ça personnellement."
"""They fell in love.""",Ils sont tombés amoureux.,Ça a fait tomber les deux en amour.
"""It's not exactly appropriate for a restaurant,"" Andi mumbled sadly, because she would actually love to go to dinner with him.","Ce n'est pas vraiment approprié pour un restaurant, marmonna Andi avec tristesse, parce qu'elle aurait vraiment aimé aller dîner avec lui.","Ça n'est pas exactement approprié pour un restaurant, marmonna Andi tristement, car elle aurait vraiment aimé dîner avec lui."
The deck railing creaked as he grasped it.,La rambarde du pont grinça lorsqu'il la saisit.,Le parapet du pont craqua sous sa main.
"""He's the guy that's made you so happy, your entire body language has changed.",C'est lui qui t'a rendu si heureux que ton langage corporel a changé.,"Ça, c'est le type qui t'a rendu si heureux, ton comportement a totalement changé."
"What's wrong with my couch?""",Qu'est-ce qui ne va pas avec mon canapé ?,Ça y a quoi de mal avec mon canapé ?
John is handling this much better than I am.,John gère cela beaucoup mieux que moi.,John gère mieux cette situation que moi.
"They settle on my hips, and he squeezes hard.",Elles se posent sur mes hanches et il serre fort.,Ça se fixe sur mes hanches et il me presse fort.
She pushed her hair over her shoulders and headed to the beach walkway so she could see the pier up close and inspect the damage.,Elle repoussa ses cheveux sur ses épaules et se dirigea vers la promenade de la plage afin de voir la jetée de plus près et d'inspecter les dégâts.,Elle repoussa ses cheveux sur ses épaules et se dirigea vers la promenade de la plage pour voir la jetée de plus près et inspecter les dégâts.
"Even when you're not being real, there's still a truth behind everything you do and say.""","Même quand tu te caches, il y a toujours une vérité derrière tout ce que tu fais et dis.","même quand tu n'es pas sincère, il y a toujours une vérité derrière ce que tu fais et ce que tu dis."
"I'd give it to him, I'm sure, regardless.","Je le lui donnerais, j'en suis sûr, peu importe ce que c'est.","Ça me donnerait, je suis sûr, même sans ça."
"He turned away, sure that his cheeks had flamed at the sight.","Il se détourna, certain que ses joues s'étaient enflammées à cette vue.","Ça lui avait fait rougir, il était sûr de cela."
"""I told you, he hates this.""","Je te l'ai dit, il déteste tout ça.","Ça te dis, il déteste ça."
"""The renovations are moving along.",Les rénovations avancent.,Ça va bien pour les travaux de rénovation.
If only Chase knew who watched out for whom.,Si seulement Chase savait qui surveillait qui.,Ça dirait que Chase ne savait pas qui gardait qui.
"""Am I too loud?"" John looks so guilty I feel like I should be apologizing.",John paraît tellement coupable que j'ai l'impression que c'est moi qui devrais m'excuser.,Êtes-je trop bruyant ?
"She looked small against the vast ocean, like a grain of sand on the beach.","Elle paraissait si petite face à l'immensité de l'océan, comme un grain de sable sur la plage.","Ça lui donnait l'air petite face à l'océan immense, comme un grain de sable sur la plage."
"He snatched his hand away, blood rushing to his face at the thought she'd caught him fondling her while she was asleep.","Il retira sa main, le sang lui montant au visage à l'idée qu'elle l'ait surpris en train de la caresser pendant qu'elle dormait.","Ça lui faisait du mal, le sang montant à sa tête à l'idée qu'elle l'avait pris en train de caresser sa femme alors qu'elle dormait."
He couldn't be more confusing if he tried.,Il ne pouvait  pas être plus déroutant même s'il essayait.,Ça ne pouvait pas être plus confus s'il en avait essayé.
"Luke had always preferred the whale, and they'd passed up a turn on the wheel numerous times to wait for the blue cart to come available.","Luke avait toujours préféré ""la baleine"", et ils avaient renoncé plusieurs fois à un tour de roue pour attendre que la cabine bleue se libère.","Luke avait toujours préféré le baleine, et ils avaient renoncé à leur tour de roue plusieurs fois pour attendre que le train bleu soit disponible."
He shrugged and set the last glass ornament in the box.,Il haussa les épaules et déposa le dernier ornement en verre dans la boîte.,"Ça suffit, dit-il en haussant les épaules, et il posa le dernier ornement de verre dans la boîte."
"""Something like that.""",Quelque chose comme ça.,Ça ressemble à ça.
"The queen shielded her eyes and looked to the bar, now simmering and smoking.","La reine se protégea les yeux et regarda le bar, maintenant réduit en un tas frémissant et fumant.","La reine se protégea les yeux et regarda le bar, qui s'élevait en fumée et s'agitait."
"Smoke hadn't filled the bedroom, but something was burning somewhere in the bar.","La fumée n'avait pas envahi la chambre, mais quelque chose brûlait quelque part dans le bar.","Le fumée n'avait pas envahi la chambre, mais quelque chose brûlait dans le bar."
The number of times I've fantasized about this very moment is incalculable.,Le nombre de fois où j'ai fantasmé sur ce moment précis est incalculable.,Ça fait des années que je rêve de ce moment.
"""Next week,"" Chase said.","La semaine prochaine, dit Chase.","Ça sera la semaine prochaine, dit Chase."
"they didn't have time for another round of sex, even if he thought it was a good idea, which it wasn't.","Il ne pouvait pas s'impliquer et ils n'avaient pas le temps pour une autre partie de jambes en l'air, même s'il pensait que c'était une bonne idée; ce qui n'était pas le cas.","elles n'avaient pas le temps de faire l'amour une fois de plus, même si il pensait que c'était une bonne idée, ce qui n'était pas le cas."
"""I'm sorry, Devyn,"" Andi said, wishing that she'd never brought it up.","Je suis désolée, Devyn, déclara Andi, souhaitant n'avoir jamais abordé le sujet.","Ça va, Devyn, dit Andi, regrettant de ne pas avoir laissé tomber le sujet."
He's a self-talker.,Il se parle à lui-même.,Ça fait un auteur qui parle à lui-même.
"""Five times?"" he asked as they headed down a side street towards the long line of apartment complexes that lined the street.",reprit-il alors qu'ils se dirigeaient vers une rangée d'appartements qui bordait un des côtés de la rue dans laquelle ils se trouvaient.,Ça fait cinq fois ?
He eyes the crowd of reporters like he wants to tear them apart with his bare hands.,Il regarde la foule des journalistes comme s'il voulait les déchiqueter à mains nues.,Il regarde la foule de journalistes comme s'il voulait les déchirer à mains nues.
Time to choose the future.,Il était temps de choisir l'avenir.,Ça fait temps que le temps est venu de choisir son avenir.
"""Is that a bad thing?"" he asked as they slowly made their way past the reason why they'd been stuck on the highway for the past two hours as the road crew pulled back the orange cones.",demanda-t-il alors qu'ils dépassaient lentement la raison pour laquelle ils étaient restés bloqués sur l'autoroute depuis deux heures alors que l'équipe de sécurité routière retirait les cônes orange.,Ça n'est-il pas une bonne chose ?
"""Don't think about all that stuff right now,"" she said.","Ne pense pas à tout cela pour l'instant, dit-elle.","Ça ne te préoccupe pas pour l'instant, dit-elle."
"Instead, he'd left the clothes and shoes strewn about and his books and magazines piled around the room.","Au lieu de cela, il avait laissé les vêtements et les chaussures éparpillés, les livres et les magazines empilés dans la pièce.","Ça n'était pas ça, il avait laissé ses vêtements et ses chaussures par terre et ses livres et ses magazines en tas dans la pièce."
"""Hey, mister,"" she said.","Hé, monsieur, dit-elle.","Ça va, monsieur, dit-elle."
"It took time to figure out how to turn my love of music into a career.""",Il m'a fallu du temps pour comprendre comment transformer mon amour de la musique en carrière.,Ça m'a fallu du temps pour comprendre comment transformer mon amour de la musique en une carrière.
"Reluctantly, hands shaking so badly I can barely get them to do my bidding, I click.","À contrecœur, les mains tremblant à tel point que j'ai du mal à les faire fonctionner, je clique.","Reluctamment, les mains tremblant tellement que je ne peux même pas les faire obéir à mon souhait, je clique."
"He was on a sunny beach, and the wind was light, hugging.","Il se trouvait sur une plage ensoleillée, et le vent était léger, enveloppant.","Ça faisait beau, il était sur une plage ensoleillée, et le vent était doux et embrassant."
The duvet was high-quality cotton and cool to the touch in the muggy room.,La couette était en coton de haute qualité et fraîche au toucher dans la pièce moite.,La couette était en coton de qualité et fraîche à la touche dans la pièce humide.
"""That porn you were going to tell me about?""","Alors, ce porno dont tu allais me parler ?","Ça, le porno que tu allais me raconter ?"
"Worth your forgiveness.""",S'il vaut la peine que tu lui pardonnes.,Ça vaut le pardon.
"Numbness flowed through him like molasses, and he clenched his biceps.",Une sensation d'engourdissement le traversa comme de la mélasse et il serra les biceps.,"Ça lui coulait dans les veines comme du sirop de sucre, et il serrit ses biceps."
She'd use whatever she could to get him to stick around long enough to fall in love.,Elle ferait tout ce qu'elle pourrait pour qu'il reste assez longtemps pour tomber amoureux.,Ça lui servirait à le faire rester assez longtemps pour tomber amoureux.
"He set the glass of water in front of her, then drew up a tall beer for himself.","Il posa le verre d'eau devant elle, puis se servit une grande bière.","Il posa le verre d'eau devant elle, puis se procura une bière."
They started following her.,Ils ont commencé à la suivre.,Ça commença à la suivre.
"I don't want to fall this fast, but I don't know how to stop the slide.","Je ne veux pas tomber amoureux aussi vite, mais je ne sais pas comment arrêter la chute.","Ça fait trop de mal, mais je ne sais pas comment arrêter."
Local teacher fired after claims he seduced a student.,Un enseignant local licencié après avoir été accusé d'avoir séduit un élève.,Un professeur local a été licencié après des allégations selon lesquelles il aurait séduit un de ses élèves.
John is at the podium now.,John est maintenant sur le podium.,John est à l'estrade maintenant.
"""Michael John Dalton is innocent,"" the older woman begins.","""Michael John Dalton est innocent"", commence la femme la plus âgée.","Michael John Dalton est innocent, commence la femme plus âgée."
Maybe he'd reach someone who could help in time.,Peut-être qu'il aurait pu joindre quelqu'un qui pourrait l'aider à temps.,Ça pourrait arriver à quelqu'un qui pourrait l'aider à temps.
The positive.,Les choses positives.,Ça va être positif.
"""He's trying to get up.""",Il essaie de se lever.,Ça tente de se relever.
This is a tiny lie.,C'est un petit mensonge.,Ça fait un petit mensonge.
"But yours isn't much better.""",Mais le tien n'est pas beaucoup mieux.,Ça ne te sert à rien.
"""Welcome to the Emerald Cove.",Bienvenue à Emerald Cove.,Bienvenue au Cove Emeraude.
"""Do you have a problem with long hours?""",Est-ce que les grandes amplitudes horaires vous posent un problème ?,Ça te pose-t-il un problème de travail en longueur ?
He thinks he can bully me into marriage.,Il pense qu'il peut faire pression pour que je me marie.,Ça lui fait croire qu'il peut me forcer à l'épouser.
"""I need to get the painting of Christopher.",Je dois récupérer le tableau de Christopher.,"Ça me faut, le tableau de Christopher."
"""You need to let him explain.",Tu dois le laisser s'expliquer.,"Ça te faut, il faut que tu le laisses expliquer."
No point in hearing the same thing over and over.,Ce n'est pas la peine d'entendre la même chose encore et encore.,Ça ne sert à rien d'entendre la même chose à chaque fois.
"""2356 multiplied by 23.""","""2356 multiplié par 23.",2356 multiplié par 23.
"He ran his tongue lightly over her soft lips, tasting her again and again.","ll passa légèrement sa langue sur ses lèvres douces, la goûtant encore et encore.","Il passa sa langue légèrement sur ses lèvres douces, goûtant-la à nouveau et à nouveau."
"Most of the people I know are cynics, or reformed cynics.","La plupart des gens que je connais sont des cyniques, ou des cyniques repentis.","90 % des gens que je connais sont des cyniques, ou des cyniques réformés."
He spat on the ground.,Il cracha sur le sol.,"Ça lui faisait de la honte, il cracha sur le sol."
"He should be losing his fucking mind trying to figure out how he was going to fix this in time, but right now, all he felt was relief.","Il aurait dû être en train de péter les plombs en essayant d'arranger ce merdier, mais au lieu de ça, il se sentait soulagé.","Ça lui fallait de perdre la tête pour trouver un moyen de se sortir de là à temps, mais pour l'instant, il ne ressentait que soulagement."
"I'll drag his ass out there and show him what power I have, and then I'll let him feel what it's like to die because you can't breathe.","Je vais le traîner là-bas et lui montrer le pouvoir que j'ai, puis je lui ferai sentir ce que c'est que de mourir parce qu'on ne peut plus respirer.","Ça va me falloir de le tirer par les cheveux et de lui montrer ce que je peux faire, puis je lui laisserai ressentir ce que c'est que de mourir parce que tu ne respires plus."
"God, she really didn't want to be the one to tell him.","Bon sang, elle ne voulait vraiment pas être celle qui le lui annoncerait.","Ça, elle ne voulait pas être la première à le lui dire."
The last few hours of listening to Chase talk had been a delicious distraction from both the storm and Inna's revelation.,Les dernières heures passées à écouter Chase avaient été une délicieuse distraction par rapport à la tempête et à la révélation d'Inna.,"Les dernières heures pendant lesquelles Chase parlait avaient été un délice de distraction, tant pour la tempête que pour la révélation d'Inna."
"Side note, Prince is infinitely better on vinyl.",À noter que Prince est infiniment meilleur sur vinyle.,"Ça fait un bon anecdote, Prince est infiniment meilleur en vinyle."
"Andi found herself wondering as she reluctantly turned around, resigning herself to never knowing the joy of making a snow angel and decided that this moment deserved a heartfelt sigh.","en se retournant à contrecœur, se résignant à ne jamais connaître la joie de faire un ange de neige et décidant que ce moment méritait un soupir sincère.","Ça lui fit sourire, et elle se demanda s'il y avait quelque chose de plus beau que de faire un ange de neige."
"I don't pine after straight men, but I sure as fuck don't mind looking.","Je ne me languis pas des hommes hétérosexuels, mais ça ne me dérange pas de les regarder.","Ça ne me fait pas de mal de regarder les hommes hétérosexuels, mais je ne suis pas amoureux d'eux."
It's there in the tremble of his hands as they ghost over my thighs.,"C'est là, dans le tremblement de ses mains qui se promènent sur mes cuisses.",Ça se voit dans le tremblement de ses mains qui passent sur mes cuisses.
"We had our time, but..."" He exhales.","Nous avons eu notre temps, mais... Il lâche un soupir.","Ça a duré, mais..."
"""Well, you're good at it.""","Eh bien, tu es doué pour ça.","Ça va, tu y esseules."
"Cradling her face in his hands, Devyn slowly breathed into her mouth.","Prenant délicatement son visage entre ses mains, Devyn inspira lentement dans sa bouche.","Il serra le visage de la jeune femme dans ses mains, et respira lentement dans sa bouche."
"""Let's move over to the couch where it's more comfortable.","Allons-nous installer sur le canapé, c'est plus confortable.","Ça va mieux sur le canapé, où il y a plus de confort."
"Giving his gorgeous dick one last lick, I climb up his body.",Je lèche une dernière fois sa superbe queue et  grimpe le long de son corps.,"Je lui donne un dernier lécher sur sa belle bite, puis je monte sur son corps."
"""I told you to take care of her and you fucking left her there!"" Devyn shouted, slamming him back against the wall.","Je t'ai dit de prendre soin d'elle et putain, tu l'as laissée là-bas !",Ça te disait de la protéger et tu l'as laissée là !
"You're still here because of him, aren't you?""","C'est à cause de lui que tu es encore là, n'est-ce pas ?","Ça t'a fait rester ici, n'est-ce pas ?"
"I let my head drop to my chest as he works my glutes, my cock twitching already.","Je laisse ma tête retomber contre ma poitrine pendant qu'il frotte mon fessier, ma bite tressaillant déjà.","Je laisse tomber ma tête sur mon torse tandis qu'il travaille mes fesses, ma queue de castor frissonnant déjà."
"They are in the way of my mission.""",Elle m'empêche d'accomplir ma mission.,Ça me gêne dans la réalisation de ma mission.
"""I don't want to work in accounting,"" she reminded him.","Je ne veux pas travailler à la comptabilité, lui rappela-t","Ça ne me plaît pas, lui rappela-t-elle."
"""Thank you for saving me the trouble,"" Lucas said smoothly as he clicked to the next slide.","Merci de m'avoir épargné cette peine, dit Lucas d'une voix doucereuse en cliquant sur la diapositive suivante.","Ça m'a épargné le détour, dit Lucas d'une voix calme en cliquant sur le bouton suivant."
"I stroke my thumb over the fabric of his tee, wishing like hell it were bare skin.","Je passe mon pouce sur le tissu de son T-shirt, souhaitant ardemment que ce soit de la peau nue.","Je passe mon pouce sur le tissu de sa chemise, souhaitant que ce soit de la peau nue."
"""I told you, the family, they can't...""","Je te l'ai dit, sa famille ne peut pas...","Ça, je t'ai dit, la famille, ils ne peuvent pas..."
The ocean breeze lifted her sundress and sent it flapping against her thigh and it was all he could do to keep from reaching for her.,"La brise de l'océan soulevait sa robe d'été et l'envoyait battre contre sa cuisse, et il fit tout son possible pour ne pas tendre la main vers elle.","Le vent de l'océan souleva sa robe de bain et la fit flotter contre sa cuisse, et il ne put s'empêcher de la toucher."
"""Most of the restaurant stuff is staying with the bar.""",La plupart du matériel du restaurant ainsi que le bar restent.,90 % du matériel du restaurant reste avec le bar.
"I feel him take a deep breath, and then he sighs sweetly.","Je le sens prendre une profonde inspiration, puis soupirer doucement.","Je le sens respirer profondément, puis il soupire doucement."
"Things could have been much worse, for sure.","Les choses auraient pu être bien pires, c'est certain.","Ça aurait pu être bien pire, sans aucun doute."
And he's back to avoiding eye contact.,Et il recommence à éviter le contact visuel.,Ça fait que ça recommence.
Of course.,Évidemment.,Ça vaudrait la peine.
"I've fallen silent again because I'm trying to be present for him, but he's probably misinterpreting things.","Je me tais à nouveau car j'essaie d'être présent pour lui, mais il interprète probablement mal les choses car il continue.","Ça me fait taire à nouveau parce que j'essaie d'être présent pour lui, mais il a probablement mal interprété les choses."
"""Then I guess I should give this to someone else,"" came the softly murmured words that had her swallowing hard as she looked up and found Devyn standing in her doorway.","Alors, je devrais donner ça à quelqu'un d'autre, les mots doucement murmurés qui la firent déglutir alors qu'elle levait les yeux et trouvait Devyn dans l'embrasure de sa porte.","Ça veut dire que je devrais le donner à quelqu'un d'autre, murmura-t-elle doucement, ce qui la fit déglutir difficilement alors qu'elle leva les yeux et trouva Devyn debout dans son portail."
"I reach up and slide a hand into his hair, run my other fingers along the dips and curves of his back.","Je me lève et glisse une main dans ses cheveux, je passe mes autres doigts le long des creux et des courbes de son dos.","Je me penche et glisse une main dans ses cheveux, je passe mes autres doigts le long des bosses et des courbes de son dos."
"""Let the human go.""",Laisse partir l'humain.,Laissez le humain partir.
"""Why did it have to be Luke?",Pourquoi fallait-il que ce soit Luke ?,Ça aurait pu être quelqu'un d'autre ?
"The beach lay in darkness, and Inna could lurk anywhere among the dunes or pier remains.","La plage était plongée dans l'obscurité, et Inna pouvait se cacher n'importe où parmi les dunes ou les vestiges de la jetée.","La plage était plongée dans l'obscurité, et Inna pouvait se cacher n'importe où parmi les dunes ou les restes de la jetée."
Chapter 34,Chapitre 34,34
"His fingers tweak one of my nipples, and I moan into yet another kiss.",Ses doigts titillent l'un de mes mamelons et je gémis dans un nouveau baiser.,Ses doigts serrent un de mes mamelons et je gémis dans un autre baiser.
"God, that felt so fucking good.","Mon Dieu, que ça faisait du bien.",Ça sentait tellement bon.
But he wasn't good at that kind of thing.,Mais il n'était pas doué pour ce genre de choses.,Ça ne lui convenait pas.
"I don't only mean the millions of songs in the digital archive, someone in the station's history had hoarded vinyl like it was going out of style.","Je ne parle pas seulement des millions de chansons contenues dans les archives numériques, mais du fait qu'une personne, dans l'histoire de la station, ait accumulé des vinyles comme si c'était démodé.","Ça ne s'applique pas seulement aux millions de chansons de l'archive numérique, mais aussi à un membre de l'histoire de la station qui avait rassemblé des disques vinyle comme si c'était à la mode."
"After maneuvering around a few tables, he laid her on the corner couch.","Après avoir contourné quelques tables, il l'allongea sur le canapé du coin.","Après avoir manœuvré autour de quelques tables, il la posa sur le canapé à coin."
I hum the line to him and search his face for recognition.,Je lui fredonne le morceau et cherche sur son visage pour voir s'il a reconnu la mélodie.,Je lui chante la ligne et j'observe son visage pour voir s'il reconnaît la mélodie.
"""Do you think it will ever go away?",Penses-tu que cela disparaîtra un jour ?,Ça va disparaître un jour ?
"Any other day, his eye contact would be filed in the fantasy category called ""replay.""","N'importe quel autre jour, son contact visuel aurait été catalogué dans l'esprit de Mari dans la catégorie des fantasmes appelée ""replay"".","Être en contact visuel avec lui, c'était un moment de rêve."
"""Such a cynic, you are.""",Tu es un vrai cynique.,"Ça fait un cynique, tu es."
Too relieved to be inside the circle of his embrace again to fight it.,Je suis trop soulagé d'être à nouveau dans le cercle de son étreinte pour lutter.,Ça lui donnait trop de soulagement de se retrouver à nouveau dans son bras pour s'y opposer.
Not my John.,Pas mon John.,Ça n'est pas mon John.
"I debate driving back down to Philly, even though it's not a good idea in my current frame of mind.","J'envisage de retourner à Philadelphie en voiture, même si ce n'est pas une bonne idée dans l'état d'esprit où je me trouve.","Je hésite à retourner à Philadelphie, même si c'est une mauvaise idée dans mon état d'esprit actuel."
"And even though the sea held darkness, the land did too.","Et même si la mer contenait des ténèbres, la terre en contenait aussi.","Et même si la mer était sombre, la terre l'était aussi."
"But you all don't care about that, you have a juicy story for your ratings and your newspapers.","Mais vous vous en moquez tous, vous avez une histoire juteuse pour vos audiences et vos journaux.","Ça ne vous importe pas, vous avez une belle histoire pour vos audiences et vos journaux."
"Sunset was near, though it was impossible to tell with the blossoming of dark clouds across the sky.","Le coucher du soleil était proche, même s'il était impossible de le deviner avec l'éclosion de nuages sombres dans le ciel.","L'aube était proche, mais il était impossible de le dire avec la prolifération de nuages noirs dans le ciel."
"And besides, pirates didn't have coffee with cream and sugar.","Et puis, les pirates ne prenaient pas de café avec de la crème et du sucre.",Ça ne faisait pas partie de leur code.
She dropped her clothes on the sand and placed a rock on them to keep them from blowing away then glanced at Inna.,"Elle laissa tomber ses vêtements sur le sable et posa une pierre dessus pour les empêcher de s'envoler, puis jeta un coup d'œil à Inna.","Elle déposa ses vêtements sur le sable et posa une pierre dessus pour les empêcher de s'envoler, puis regarda Inna."
"He wraps his arms around me, one across my collar and one around my chest, and it feels so damned good.","Il m'entoure de ses bras, l'un autour de mon cou et l'autre autour de ma poitrine, et c'est tellement bon.",Ça sent le bonheur.
He pulls out a Steely Dan.,Il sort un vinyle de Steely Dan.,Ça fait un Steely Dan.
"He'd used her weakness against her, something that she would not forget.",Il avait utilisé sa faiblesse contre elle ;,"Ça lui avait servi de faiblesse contre elle, quelque chose qu'elle ne lui oublierait pas."
Quivering like a pair of virgin teenagers.,Frémissant comme deux ados puceaux.,Ça tremblait comme un couple de jeunes filles vierges.
The rain was picking up and it wouldn't be long until it was constant.,La pluie s'intensifia et ne tardera pas à devenir continue.,Ça pleuvait de plus en plus et ça ne serait pas longtemps avant que ça ne soit constant.
The dune grass bent almost horizontally to the ground and clouds of sand rolled down the beach like tumbleweeds.,L'herbe des dunes se courbaient presque horizontalement vers le sol et des nuages de sable roulaient sur la plage comme des chenilles.,L'herbe des dunes s'inclina presque horizontalement au sol et des nuages de sable roulaient le long de la plage comme des touffes de paille.
"Mesa turned to walk away, then stopped and looked back.","Mesa se tourna pour s'éloigner, puis s'arrêta et se retourna.","Mesa se retourna pour s'éloigner, puis s'arrêta et regarda en arrière."
"""It's a great offer,"" he added.","C'est une excellente offre, ajouta-t-il.","Ça fait une très bonne offre, ajouta-t-il."
"I watch him through the double-paned glass of the booth, and I can hear him through the open door.",Je le regarde à travers le double vitrage de la cabine et je l'entends par la porte ouverte.,"Je le regarde à travers le double vitrage de la cabine, et je le sens à travers la porte ouverte."
"""I have a reservation for Andi Dawson,"" Andi said with a satisfied sigh as she reached for her credit card only to end up grumbling when Devyn narrowed his eyes on her until she put it away.","J'ai une réservation au nom d'Andi Dawson, dit Andi avec un soupir de satisfaction en tendant sa carte de crédit, mais elle finit par grommeler quand Devyn la fixa, les yeux plissés  jusqu'à ce qu'elle la range.","Ça va être pour Andi Dawson, dit Andi avec un soupir de satisfaction en tendant sa carte de crédit, mais elle finit par grogner lorsque Devyn la regarda fixement jusqu'à ce qu'elle le remette à sa place."
"The sooner they could find out what condition the island was in, the sooner he could leave.","Plus vite ils sauraient dans quel état se trouvait l'île, plus vite il pourrait partir.","Être plus vite au courant de l'état de l'île, c'était le seul moyen de partir plus vite."
"Today is Sunday, and Nicki has invited everyone to a celebratory brunch at Rick's Pub.",Nous sommes dimanche et Nicki a invité tout le monde à un brunch de célébration au Rick's Pub.,"Ça fait un dimanche, et Nicki a invité tout le monde à un déjeuner de fête au pub Rick's."
"It had taken being disavowed in a very public, painful way to get Dyer to walk away from the two years he'd invested.",Il a fallu qu'il soit désavoué de manière très publique et douloureuse pour que Dyer abandonne les deux années qu'il avait investi dans cette relation.,Ça lui avait fallu être déshonoré de façon très publique et très douloureuse pour qu'il s'éloigne des deux années qu'il avait investies.
Was this what being a grown-up was like?,"Était-ce ça, être adulte ?","Ça, c'était ça l'être adulte ?"
No telling what the tide pushed up near the shore.,On ne sait pas ce que la marée poussait près du rivage.,Ça ne fallait pas se demander ce que la marée avait apporté près du rivage.
It rubs over my raw nerves and makes my heart ache.,Elle gratte mes nerfs à vif et me fait mal au cœur.,Ça me fait frémir sur mes nerfs nus et me fait mal au cœur.
Inna kicked at the floor planks with his bare foot.,Inna donna un coup de pied sur les planches du sol avec son pied nu.,Inna donna un coup de pied à la planche de sol avec son pied nu.
Was Christopher the pirate who killed Inna's great-great-something-grandmother?,Christopher était-il le pirate qui avait tué l'arrière-arrière-grand-mère d'Inna ?,Ça faisait-il Christopher le pirate qui avait tué l'arrière-grand-mère d'Inna ?
"John's erection is thicker than mine, though shorter.","L'érection de John est plus épaisse que la mienne, bien que plus courte.","L'érection de John est plus épaisse que la mienne, mais plus courte."
"He scanned the beach, looking for Inna.","Il balaya la plage du regard, à la recherche d'Inna.",Il parcourut la plage à la recherche d'Inna.
"The water here is still and silent, green with algae and moss, and brackish in my nostrils.","Ici, l'eau est calme et silencieuse, verte avec des algues et de la mousse, et saumâtre dans mes narines.","L'eau ici est calme et silencieuse, verte à cause des algues et des mousses, et salée dans mon nez."
"He's so big and so solid, I can't help but feel safe with him.",Il est si grand et si solide que je ne peux m'empêcher de me sentir en sécurité avec lui.,"Ça fait si grand et si solide, je ne peux m'empêcher de me sentir en sécurité avec lui."
You've built a great little business here and you should be proud.,Tu as créé une belle petite affaire et tu peux en être fière.,Ça fait un bon petit business que tu as construit ici et tu devrais être fier de toi.
"A light breeze hit her, pushing away the sticky humidity for a moment, and she gulped the fresh airso clean.","Une légère brise l'atteignit, chassant un instant l'humidité poisseuse, et elle avala l'air frais, si pur.","Une légère brise la frappa, repoussant la chaleur et l'humidité pour un moment, et elle respira l'air frais."
"""And that film is still your birthright.""",Et ce film fait partie de ton patrimoine !,"Ça, c'est encore ton droit de naissance."
"""What's complicated about it?",Qu'est-ce qui est compliqué ?,Ça n'est pas compliqué ?
"""Super helpful,"" Andi mumbled as she tossed it aside and grabbed another one.","Super utile, marmonna Andi en le jetant de côté et en prenant un autre.","Ça a été très utile, marmonna Andi en jetant le manuel de côté et en prenant un autre."
He opened his eyes and reached for a glass to pour some of his favorite Scotch into.,Il ouvrit les yeux et attrapa un verre pour y verser son scotch préféré.,Il ouvrit les yeux et s'approcha d'un verre pour y verser un peu de son scotch préféré.
"""Really, Franklin?""","Vraiment, Franklin ?","Ça va, Franklin ?"
"Well, that wasn't entirely true because Ben had been more than happy to make sure that she didn't have any reason to come back to the office, call, text, or even send an email.","Enfin, ce n'était pas tout à fait vrai parce que Ben avait été plus qu'heureux de s'assurer qu'elle n'avait aucune raison de revenir au bureau, d'appeler, d'envoyer un message ou même d'envoyer un e-mail.","Ça n'était pas tout à fait vrai, car Ben avait été plus que content de s'assurer qu'elle n'avait pas de raison de revenir au bureau, de téléphoner, de texter ou même d'envoyer un e-mail."
There are some things I can't share.,Il y a des choses que je ne peux pas partager.,"Ça y est, il y a des choses que je ne peux pas partager."
"""And if my sister wasn't already lost in whatever the hell you just gave her, she'd remember her manners and introduce us.","Et si ma sœur n'était pas déjà perdue dans ce que tu viens de lui donner, elle se souviendrait de ses bonnes manières et nous présenterait.","Ça fait que si ma sœur n'était pas déjà perdue dans ce que tu viens de lui donner, elle se souviendrait de ses manières et nous introduirait."
"That's one thing I'll miss when I movefresh seafood.""",C'est une chose qui me manquera quand je déménagerai : les fruits de mer frais.,"Ça, c'est une chose que je vais manquer quand je déménagerai  du poisson frais."
"Then a long nap to forget the weather, the bar, Mari.","Puis une longue sieste pour oublier le temps qu'il faisait, le bar, Mari.",Ça fait longtemps que je n'ai pas dormi aussi longtemps.
"That's the third or fourth time I've seen him hauling records out of here.""",C'est la troisième ou quatrième fois que je le vois sortir des disques d'ici pour leur donner.,Ça fait le troisième ou le quatrième fois que je le vois sortir des disques.
"After one last look at The Charlton, Devyn climbed back in the car with a murmured, ""The Mason.""","Après avoir jeté un dernier coup d'œil au Charlton, Devyn remonta dans la voiture en murmurant : ""Le Mason"".","Devyn redescendit dans la voiture en murmurant : ""Le Mason""."
During a storm.,Pendant une tempête.,Ça a été pendant une tempête.
"One afternoon he'll choose, and another I will.","Un après-midi, c'est lui qui choisit le lieu, et l'après-midi suivant, c'est moi.","Ça arrivera un après-midi, et l'autre, c'est à moi."
"In fact, it was the only option left.","En fait, c'était la seule option qui lui restait.",Ça faisait en fait partie des seules options restantes.
"""I've been fascinated by fairs, amusement parks, and Ferris wheels since Luke and I were little.","Je suis fasciné par les foires, les parcs d'attractions et les grandes roues depuis que Luke et moi sommes petits.","Ça m'a toujours fasciné, les foires, les parcs d'attractions et les grandes roues depuis que Luke et moi sommes petits."
"In the pack, with the water, and a cell phone with no signal.""","Dans le sac, avec l'eau et un téléphone portable sans signal.","Ça fait un an que je suis dans le pack, avec de l'eau, et un téléphone portable sans signal."
"""Dyer doesn't do domestic,"" he deadpans before he spins in his rainbow Chuck Taylors and scurries off.","Dyer ne fait pas le ménage, dit-il avant de tourner les talons dans ses Chuck Taylors arc-en-ciel et de s'enfuir en courant.","Ça ne fait pas partie de ses compétences, dit-il en faisant un clin d'œil avant de se retourner dans ses chaussures multicolores et de s'enfuir."
"""If you need anything, don't bother calling the front desk.","Si vous avez besoin de quoi que ce soit, n'appelez pas la réception.","Si vous avez besoin de quelque chose, n'hésitez pas à appeler la réception."
I had a client up from the city.,J'avais un client qui venait de la ville.,Ça fait un client de la ville.
She dove under to swim to him.,Elle plongea pour nager jusqu'à lui.,Elle plongea pour nager vers lui.
You can tell me.,Tu peux me le dire.,Ça te dit quoi ?
He'd seen himit wasn't his imagination.,"Il l'avait vu, ce n'était pas son imagination.",Ça l'avait vu  il n'était pas imaginaire.
"And that may be, but I'm not made for you.","C'est possible, mais je ne suis pas fait pour toi.","Ça peut être, mais je ne suis pas fait pour toi."
"He caught his breath, then moved closer to the pier ruins where she stood.","Il reprit son souffle, puis se rapprocha des ruines de la jetée où elle se tenait.","Il se redressa, puis se rapprocha des ruines de la jetée où elle se tenait."
I don't like the waterespecially the ocean.,"Je n'aime pas l'eau, surtout l'océan.","Ça me dérange, surtout l'océan."
"""Of course, it won two Grammys,"" I tell him.","Bien sûr, ils ont gagné deux Grammys avec cet album, lui dis-je.","Ça a gagné deux Grammys, lui dis-je."
"Dad was a fisherman, and Mom liked to be near the water.",Papa était pêcheur et maman aimait être près de l'eau.,"Ça fait longtemps que mon père est pêcheur, et ma mère aime être près de l'eau."
"""After I graduated, I started at the bottom, took every shift I could get my hands on, read every book that I could find that I thought would help, and worked my way up to the top and when I heard about the position at Carta Hotels, I went after it, knowing that if I could pull it off that it would be enough","Après avoir obtenu mon diplôme, j'ai commencé au bas de l'échelle, j'ai pris tous les postes qui me tombaient sous la main, j'ai lu tous les livres que j'ai pu trouver et qui pouvaient m'aider.","Ça fait déjà un moment que je suis diplômée, j'ai commencé par le bas, j'ai accepté tous les postes que j'ai pu obtenir, j'ai lu tous les livres que j'ai pu trouver qui m'auraient été utiles et j'ai gravi les échelons jusqu'au sommet et quand j'ai entendu parler du poste de directrice des opérations des Hôtels Carta, j'ai fait tout ce que j'ai pu pour l'obtenir, s"
"""If you've never been, you don't know if Kansas is better.""","Si tu n'y es jamais allée, tu ne sais pas si le Kansas est mieux ou pas.",Ça ne veut pas dire que Kansas est meilleur.
"I think Interpol has a file.""",Je pense qu'Interpol a un dossier sur le sujet.,Ça me semble que l'Interpol a un dossier.
All muscles and strength.,Tout en muscles et en force.,Ça faisait de lui un homme de muscles et de force.
"""Sorry, been prepping for the storm.""","Désolé, je me préparais à la tempête.","Ça va, j'ai préparé la maison pour la tempête."
"Still, he wasn't a lost cause.","Pourtant, ce n'était pas une cause perdue.",Ça ne signifiait pas qu'il était perdu.
"""The stubborn little pain in the ass has gone into labor,"" came the words that had her opening her mouth, only to close it with a grumble since she really couldn't argue with that.","La petite enquiquineuse bornée a commencé le travail, furent les mots qui lui firent ouvrir la bouche, avant de la refermer avec un grognement, car elle ne pouvait vraiment pas contester cette information.","Ça fait que la petite gueule qui a du mal à se laisser convaincre est en train de mettre bas, dit-il, ce qui la fit ouvrir la bouche, puis la ferma avec un grognement, car elle ne pouvait pas s'y opposer."
"You know the significance of that tattoo.""",Tu connais la signification de ce tatouage.,Ça te rappelle quelque chose ?
"Her sister never had issuessing a song, snag a man.","Sa sœur n'avait jamais eu de problème  une chanson, un homme. Du moins, c'est ce qu'il lui semblait.","Ça n'était pas un problème pour sa sœur  à écrire une chanson, à attraper un homme."
"""God, I love bacon,"" his new assistant murmured with a happy little sigh as she nibbled on what looked like an egg sandwich with an unhealthy amount of bacon while Devyn stood there, wondering why his new assistant was sitting outside at six-thirty in the morning.","murmura sa nouvelle assistante avec un petit soupir heureux alors qu'elle grignotait ce qui ressemblait à un sandwich aux œufs avec une quantité astronomique de bacon, alors que Devyn était planté là à se demander ce que sa nouvelle assistante faisait à l'extérieur du bâtiment à six heures et demie du matin.","Ça me fait rêver, le bacon, murmura l'assistante de Devyn avec un petit soupir de contentement alors qu'elle mâchait ce qui ressemblait à un sandwich au fromage avec une quantité excessive de bacon alors que Devyn restait là, se demandant pourquoi sa nouvelle assistante était assise à l'extérieur à six heures du matin."
I hadn't done anything but sit and hold him for a while.,Je n'ai rien fait d'autre que de m'asseoir et de le tenir dans mes bras pendant un moment.,"Ça ne m'a pas fait rien, je n'ai fait que me reposer et le tenir un peu."
It was only months later that he realized Kelly had been lonely.,Ce n'était que des mois plus tard qu'il avait compris que Kelly se sentait seule.,Ça n'a été que plus tard qu'il a réalisé que Kelly était seule.
"I'm peripherally aware of the heads turning and the looks that trail his trip toward me, but my focus is entirely on him.","Je suis conscient des têtes qui se tournent et des regards qui suivent son chemin vers moi, mais je me concentre entièrement sur lui.","Je suis conscient que les têtes se tournent et que les regards suivent son chemin vers moi, mais mon attention est entièrement tournée vers lui."
And I will catch you.,Et je t'attraperai.,Ça va te faire tomber.
"I guess I have two things, then.",Je suppose donc que j'ai deux choses à moi.,"Ça fait deux, alors."
Andi rushed to explain as she threw a panicked look at the large security guard reaching for her and-,Andi se dépêchait de s'expliquer en jetant un regard paniqué à l'énorme agent de sécurité qui s'approchait et...,Andi se précipita pour expliquer alors qu'elle jetait un regard paniqué sur le grand gardien de sécurité qui s'approchait d'elle et...
"""He has been very busy working behind the scenes, arranging transfers, intercepting audits, and doing everything that he could to keep us distracted.""","Il a été très occupé à travailler dans les coulisses, à organiser des transferts, à intercepter des audits et à faire tout ce qu'il pouvait pour nous distraire.","Ça a été très occupé à travailler à l'arrière-scène, à organiser les transferts, à intercepter les audits, et à faire tout ce qu'il pouvait pour nous distraire."
That hadn't been enough to annul thingstoo much riding on the union of the tribes.,Cela n'avait pas suffi à annuler les promesses  trop de choses dépendaient de l'union de leurs deux tribus.,Ça n'était pas suffisant pour annuler les choses  trop était en jeu dans l'union des tribus.
"Of course, this wasn't Hawaii, but up near the point was some darn good East Coast surfing.","Bien sûr, ce n'était pas Hawaï, mais près de la pointe, il y avait de sacrés bons coins pour surfer sur la côte Est.","Ça n'était pas Hawaii, mais près du cap, il y avait un bon surf de la côte Est."
"""I'll be back,"" he says, breathless.","Je reviens, dit-il, essoufflé.","Ça va me rappeler, dit-il, soufflant."
She pointed to the bar.,Elle désigna le bar.,"Ça, c'est le bar."
It was his dream too.,C'était aussi son rêve.,Ça était aussi son rêve.
"She didn't look like she was trying to kill him, Devyn thought, taking a sip of the large caramel coffee that he was forced to grab from the employee cafeteria when it became painfully obvious that his new assistant didn't know how to make coffee.","Elle n'avait pourtant pas l'air de vouloir le tuer, se dit Devyn en buvant une gorgée du café au caramel qu'il avait dû prendre à la cafétéria des employés quand il était devenu évident que sa nouvelle assistante ignorait comment faire du café.","Ça n'avait rien à voir avec ça, pensa Devyn, prenant une gorgée du grand café au caramel qu'il avait dû s'approprier dans la cafétéria des employés lorsque sa nouvelle assistante avait montré qu'elle ne savait pas faire du café."
She stretched out her legs and laid her head on the couch pillow and softly whistled some nondescript '80s pop song.,"Elle étendit ses jambes, posa sa tête sur le coussin du canapé et siffla doucement une chanson pop des années 80.","Elle étendit ses jambes, posa sa tête sur le coussin du canapé et siffla doucement une chanson pop des années 80 dont elle ne se souvenait pas."
Gayle pauses when she reaches the door and looks at me like I'm out of my head.,Gayle s'arrête au niveau de la porte et me regarde comme si j'avais perdu la tête.,Gayle s'arrête devant la porte et me regarde comme si je n'étais pas dans mon droit.
"""I don't want to be fair, I want you here.""","Je ne veux pas être juste, je veux que tu sois là.","Ça ne m'intéresse pas de faire la part des choses, je veux que tu sois ici."
"Once he was gone, Devyn sat down on the couch and watched Andi, still amazed by how quickly her mind worked as she went through the files that he'd brought.","Une fois qu'il fut parti, Devyn s'assit sur le canapé et observa Andi, toujours étonné par la rapidité avec laquelle son esprit travaillait alors qu'elle parcourait les dossiers qu'il avait apportés.","Une fois qu'il fut parti, Devyn s'assit sur le canapé et regarda Andi, toujours étonnée par la rapidité avec laquelle son esprit fonctionnait alors qu'elle parcourait les dossiers qu'il avait apportés."
It's easy to picture John in front of a classroom.,C'est facile d'imaginer John dans une salle de classe.,Ça fait facilement imaginer John devant une classe.
"I've always known, even before he came back to his flat that night and found that I'd learned the truth about him.","Je l'ai toujours su, même avant qu'il ne revienne à son appartement cette nuit-là et qu'il découvre que j'avais appris la vérité à son sujet.","Ça m'a toujours été clair, même avant qu'il ne revienne dans son appartement cette nuit-là et ne découvre que j'avais appris la vérité sur lui."
And it's clear he looks up to him.,Et il est clair qu'il l'admire.,Ça est clair qu'il le respecte.
"As a boy, he'd relished that meditative quality that grew where the water met the land and the sun blanketed everything in a golden warmth that lingered in the soul forever.","Enfant, il avait savouré cette faculté méditative qui naissait là où l'eau rencontrait la terre et où le soleil recouvrait tout d'une chaleur dorée qui s'attardait dans l'âme",Ça faisait des années qu'il aimait cette qualité méditative qui se développe à l'endroit où l'eau rencontre la terre et où le soleil recouvre tout d'une chaleur dorée qui reste dans l'âme pour toujours.
"""He likes the classics.",Il aime les classiques.,Ça lui plaît.
She had Chase now.,Elle avait Chase maintenant.,Ça lui avait donné Chase.
"""I love the warmth of the sun on my skin, and the brush of a cool breeze, and the clarity of music on land.""","J'aime la chaleur du soleil sur ma peau, le frôlement d'une brise fraîche et la clarté de la musique sur la terre ferme.","Ça me fait plaisir de sentir le soleil chaud sur ma peau, la brise fraîche qui se répand, et la clarté de la musique sur le sol."
Then I look up at him.,Puis je lève les yeux vers lui.,Je le regarde alors.
"Do your thing, I'll be tuning in.""","Fais opérer ta magie, je serai à l'écoute.","Ça va, je vais me mettre au courant."
Fall into her arms again.,Tomber à nouveau dans ses bras.,Être à nouveau dans ses bras.
"But he flashes his blinding smile, and the woman grins, blushing as she ushers her kidlet into the restaurant.","Mais il affiche son sourire aveuglant et la femme sourit, rougissant en faisant entrer son enfant dans le restaurant.","Ça va, ça va, dit-il en souriant, et la femme sourit, rougissant en emmenant son enfant dans le restaurant."
She rose on her elbows and watched him pull his T-shirt over his head.,Elle se redressa sur ses coudes et le regarda passer son tee-shirt par-dessus sa tête.,Elle se redressa sur ses coudes et regarda le jeune homme retirer son tee-shirt sur la tête.
"He didn't move away, and she leaned in close.","Il ne bougea pas, et elle se rapprocha.","Ça ne bougeait pas, et elle s'approcha."
"You know, the one where the Ex brings the stuff you've left at their place and vice versa.","Vous savez, cet échange où l'ex apporte les affaires que tu as laissées chez lui et vice versa.","Ça se nomme ""la remise des affaires"", c'est quand l'ex-petit ami apporte les affaires que vous avez laissées chez lui et vice-versa."
"""It's only an hour and a half.",Ce n'est qu'à une heure et demie de trajet.,Ça ne dure qu'une heure et demie.
"""It's a beautiful country.""",C'est un pays magnifique.,Ça fait un pays beau.
I could automate my entire set.,Je pourrais automatiser l'ensemble de mon travail.,Je pourrais automatiser mon ensemble entier.
"God, just thinking about the burnt, cold, creamy, grainy concoction...","Mon Dieu, rien que de repenser à cette mixture granuleuse, froide et avec un goût de brûlé...","Ça, juste à l'idée de cette préparation brûlante, froide, crèmeuse, granuleuse..."
"""I already have that,"" Andi pointed out with a disappointed sigh and a sad shake of her head as she glanced back at Nicholas.","Je l'ai déjà ça, dit Andi avec un soupir déçu et un triste hochement de tête en regardant Nicholas.","Ça m'est déjà arrivé, souligna Andi avec un soupir de déception et un mouvement de tête triste en regardant Nicholas."
"""So, all the stories I heard about Christopher and Amelia...""","Alors, toutes les histoires que j'ai entendues sur Christopher et Amelia...",Ça veut dire que tous les récits que j'ai entendus sur Christopher et Amelia...
"""Yeah,"" I agree, and trail off myself because John could leave anyone speechless, but especially me.","Oui, dis-je en signe d'acceptation, et je m'interromps parce que John peut laisser n'importe qui sans voix, mais surtout moi.","Ça va, je réponds, et je me tais moi-même parce que John pouvait rendre silencieux tout le monde, mais surtout moi."
"They'd be stupid to fire him, Andi reminded herself, repeating the words that had gotten her through the last ten hours.","Ils seraient stupides de le licencier, se rappela Andi, répétant les mots qui l'avaient aidée à traverser les dix dernières heures.","Ça serait stupide de le licencier, se rappela Andi, répétant les mots qui lui avaient permis de passer les dix dernières heures."
"The faint smell of burning wood reaches my nose, and I inhale deeply.",L'odeur légère du bois brûlé parvient à mon nez et j'inspire profondément.,"Je respire profondément, et le faible odeur de bois brûlé me parvient au nez."
"I just don't know whether I'd end up in the warm embrace of his impossibly long arms, or if my heart would smash into bits on some outcropping of rocks that I can't see but know are probably there.","J'ignore si je finirais dans l'étreinte chaleureuse de ses bras incroyablement longs, ou si mon cœur se briserait en mille morceaux sur un affleurement de rochers que je ne peux pas voir mais dont je devine la présence.","Ça me fait peur, je ne sais pas si je finirai dans l'étreinte chaleureuse de ses bras impossiblement longs, ou si mon cœur se brisera en morceaux sur un éperon rocheux que je ne vois pas mais que je sais probablement être là."
"And I refuse to believe she can't sing, not with a tone like that.","Et je refuse de croire qu'elle ne sait pas chanter, pas avec un tel timbre.","Ça me fait rire, et je refuse de croire qu'elle ne peut pas chanter, pas avec un ton comme ça."
And what was he supposed to do with a crying woman?,Et qu'était-il censé faire avec une femme qui pleurait ?,Ça lui faisait quoi ?
"""It was an observation.""",C'était juste une remarque.,Ça faisait partie d'une observation.
"""You knew killed my brother and you didn't tell me?""",Tu savais que mon frère avait été tué et tu ne me l'as pas dit ?,"Ça t'a tué, mon frère, et tu ne m'en as pas dit ?"
A lovely lunch made by Chase.,Un délicieux déjeuner préparé par Chase.,Ça fait un délicieux déjeuner préparé par Chase.
"""Wow, you are lucky to have a family record from that far back.",Tu as de la chance d'avoir des objets de famille aussi anciens.,"Ça fait du bien, tu as de la chance d'avoir un dossier familial depuis si longtemps."
I'm weighing my options - Melrose Diner for its proximity or Broad Street Diner for its superior batter - when the phone rings.,"Je pèse mes options : le Melrose Dinner pour sa proximité ou le Broad Street Diner pour sa pâte supérieure, lorsque le téléphone sonne.","Je pèse les avantages et les inconvénients du Melrose Diner, pour sa proximité, et du Broad Street Diner, pour sa batterie de meilleure qualité, quand le téléphone sonne."
"I shiver with pleasure and shake my head hard, wrenching his hand away from my needy flesh.","Je frissonne de plaisir et secoue la tête avec force, éloignant sa main de ma chair en manque ""Stop !""","Je frissonne de plaisir et secoue la tête durement, détachant sa main de ma chair exigeante."
"""You won't think so once you know the truth.""",Tu ne le penseras plus quand tu connaîtras la vérité.,Ça ne te semblera pas une fois que tu sauras la vérité.
"Did she know him, or had they just met?",Le connaissait-elle ou venaient-ils de se rencontrer ?,"Ça lui était-il connu, ou avaient-ils juste rencontré ?"
He would not win.,Il ne gagnerait pas.,Ça ne marcherait pas.
Or cancel the contract.,Ou annuler le contrat.,"Ça, ou annuler le contrat."
"""For sixty-seven days?""",Depuis soixante-sept jours ?,67 jours ?
The moonlight streaks John's hair with gold.,"Au clair de lune, les cheveux de John se teintent d'or.",La lumière de la lune éclaircit les cheveux de John d'un or doré.
"I'm supposed to be putting you to sleep with my droning.""",Je suis censé t'endormir avec mon histoire barbante.,"Ça me fait rire, ça me fait rire."
"That's beyond crazy, it's creepy.""","C'est plus que fou, c'est effrayant.","Ça dépasse le cadre, ça fait peur."
"""I thought you wanted to go to the park.",Je croyais que tu voulais aller au parc.,Ça me semblait bien que tu voulais aller au parc.
"And Christopher loved her enough to sacrifice everything for her.""",Et Christopher l'aimait suffisamment pour tout sacrifier pour elle.,"Ça, c'est l'amour."
"What the hell are you doing under my desk?""","Que faites-vous sous mon bureau, bon sang ?","Ça va, qu'est-ce que tu fais sous mon bureau ?"
It wouldn't be the same.,Ce ne serait pas la même chose.,Ça ne serait pas le même.
"Naturally, a young mother with her toddler wanders into the area just as those delightful words leave Dyer's mouth.","Naturellement, une jeune mère et son bambin entrent dans le restaurant juste au moment où ces mots charmants sortent de la bouche de Dyer.","Ça va, une jeune mère avec son petit enfant s'aventure dans la zone juste après que ces mots délicieux sont sortis de la bouche de Dyer."
"We found out about the child, but no record of Amelia.""","Nous avons découvert l'enfant, mais aucune trace d'Amelia.","Ça a été découvert, mais aucun dossier sur Amelia."
"Or to a place you really love.""",Ou dans un endroit que tu aimes vraiment.,Ça veut dire que tu aimes vraiment ce lieu.
"It's Saturday again, and I've invited John to go with me to a giant record fair in Cherry Hill, New Jersey.","Nous sommes samedi, et j'ai invité John à m'accompagner à une gigantesque foire aux disques à Cherry Hill, dans le New Jersey.","Ça fait samedi à nouveau, et j'ai invité John à venir avec moi à une grande foire aux disques à Cherry Hill, dans le New Jersey."
"""Give me a minute,"" he mumbled, and small sobs wracked his body, sending visible tremors through his shoulders.","Donne-moi une minute, marmonna-t-il, et de petits sanglots secouèrent son corps, provoquant des tremblements visibles dans ses épaules.","Ça va falloir un peu de temps, marmonna-t-il, et de petits sanglots secouèrent son corps, provoquant des tremblements visibles sur ses épaules."
"The sun glints in his snowy, blonde hair.",Le soleil brille dans ses cheveux blonds comme la neige.,Le soleil scintille dans ses cheveux blancs et blond.
Then...not so much.,Ensuite... plus vraiment.,Ça n'a pas été aussi facile.
"""Lexi is the sister of the boy that...?""",Lexi est la sœur du garçon qui... ?,Lexi est la sœur du garçon qui... ?
"I don't know why I'm so nervous, except that I have no idea what's going on between us.","Je ne sais pas pourquoi je suis si nerveux, mis à part que je n'ai aucune idée de ce qui se passe entre nous.","Ça fait si longtemps que je ne sais pas pourquoi je suis si nerveux, à part le fait que je ne sais pas quoi en penser entre nous."
"I can blame the pirate in the painting for all my troubles.""",Je peux blâmer le pirate du tableau pour tous mes problèmes.,"Ça, je peux le blâmer sur le pirate du tableau pour tous mes problèmes."
She'd never forget the perfection of the moment.,Elle n'oublierait jamais la perfection de ce moment.,Elle ne oublierait jamais la perfection de ce moment.
"""I would have killed your diver man that day toobut you were there.","J'aurais tué ton plongeur ce jour-là aussi, mais tu étais là.","Ça m'aurait fait tuer ton plongeur ce jour-là, mais tu étais là."
She needed an antacid more than dinner.,Elle avait plus besoin d'un antiacide que d'un dîner.,Ça lui fallait un antacide plus qu'un dîner.
He leaned forward and buried his face in his hands.,Il se pencha en avant et enfouit son visage dans ses mains.,Il se pencha en avant et enfouit son visage dans ses mains.
"It's just that he seems so lost, at the moment.","C'est juste qu'il semble si perdu, en ce moment.","Ça, c'est juste qu'il semble si perdu, pour l'instant."
Tangy warmth filled her mouth and her taste buds opened up.,La chaleur acidulée emplit sa bouche et ses papilles gustatives se réveillèrent.,Ça chauffait la bouche et ses papilles s'ouvrirent.
"""Before we could decide exactly what we were going to do, a large wave washed over the jelly.""","Avant que nous ayons pu décider exactement ce que nous allions faire, une grande vague s'était abattue sur la méduse.","Ça faisait déjà un moment que nous n'avions pas encore décidé exactement de quoi nous servir, lorsque une grande vague s'abatta sur la méduse."
He couldn't help but smile back.,Il ne put s'empêcher de sourire à son tour.,Ça lui faisait plaisir de lui sourire en retour.
"He hasn't seen me yet, which is a both a blessing and a curse.","Il ne m'a pas encore vu, ce qui est à la fois une bénédiction et une malédiction.","Ça ne l'a pas vu encore, ce qui est à la fois une bénédiction et une malédiction."
"""Roman Palms is our highest earner,"" Devyn said, watching as she scrolled to a financial report.","Roman Palms est l'hôtel qui nous rapporte le plus, dit Devyn, en la regardant faire défiler un rapport financier.","Ça fait du Roman Palms notre meilleur gagnant, dit Devyn, observant qu'elle défile vers un rapport financier."
It's become our thing.,C'est devenu notre truc.,Ça est devenu notre chose.
I hear rustling and know he's settling in for a conversation I don't know I want to have with him.,J'entends des bruits de mouvements et je sais qu'il s'installe pour une conversation que je ne suis pas sûr d'avoir envie d'entamer avec lui.,Ça fait du bruit et je sais qu'il s'installe pour une conversation dont je ne saisis pas que je la désire.
"She ought to tell him the whole story, and that Inna was after him toobut she was tired and emotionally drained.","Elle devrait lui raconter toute l'histoire, et lui dire qu'Inna lui en voulait à lui aussi, mais elle était fatiguée et à bout de nerfs.","Ça lui fallait de dire toute l'histoire, et qu'Inna était sur le point de le faire, mais elle était fatiguée et émotionnellement épuisée."
"I know that I could get you an interview,"" Drew said with a sympathetic smile.","Je sais que je peux t'obtenir un entretien, dit Drew avec un sourire compatissant.","Ça me semble, je peux te faire une interview, dit Drew avec un sourire sympathique."
It's a lot to swallow.,C'est beaucoup à avaler.,Ça fait mal à la gorge.
"His eyes open, half-lidded with lust, and I lick my bottom lip, sucking it into my mouth and biting it before I stretch my tongue out to taste him.","Ses yeux s'ouvrent, mi-clos de désir, et je lèche ma lèvre inférieure, l'aspirant dans ma bouche et la mordillant avant d'étirer ma langue pour le goûter.","Ses yeux s'ouvrent, demi-clos par la désir, et je lèche ma lèvre inférieure, la suçant dans ma bouche et la mordant avant de tendre ma langue pour le goûter."
"""And your glorious fucking arse.""",Et ton putain de cul glorieux.,Ça fait un bon moment que je n'ai pas vu ta merveilleuse fessée.
His t-shirt rides up to reveal a flat stomach covered in a light dusting of strawberry blonde hair.,Son t-shirt remonte et révèle un ventre plat recouvert d'une légère couche de poils blond vénitien.,Son tee-shirt monte pour révéler un ventre plat recouvert d'une fine poussière de cheveux blonds roux.
"And the rent was cheaper, too.",Et le loyer était moins cher.,"Ça coûtait moins cher, aussi."
"""Yes, you did,"" Devyn murmured in agreement with a pointed look at the notes that Andi made last night.","Oui, vous l'avez fait, murmura Devyn en signe d'accord avec le regard pointé sur les notes qu'Andi avait prises la nuit précédente.","Ça va, tu as raison, murmura Devyn d'accord avec un regard pointu vers les notes que Andi avait prises la nuit dernière."
Good thing her fantasies didn't beam out of the top of her head and project onto the ceiling.,Heureusement que ses fantasmes ne sortaient pas de sa tête pour se projeter au plafond.,Ça lui aurait fait plaisir que ses fantasmes ne sortent pas de sa tête et ne soient pas projetés sur le plafond.
And then he withdrew.,Et puis il s'est éloigné.,Et puis il se retira.
"""Yes, since you set me up with nightly play dates.""","Oui, puisque tu m'as arrangé des créneaux de rendez-vous nocturnes pour que je m'amuse.","Ça va, depuis que tu m'as mis en couple avec des rendez-vous nocturnes."
The wind gusted and showered them with a spray of misty rain.,Le vent souffla en rafales et les aspergea d'une pluie fine.,Le vent s'élança et les arrosera d'une brume de pluie.
"""I don't think he's a guard.",Je ne pense pas que ce soit un gardien.,Ça ne me semble pas.
"""You can't dive in Kansas unless you're planning on diving corn plants.""","On ne peut pas plonger au Kansas, à moins d'avoir l'intention de plonger dans des champs de maïs.","Ça ne fonctionne pas au Kansas, sauf si tu as l'intention de plonger dans les maïs."
"Mari climbed the stairs, disappearing for a moment on the other side of the dunes.","Mari monta les escaliers, disparaissant un instant de l'autre côté des dunes.","Mari grimpa les escaliers, disparaissant pendant un moment de l'autre côté des dunes."
His attention had been on her and no one else.,Son attention s'était portée sur elle et sur personne d'autre.,Son attention était sur elle et sur personne d'autre.
"?"" He asks.",demande-il.,Ça va ?
"For a moment, Devyn considered taking a look at the notebook on the couch next to her to find out what she was working on, only to decide against it since that would probably end with him feeling like the biggest asshole alive when that bottom lip started trembling and she sadly mumbled, ""My notebook.""","Pendant un instant, Devyn envisagea de jeter un coup d'œil au carnet posé sur le canapé à côté d'elle pour savoir sur quoi elle travaillait, mais il décida de ne pas le faire parce qu'il finirait probablement par se sentir comme le plus grand connard lorsque sa lèvre inférieure se mettrait à trembler et qu'elle marmonnerait tristement : ""mon carnet.""","Devyn envisagea de jeter un coup d'œil au cahier sur le canapé à côté d'elle pour voir ce qu'elle travaillait, avant de se raviser, car ça finirait probablement par le faire sentir comme le plus grand con du monde lorsque sa lèvre inférieure commença à trembler et qu'elle marmonna tristement :"
"""I didn't know you made a habit of riding out storms.""",Je ne savais pas que tu avais l'habitude de traverser les tempêtes.,Ça m'était inconnu que tu fasses l'habitude de passer les tempêtes.
"""I don't know,"" she said, raising her voice over the sound of the water.","Je ne sais pas, dit-elle en élevant la voix au-dessus du bruit de l'eau.","Ça, je ne sais pas, dit-elle, enlevant la voix au bruit de l'eau."
"""Then you should probably answer quickly,"" he said, not really looking all that concerned that she was about to create a memory that neither one of them would ever forget.","Alors, tu devrais probablement répondre rapidement, dit-il, ne semblant pas vraiment préoccupé par le fait qu'elle était sur le point de créer un souvenir que ni l'un ni l'autre n'oublierait jamais.","Ça veut dire que tu devrais probablement répondre rapidement, dit-il, sans vraiment sembler inquiet de ce qu'elle allait créer un souvenir qu'ils ne oublieront jamais."
"""I'd just found out my little sister has cancer!"" The teen screams, startling the room.",Je viens d'apprendre que ma petite sœur a un cancer !,"Ça, ça, ça, ça, ça, ça, ça, ça, ça, ça, ça, ça, ça, ça, ça, ça, ça, ça, ça, ça, ça, ça, ça, ça, ça, ça, ça, ça, ça, ça, ça, ça, ça, ça, ça, ça, ça, ça, ça, ça, ça, ça, ça"
Dyer is unreasonably handsome.,Dyer est d'une beauté démesurée.,Dyer est d'une beauté injustifiée.
"Hoping that this would be quick, Andi opened the door only to find a large man standing in the hallway.","En espérant que ce serait rapide, Andi ouvrit la porte et trouva un homme imposant qui se tenait dans le couloir.","Espérant que ça serait rapide, Andi ouvrit la porte pour trouver un homme de taille imposante dans le couloir."
"""If you stay, I do too.","Si tu restes, je reste aussi.","Si tu restes, je reste aussi."
"He swipes at it, but another soon takes its place.","Il l'essuie, mais une autre prend rapidement sa place.","Ça lui passe, mais un autre le remplace rapidement."
"Besides, it gives me time to think.","Et puis, ça me laisse le temps de réfléchir.",Ça me donne le temps de penser.
"His grip on me is light, but it burns hot.","Son emprise sur moi est légère, mais elle est brûlante.","Son étreinte sur moi est légère, mais elle brûle."
"""You have to admit, it was a smart move to blame me.",Tu dois admettre que c'était une bonne idée de m'accuser.,"Ça faut que tu le reconnaisses, c'était une bonne idée de me faire porter la responsabilité."
"When I first landed on America's shores, I'd had high hopes of becoming a music journalist.","Lorsque j'ai débarqué sur le sol américain, j'avais le grand espoir de devenir journaliste musical.","Ça fait déjà longtemps que je suis arrivé sur les rivages américains, et j'avais de grands espoirs de devenir journaliste musical."
"I snatch up the rest of my things, and then I walk out of  John's bedroom.",Je ramasse le reste de mes affaires et je sors de la chambre de John.,"Je ramasse le reste de mes affaires, puis je quitte la chambre de John."
"But if he does, then he'll see how desperately I want him to do just that.","Mais s'il le fait, il verra à quel point j'ai désespérément envie qu'il le fasse.","Ça ne veut pas dire que je ne le ferai pas, mais s'il le fait, il verra à quel point je veux qu'il le fasse."
"He's such a sweetheart, so tender and gentle, and yet so powerful.","Il est si gentil, si tendre et si doux, et pourtant si puissant.","Ça fait si longtemps qu'il est là, il est si doux, si tendre et si doux, et pourtant si puissant."
He remembered how much he loved the ocean before the accident.,Il se souvient à quel point il aimait l'océan avant l'accident.,Ça lui rappelait à quel point il aimait l'océan avant l'accident.
You would have been collateral damage if I hadn't been able to rescue you.,Tu aurais été un dommage collatéral si je n'avais pas pu te sauver.,Ça aurait été un dommage collatéral si je n'avais pas pu te sauver.
"They look rather cozy, actually.","Ils ont l'air plutôt sympathiques, en fait.","Ça a l'air assez confortable, en fait."
Like he's using me to test waters he's been afraid to swim in for whatever reason.,Comme s'il m'utilisait pour tester des eaux dans lesquelles il a peur de nager pour une raison ou une autre.,Ça me semble comme s'il m'utilisait pour tester les eaux qu'il n'osait pas nager.
Her mouth barely moved as she spoke.,Sa bouche bougeait à peine lorsqu'elle parla.,Son bouche ne bougeait que très peu lorsqu'elle parlait.
"""Right now, Roman Palms is renting their ballroom space for the Winter Wonderland and a few other low attendance events at a fraction of the price because it's easier, but it's costing them in the long run,"" Andi explained as he took the iPad from her and swiped through the file, taking a closer look at the numbers.","En ce moment, Roman Palms loue sa salle de bal pour le Winter Wonderland et quelques autres événements peu fréquentés à une fraction du prix normal parce que c'est plus facile, mais ça leur coûte cher à long terme, expliqua Andi en lui prenant l'iPad et en parcourant le fichier, examinant les chiffres de plus près.","Ça fait maintenant un an que Roman Palms loue leur salle de bal pour l'Hiver Fantastique et quelques autres événements de faible fréquentation à un prix inférieur à la moitié du prix normal parce que c'est plus facile, mais ça leur coûte cher au final, expliqua Andi en prenant l'iPad dans ses mains et en faisant une tournée rapide dans le dossier, en s'attardant sur les chiffres."
I don't have complete control over my body at the moment.,Je n'ai pas le contrôle total de mon corps en ce moment.,Je n'ai pas le contrôle complet de mon corps en ce moment.
"You act like you know him.""",Tu agis comme si tu le connaissais.,"Ça va, tu fais comme si tu le connaissais."
The Hollywood Hearts Series:,La série Hollywood Hearts :,La série Hollywood Hearts :
"The room fills up rapidly around us, its dark walnut tables wobbling under the weight of glasses, dishes, and errant elbows.","La salle se remplit rapidement autour de nous, les tables en noyer sombre vacillent sous le poids des verres, de la vaisselle et des coups de coude.","La pièce se remplit rapidement autour de nous, ses tables en noyer foncé tremblent sous le poids des verres, des assiettes et des coudes errants."
But she didn't say that.,Mais elle n'avait pas dit ça.,Ça ne fut pas dit.
"Of course, he'd keep it all for himself.","Bien sûr, il garderait tout pour lui.","Ça lui appartenait, il le garderait pour lui."
"""Yeah,"" he grunts into my neck.","Oui, grogne-t-il dans mon cou.","Ça va, grogne-t-il dans mon cou."
It was all you could do when the air ran out.,C'est tout ce qu'on peut faire quand il n'y a plus d'air.,Ça était tout ce que tu pouvais faire quand l'air s'échappait.
And then he's racked by a choking sob that takes him to his knees.,Puis un sanglot étouffé le fait tomber à genoux.,Et puis il est frappé par un sanglot qui le fait tomber à genoux.
"Maybe tomorrow if there isn't much damage from the weather.""",Peut-être demain s'il n'y a pas trop de dégâts,"Ça pourrait être demain, si le temps est clément."
I'll take him as a faux pirate since the real ones need baths and a dentist anyway.,Je le considérerai comme un faux pirate puisque les vrais ont de toute façon besoin d'un bain et d'un dentiste.,"Ça fait un faux pirate, puisque les vrais pirates ont besoin de bains et d'un dentiste."
"Wait until my mother hears about you trying to kill me.""",Attends que ma mère apprenne que tu as essayé de me tuer.,Attends que ma mère apprenne que tu as essayé de me tuer.
"He'd gone years without touching a woman, but the thought of going even one day without touching her...","Il avait passé des années sans toucher une femme, mais l'idée de passer ne serait-ce qu'un jour sans la toucher...","Ça faisait des années qu'il n'avait pas touché une femme, mais l'idée de ne pas la toucher pendant un jour..."
"His are dark, darker than I've ever seen them, the pupils completely blown.","Les siens sont sombres, plus sombres que je ne les ai jamais vus, les pupilles complètement dilatées.","Ça fait très sombre, plus sombre que je ne l'ai jamais vu, les pupilles complètement dilatées."
"I've never ordered your pimento cheese, but it tastes different than what I've had before.""","Je n'ai jamais commandé ton fromage pimenté, mais il a un goût différent de ceux que j'ai déjà mangé.",Ça ne ressemble pas au fromage au piment que j'ai déjà goûté.
It's the question glaring at me from the top of my screen.,C'est la question qui m'interpelle en haut de mon écran.,"Ça, c'est la question qui me regarde du haut de mon écran."
"""Why do I have a feeling that this is about more than just a job?""",Pourquoi ai-je l'impression qu'il s'agit de bien plus qu'un simple travail,Ça me donne l'impression que ce n'est pas juste un travail.
"""Let's get the last window on this side done.",Nous allons terminer la dernière fenêtre de ce côté.,Ça fait longtemps que je n'ai plus de fenêtre à changer.
"A flash of a distant transformer going, and then memories burned in his stomach like a whirlpool.","Un éclair venant d'un transformateur lointain qui se mettait en marche, puis des souvenirs brûlèrent dans son l'estomac comme un tourbillon.","Un éclair de transformateur à distance qui s'éteint, puis des souvenirs brûlants dans son estomac, comme un tourbillon."
"The strong flame flickered in his sight, the remnants of his tears making halo rainbows around the flame.","La forte flamme vacilla sous ses yeux, les restes de ses larmes formant des arcs-en-ciel autour de la flamme.","Le flambeau puissant vacillait dans son regard, les restes de ses larmes formant des arcs-en-ciel autour de la flamme."
"""Luke was about seven, I think.","Luke avait environ sept ans, je crois.","Luke avait environ sept ans, je crois."
"The little place felt more like a home than anywhere she'd lived, and she wasn't ready to leave it behind.","Ce petit endroit ressemblait plus à un foyer que n'importe quel autre endroit où elle avait vécu, et elle n'était pas prête à le laisser derrière elle.","Ça ressemblait plus à un foyer qu'à un appartement, et elle n'était pas prête à l'abandonner."
"""I didn't want to delay the project,"" she mumbled sadly only to open her eyes and glare at the man who'd quickly become like a big brother to her over the past year and seemed to really enjoy tormenting her when he muttered, ""Pain in the ass.""","Je ne voulais pas retarder le projet, marmonna-t-elle tristement, avant d'ouvrir les yeux et de fixer l'homme qui était rapidement devenu un grand frère pour elle au cours de l'année écoulée et qui prenait plaisir à la tourmenter en marmonnant : ""Casse-pieds"".","Ça ne faisait pas de bien au projet, marmonna-t-elle tristement, avant de rouvrir les yeux et de lui jeter un regard, avant qu'il ne marmonne :"
"""That's not really an answer,"" Andi said as she carefully slipped her feet back into her shoes.","Ce n'est pas vraiment une réponse, dit Andi alors qu'elle remettait avec précaution ses chaussures.","Ça n'est pas vraiment une réponse, dit Andi en remettant soigneusement ses pieds dans ses chaussures."
Where were all the birds?,Où étaient tous les oiseaux ?,Ça faisait trop longtemps qu'il n'y avait plus de volatiles.
"I'm very, very busy, you know.","Je suis très, très occupé, tu sais.","Ça fait très, très longtemps que je suis très, très occupé."
It was going to be an easy cleanup with no water damage to contend with.,Le nettoyage allait être facile et il n'y aurait pas de dégâts des eaux à déplorer.,"Ça allait être un nettoyage facile, sans dommages dus à l'eau."
John and I?,John et moi ?,"Ça, John et moi ?"
My parents already thought I was obsessed.,Mes parents pensaient déjà que j'étais obsédé.,Mes parents pensaient déjà que je suis obsédé.
A cool wave slid over her feet and her tail throbbed.,Une vague fraîche glissa sur ses pieds et sa queue palpita.,Une vague froide glissa sur ses pieds et sa queue battait.
"She leaned into him, relishing the warmth and safety of his hug.","Elle se pencha vers lui, savourant la chaleur et la sécurité de son étreinte.","Elle s'inclina sur lui, jouissant de la chaleur et de la sécurité de son bras."
"""But of course you'd be a butterfly.""",Mais bien sûr que tu deviendras un papillon.,Ça va falloir que tu sois un papillon.
"Before I know it, I've closed the door and grabbed him from behind.","Avant même de m'en rendre compte, j'ai refermé la porte et je l'ai attrapé par derrière.","Ça ne me prend pas par surprise, je ferme la porte et le saisis de derrière."
I was busy boarding up the windows and closing the storm shutters.,J'étais occupé à barricader les fenêtres et à fermer les volets.,"Ça faisait très froid, je me suis occupé à fermer les volets et à verrouiller les fenêtres."
"He's clearly educated, and I've seen his patience in action.",Il est manifestement instruit et j'ai vu sa patience à l'œuvre.,"Ça est clair qu'il est éduqué, et j'ai vu sa patience en action."
"He looked so stressed, Andi thought as she lay there, watching Devyn as he worked on the couch that he'd dragged in here to keep an eye on her because apparently, he had trust issues and-","Il paraissait tellement stressé, pensa Andi alors qu'elle était allongée là, regardant Devyn travailler sur le canapé qu'il avait traîné ici pour garder un œil sur elle parce qu'apparemment, il avait des problèmes de confiance et...","Ça faisait si longtemps qu'il n'avait pas de vie, Andi pensa en se reposant, regardant Devyn travailler sur le canapé qu'il avait apporté ici pour surveiller Andi, car il semblait avoir des problèmes de confiance et..."
Gulls shrieked warnings in the distance.,Des goélands criaient des avertissements au loin.,Des goélands criaient des avertissements à l'horizon.
"She's strong in her convictions, anyone with eyes can see it.","Elle est tient droite dans ses bottes, n'importe qui avec des yeux peut le voir.","Ça fait que sa conviction est forte, et tout le monde peut le voir."
The men didn't need to cross paths.,Les deux hommes n'avaient pas besoin de se croiser.,Les hommes n'avaient pas besoin de se croiser.
It's romantic.,C'est romantique.,Ça a l'air romantique.
"After handing the keys to the valet, Devyn, who kept sending her accusing glares, led her inside the incredibly beautiful hotel lobby.","Après avoir remis les clés au voiturier, Devyn, qui ne cessait de lui lancer des regards accusateurs, la conduisit à l'intérieur du hall de l'hôtel, d'une beauté incroyable.","Devyn, qui lui lançait des regards accusateurs, la conduisit à l'intérieur de l'hôtel, dont le hall était incroyablement beau."
Maybe this Patrick was the reason.,Peut-être que ce Patrick en était la raison.,Ça pourrait être la raison.
"""I thought you were resting.",Je croyais que tu te reposais.,Ça me semblait comme si tu te reposais.
"He took her mouth in his, taking in the sweetness of her breath and the yielding fullness of her lips.","Il prit sa bouche dans la sienne, profitant de la douceur de son souffle et de la souplesse de ses lèvres.","Il prit sa bouche dans la sienne, respirant la douceur de son souffle et la pleine sensualité de ses lèvres."
"He should give her one last kiss goodbye and head for the door, but...","Il devrait lui donner un dernier baiser d'adieu et se diriger vers la porte, mais...","Ça lui fallait un dernier baiser et il devait s'éloigner, mais..."
"I can't describe the noise I make, part newborn kitten, part whiny toddler.","Je ne peux décrire le bruit que je fais, on dirait à la fois un chaton nouveau-né et un enfant pleurnichard.","Ça fait comme un chaton nouveau-né, mais avec un timbre de petit enfant qui pleure."
"""Are you ready to tell me what happened between you two?""",Es-tu prêt à me dire ce qui s'est passé entre vous deux ?,Êtes-vous prêt à me dire ce qui s'est passé entre vous deux ?
Pterodactyls take up residence in my gut.,Des ptérodactyles s'installent dans mes tripes.,Les ptérodactyles s'installent dans mon estomac.
"Dizzied, she couldn't separate Chase's licks from his nibbles, and she fell over the edge in one frantic shout.","Étourdie, elle n'arrivait pas à distinguer les coups de langue de Chase de ses mordillements, et elle tomba dans le vide en poussant un cri frénétique.","Ça lui donnait le vertige, elle ne pouvait pas distinguer les lèvres de Chase des morsures, et elle tomba dans le désespoir en criant."
"Who has time to bake bread anymore?""",Qui a encore le temps de faire du pain ?,Ça fait trop longtemps que je n'ai plus le temps de faire du pain.
"I hold up a hand, hating the fact that it wobbles.","Je lève une main, détestant le fait qu'elle tremble.","Je lève la main, me détestant pour ce qu'elle tremble."
"LPs, CDs, and rare box sets, both vinyl and digital.","Des vinyles, des CD et des coffrets rares, tant en vinyle qu'en numérique.","33 tours, CD et boîtes spéciales, en vinyle et en numérique."
"""This is Frankie L, and I'm here to take you on a journey.",Je suis Frankie L. et je suis là pour vous faire voyager.,Ça s'appelle Frankie L et je suis là pour vous emmener sur un voyage.
"""While I was taking a look at Roman Palms Hotel's files, I got curious about a few things, mostly about their off-months,"" she began as he took the hint and sat up only to release a small grunt when she climbed between his legs and grabbed the iPad back out of his hands so that she could take over.","Pendant que je jetais un coup d'œil aux dossiers de l'hôtel Roman Palms, j'ai été curieuse de certaines choses, surtout à propos de leurs mois creux, commença-t-elle.","Ça fait que, pendant que j'étais en train de regarder les dossiers de l'Hôtel Roman Palms, j'ai été curieuse de quelques choses, surtout des mois creux, commença-t-elle alors qu'il se redressait pour s'asseoir, puis qu'il poussa un petit grognement lorsqu'elle s'installa entre ses jambes et lui arracha l'iPad des mains pour prendre le relais."
"But yeah, I'm pretty sure we're going to end up naked.","Mais oui, je suis presque sûr que nous allons finir nus.",Ça va faire un moment que je suis sûr que nous allons finir nu.
"She'd gotten a little sad, mostly because she'd never known her dad.","Elle s'était sentie un peu triste, surtout parce qu'elle n'avait jamais connu son père.","Ça lui avait fait un peu triste, surtout parce qu'elle n'avait jamais connu son père."
"How'd you get through high school?""",Comment as-tu fait pour survivre les années lycée ?,Ça te faisait pas de mal à passer le bac ?
"""Give me what I want, Frankie,"" John growls.","Donne-moi ce que je veux, Frankie, grogne John.","Ça me plaît, Frankie, grogne John."
"""That's not what I'm focusing on right now,"" I mutter.","Ce n'est pas ce sur quoi je me concentre en ce moment, murmuré-je.","Ça n'est pas ce que je me concentre sur le moment présent, murmuré-je."
"He hopped off the barstool and grabbed all the dishes with the finesse of a longtime waiter, stacking everything on his forearm and parading to the kitchen door.","Il sauta du tabouret et attrapa toute la vaisselle avec la dextérité d'un serveur expérimenté, empilant le tout sur son avant-bras et se dirigeant vers la porte de la cuisine.","Il sauta du tabouret et ramassa tous les plats avec la finesse d'un serveur expérimenté, les empilant sur son avant-bras et se dirigeant vers la porte de la cuisine."
"""Forgot we don't have lights.",J'ai oublié que nous n'avions pas de lumière.,Ça nous a échappé que nous n'avons pas de lumières.
"""I'll..."" I try to swallow and end up coughing.",J'essaie d'avaler ma salive et je finis par tousser.,Ça... Ça... Je tente de déglutir et je finis par m'éternuer.
"Looks like you're done.""",On dirait que tu as fini.,Ça a l'air que tu as fini.
Doing hurricane prep.,Je prépare l'arrivée de l'ouragan.,Ça fait partie de la préparation d'un ouragan.
"""I..."" I shake my head, trying to laugh off this, whatever it is.","Je secoue la tête, essayant de rire de tout ça, peu importe ce que c'est.","Ça... Je secoue la tête, essayant de rire de tout ça, quoi qu'il en soit."
He's practically dead on his feet tonight.,Il est pratiquement mort de fatigue ce soir.,Ça fait presque comme s'il était mort debout ce soir.
He had to stay strong for her.,Il devait rester fort pour elle.,Ça lui fallait de rester fort pour elle.
"""Trust me, there's nothing wrong with this deal.","Fais-moi confiance, il n'y a rien qui cloche avec ce contrat.","Ça va marcher, il n'y a rien de mal à ce contrat."
"At the first gush of his warm breath on me, I buck hard.","À la première bouffée de son souffle chaud sur moi, je me cabre.","À la première brise de son souffle chaud, je recoil hardi."
"""So?"" She turned to look over the sound at the sun slung low in the sky.",Alors... Elle se tourna pour regarder le soleil bas dans le ciel.,Ça va ? Elle se retourna pour regarder le soleil bas dans le ciel.
"When John frowns, I continue.","Devant le froncement de sourcils de John, je poursuis.","Quand John fronce les sourcils, je continue."
It's a distraction.,C'est une sacrée distraction.,Ça sert à faire oublier.
"He's not looking at me, his eyes are trained on the ceiling.","Il ne me regarde pas, ses yeux sont rivés au plafond.","Ça ne regarde pas vers moi, ses yeux sont rivés au plafond."
"They walked without talking, Mari whistling what sounded like a mash-up of Jingle Bells and America, the Beautiful, and Chase trying to keep up with her brisk pace.","Ils marchaient sans parler, Mari sifflant ce qui ressemblait à un mélange de Jingle Bells et d'America, the Beautiful, et Chase essayant de suivre son rythme rapide.","Ça marchait sans parler, Mari sifflant ce qui ressemblait à un mash-up de Noël, bonne année et l'Amérique, belle, et Chase essayant de tenir le pas de son allure rapide."
"He's been up all night, and it shows.",Il n'a pas dormi de la nuit et cela se voit.,"Ça fait que ça fait une nuit entière qu'il est en train de travailler, et ça le montre."
We've never even exchanged contact information.,Nous n'avons jamais échangé nos coordonnées.,Ça ne nous a pas permis de nous échanger nos informations de contact.
"It is a lie.""",C'est un mensonge.,Ça c'est un mensonge.
"""Hey, John, good to see you again.""","Hé, John, content de te revoir !","Ça va, John, c'est bien de te revoir."
"He set the dishes on the counter, then headed to the bar.",Il posa les plats sur le comptoir et se dirigea vers le bar.,"Il posa les assiettes sur le comptoir, puis se dirigea vers le bar."
Blood dripped onto his shirt.,Du sang coulait sur son tee-shirt.,Le sang tombait sur sa chemise.
"If Amelia had survived, then there were lots of part-mer, part-humans out there on Chase's family tree.","Si Amelia avait survécu, c'est qu'il y avait beaucoup de métis de sirènes et d'humains dans l'arbre généalogique de Chase.","Si Amelia avait survécu, il y avait beaucoup de métis, mi-humains, mi-sous-marins dans l'arbre généalogique de la famille Chase."
"""Oh, no,"" he says, and his laugh is...not bitter, it's a laugh of disbelief.","Oh, non ! dit-il, et son rire n'est pas amer, c'est un rire d'incrédulité.","Ça, non, dit-il, et son rire est... pas amère, c'est un rire de désespoir."
I often wonder if she's got hidden cameras.,Je me demande souvent si elle a des caméras cachées.,Ça me fait souvent penser qu'elle a des caméras cachées.
"So much wind.""",Il y a tellement de vent.,Ça fait si fort le vent.
"""I was almost killed by a tourist attraction.""",J'ai failli être tuée par une attraction touristique.,"Ça m'a presque tué, un attrait touristique."
"Within seconds, his gaze went from panicked to determined.","En quelques secondes, son regard passa de la panique à la détermination.","Dans quelques secondes, son regard passa de panique à détermination."
"In fact, he looks like he hasn't slept since primary school.","En fait, on dirait qu'il n'a pas dormi depuis l'école primaire.",Ça fait en fait plus d'un mois qu'il n'a pas dormi.
"""Sure, there's a balcony just off the guest bedroom.""","Bien sûr, il y a un balcon dans la chambre d'amis.","Ça va, il y a un balcon juste à côté de la chambre des invités."
"In the meantime, I try to stick to mornings at the school district.""","En attendant, j'essaie de m'en tenir aux matinées à l'école...",Ça fait du bien de rester dans les limites de mon contrat de travail.
"Step by step, he drew closer.","Pas à pas, il se rapprocha.","Ça va, il s'approchait."
"There are stars behind my eyes, and a whirring sound in my ears, followed by pounding in my ribcage.","J'ai des étoiles derrière les yeux et un bourdonnement dans les oreilles, suivi d'un martèlement dans la cage thoracique.","Ça fait des étoiles derrière mes yeux, un bruit de tourbillon dans mes oreilles, puis un battement dans ma poitrine."
Wasn't that the legend?,N'est-ce pas ce que disait la légende ?,Ça n'était-il pas la légende ?
"""I enjoy those things,"" he says, a frown over his beautiful eyes.","J'aime ces instants-là, dit-il en fronçant les sourcils.","Ça me plaît, dit-il, fronçant les sourcils sur ses beaux yeux."
"""So, I couldn't help but notice that there was a lovely hotel on the way here,"" Andi pointed out, already reaching for her phone.","Je n'ai pas pu m'empêcher de remarquer qu'il y avait un bel hôtel sur le chemin, souligna Andi, en attrapant déjà son téléphone.","Ça m'a donc fait penser que j'ai vu un hôtel très beau sur le chemin, dit Andi, en tendant déjà la main vers son téléphone."
"""I did,"" he readily agreed as he began caressing the back of her hand with his thumb.","C'est vrai, reconnut-il volontiers en commençant à caresser le dos de sa main avec son pouce.","Ça va, s'accorda-t-il tout de suite en commençant à caresser le dos de sa main avec son pouce."
She peered out the window and whistled Jingle Bells under her breath.,Elle jeta un coup d'œil par la fenêtre et siffla doucement Jingle Bells.,Elle jeta un coup d'œil à la fenêtre et siffla Jingle Bells sous sa bouche.
"John toes out of his Skechers and lifts, first one leg, then the other as I strip him of his jeans.","John enlève ses Skechers et soulève d'abord une jambe, puis l'autre, tandis que je le débarrasse de son jean.","John enlève ses Skechers et soulève, d'abord un pied, puis l'autre, tandis que je lui enlève son jean."
"""I'm going to try,"" Nicholas said, his lips twitching with amusement as he helped himself to another slice of bacon.","Je vais essayer, dit Nicholas, ses lèvres se tordant d'amusement tandis qu'il se servait une autre tranche de bacon.","Ça vaudra la peine, dit Nicholas, ses lèvres se tordant de plaisir alors qu'il prenait une autre tranche de bacon."
"Amelia swam into the still waters, and when she saw Christopher, she lifted her arms like she wanted to board the ship.","Amelia avait nagé dans les eaux calmes, et quand elle avait vu Christopher, elle avait levé les bras comme si elle voulait monter à bord.","Amelia nagea dans les eaux calmes, et lorsqu'elle vit Christopher, elle leva les bras comme s'il s'agissait de monter à bord du bateau."
"""...wasn't a homophobic asshat?",... n'était pas un connard homophobe ?,Ça n'était pas un connard homophobe ?
"""I'll leave you to negotiate that with John,"" Gayle answers as she gathers her things to go.","J'te laisse négocier ça 'vec John, répond Gayle en rassemblant ses affaires pour partir.","Ça, tu le négocieras avec John, répond Gayle en rassemblant ses affaires pour partir."
That look has me trembling.,Ce regard me fait trembler.,Ça me fait trembler.
"Besides, if anything happens, I'll be right there to keep you safe,"" Travis said as she forced herself to look away from Devyn, wondering what the hell was wrong with her.","De plus, si quelque chose devait arriver, je serai là pour vous protéger, déclara Travis alors qu'elle s'efforçait de détourner le regard de Devyn, se demandant ce qui n'allait pas chez elle.","Ça va, si quelque chose se passe, je serai là pour te protéger, dit Travis alors qu'elle se forçait à ne pas regarder Devyn, se demandant ce qu'il se passait en elle."
I don't have to tell him twice.,Je n'ai pas besoin de le lui dire deux fois.,Ça ne me faut pas le dire deux fois.
"Thunder echoed in the distance and stalks of bright lightning dropped out of the sky near the horizon, momentarily lighting up the surface of the ocean like polished silver.","Le tonnerre résonnait au loin et des éclairs brillants tombaient du ciel près de l'horizon, illuminant momentanément la surface de l'océan comme de l'argent poli.","Le tonnerre retentit à l'horizon et des éclairs lumineux s'abattirent du ciel près de l'horizon, éclairant momentanément la surface de l'océan comme de l'argent poli."
Seemed like baseball was always on lately.,On aurait dit que le baseball était toujours à l'écran ces derniers temps.,Ça semblait que le baseball était toujours diffusé récemment.
"I hear the tell-tale snick of the cap of a bottle, and then cold liquid drips down my crease.","J'entends le bruit caractéristique du bouchon de bouteille qu'on ouvre, puis un liquide froid coule le long de mon pli.","Je entends le cliquetis d'une bouteille, puis un liquide froid coule le long de mon pli."
"Before she could finish the sentence that promised to break the perfection of the moment, he tipped her chin higher and grazed her lips with his.","Avant qu'elle ne puisse terminer la phrase qui promettait de briser la perfection du moment, il lui fit relever le menton et effleura ses lèvres.","avant qu'elle ne termine la phrase qui promettait de rompre la perfection du moment, il élève le menton et effleure ses lèvres."
"The setting sun streamed across the park, casting long shadows of rides onto the empty beach like an invading army of giant insects.","Le soleil couchant traversa le parc, projetant de longues ombres de manèges sur la plage vide, telle une armée envahissante d'insectes géants.","Le soleil couchant traversait le parc, projetant des ombres longues des attractions sur la plage déserte, comme une armée d'insectes géants envahissant le lieu."
She loved the way the light streaked across his angry eyes like a flash of lightning over a dark sea.,"Elle aimait la façon dont la lumière traversait ses yeux en colère, comme un éclair sur une mer sombre.",Ça lui plaisait de voir la lumière traverser les yeux de son mari en colère comme une éclair de tonnerre sur une mer sombre.
"I'm fuller than I've ever been, stretched and aching with a pleasure I can barely process.","Je n'ai jamais été aussi rempli, étiré et endolori par un plaisir que j'ai du mal à assimiler.","Ça me remplit, ça me détend et me fait avaler un plaisir que je ne peux pas digérer."
"""I'm sorry you had to leave a job you loved, the place you grew up,"" I say, and I mean it.","Je suis désolé que tu aies dû quitter un travail que tu aimais, l'endroit où tu as grandi, dis-je, et je le pense vraiment.","Ça me fâche que tu aies dû quitter un travail que tu aimais, le lieu où tu as grandi, dis-je, et je le crois."
"It's the least I can do.""",C'est le moins que je puisse faire.,"Ça, c'est le moins que je puisse faire."
Her heart thumped and she whistled the Imperial March from Star Wars.,Son cœur battait la chamade et elle siffla la Marche impériale de La Guerre des étoiles.,Son cœur battait la chamade et elle siffla la marche impériale de Star Wars.
"He lifted her chin and kissed her, his lips pressing against hers in fervent desire.","Il lui souleva le menton et l'embrassa, ses lèvres se pressant contre les siennes dans un désir fervent.","Il souleva son menton et l'embrassa, ses lèvres s'écrasant contre les siennes dans un désir fervent."
"""I love seeing you wearing that necklace,"" he murmured.","J'aime te voir porter ce collier, murmura-t-il.","Ça me plaît de te voir porter ce collier, murmura-t-il."
"""So, I think I figured it out,"" Andi said, already completely fucking lost in whatever was on the iPad that she'd managed to get her hands on as she rolled onto her back.","Ah, j'ai trouvé, dit Andi, déjà complètement perdue dans ce qu'il y avait sur l'iPad sur lequel elle avait réussi à mettre la main, alors qu'elle se roulait sur le dos.","Ça marche, je pense que je l'ai compris, dit Andi, déjà complètement perdue dans ce que l'iPad contenait, alors qu'elle se retournait sur le dos."
"""We'd better get to work.""",Nous ferions mieux de nous mettre au travail.,Ça fait mieux de nous mettre au travail.
His voice pours over me like melted chocolate.,Sa voix se déverse sur moi comme du chocolat fondu.,Son voix coule sur moi comme du chocolat fondu.
"I'm sure they made the best decision, given the conditions.""","Je suis sûre qu'ils ont pris la meilleure décision, compte tenu des conditions.","Ça me semble logique, compte tenu des circonstances."
"I don't know how long we stand in my doorway, but I eventually slip out of his arms and lead him over to the couch.","Je ne sais pas combien de temps nous sommes restés sur le seuil de ma porte, mais j'ai fini par me défaire de son étreinte et je le conduis jusqu'au canapé.","Je ne saisis pas combien de temps nous restons debout dans mon portail, mais je finis par me détacher de ses bras et le mener vers le canapé."
"""I can't give you what you need.",Je ne peux pas te donner ce dont tu as besoin.,Ça ne me sert à rien.
"""I guess you weren't kidding about the whole birthright thing.""",Je suppose que tu ne plaisantais pas à propos de l'héritage culturel.,Ça veut dire que tu n'as pas joué sur le fait que tu sois le fils de la reine.
"I have the overwhelming urge to kiss him there, and so I do.","J'ai une envie irrésistible de l'embrasser à cet endroit, et c'est ce que je fais.","Ça me fait un désir irrépressible de l'embrasser là-bas, et je le fais."
"Whether she had hidden it, or he hadn't looked closely enough to see it, he didn't know.","Qu'elle l'ait cachée ou qu'il ne l'ait pas regardée d'assez près pour la voir, il ne le savait pas.","Ça lui avait échappé, ou il n'avait pas regardé de près, il ne le savait pas."
I don't think I've ever met anyone so ready to experience joy.,Je crois que je n'ai jamais rencontré quelqu'un d'aussi enclin à éprouver de la joie.,Ça me semble que je n'ai jamais rencontré quelqu'un aussi prêt à vivre le plaisir.
Mari leaned over to see.,Mari se pencha pour voir.,Mari se pencha pour voir.
She was always at the hospital.,Elle était toujours à l'hôpital.,Ça faisait toujours partie de son quotidien.
It probably saved me.,Elle m'a probablement sauvé.,Ça m'a probablement sauvé.
"A bit worried about the storm, yeah.""","Je suis un peu inquiète à cause de la tempête, c'est tout.","Ça fait un peu froid, oui."
No sign of Inna anywhere.,Aucune trace d'Inna.,Pas de signe d'Inna nulle part.
"He's blinking up at the ceiling, and he's gone quiet.","Il cligne des yeux en regardant le plafond, et il est devenu silencieux.","Ça fait un moment qu'il est en train de cligner des yeux vers le plafond, et il est tombé dans le silence."
"""I'd go for a swim if I didn't worry about all the debris in the water.""",J'irai bien nager si je ne m'inquiétais pas de tous les débris dans l'eau.,Ça me ferait plaisir de faire du nage si je ne me préoccupais pas de tous les débris dans l'eau.
"Can't you get out of the contract?""",Tu ne peux pas rompre ce contrat ?,Ça te coûte pas cher de sortir du contrat ?
"Determined to ignore it, she cleared her throat, slapped a smile on her face and watched as Devyn's eyes narrowed on her as he reached over and plucked the phone out of her hand.","Déterminée à l'ignorer, elle se racla la gorge, afficha un sourire et regarda Devyn qui, les yeux rivés sur elle, s'approcha et lui enleva le téléphone des mains.","Ça ne l'intéressait pas, elle se racla la gorge, fixa un sourire et regarda Devyn, dont les yeux se rétrécirent, qui tendit la main et lui arracha le téléphone."
"""More,"" he responds.","Plus, répond-il.","Ça suffit, dit-il."
"""Oh yes, we'll be married.","Oh oui, nous nous marierons.",Ça va être un mariage.
Will there be?,Y en aura-t-il ?,Ça y sera ?
He winced as a streak of pain shot through his face at her touch.,Il grimaça lorsqu'un trait de douleur traversa son visage à son contact.,Il grimaça lorsqu'une brûlure de douleur traversa son visage à son contact.
"It only takes one breach, and there'll be water and mess all over the bar.""",Il suffit d'une brèche pour qu'il y ait de l'eau et des dégâts partout dans le bar.,"Ça suffit d'une fuite, et il y aura de l'eau et du brouillard partout dans le bar."
"It's a necessity.""",C'est une nécessité.,Ça s'impose.
My focus is on the Big Plates section of the menu until John's voice rumbles across the table.,Je me concentre sur la catégorie des grandes assiettes sur le menu jusqu'à ce que la voix de John retentisse à l'autre bout de la table.,Je me concentre sur la section des Plats Principaux du menu jusqu'au moment où la voix de John retentit sur la table.
"""We talked about that,"" Andi pointed out as she googled Hillshire Hotels to see how they were holding up after yesterday, only to swallow hard when she saw the first headline.","Nous en avions déjà parlé, fit-elle remarquer, tout en cherchant sur Google ""Hôtels Hillshire"" pour voir comment ils s'en sortaient depuis la veille","Ça a été abordé, souligna Andi en faisant une recherche sur les Hôtels Hillshire pour voir comment ils se portaient après hier, avant de grignoter la parole lorsqu'elle vit le premier titre."
"He'd never made promises, never offered more than he could give, and it was never anything that he couldn't live without, but God help him, he knew that he'd lose his fucking mind if he had to live without this.","Il n'avait jamais fait de promesses, n'avait jamais offert plus que ce qu'il pouvait donner, et ce n'était jamais quelque chose dont il ne pouvait pas se passer, mais que Dieu lui vienne en aide, il savait qu'il perdrait la tête s'il devait se passer de ça.","Ça ne l'avait jamais fait, il n'avait jamais fait de promesses, il n'avait jamais offert plus qu'il ne pouvait donner, et ça n'était jamais rien de ce qu'il ne pouvait pas vivre sans, mais bon sang, il savait qu'il perdrait la tête s'il devait vivre sans ça."
"He reached up and took down the mermaid sun catcher, then set it gently into the box, surrounding it with packing material.","Il tendit le bras et décrocha l'attrape-soleil en forme de sirène, puis le déposa délicatement dans la boîte, en l'entourant de papier bulle.","Il tendit la main et descendit la prise-soleil de la sirène, puis le posa doucement dans la boîte, l'entourant de matériel de remplissage."
Never knew what I was missing until now.,Je n'ai jamais su ce qui me manquait jusqu'à présent.,Ça m'a manqué jusqu'à présent.
"Good-looking, hard-working, and sensitive, he was all that.","Beau, travailleur et sensible, il était tout cela.","Ça faisait de lui un homme bien, un homme qui travaillait dur et qui était sensible."
"He grinned and lowered himself to her, his warm skin setting her afire more.","Il sourit et s'approcha d'elle, sa peau déjà chaude s'enflammant encore plus.","Ça lui plaisait, il se pencha sur elle, sa peau chaude la faisant brûler de plus en plus."
"""I really don't think that I can do this,"" Andi stressed as she continued taking in the room that they were expected to stay in.","Je ne pense vraiment pas que je puisse le faire, souligna Andi en continuant d'observer la pièce dans laquelle ils sont censés séjourner.","Ça, je ne peux pas le faire, insista Andi en continuant à regarder la pièce où ils devaient rester."
"""You like me when I'm hard,"" he says, laughing.","Tu aimes quand je suis dur, réplique-t-il en riant.","Ça te plaît quand je suis dur, dit-il en riant."
I need to know what's going through that enigmatic head of his.,J'ai besoin de savoir ce qui se passe dans sa tête énigmatique.,"Ça me faut, je dois savoir ce qui passe dans cette tête enigmatique."
"""Are you worried you won't get off the island before the storm hits?""",Tu as peur de ne pas pouvoir quitter l'île avant la tempête ?,Êtes-vous inquiet de ne pas quitter l'île avant que la tempête ne frappe ?
"She'd saved him from death, for goodness sake.","Elle l'avait sauvé de la mort, pour l'amour du ciel.","Ça faisait déjà des années qu'elle l'avait sauvé de la mort, pour l'amour de Dieu."
"""Which is why I contacted Hillshire Hotels and asked them to send the files again when I let them know that you weren't going to be able to make it to New York to meet with their CEO.",C'est pourquoi j'ai contacté les Hôtels Hillshire pour qu'ils me renvoient une copie des dossiers et leur dire que vous ne pourriez pas vous rendre à New York pour rencontrer leurs PDG.,Ça m'a donné l'idée de contacter les Hôtels Hillshire et de leur demander de réenvoyer les dossiers lorsque j'ai appris que tu ne pourais pas venir à New York pour rencontrer le PDG des Hôtels Hillshire.
"He had a good crew.""",Il avait un bon équipage.,Ça faisait une bonne équipe.
She could swim another day.,Elle pourrait nager un autre jour.,"Ça, elle pourrait le faire plus tard."
"""It is and it isn't,"" she said, worrying her bottom lip between her teeth, wondering why she couldn't seem to figure out what she wanted.","Ça l'est et ça ne l'est pas, dit-elle, mordillant sa lèvre inférieure entre ses dents, se demandant pourquoi elle n'arrivait pas à comprendre ce qu'elle voulait","Ça l'est et ça n'est pas, dit-elle en mordillant sa lèvre inférieure, se demandant pourquoi elle ne parvenait pas à se décider."
And it's pretty far-fetched.,Et elle est assez farfelue.,Ça n'a pas grand-chose de vrai.
"Seize this moment and hold it tight because we never know what the next moment's going to bring.""",Saisir ce moment et le serrer fort parce qu'on ne sait jamais ce que le moment suivant va nous apporter.,Saisir ce moment et le garder fermement parce que nous ne savons jamais quoi attendre du prochain.
"Until that terrible day, he'd always been able to protect his younger brother.","Jusqu'à ce jour terrible, il avait toujours été capable de protéger son jeune frère.","Ça durait depuis toujours, il avait toujours pu protéger son frère cadet."
Looks like it started with Christopher.,On dirait que ça a commencé avec Christopher.,Ça semble que ça a commencé avec Christopher.
She didn't want him feeling bound to her because she'd saved him or because he was physically attracted to her.,Elle ne voulait pas qu'il se sente lié à elle parce qu'elle l'avait sauvé ou parce qu'il était physiquement attiré par elle.,Ça ne l'intéressait pas qu'il se sente lié à elle parce qu'elle l'avait sauvé ou parce qu'il était physiquement attiré par elle.
"I'm fucking Johnny like an animal, getting closer to God, using the rhythm of the music to drive us both insane.","Je baise Johnny comme un animal, me rapprochant de Dieu, utilisant le rythme de la musique pour nous rendre tous les deux fous.","Ça me fait comme un animal, je suis en train de faire l'amour avec Johnny, je suis en train de me rapprocher de Dieu, j'utilise le rythme de la musique pour nous rendre tous les deux fous."
"Inna was waiting, and he didn't like to wait.","Inna attendait, et il n'aimait pas attendre.","Inna attendait, et il ne supportait pas attendre."
"She was surely tired too, but she hadn't complained a bit.","Elle aussi devait sûrement être fatiguée, mais elle ne s'était pas plainte.","Ça lui faisait certainement fatigue, mais elle n'avait pas plaint une seule fois."
"He bent his head, and her lips met his with a slow kiss.",Il pencha la tête et ses lèvres rencontrèrent les siennes dans un lent baiser.,Il pencha la tête et ses lèvres se rencontrèrent dans un baiser lent.
A large percentage of guests going to the Winter Wonderland in January are only going to kill time and the others are locals just going so that their children can go on the ice slides.,Une grande partie des visiteurs qui se rendent au Winter Wonderland en janvier n'y vont que pour tuer le temps et les autres sont des locaux qui viennent juste pour que leurs enfants puissent faire des glissades sur la glace.,90 % des invités de l'Hiver Fantastique en janvier viennent seulement pour tuer le temps et les autres sont des habitants qui viennent seulement pour que leurs enfants puissent monter sur les toboggans de glace.
I can't believe I hadn't noticed when the music stopped.,Je ne peux pas croire que je n'ai pas remarqué que la musique s'était arrêtée.,Ça me fait rire de ne pas avoir remarqué que la musique s'était arrêtée.
"And although John isn't technically a virgin, I can't help but feel like I'm about to deflower him.","Et bien que John ne soit pas techniquement vierge, je ne peux m'empêcher de penser que je suis sur le point de le déflorer.","Et bien que John ne soit pas vraiment vierge, je ne peux m'empêcher de me sentir comme s'il s'agissait de le déflorer."
"""Why can't you leave us all alone?",Pourquoi ne pouvez-vous pas nous laisser tranquilles ?,Pourquoi ne peux-tu pas nous laisser en paix ?
"Again, with the stupid.","Encore une fois, c'est stupide.","Ça fait encore un moment que je suis avec toi, et tu parles de ""stupid""."
"He believed me for years.""",Il m'a cru pendant des années.,Ça fait des années qu'il me croit.
"The only thing I hear is my pounding heart, our mingled breaths, and the snick-snick-snick of...","La seule chose que j'entends, c'est mon cœur qui bat la chamade, nos respirations qui se mélangent et le bruit de...","Ça n'y a que le battement de mon cœur, nos souffles mélangés et le cliquetis de..."
"Sure, he'd enjoyed swimming in the oceanspent a couple years diving on WWII wrecks for the US Navy.","Bien sûr, il avait aimé nager dans l'océan  il avait passé quelques années à plonger à l'intérieur d'épaves de la Seconde Guerre mondiale pour l'US Navy.","Ça va, il avait aimé nager dans les océans  il avait passé deux ans à plonger sur les épaves de la Seconde Guerre mondiale pour la Marine américaine."
"""Doesn't look like she got the message,"" Lucas said, sounding amused.","On dirait bien qu'elle ne l'a pas compris, rétorqua Lucas avec amusement.","Ça n'a pas l'air qu'elle ait compris le message, dit Lucas, d'un air amusé."
"""I think some of the other guys plan to come by the bar to help, so I don't have to have you here, but there'll be work if you want it.""","Je pense que d'autres gars ont prévu de venir au bar pour aider, donc tu n'es pas obligé de venir, mais il y aura du travail si tu le veux.","Ça me semble que d'autres membres du groupe ont l'intention de venir au bar pour aider, donc je ne dois pas avoir besoin de toi ici, mais il y aura du travail si tu le veux."
She shielded her eyes from the bright sun and strained to see if she recognized the dark figure approaching from the northern section of the beach.,Elle se protégea les yeux du soleil et s'efforça de reconnaître la silhouette sombre qui s'approchait de la partie nord de la plage.,Elle se protégea les yeux du soleil brillant et s'efforça de reconnaître la silhouette sombre qui approchait depuis la partie nord de la plage.
"Did you know the 1893 fair in Chicago was the celebration of four hundred years since Columbus landed?""",Savais-tu que la foire de 1893 à Chicago célébrait les quatre cents ans du débarquement de Christophe Colomb ?,Ça te dit que l'Exposition universelle de 1893 à Chicago a été organisée pour célébrer le 400e anniversaire du débarquement de Christophe Colomb ?
"Against his mates' recommendations, he threw the rope ladder over the side and she came aboard.","Contre les recommandations de ses compagnons, il avait jeté l'échelle de corde par-dessus bord et elle était montée à bord.","Contre les conseils de ses compagnons, il jeta l'échelle sur le côté et elle monta à bord."
"""Carta Hotels' board has decided after careful consideration that it might be in their best interest to find someone who shares their vision,"" Devyn said, looking lost in thought as he absently drummed his fingertips against the armrest.","Les membres du conseil d'administration des Hôtels Carta ont décidé, après mûre réflexion, qu'il était dans leur intérêt de chercher quelqu'un qui partageait leur vision, dit Devyn semblant perdu dans ses pensées alors que ses doigts pianotaient distraitement sur le l'accoudoir du canapé.","Le conseil d'administration des Hôtels Carta a décidé, après une réflexion soigneuse, qu'il pourrait être dans leur intérêt de trouver quelqu'un qui partage leur vision, dit Devyn, perdant la tête en tapotant absintement les paumes de ses mains contre le dossier de l'armoire."
"""I quit!"" she managed to get out before returning to mumbling, ""We're going to die!"" over and over again as she released the cutest fucking sniffles while he did his best to stop fucking smiling.","Elle réussit à dire : ""Je démissionne !"" avant de se remettre à marmonner : ""On va mourir !», encore et encore, en lâchant un reniflement des plus mignons, tandis qu'il faisait de son mieux pour arrêter de sourire.","Ça suffit ! s'écria-t-elle avant de retourner à marmonner : ""Nous allons mourir !"" à pleines dents, tout en libérant les plus adorables reniflements tandis qu'il faisait de son mieux pour arrêter de sourire."
"How would he tell her that he wanted to stay on the island, wanted to take a chance with her?","Comment allait-il lui dire qu'il voulait rester sur l'île, qu'il voulait tenter sa chance avec elle ?",Ça lui faudrait-il de l'argent ?
"John...I don't know what he's doing, but he is looking at me, and suddenly I feel exposed.","je ne sais pas ce qu'il fait, mais il me regarde, et soudain, je me sens exposé.","John... je ne sais pas qu'il fait, mais il me regarde, et soudain je me sens exposé."
"I also found the emails and letters from Hillshire Hotels to the fake account that Mr. Anderson set up, informing him of the hotel's dire situation.","J'ai également trouvé les e-mails et les lettres envoyés par les Hôtels Hillshire au faux compte créé par M. Anderson, l'informant de la situation désastreuse de l'hôtel.","Je suis aussi parvenu à retrouver les e-mails et les lettres des Hôtels Hillshire adressés au compte faux que M. Anderson avait créé, lui informant de la situation désastreuse du hôtel."
"We'd sometimes grab a bite to eat afterward.""",Nous allions parfois manger un morceau après.,Ça faisait parfois que nous prenions un petit-déjeuner après.
"""I assume he felt obligated to finish out his contract as privateer.",Je suppose qu'il s'était senti obligé de terminer son contrat de corsaire.,Ça me semble qu'il ait senti obligé de terminer son contrat de corsaire.
Of course she could read.,"Bien sûr, qu'elle savait lire.",Ça va sans dire qu'elle pouvait lire.
Too bad diverboy hadn't shown any instalove back.,Dommage que le plongeur n'ait pas eu le coup de foudre en retour.,Ça me fait mal que diverboy n'ait pas montré d'instalove.
Is that heat in his voice?,Y a-t-il de la chaleur dans sa voix ?,Ça fait chaud dans sa voix ?
"It's a hot day, but inevitably cooler up here than it would be in the city.","Il fait chaud, mais il fait indéniablement plus frais ici qu'en ville.","Ça fait chaud, mais il est nécessairement plus frais ici qu'à la ville."
"""Well, this was fun,"" Andi said brightly with a satisfied sigh as she made her way back to the elevator.","Eh bien, c'était amusant, dit Andi avec un soupir de satisfaction en retournant vers l'ascenseur.","Ça a été amusant, dit Andi avec une voix radieuse et un soupir de satisfaction en retournant vers l'ascenseur."
"""I like you too much, I think.""","Je t'aime trop, je crois.","Ça me plaît trop, je pense."
Even more unusual up in New Bromley.,C'est encore plus rare à New Bromley.,Ça était encore plus inhabituel à New Bromley.
"""We're well equipped for dark, then.""","Nous sommes bien équipés pour la nuit, alors.",Ça nous permet de faire de la photo en noir et blanc.
"He poked at it with a piece of driftwood, trying to see if it had tentacles, but all that was left were stubsmost had been sheared off as the tide brought the jellyfish to shore.""","Il la toucha avec un morceau de bois flotté, essayant de voir si elle avait des tentacules, mais il ne restait que des bouts  la plupart avaient été arrachés quand la marée avait ramené la méduse sur le rivage.","Ça avait été piqué par un morceau de bois flotté, essayant de voir s'il y avait des tentacules, mais tout ce qui restait étaient des rudiments, la plupart avaient été arrachés par la marée qui avait amené les méduses sur la plage."
Chase had taken the money and built the bar.,Chase avait pris l'argent et construit le bar.,Chase avait pris l'argent et construit le bar.
"As long as I'm with you, everything will be fine.""","Tant que je serai avec toi, tout ira bien.",Ça ira tant que je serai avec toi.
"""I'll have your name added to the list,"" he promised, making a mental note to put her name on the list if she was still here at the end of the week.","Je ferais ajouter votre nom à la liste, promit-il, en le notant dans un coin de sa tête au cas où elle travaillait encore là d'ici la fin de la semaine.","Ça va être ajouté à la liste, promit-il, faisant une note mentale pour ajouter son nom à la liste si elle était encore là à la fin de la semaine."
"""Looks like he passed out,"" the guard said.","On dirait qu'il s'est évanoui, dit le garde.","Ça a l'air qu'il s'est évanoui, dit le gardien."
"Not enough places to hide.""",Il n'y a pas assez d'endroits où se cacher.,Ça n'y a pas assez de lieux pour se cacher.
"""You'd be surprised.",Tu pourrais être surpris.,Ça te surprendrait.
John nudges my shoulder when one woman tells me she earned her bachelor's degree listening to me while she studied.,John me donne un coup d'épaule lorsqu'une femme me dit qu'elle a obtenu sa licence en m'écoutant pendant qu'elle étudiait.,John me pousse le coude lorsqu'une femme me dit qu'elle a obtenu son baccalauréat en l'écoutant tout en étudiant.
Or no shirt.,Ou sans chemise aussi.,"Ça, ou pas de chemise."
"It's as if all the weeks and months of wanting him or trying not to want him, have coalesced into an incessant need.",C'est comme si toutes les semaines et les mois passés à le désirer ou à essayer de ne pas le désirer s'étaient transformés en un besoin incessant.,"Ça, c'est comme si toutes les semaines et les mois pendant lesquels je l'avais désiré ou que je l'avais essayé de ne pas désirer, s'étaient concentrés en un besoin insatiable."
Too close.,Trop proche.,Ça fait trop.
I'll hide in the dune grassI want to hear you break his heart.,"Je me cacherai dans les dunes, je veux t'entendre lui briser le cœur.",Ça me fera plaisir de te cacher dans l'herbe des dunes  Je veux que tu brises son cœur.
"He was her boss and she was a complication that he didn't need right now, Devyn reminded himself only to realize that he didn't care.","Il était son patron et elle était une complication dont il n'avait pas besoin en ce moment, se rappela Devyn juste pour se rendre compte qu'il s'en fichait.","Ça lui faisait peur, Devyn se rappela, avant de se rendre compte qu'il ne s'en fichait pas."
"""Saturday works.""","Samedi, ça marche.",Ça marche le samedi.
He pulled out his razor and cream.,Il sortit son rasoir et sa crème de rasage.,Il sortit son rasoir et son crème.
Appreciate it.,L'apprécier.,Ça vaut la peine.
"Making a mental note about that for later, he set it aside only to frown when he saw the financial report beneath it.","Il le nota mentalement pour plus tard et la mit de côté, mais fronça les sourcils en voyant le rapport financier qui se trouvait en dessous.","Il se dit qu'il reviendrait à cela plus tard, puis il laissa tomber le dossier pour froncer les sourcils devant le rapport financier qui se trouvait sous le dossier."
Inna's head snapped up.,La tête d'Inna se releva d'un coup.,La tête d'Inna se redressa.
The picture was a total diversion.,Le tableau était une véritable diversion.,Ça faisait totalement détourner l'attention.
"""Careful,"" he says as I step over the edge.","Attention, dit-il alors que j'enjambe le bord.","Ça va, dit-il alors que je passe à l'autre bord."
"You've taken that thing a million times.""",Tu l'as pris un million de fois.,"Ça, tu l'as pris un million de fois."
"""Just ignore him,"" she said with a conspiratorial wink and smile.","Ignorez-le simplement, dit-elle avec un clin d'œil complice et un sourire.","Ça, on l'ignore, dit-elle avec un clin d'œil et un sourire conspirateurs."
All Mine Series:,Série All Mine :,La série All Mine :
How could he consider this?,Comment pouvait-il envisager cela ?,Ça pouvait-il le considérer comme une possibilité ?
"""Since I was the one that introduced you, yes.""","Oui, puisque c'est moi qui vous ai présenté.","Ça fait que je suis la personne qui t'a présenté, oui."
"""Me too,"" he says and kisses me gently.","Moi aussi, dit-il en m'embrassant doucement.","Ça me touche aussi, dit-il en m'embrassant doucement."
"And I don't see him again until the air starts to cool, and the leaves begin to change color.",Et je ne l'ai plus revu jusqu'à ce que l'air commence à se rafraîchir et que les feuilles commencent à changer de couleur.,Ça fait des mois que je ne le vois plus.
"""It's a lot of work.""",C'est beaucoup de travail.,Ça fait beaucoup de travail.
"""Clearly, it likes you too.""","Manifestement, tu lui plais aussi.","Ça t'aime aussi, clairement."
"In real life, he was better than any fantasy, and things were simply too perfect.","Dans la vraie vie, il était mieux que dans n'importe quel fantasme, et les choses étaient tout simplement trop parfaites.","Ça faisait partie de la réalité, et les choses étaient trop parfaites."
"""You mean your room,"" Lucas pointed out as Devyn sat there, clenching his jaw as he met his best friend's gaze head-on.","Tu veux dire ta chambre, fit remarquer Lucas alors que Devyn s'asseyait, serrant la mâchoire alors qu'il croisait le regard de son meilleur ami.","Ça veux dire ta chambre, souligna Lucas alors que Devyn restait assis là, serrant sa mâchoire en rencontrant le regard de son meilleur ami."
My patience is thin.,Ma patience a atteint ses limites.,Ma patience est mince.
"Oh gods, how long had he been watching?","Mon Dieu, depuis combien de temps regardait","Ça y est, il m'a suivi depuis quand ?"
"""And we don't know when the portrait was paintedwhether it was before he disappeared, or afterward, on Amelia's direction.","Et nous ne savons pas quand le portrait a été peint, si c'était avant sa disparition, ou après, sur les instructions d'Amelia.","Ça ne nous dit rien sur la date de la réalisation du portrait, ni si ce dernier a été réalisé avant qu'il ne disparaisse, ou après, à la demande d'Amelia."
"He raised his gaze to meet hers, and for a moment, ""spend the night"" took on a whole new meaning.","Il leva son regard pour rencontrer le sien et, pendant un instant, ""passer la nuit"" prit une toute nouvelle signification.","Il leva son regard pour croiser le sien, et pendant un instant, ""passer la nuit"" prit un tout nouveau sens."
"""You can spend next Christmas with my family,"" she said with a firm nod as though that settled everything.","Tu peux venir passer le prochain Noël avec ma famille, dit-elle avec un hochement de tête ferme, comme si ça réglait tout.","Ça vaudrait le coup de passer les fêtes de Noël prochain avec ma famille, dit-elle avec un hochement de tête ferme, comme si tout était résolu."
"""Ditch the shoes,"" Chase said.","Enlève tes chaussures, dit Chase.","Ça suffit, dit Chase."
He pulled her farther under him.,Il l'attira plus loin sous lui.,Il la fit avancer sous lui.
"""The park, silly.","Le parc, idiot.","Ça, le parc, bête."
"Christ, out of all the women that he'd sent to lure the bastard, the secretaries, assistants, and that fucking hooker, and the woman that had finally brought him to his knees was a small woman who had no fucking idea what she was getting herself into.","Bon sang, parmi toutes les femmes qu'il avait envoyé pour appâter ce salaud, les secrétaires, les assistantes, et cette putain de prostituée, celle qui l'avait finalement mis à genoux était une petite femme qui n'avait aucune putain d'idée de ce dans quoi elle s'engageait.","Ça me fait chier, parmi toutes les femmes qu'il avait envoyées pour attirer ce connard, les secrétaires, les assistantes et cette putain de prostituée, et la femme qui l'avait finalement fait tomber à genoux était une petite femme qui n'avait aucune idée de ce qu'elle se portait en tête."
"That looked confident, didn't it?","Elle avait l'air sûre d'elle, n'est-ce pas ?","Ça avait l'air d'une personne confiante, n'est-ce pas ?"
"""I'll walk you out.""",Je vais te raccompagner.,Ça va marcher.
"I want to engage him, to bring back the cheeky inquisitive guy that used to grab lunch with me every other day.","Je veux le faire parler, faire revenir le curieux insolent qui avait l'habitude de déjeuner avec moi tous les deux jours.","Ça me fait rire, je veux l'engager, ramener le garçon insolent et curieux qui m'accompagnait pour le déjeuner tous les deux jours."
My skin there is on fire.,"Ma peau, à cet endroit, est en feu.",Ça me brûle la peau.
"""I try to get the early classes, so I can be done by early afternoon.""",J'essaie de prendre les premiers cours pour pouvoir terminer en début d'après-midi.,"Je tente de prendre les cours du matin, pour être libre dans la journée."
"A butterscotch leather jacket hangs off his frame like it was made for him, and the burgundy button-down he has on underneath makes the copper and red highlights in his beard pop.","Une veste en cuir caramel lui colle à la peau comme si elle avait été conçue pour lui, et la chemise bordeaux qu'il porte en dessous fait ressortir les reflets cuivrés et rouges de sa barbe.","Un gilet en cuir beige est suspendu à son cadre, comme s'il était fait pour lui, et la chemise rouge à boutons qu'il porte sous le gilet met en valeur les reflets roux et cuivrés de sa barbe."
Then sing her heart out.,Puis chanter à tue-tête.,Ça lui fera plaisir.
At least I try to.,"Du moins, j'essaie.",Ça fait au moins un effort.
"Too many times, he'd stopped himself.","Trop de fois, il s'en était empêché.",Ça lui était arrivé trop souvent.
"It's not my smile, so I tamp down my jealousy.","Ce n'est pas mon sourire, alors j'étouffe ma jalousie.","Ça n'est pas mon sourire, alors je réprime mon jalousie."
"Oh, and you make soup.","Oh, et tu fais de la soupe.","Ça va, et tu fais de la soupe."
"Dyer rolls his lips inward as I eye him, and I can't help but poke at him.","Les lèvres de Dyer se retroussent quand je le regarde, et je ne peux pas m'empêcher d'insister.","Dyer roule ses lèvres vers l'intérieur alors que je le regarde, et je ne peux m'empêcher de lui piquer."
"Clearing his throat uncomfortably, Thomas Brandon, assistant manager of the Carta Castle Hotel, said, ""He quit.""","Se raclant la gorge, Thomas Brandon, directeur adjoint de l'hôtel Carta Castle, déclara :","Ça va, dit Thomas Brandon, adjoint au directeur de l'Hôtel du Château de Carta, il a démissionné."
"""As soon as possible.""",Dès que possible.,"Ça, le plus vite possible."
His eyes no doubt follow John around the room just as mine do.,"Ses yeux suivent sans doute John dans la pièce, tout comme les miens.","Ses yeux, sans doute, suivent John dans la pièce tout comme les miens."
"Based on what they'd said, he'd been hoping that she would be able to quickly adapt to her new role, but so far, it wasn't working out.","En se basant sur ce qui lui avait été dit, il espérait qu'Andi s'adapterait rapidement à son nouveau poste ;","Ça se passait mal, comme il l'espérait."
"""Analog is so much warmer than digital,"" I say.","L'analogique est tellement plus chaleureux que le numérique, dis-je.","Ça fait beaucoup plus de chaleur que le numérique, dis-je."
"""I loved my mother.",J'aimais ma mère.,Ça m'a fait beaucoup de mal.
That had been met with a horrified look and a slight trembling of her bottom lip that had him quickly promising never to touch her notebook again.,Ça lui avait valu un regard horrifié et un léger tremblement de sa lèvre inférieure qui avait rapidement fait promettre à Devyn de ne plus jamais y toucher.,"Ça lui avait valu un regard horrifié et une légère tremblure de sa lèvre inférieure, ce qui l'avait amené à promettre de ne plus jamais toucher son carnet."
"He'd been given two years to turn this mess around, and so far, he'd been able to surpass every expectation, but now that his contract was set to expire in a few months, Devyn was having a hell of a time getting anything done with every assistant that he hired quitting and making his life a hell of a lot harder than it needed to be.","mais maintenant que son contrat allait expirer d'ici quelques mois, Devyn peinait beaucoup à faire avancer les choses, toutes ses assistantes qui démissionnaient lui rendait la vie beaucoup plus difficile qu'elle n'aurait dû l'être.","Ça faisait deux ans qu'il avait été donné deux ans pour redresser la situation, et il avait réussi à dépasser toutes les attentes, mais maintenant que son contrat expirait dans quelques mois, Devyn avait du mal à faire quelque chose, car tous les assistants qu'il embauchait quittaient et rendaient sa vie bien plus difficile qu'elle ne devait l'être."
Better to get the evening over with and worry about the bar tomorrow.,Il valait mieux en finir avec cette soirée et se préoccuper du bar demain.,Ça vaut mieux que de passer la soirée à se soucier du bar.
"The slightest of pulls from his hand on my nape has me leaning down to him, but he stops my descent before I can touch my lips to his.","La moindre traction de sa main sur ma nuque me fait me pencher vers lui, mais il arrête ma descente avant que je ne puisse toucher ses lèvres.","Le moindre effort de sa main sur ma nuque me fait pencher vers lui, mais il arrête mon mouvement avant que je ne touche mes lèvres à la sienne."
"Dyer's right, I haven't spoken to him, or anyone, about what's happening between John and me.","Dyer a raison, je ne lui ai pas parlé  ni à personne d'ailleurs  de ce qui se passe entre John et moi.","Ça va, Dyer a raison, je n'ai pas parlé à John, ni à personne d'autre, de ce qui se passe entre nous."
"""And you have to tell him you don't love himnever did.""","Et tu dois lui dire que tu ne l'aimes pas, que tu ne l'as jamais aimé.","Ça te faut, tu dois lui dire que tu ne l'aimes pas, jamais."
"Slowly, I turn my head.","Lentement, je tourne la tête.",Je tourne lentement la tête.
"John's words should make me feel better, but they don't.","Les mots de John devraient me rassurer, mais ce n'est pas le cas.","Les mots de John devraient me faire mieux, mais ils ne le font pas."
"She'd wanted to ask him why he'd gotten it, since she first saw it after Luke's death, but it seemed like such an intimate question.","Elle avait voulu lui demander pourquoi il se l'était fait faire, depuis qu'elle l'avait vu pour la première fois après la mort de Luke, mais la question lui avait semblé si intime.","Ça lui avait fait envie de lui demander pourquoi il l'avait acheté, puisqu'elle l'avait vu pour la première fois après la mort de Luke, mais ça semblait trop intime."
Quiet time?,Du temps calme ?,Ça fait du temps que tu es là ?
Anger darkens the green of his eyes from emerald to forest.,La colère assombrit le vert de ses yeux qui passent de l'émeraude à la forêt.,"L'anger noircit le vert des yeux de l'homme, de l'émeraude à l'émeraude foncée."
He didn't know.,Il ne savait pas.,Ça ne lui disait rien.
"""Don't speak to my daughter with disrespect.",Ne manqua pas de respect à ma fille.,Ne parle pas à ma fille avec détresse.
Nine Inch Nails fills my head.,Nine Inch Nails remplit ma tête.,9 Inch Nails remplit ma tête.
"I feel the flood of warmth and wet surround my cock as I pulse, spilling into the condom.","Je sens le flot de chaleur et d'humidité entourer ma bite alors que je pulse, me déversant dans le préservatif.","Je sens le chaleur et l'humidité envahir ma queue, qui bat, me faisant éjaculer dans le préservatif."
This wasn't just about sex.,Il ne s'agissait pas seulement de sexe.,Ça n'était pas juste une question de sexe.
"Instead, he fucked off to God knows where.","Au lieu de cela, il s'est barré Dieu sait où.","Ça fait que ça lui a fait plaisir, et qu'il s'en est allé à Dieu sait où."
"He'd better switch to the cheaper stuff soon, or he'd regret drinking up his reserve stash.","Il ferait mieux de passer bientôt aux bouteilles moins chères, sinon il regretterait d'avoir épuisé sa réserve.","Ça lui faudrait mieux passer à la bonbonne de vin de table, sinon il regretterait de ne pas avoir conservé une réserve."
But it's a peaceful walk that not many people know about.,Mais c'est une promenade paisible que peu de gens connaissent.,Ça fait une promenade calme que peu de gens connaissent.
You got a fucking virgin!,Tu as un putain de puceau !,Ça fait un putain de vierge !
"Swallowing hard, he listened as Andi quietly tiptoed throughout the small apartment, shutting lights off as she went and then-","Déglutissant, il écouta Andi marcher sur la pointe des pieds dans le petit appartement, éteignant les lumières au fur et à mesure, puis...","Il déglutit difficilement, écoutant Andi se déplacer en silence dans l'appartement, éteignant les lumières au fur et à mesure qu'elle passait, puis..."
"Wherever you go, I'll be watching you.","Où que tu ailles, je te surveille.","Ça m'intéresse, je te suivrai partout."
"""Right now, I'm occupied with these eight.""","Pour l'instant, je suis occupé par ces vingt centimètres là.","Ça, c'est ce qui m'occupe en ce moment."
"He slammed her against the covered window, pressing his body against the length of hers.","Il la plaqua contre la fenêtre barricadée, pressant tout son corps contre le sien.","Il la frappa contre la fenêtre couverte, pressant son corps contre la longueur du sien."
That's worth celebrating.,Cela vaut la peine d'être célébré.,Ça vaut la peine de fêter.
The tattoo that marked her as mermaid.,Le tatouage qui la marquait comme sirène.,Le tatouage qui la marquait comme sirène.
The deep-blue sky burst with hints of orange where the sun hung low in the west.,Le ciel d'un bleu profond se teintait d'orange là où le soleil était bas à l'ouest.,Le ciel bleu foncé s'éclairait de reflets orangés où le soleil se couchait à l'ouest.
Like they had a connection beyond the present.,Comme s'ils avaient une connexion au-delà du présent.,Ça faisait comme s'ils avaient une connexion au-delà du présent.
I scroll down and find one story that has a video.,Je fais défiler l'écran et trouve un article avec une vidéo.,Je fais défiler la page et je trouve un article qui a un vidéo.
"The muscle tenses under my palm, and I drop my arm to my side, sighing inwardly.",Le muscle se crispe sous ma paume et je laisse tomber mon bras sur le côté en soupirant intérieurement.,"Le muscle se tend sous ma paume, et je laisse tomber mon bras à côté de moi, soupirant à l'intérieur."
"""I need one more thing,"" Chase said.","J'ai besoin d'une dernière chose, dit Chase.","Ça me manque une chose, dit Chase."
"Their cousins, the Sirens, sang a song and trapped a man.","Leurs cousines, les harpies, chantaient une chanson pour piéger les hommes.",Les cousines des sirènes chantaient une chanson et piégeaient un homme.
"""Look at me, Mari,"" he said, squeezing her knee.","Regarde-moi, Mari, dit-il en lui pressant le genou.","Ça va, Mari, dit-il en pressant son genou."
One thing was for certain.,Une chose était sûre.,Ça faisait certain.
"""No, the regular had a family emergency.""","Non, le DJ habituel a eu une urgence familiale.","Non, le régulier a eu une urgence familiale."
Who in the twenty-first century doesn't Google someone after meeting them?,"Qui, au vingt-et-unième siècle, ne cherche pas quelqu'un sur Google après l'avoir rencontré ?","Ça fait quand même un siècle, qui ne Googles pas quelqu'un après l'avoir rencontré ?"
"Unless there's a ghost tattoo artist around the island, I swear I don't know where these tattoos keep coming from.""","A moins qu'il n'y ait un tatoueur fantôme sur l'île, je jure que je ne sais pas d'où viennent ces tatouages.","Ça ne me fait pas de peur, mais je ne sais pas d'où viennent ces tatouages."
"I can't move, don't want to, and John seems content to have me covering him.","Je ne peux pas bouger, je n'en ai pas envie, et John semble satisfait que je sois sur lui.","Ça me tient, je ne veux pas bouger, et John semble content de me couvrir."
"As his skin heats, his earthy musk hits my senses, making my mouth water.","Au fur et à mesure que sa peau se réchauffe, son odeur de musc et de terre s'impose à mes sens et me met l'eau à la bouche.","Son peau se réchauffe, son musc terreux me frappe, me faisant saliver."
"I was unhappy.""",J'étais malheureux.,Ça m'a rendu malheureux.
LOCAL HIGH SCHOOL TEACHER ARRESTED ON SUSPICION OF SEX WITH STUDENT,UN ENSEIGNANT D'UN LYCÉE LOCAL ARRÊTÉ POUR SUSPICION DE RELATIONS SEXUELLES AVEC UNE ÉLÈVE,Un professeur d'un lycée local est arrêté pour suspicion de relations sexuelles avec un élève
"""What's this?"" I ask, removing the paper, though I already know.","demandé-je en retirant le papier, bien que je le sache déjà.","Ça, qu'est-ce que c'est ?"
"""Oh, you mean he'd tell you his moods.",Tu veux dire qu'il te disait son humeur.,Ça veut dire qu'il te dirait ses humeurs.
"When I call Dyer and ask him to sit in on my shift, he only hesitates for a moment before agreeing.","Lorsque j'appelle Dyer pour lui demander de me remplacer, il hésite un instant avant d'accepter.",Ça fait un moment que je contacte Dyer et lui demande de venir me remplacer.
"He stood, dabbing his eye with the ice pack.",Il se leva et se tamponna l'œil avec la poche de glace.,"Ça va, il se leva et s'essuya l'œil avec la bouteille de gel."
"Why is it suddenly hot out here, has summer returned in the last hour or so?","Pourquoi fait-il soudain chaud ici, l'été serait-il revenu depuis une heure ?","Ça fait soudain chaud ici, l'été est-il revenu dans les derniures heures ?"
"This time, Travis led her through the large hole in the side of the ship, making her smile as she watched yellow, orange, and blue fish race out the other side, following Travis as he made his way back up to the surface and-","Cette fois, Travis la fit passer à travers le grand trou sur le flanc du navire, la faisant sourire en regardant des poissons jaunes, oranges et bleus sortir de l'autre côté, suivant Travis alors qu'il remontait à la surface et...","Ça y est, Travis la mena à travers le grand trou dans le côté du bateau, lui faisant sourire en regardant les poissons jaunes, oranges et bleus s'enfuir de l'autre côté, suivant Travis qui remontait à la surface et..."
"He follows them down to the floor and helps me step out of, first my Vans sneakers, and then the denim.","Il le suit jusqu'au sol et m'aide à enlever d'abord mes baskets Vans, puis le jean.",Ça va ?
"""Shut up, woman.""","Tais-toi, femme.","Ça suffit, femme."
"She was going to spend the rest of her life telling herself that it was good enough, she thought, deciding that definitely earned another heartfelt sigh.","Elle allait passer le reste de sa vie à se dire que c'était suffisant, pensa-t-elle, décidant que ça valait bien un autre soupir du fond du cœur.","Ça allait suffire, pensa-t-elle, décidant qu'elle méritait un autre soupir sincère."
"And then, after finally accepting the painful realization that I'll never see the man again, it sure is a shock to the system when he walks into Nicki's house during her annual fall mixer.","Et puis, après avoir finalement accepté la dure réalité que je ne reverrai jamais cet homme, ça m'a fait un vrai choc lorsqu'il entre dans la maison de Nicki lors de sa soirée annuelle d'automne.","Ça fait un moment que je suis arrivé à accepter la réalité que je ne le reverrai jamais, et puis, ça fait une belle surprise quand il entre dans la maison de Nicki, pendant son cocktail annuel d'automne."
He spoke her thoughts aloud.,Il exprima ses pensées à voix haute.,Ça lui ressemblait à ce qu'il pensait.
He'd thought about that a lot and just how badly he wanted to do it again.,Il avait souvent repensé à cela et à quel point il avait envie de le refaire.,Ça lui avait beaucoup fait réfléchir et à quel point il voulait le faire à nouveau.
"And this nightmare will be over.""",Et ce cauchemar sera terminé.,"Ça finira, ce cauchemar."
"She stared at him as he tried to maneuver partway down the sand-covered stairs, and his pulse raced at the scrutiny.","Elle le dévisagea alors qu'il tentait de descendre les marches couvertes de sable, et son pouls s'accéléra à l'examen minutieux de la situation.","Elle le regarda s'efforcer de descendre à mi-hauteur des marches recouvertes de sable, et son pouls s'accéléra sous son regard."
"Still, I can't say I'm not disappointed that we won't be strolling hand-in-hand through the fair.","Pourtant, je ne peux pas dire que je ne suis pas déçu que nous ne nous promenions pas main dans la main à travers la foire.","Ça me déçu, mais je ne peux pas dire que je ne suis pas déçu que nous ne marcherons pas la main dans la main à travers la foire."
The day had been a cacophony of noises from wind to Inna to rain to cheesy music.,"La journée avait été une cacophonie de bruits, du vent à Inna, de la pluie à la musique ringarde.","Ça faisait un cacophonie de bruits, du vent au chant d'Inna au pluie au musique de fond."
"Aren't those reasons enough?""",Ces raisons ne sont-elles pas suffisantes ?,Ça ne suffit-il pas ?
Inna wasn't going to mess things up with Chase.,Inna n'allait pas tout gâcher avec Chase.,Ça ne va pas se compliquer avec Chase.
"Now, there was no chance of saving Chase from Inna's angerhe had every mer-legal right to kill the man who'd seduced his betrothed.","Maintenant, il n'y avait plus aucune chance de sauver Chase de la colère d'Inna  il avait tous les droits légaux de tuer l'homme qui avait séduit sa promise.","Ça ne faisait plus de doute, Chase n'était plus sauvable, il avait le droit de tuer l'homme qui avait séduit sa fiancée."
He looks so happy.,Il a l'air si heureux.,Ça lui fait tant de plaisir.
Another romp with him would drown out any fears she had.,Une autre partie de jambes en l'air avec lui noierait toutes les craintes qu'elle avait.,Être avec lui une fois de plus l'effacerait tous ses doutes.
"""I should get back to...""",Je devrais retourner à...,Ça me faut pour...
"Not too much, too soon.","Pas trop, pas trop tôt.","Ça ne doit pas être trop tôt, pas trop vite."
"He's a good guy, and I enjoy talking to him.""","C'est un bon gars, et j'aime bien lui parler.","Ça fait du bien, et je lui plais d'en parler."
"""My mom loves me, Chase.","Ma mère m'aime, Chase.","Ça fait que ma mère m'aime, Chase."
"""You're from Scotland?"" He asks, his eyes following the flight of a bird from one treetop to the next.","me demande-t-il, ses yeux suivant le vol d'un oiseau d'une cime à une autre.",Ça veut dire que tu es écossaise ?
"It didn't help that she'd been afraid to close her eyes, terrified that if she closed them for even a minute that something would happen to him.","La peur qu'il lui arrive quelque chose si elle fermait les yeux, ne serait-ce","Ça ne l'avait pas aidé de ne pas fermer les yeux, de craindre que si elle les fermait même pendant une minute, quelque chose se passerait à lui."
"""I really don't, though,"" Andi said, sniffling at the end there as she once again found herself heading towards another long night of searching through files and trying to come up with a way to improve the hotel's bottom line as she kept an eye out for anything that could help them figure out who the mysterious James Jamerson was.","Je ne sais vraiment pas, dit Andi, en reniflant à la fin, alors qu'elle se dirigeait une fois de plus vers une longue nuit de recherche dans les dossiers et de tentatives pour trouver un moyen d'améliorer les résultats de l'hôtel, tout en gardant un œil sur tout ce qui pourrait les aider à découvrir qui était le mystérieux James Jamerson.","Ça ne m'intéresse pas vraiment, dit Andi, s'évanouissant à la fin de la phrase alors qu'elle se retrouvait à nouveau à la tête d'une longue nuit de recherches dans les dossiers et de tentatives pour trouver une solution pour améliorer les résultats de l'hôtel tout en gardant un œil sur tout ce qui pourrait les aider à déterminer l'identité du mystérieux James Jamerson."
"I nod, reaching up to hold his face in my hands.","J'acquiesce, en levant les bras pour prendre son visage dans mes mains.","Ça va, je hoche la tête, puis je lève la main pour prendre son visage dans mes mains."
"This is the best news ever.""",C'est la meilleure nouvelle qui soit.,Ça fait le meilleur cadeau de Noël.
"""I like listening to you.""",J'aime t'écouter.,Ça me plaît de te regarder.
"We also discovered the responsible party, James Jamerson,"" Devyn explained, making Harold frown in confusion.","Nous avons également découvert le responsable, James Jamerson, expliqua Devyn, ce qui fit froncer les sourcils de Harold, confus.","Ça fait aussi que nous avons découvert la personne responsable, James Jamerson, expliqua Devyn, ce qui fit froncer les sourcils d'Harold."
"""But, really, I tend to go along with whatever.","Mais, en fait, j'ai tendance à me laisser faire.","Ça fait déjà un moment que je suis là, mais, en fait, je suis plutôt de ceux qui vont avec le courant."
He set his plate beside hers.,Il posa son assiette à côté de la sienne.,Il posa son assiette à côté d'elle.
"When she deepened the kiss, he wished she were on a bed where he could press harder against her, feeling every contour of her soft body beneath his.","Lorsqu'elle approfondit le baiser, il souhaita qu'elle soit dans un lit où il pourrait se presser plus fort contre elle, sentant chaque contour de son corps doux sous le sien.","Quand elle profonde le baiser, il souhaita qu'elle soit sur un lit où il pourrait la presser plus fort, sentant tous les contours de son corps doux sous le sien."
"God, if he only knew how wanted he was.",Si seulement il savait à quel point il est désiré.,"Ça, il ne le savait pas."
"Mari dipped under the water as a large wave washed over her, then came back up, slicking her hair away from her face.","Mari plongea sous l'eau lorsqu'une grosse vague la submergea, puis remonta, écartant ses cheveux de son visage.","Mari plongea sous l'eau lorsqu'une grande vague la balaya, puis remonta à la surface, repoussant ses cheveux loin de son visage."
"A mermaid has no business on land, and now look what's happened.","Une sirène n'a rien à faire sur terre, et regarde ce qui s'est passé.","Ça ne fait rien pour une sirène de se trouver sur terre, et voilà ce qui est arrivé."
"I glance over at Dyer, and he's studying me.","Je jette un coup d'œil à Dyer, et il m'étudie.","Je jette un coup d'œil à Dyer, et il me regarde."
Until John Burton.,Jusqu'à John Burton.,Ça durait jusqu'à John Burton.
One way or another.,D'une manière ou d'une autre.,Ça ira de soi.
"He could face her now, find out exactly what the man meant by ""engaged.""","Il pouvait l'affronter maintenant, découvrir exactement ce que l'homme entendait par ""fiancé"".","Ça lui permettait de la regarder maintenant, de découvrir exactement ce que l'homme entendait par ""engagé""."
"Or what's left of it.""",Ou ce qu'il en reste.,"Ça, ou ce qui en reste."
"She struggled to climb the pile of sand, her flip-flops in one hand.","Elle s'efforça de grimper sur le tas de sable, ses tongs dans une main.","Elle lutta pour grimper sur la pile de sable, ses tongs dans une main."
"There's awe in his face, the way his lips part ever-so-slightly, and his eyes widen just a little bit.","Il y a de l'admiration sur son visage, la façon dont ses lèvres s'écartent légèrement, et ses yeux s'écarquillent un tout petit peu.","Ça fait un peu de l'effet d'un regard étonné, les lèvres s'écarquillent légèrement, et les yeux s'écarquillent un peu."
We're so very different from one another.,Nous sommes très différents l'un de l'autre.,Ça fait si longtemps que nous ne sommes plus d'accord sur rien.
"What was the point of all this – of us -  if you can't trust me?""",Quel était le but de tout cela  de nous  si tu ne peux pas me faire confiance ?,Ça servait à quoi ça  -  nous  -  si tu ne pouvais pas me faire confiance ?
"The way you are with music, that's how he is with beer.","Il est comme toi et la musique, mais avec la bière.","Ça ressemble à ça avec la musique, c'est comme ça qu'il est avec la bière."
"""The eye should make landfall approximately midnight or a little after, depending on whether the storm slows a lot as it moves inland.","""L'œil du cyclone devrait toucher terre vers minuit ou un peu plus tard, en fonction de la vitesse de déplacement de la tempête vers l'intérieur des terres.",Ça dépend de la vitesse de la tempête.
She moved to look out over the railing and saw the lighted pier lanterns bobbing as the pier swayed and groaned under the weight of the swollen waves.,Elle se déplaça pour regarder par-dessus la balustrade et vit les lanternes allumées de la jetée qui se balançaient tandis que la jetée elle-même se balançait et gémissait sous le poids des vagues déchaînées.,Elle se pencha pour regarder par-dessus la balustrade et vit les lanternes de la jetée s'affoler tandis que la jetée s'inclina et gronda sous le poids des vagues gonflées.
"To be with me, forever?","Être avec moi, pour toujours ?","Être avec moi, pour toujours ?"
"""It's too soon to tell,"" Devyn said, sighing heavily as he slid the daily report into his coat pocket.","Il est trop tôt pour le dire, soupira Devyn tout en glissant le rapport quotidien dans la poche de son manteau.","Ça fait trop peu de temps pour en juger, dit Devyn, soupirant lourdement en plaçant le rapport dans sa poche."
Big trouble.,De gros ennuis.,Ça fait de gros soucis.
"Chase pushed Mari off his shoulder and leaped up, his heart throbbing in his throat as a wave of nausea rolled through him.","Chase repoussa Mari de son épaule et se leva d'un bond, le cœur palpitant dans sa gorge, tandis qu'une vague de nausée le traversait.","Chase repoussa Mari de son épaule et se redressa, son cœur battant dans sa gorge tandis qu'une vague de nausée le traversait."
"""I think I can handle that,"" the man that still hadn't told her what job she was interviewing for murmured.","C'est gérable, marmonna l'homme qui ne lui avait toujours pas dit pour quel poste elle passait un entretien.","Ça me semble possible, murmura l'homme qui n'avait toujours pas dit à la jeune femme pourquoi elle était venue pour un entretien."
"Chase turned toward her, his eyes looking through her.","Chase se tourna vers elle, ses yeux la pénétrant.","Chase se tourna vers elle, ses yeux la traversant."
"I like seeing him like this, so close to the edge so soon.","J'aime le voir comme ça, si proche de craquer, si rapidement.","Ça me plaît de le voir comme ça, si près du bord dès le début."
"""Thanks a lot, man.","Merci beaucoup, mec.","Ça va bien, mon pote."
"""No,"" Devyn bit out as she did a search for nearby hotels and found the one that she was looking for.","Non, dit Devyn en recherchant les hôtels des environs, et en trouvant celui qu'elle cherchait.","Non, dit Devyn, alors qu'elle effectuait une recherche sur les hôtels les plus proches et trouvait celui qu'elle cherchait."
"She pressed against him harder, well aware that he couldn't move until the screw was in or the plywood would fall.","Elle se serra plus fort contre lui, consciente qu'il ne pouvait pas bouger tant que la vis n'était pas enfoncée, sous peine de voir le contreplaqué tomber.","Ça lui faisait plus de mal, elle s'accrocha plus fort à lui, bien consciente qu'il ne pouvait pas bouger tant que la vis n'était pas enfoncée ou le contreplaqué ne tomberait pas."
"""Need a beer or some water or something?""","Tu veux une bière, de l'eau ou autre chose ?",Ça fait faim ?
The smile he gives me is stunning.,Le sourire qu'il m'adresse est stupéfiant.,Le sourire qu'il me tend est éblouissant.
I've wanted to have my own shop on the beach my whole life.,"Toute ma vie, j'ai voulu avoir ma propre boutique sur la plage.",Ça m'a toujours fait rêver d'avoir mon propre magasin sur la plage.
"I don't know what I was expecting from the residence of a man as talented with his hands as John is, but this isn't it.","J'ignore ce que j'attendais de la résidence d'un homme aussi doué de ses mains que John, mais ce n'est pas ça.",Ça ne ressemble pas à ce que je m'attendais à trouver dans la résidence d'un homme aussi doué que John avec ses mains.
And it could burn down the bar.,Et elle pourrait brûler le bar.,Ça pourrait brûler le bar.
"She reached to her throat, but words had dried on her tongue.","Elle porta la main à sa gorge, mais les mots avaient séché sur sa langue.","Elle tendit la main à sa gorge, mais les mots s'étaient desséchés sur sa langue."
And would have killed Chase if she hadn't been there to save him.,Et aurait tué Chase si elle n'avait pas été là pour le sauver.,Ça aurait tué Chase si elle n'était pas là pour le sauver.
"A local directory yielded a little info on John Burton, owner of Burton Construction.","Un annuaire local m'a permis d'obtenir quelques informations sur John Burton, propriétaire de Burton Construction.","Un répertoire local a fourni quelques informations sur John Burton, propriétaire de Burton Construction."
"""Two months!""",Deux mois !,Ça fait deux mois !
"Placid, green oceans filled those same eyes when someone needed a helping hand.",Des océans verts et paisibles remplissaient ces mêmes yeux lorsque quelqu'un avait besoin d'une main secourable.,"Les mêmes yeux, calmes et verts, remplissaient de vie les personnes qui avaient besoin d'aide."
"""It's complicated,"" he said, picking up a file only to toss it back on his desk and go still when she blurted out, ""I have to tell you something.""","C'est compliqué, répondit-il, s'emparant d'un dossier pour le reposer aussitôt sur son bureau et de s'immobiliser quand elle lâcha :","Ça va être compliqué, dit-il en levant un dossier pour le jeter sur son bureau et en restant immobile lorsqu'elle dit :"
"His eyes blaze in the dark, but I can't make out his expression.","Ses yeux brillent dans l'obscurité, mais je n'arrive pas à distinguer son expression.","Ses yeux brûlent dans l'obscurité, mais je ne peux pas déchiffrer son expression."
"But the studios have needed working on for a long time, and I'm glad our last fundraiser was enough to at least start on it.","Mais cela fait longtemps qu'il fallait rénover les studios, et je suis heureux que notre dernière collecte de fonds ait été suffisante pour au moins commencer à le faire.","Ça a fallu longtemps pour que les studios soient en état de fonctionner, et je suis heureux que notre dernière levée de fonds ait suffi pour au moins commencer les travaux."
"""We have nothing but time,"" Andi said, smiling hugely as she placed the colorful sack down at the top of the slide and gestured for him to sit down.","On a tout le temps, dit Andi, avec un grand sourire, en posant le sac coloré en haut du toboggan et en lui faisant signe de s'asseoir.","Ça nous reste du temps, dit Andi, souriant en posant le sac coloré au sommet de la glissade et en lui faisant signe de s'asseoir."
"When someone tells you they've had it all and done it all, and feel no need for more when you're still reaching for every goddamned thing life can offer, what is there left to say?","Quand quelqu'un vous dit qu'il a tout eu et tout fait, et qu'il ne ressent pas le besoin d'en avoir plus alors que vous cherchez toujours tout ce que la vie peut vous offrir, que reste-t-il à dire ?","Ça arrive quand quelqu'un te dit qu'il a tout fait et tout acquis, et qu'il n'a plus besoin de rien, alors que tu es encore en train de chercher tout ce que la vie peut te proposer."
The waves crashed on the sand and the water pooled near her.,Les vagues s'écrasaient sur le sable et l'eau s'accumulait près d'elle.,Les vagues s'écrasaient sur le sable et l'eau se réunissait près d'elle.
"""Frankie,"" John breathes into my wet hair.","Frankie, souffle John dans mes cheveux mouillés.","Frankie, soupire John dans mes cheveux mouillés."
"She didn't want this day, no matter how hard the work was, to ever end.","Elle ne voulait pas que cette journée, même si le travail était difficile, se termine un jour.","Ça ne faisait pas de mal de travailler, elle ne voulait pas que ce jour se termine."
His dimple is just so adorable.,Sa fossette est tellement adorable.,Ça fait si bien.
He lets his eyes skate over me before he turns them back to the room.,Il laisse ses yeux glisser sur moi avant de les tourner de nouveau vers la pièce.,Je lui laisse regarder mes yeux avant qu'il ne revienne sur la pièce.
"Humid, warm air rushed in and filled her lungs, and salty dampness coated her face.","L'air chaud et humide s'engouffra dans ses poumons, et une humidité salée recouvrit son visage.",L'air humide et chaud s'engouffra dans ses poumons et la saleté de la mer recouvrit son visage.
"""I'll keep her safe,"" Drew said, making Andi wince as she hung over his shoulder, struggling to keep the terror at bay.","Je la garderai en sécurité, dit Drew, faisant grimacer Andi qui s'accrochait à son épaule, s'efforçant de maintenir la terreur à distance.","Ça, je le ferai, dit Drew, faisant grimacer Andi qui se penchait sur son épaule, luttant pour contenir sa terreur."
"Nicki's skin is a deep, rich mahogany that must have been painted on by the hand of God himself, it's so perfect.","La peau de Nicki est d'un acajou riche et profond qui a dû être peint par la main de Dieu lui-même, tant elle est parfaite.","La peau de Nicki est un mahogany profond et riche qui doit être la peinture de la main de Dieu, elle est si parfaite."
"And I'm sitting here in the bar that was supposed to be both our legacies.""",Et je suis assis ici dans le bar qui était censé être notre héritage à tous les deux.,Ça fait que je suis assis dans le bar qui devait être notre héritage commun.
"No dark water surrounding him, just the bright and cold glare of sterility and the smell of bleach.","Il n'y avait plus d'eau sombre autour de lui, juste la froide lumière blafarde d'un endroit stérile et une odeur d'eau de Javel.","Pas d'eau noire l'entourant, juste le clair et le froid du stérilisation et l'odeur de chlorure de sodium."
"That's the best news I've heard in ages.""",C'est la meilleure nouvelle que j'ai entendue depuis longtemps.,Ça fait le meilleur nouvel annoncé depuis des années.
"I've done it a thousand times.""",Je l'ai fait des milliers de fois.,"Ça, je l'ai fait mille fois."
What a day.,Quelle journée !,Ça a été une journée.
A big part of me wants to pull John into my arms and shield him from everything and everyone that would ever wish him harm.,Une grande partie de moi veut prendre John dans mes bras et le protéger de tout ce qui pourrait lui faire du mal.,Une grande partie de moi veut embrasser John dans mes bras et le protéger de tout et de tous ceux qui lui feront du mal.
"It's me you want, not him.","C'est moi que tu veux, pas lui.","Ça, c'est moi que tu veux, pas lui."
Reds and blues and bright yellows swirled and clashed along the walls.,"Du rouge, du bleu et du jaune vif tourbillonnaient et se mélangeaient le long des murs.","Les rouges, les bleus et les jaunes vifs tourbillonnaient et s'entrecroisaient le long des murs."
"Merely acquaintances, as far as the world knew.","De simples connaissances, pour autant que le monde le sache.","Ça n'était qu'une connaissance, pour le monde."
It's intangible.,Ce n'est pas tangible.,Ça n'est pas tangible.
He was headed directly for them.,Il se dirigeait directement vers eux.,Ça allait directement vers eux.
"She'd fantasized about sucking him off many times, but it was never this good, this real.","Elle avait souvent fantasmé sur le fait de l'avoir en bouche, mais cela n'avait jamais été aussi bon, aussi vivace.","Ça lui avait souvent passé par la tête de le sucer, mais ça n'avait jamais été aussi bon, aussi réel."
"At first, I assume it's for work or for Lexi but, when I ask, he dodges the question or distracts me with sex.","Au début, je supposais que c'était pour le travail ou pour Lexi, mais quand je lui demande, il esquive la question ou me distrait avec du sexe.","À première vue, je suppose que c'est pour le travail ou pour Lexi, mais quand je lui demande, il me détourne du sujet en me distrayant avec du sexe."
"What a phenomenon.""",Quel phénomène !,Ça fait un phénomène.
"""If I had my way, we'd take out the privateer's whole linewomen too.","Si ça ne tenait qu'à moi, nous aurions éliminé toute la lignée du corsaire, y compris les femmes.","Ça me déplaît, je voudrais que l'ensemble de la ligne soit détruit."
"Pinching the jacket for Sign O' the Times between two fingers, I ease it off the shelf.","En pinçant la pochette de Sign O' the Times entre deux doigts, je la sors de l'étagère.",Je presse le manteau de Sign O' the Times entre deux doigts et le détache du support.
"""He's covering his ass,"" Devyn said, watching as she returned her attention back to the email and-","Il couvre ses arrières, dit Devyn, en la regardant reporter son attention sur l'e-mail et...","Ça c'est pour se couvrir la fesse, dit Devyn, observant qu'elle retournait son attention vers l'e-mail et..."
"""Lot's happened in the past couple of days.""",Il s'est passé beaucoup de choses ces deux derniers jours.,Ça a beaucoup changé ces derniers jours.
I frame his face in my hands.,J'encadre son visage dans mes mains.,Je cadre son visage dans mes mains.
"""You're going to love the fourth grade,"" Uncle Shawn said, smiling as he picked her up and placed her on the chair as she frantically shook her head, knowing that this wasn't going to end well.","Tu vas adorer le CM1, dit Oncle Shawn en souriant alors qu'il la prenait dans ses bras et la déposait sur la chaise pendant qu'elle secouait frénétiquement la tête, car elle savait que ça n'allait pas bien se finir.","Ça va te plaire au CM1, dit Oncle Shawn, souriant en la levant et en la plaçant sur le fauteuil alors qu'elle secouait la tête en frénésie, sachant que ça ne se terminerait pas bien."
"""You said he changed it,"" Garrett countered.","Tu as dit qu'il l'avait changé, rétorque Garrett.","Ça, c'est ce que tu as dit, dit Garrett."
My voice sounds like I've been chewing on asphalt and my words crumble under the crush of it.,Ma voix sonne comme si j'avais mâché de l'asphalte et mes mots s'effritent sous son poids.,Ça me semble que j'ai mâché de l'asphalte et que mes mots s'effritent sous le poids de ma voix.
"""I'll post guards near the beach,"" her mother said.","Je vais poster des gardes près de la plage, dit sa mère.","Ça, je le ferai, dit sa mère."
"And I'm not gonna lie, I get off on living vicariously through others.","Et je ne vais pas mentir, je prends mon pied en vivant par procuration à travers les autres.",Ça me fait plaisir de vivre vicarieusement par d'autres.
"""Why didn't Christopher stay on land with her?",Pourquoi Christopher n'était-il pas resté sur la terre ferme avec elle ?,Pourquoi Christopher n'a-t-il pas resté sur le sol avec elle ?
I know you feel the pull to the sea like I do.,"Je sais que tu es attiré par la mer, tout comme moi.",Ça me rappelle que tu ressens l'attraction de la mer comme moi.
"Inna was already on the ropes, scaling like a spider on a web.","Inna était déjà sur l'échelle de cordes, se déplaçant comme une araignée sur une toile.","Inna était déjà à bout de forces, grimpeant comme un araignée sur un filet."
He must see this because he continues.,"Il doit s'en apercevoir, car il continue.",Ça doit l'avoir fait parce qu'il continue.
"""I think it made everything better,"" she said, absently tracing his fingers, careful of the cuts.","Je pense que ça a tout amélioré, dit-elle, traçant distraitement le contour de ses doigts, prenant soin de ne pas toucher aux coupures.","Ça a tout amélioré, dit-elle, traçant distraitement ses doigts, en se gardant des coupures."
"He stared into her almond-shaped eyes, then moved his hand and turned away.","Il fixa ses yeux en amande, puis déplaça sa main et se détourna.","Il fixa ses yeux almondes, puis déplaça sa main et se détourna."
"After wiping my mouth with the back of my hand, I slink to the floor by the (blessedly cleanish) toilet, unable to move.","Après m'être essuyé la bouche du revers de la main, je me glisse sur le sol près des toilettes (heureusement propres), incapable de bouger.","Je me suis essuyé la bouche avec la partie arrière de ma main, puis j'ai glissé sur le sol à côté du (mercifulement propre) toilette, incapable de bouger."
"""Swimming lessons.",Des cours de natation.,Ça s'appelle des cours de natation.
"The more he breathed the decision, the more it became clear that she was meant for him.","Plus il pensait à cette décision, plus il devenait évident qu'elle était faite pour lui.","Plus il respirait la décision, plus il comprenait qu'elle était faite pour lui."
"""Michelle was my first,"" he offers.","Michelle était ma première, explique-t-il.","Ça, c'est Michelle, ma première, lui répond-il."
She was supposed to be able to do a hundred different things at once and-,"Elle était censée pouvoir faire une centaine de tâches en même temps, et...",Ça lui était censé permettre de faire cent choses à la fois et...
"Dyer smiles, tossing the strap of his messenger bag over his head.","Dyer sourit, jetant la lanière de son sac par-dessus sa tête.","Dyer sourit, passant la bandoulière de son sac à dos sur sa tête."
"I take it back, he needs to stop doing that.","Je retire ce que j'ai dit, il doit arrêter de faire ça.","Ça me dérange, il faut qu'il s'arrête."
"Mermaids were often spotted during a stormthat is when sailors needed them, and when they helped humans most.",Les sirènes sont souvent aperçues pendant une tempête  c'est à ce moment-là que les marins ont besoin d'elles et qu'elles aident le plus les humains.,"Les sirènes étaient souvent aperçues pendant une tempête, c'est-à-dire lorsque les marins en avaient le plus besoin, et lorsqu'elles aidaient les humains le plus."
"""Better?"" he asked, surprised at his breathiness.","demanda-t-il, surpris de son essoufflement.",Ça va mieux ?
"My skin is suddenly too tight, and my dick is arguing loudly in Garrett's favor, reminding me that we hadn't had sex in weeks before the end, so it's been - let me count - Jesus, nearly two months since I got laid.","Ma peau est soudain trop tendue, et ma bite plaide vigoureusement en faveur de Garrett, me rappelant que nous n'avions plus fait l'amour depuis des semaines avant la fin de notre histoire.","Ma peau est soudain trop serrée, et ma bite fait une scène en faveur de Garrett, me rappelant que nous n'avons pas eu de sexe depuis des semaines avant la fin, donc il y a - laisse-moi compter - putain, presque deux mois que je ne suis pas allé en train."
It wasn't any different.,Ce n'était pas différent.,Ça n'était pas différent.
"For now, we need to figure out what to do.""","Pour l'instant, nous devons trouver quoi faire.","Ça ne nous servira pas de rien, il faut que nous décidions de quoi faire."
"I mean, fuck.","Je veux dire, putain.",Ça fait qu'je suis en train de me faire foutre.
"The winding path through the rides was mostly clean of sand and debris, and only a few of the rides and sideshow games showed any evidence that a powerful storm had ripped through the night before.","Le chemin sinueux qui traversait les manèges était presque entièrement débarrassé du sable et des débris, et seuls quelques manèges et jeux du parc d'attraction montraient des signes qu'une puissante tempête s'était abattue sur le parc la nuit précédente.","Le chemin sinueux entre les attractions était le plus part pour le sable et les débris, et seulement quelques attractions et jeux de la foire montraient des traces d'une violente tempête qui avait traversé la nuit précédente."
"""Has anyone ever...confronted you?",Est-ce que quelqu'un t'a déjà... confronté ?,Êtes-vous jamais...confronté ?
"John's hand, which he's lifted to sift through the hair at my nape, drifts down to cup the back of my neck.","La main de John, qu'il a soulevée pour la glisser dans les cheveux à l'arrière de mon crâne, descend jusqu'à ma nuque.","La main de John, qu'il a soulevée pour filtrer les cheveux de ma nuque, descend pour s'accrocher à la base de mon cou."
"""This is a long series of firsts for me,"" he says, his voice quiet.","C'est une longue série de premières pour moi, dit-il, la voix calme.","Ça fait longtemps que je ne fais pas ça, dit-il, la voix douce."
"""If my calculations are correct, I would say a little over twenty-two billion, forty-seven million, two hundred fifty-seven thousand dollars and eighty-three cents.","Si mes calculs sont corrects, je dirai un peu plus de vingt-deux milliards, quarante-sept millions, deux cent cinquante-sept mille dollars et quatre-vingt-trois centimes.","Si mes calculs sont corrects, je dirais un peu plus de vingt-deux milliards, quatre-vingt-dix-neuf millions, deux cent cinquante-sept mille dollars et quatre-vingt-trois centimes."
"My skin is beech with a hint of henna, my wild, black curls have minds of their own.","Ma peau est de la couleur du hêtre avec un soupçon de henné, mes boucles noires et sauvages n'en font qu'à leur tête.","Ma peau est blonde avec un soupçon de henné, mes boucles noires sauvages ont leur propre esprit."
"When she stepped, the ground seemed to fall out from under her feet and she stumbled on air.","Lorsqu'elle fit un pas, le sol sembla se dérober sous ses pieds et elle trébucha dans le vide.",Ça lui semblait que le sol s'effondrait sous ses pieds et elle s'écarte sur l'air.
"""You too,"" I reply over my shoulder, as he starts his engine.","Toi aussi, répondis-je par-dessus mon épaule, tandis qu'il démarre son moteur.","Ça va te faire plaisir aussi, lui dis-je par-dessus l'épaule, alors qu'il allume son moteur."
Every nerve in her body hummed.,Chaque nerf de son corps frémissait.,Ça faisait vibrer chaque nerf de son corps.
I smack him on his rock-hard abs.,Je lui donne une claque sur ses abdominaux durs comme la pierre.,"Ça me fait rire, je lui donne un coup de poing sur ses abdominaux durs comme du roc."
"The sun warmed the top of his head and his shoulders, and the heated sand toasted his bare feet.","Le soleil lui réchauffait le sommet du crâne et les épaules, et le sable chaud brûlait ses pieds nus.","Le soleil réchauffa le sommet de sa tête et ses épaules, et le sable chauffé brûla ses pieds nus."
"As sure as he was that he couldn't get close to anyone, he longed to feel her touch.","Même s'il était sûr de ne pas pouvoir être proche de quelqu'un, il avait envie de la toucher.","Ça lui semblait aussi sûr qu'il ne pourrait pas s'approcher de quelqu'un, il désirait sentir son contact."
It'd sure be handy to talk to himhave him on her side in case the approaching figure turned out to be a menace.,"Ce serait bien pratique de lui parler, de l'avoir à ses côtés au cas où la silhouette qui s'approchait s'avérait être une menace.","Ça serait bien pratique de pouvoir parler à lui  avoir un allié en cas de besoin, si la figure qui approchait se révéla être une menace."
We had so much more in common.,Nous avions bien plus en commun.,Ça nous rapprochait beaucoup plus.
"My cock dribbles nonstop, leaving threads of precome against my stomach.","Ma bite dégouline sans arrêt, laissant des fils de liquide séminal contre mon estomac.","Ma bite coule non-arrêtée, laissant des fils de précum dans mon estomac."
"""I'm not used to being snuck up on.",Je n'ai pas l'habitude de me faire surprendre.,Ça ne m'est pas habituel.
"He and Luke had loved the birds when they were kids, but after owning the bar, he realized what a nuisance they could be.","Luke et lui avaient adoré les oiseaux lorsqu'ils étaient enfants, mais depuis qu'il était propriétaire du bar, il s'était rendu compte de la nuisance qu'ils pouvaient représenter.","Luke et lui avaient aimé les oiseaux quand ils étaient enfants, mais après avoir pris la bar, il avait réalisé à quel point ils pouvaient être gênants."
"""Tell me that this is enough.""",Dis-moi que ça suffit.,Ça suffit ?
She paused to see if he was joking.,Elle s'arrêta net pour voir s'il plaisantait.,Elle s'arrêta pour voir s'il se moquait.
Or were they in love?,Ou étaient-ils amoureux ?,Ça faisait-il partie de leur amour ?
"""I don't know what Lucas has planned, but until I can make sure that you're safe, I need you to stay with your brother,"" Devyn explained as he placed the iPad and laptop in her backpack and handed it to Drew.","J'ignore ce que Lucas a prévu, mais jusqu'à ce que je puisse m'assurer que tu es en sécurité, j'ai besoin que tu restes avec ton frère, expliqua Devyn en plaçant l'iPad et l'ordinateur portable dans le sac à dos d'Andi et en le tendant à Drew.","Ça, je ne sais pas quoi Lucas a prévu, mais jusqu'à ce que je puisse m'assurer de ta sécurité, je te demande de rester avec ton frère, expliqua Devyn en posant l'iPad et le laptop dans le sac à dos de Drew."
"He turns my head the way he wants it so that he can plunder my mouth, and I take it all.","Il tourne ma tête dans le sens qu'il veut pour pouvoir dévorer ma bouche, et je prends tout.","Ça me fait tourner la tête comme il le veut pour qu'il puisse piller ma bouche, et je le laisse faire."
"For the first time in her life, she didn't care that she was in over her head or that she was probably making the biggest mistake of her life, not when he kissed her like this.","Pour la première fois de sa vie, elle ne se souciait pas de savoir qu'elle était dépassée par les événements ou qu'elle commettait probablement la plus grosse erreur de sa vie, pas quand il l'embrassait comme ça.","Ça faisait le premier fois de sa vie qu'elle ne se souciait pas d'être en-dessous de la marée ou qu'elle faisait probablement le plus grand mal de sa vie, pas quand il l'embrassait comme ça."
"""I heard you sold the bar.",J'ai entendu dire que tu avais vendu le bar.,"Ça va, j'ai entendu que tu as vendu le bar."
"""What's this about, Lucas?"" Devyn asked because Lucas was the last person that he wanted to talk about Andi with.","demanda Devyn, parce que Lucas était la dernière personne avec qui il voulait parler d'Andi.","Ça va où, Lucas ? demanda Devyn parce que Lucas était la dernière personne avec laquelle il voulait parler d'Andi."
"""We want different things, Frankie,"" he'd said, and it hadn't come as a surprise.","""Nous voulons des choses différentes, Frankie"", avait-il dit, et cela n'avait pas été une surprise.","Ça ne nous intéresse pas du même côté, Frankie, avait-il dit, et ça ne m'avait pas surpris."
"I catch him in my arms, taking his weight so that he doesn't face-plant in the middle of the street.","Je l'attrape dans mes bras, supportant son poids pour qu'il ne tombe pas la tête la première au milieu de la rue.","Ça me prend dans mes bras, prenant son poids pour qu'il ne se fasse pas face-plant au milieu de la rue."
"I scroll further and stop, not really able to wrap my head around the headlines for these articles.","Je fais défiler la page, puis je m'arrête, n'arrivant pas à comprendre les titres de ces articles.","Je fais défiler plus loin et je m'arrête, incapable de comprendre les titres des articles."
"He used to find reasons to stay after school, detention, clubs, anything was better than going back to rundown motels and boarding rooms without heat.","Il avait l'habitude de trouver des raisons de rester après l'école, les heures de colle, les clubs, tout valait mieux que de retourner dans des motels délabrés et des chambres d'internat sans chauffage.","Ça faisait longtemps qu'il trouvait des raisons pour rester après l'école, les détentions, les clubs, tout était mieux que de retourner dans les motels en ruines et les chambres de bonne auberge sans chauffage."
I'll be his first for everything.,Je serai son premier pour tout.,Ça sera mon premier pour tout.
He set his glass of water on the coffee table between them.,Il posa son verre d'eau sur la table basse entre eux.,Il posa son verre d'eau sur la table basse entre eux.
"With Hillshire Hotels reorganizing and ready to sell off some of its properties to save itself, they didn't have a lot of time to waste.","Les Hôtels Hillshire étant en train de se réorganiser et prêts à vendre certains de leurs propriétés pour se sauver, ils avaient peu de temps à perdre.","Les Hôtels Hillshire se restructuraient et étaient prêts à vendre certains de leurs hôtels pour se sauver, ils n'avaient pas le temps de perdre."
She'd protect Chase as long as she could.,Elle protégerait Chase aussi longtemps qu'elle le pourrait.,Elle protégerait Chase autant qu'elle le pourrait.
"""Good intense?"" He asks, hopeful.","demande-t-il, plein d'espoir.",Ça va bien ?
"I arch and shimmy and squirm as waves of pleasure pulse through me, from the soles of my feet to the crown of my head, and I disintegrate, clenching and releasing and clenching again.","Je me cambre, me trémousse et me tortille tandis que des vagues de plaisir me traversent, de la plante des pieds au sommet de la tête, et je me désintègre, me serrant, me relâchant et me serrant à nouveau.","Je me courbe, je danse et je me tortille sous les ondes de plaisir qui me traversent, du bout des pieds à la couronne de la tête, et je me décompose, je contracte et je relâche, puis je contracte à nouveau."
"She jumped to the last platform before the door, then stepped up to the landing.","Elle sauta sur la dernière plateforme avant la porte, puis s'avança sur le palier.","Ça lui faisait peur, elle sauta sur le dernier plateau avant la porte, puis monta sur la plate-forme."
"There is one double ten-inch I've been after for bloody ages, a rare pressing of The Police's Regatta de Blanc.""","Il y a un double vinyle 10 pouces que je cherche depuis des lustres, un exemplaire rare de Regatta de Blanc de The Police.","Ça y est, il y a un double 33 tours que j'ai cherché depuis des années, une édition rare de l'album Regatta de Blanc des Police."
"Family and pirate and all.""","La famille, les pirates et tout le reste.","Ça fait partie de la famille, du pirate et de tout ça."
"She kissed and licked his length, noting the way that it became harder with every touch of her tongue as she wrapped her hand around him and took the tip between her lips and moaned.","Elle embrassa et lécha son membre, notant la façon dont il devenait plus dur à chaque contact de sa langue, puis elle enroula sa main autour de lui, prit le bout entre ses lèvres et gémit.","Elle embrassa et lécha sa longueur, notant la façon dont il durcissait à chaque contact de sa langue, puis elle enroula sa main autour de lui et prit le bout entre ses lèvres, puis gémit."
Then I'm everybody's golden boy.,Je deviens alors le prodige de tous.,Ça veut dire que je suis le garçon d'or de tout le monde.
Are they wider than before?,Sont-elles plus larges qu'avant ?,Êtes-elles plus larges qu'avant ?
"""I've been meaning to go there.",J'avais l'intention d'y aller.,Ça me faisait envie de y aller.
"From the distance, Mari could see Inna's scowl.","De loin, Mari pouvait voir la mine renfrognée d'Inna.","De loin, Mari vit le regard sournois d'Inna."
Damn birds were loudespecially in the quiet of the post-storm island.,"Ces satanés oiseaux étaient bruyants, surtout dans le calme de l'île après la tempête.","Ça faisait mal de voir ces oiseaux, surtout dans la calme de l'île après la tempête."
Of course she wanted to know how the jelly was.,"Bien sûr, qu'elle voulait savoir ce qu'il en était de la méduse.",Ça va sans dire qu'elle voulait savoir comment était le gelée.
But he was wiser now.,Mais il était plus sage maintenant.,Ça faisait un an qu'il était plus sage.
The aroma of her coconut soap wafted up to him.,L'arôme de son savon à la noix de coco s'éleva jusqu'à lui.,L'odeur de son savon à la noix de coco se répandit dans l'air.
"Another gust of wind pelted her with prickles of sand, and she wiped her face.",Une nouvelle rafale de vent la bombarda de grains de sable piquants et elle s'essuya le visage.,"Un autre rafale de vent la frappa de grains de sable, et elle se frotta le visage."
"I'm a storm girl.""",Je suis une fille d'orage.,Ça fait un an que je suis une fille de tempête.
My uncle took good care of us.,Mon oncle s'est bien occupé de nous.,Mon oncle nous a bien pris en charge.
"""One of the largest on the East Coast.""",C'est l'une des plus grandes de la côte Est.,"""L'un des plus grands du côté Est des États-Unis."
She held up a plate.,Elle brandit une assiette.,"Ça, c'est un plat."
I open my mouth to say come join me when John's phone rings.,"J'ouvre la bouche pour dire ""viens me rejoindre"" quand le téléphone de John sonne.","Je me prépare à dire ""viens-m'aider"" quand le téléphone de John sonne."
He was leaving and would never see her again.,Il partait et ne la reverrait jamais.,Ça faisait partie du passé et il ne la reverrait jamais.
He dropped off the files that Devyn needed her to go over first thing in the morning and picked them up at night.,Il déposait chez elle les dossiers que Devyn voulait qu'elle examine le matin et venait les récupérer le soir.,Ça fait déjà un mois qu'il lui apportait les dossiers qu'elle devait examiner dès le matin et qu'il les ramassait le soir.
Her legs wobbled as she adjusted to standing on land for the first time in weeks.,Ses jambes vacillèrent tandis qu'elle s'habituait à se tenir sur la terre ferme pour la première fois depuis des semaines.,Ses jambes tremblaient tandis qu'elle s'habitua à se tenir debout sur le sol pour la première fois depuis des semaines.
I also hate the fact that someone will be in my space tonight.,Je déteste aussi le fait qu'une personne soit dans mon espace ce soir.,Ça me dérange aussi que quelqu'un soit dans mon espace ce soir.
I'm too stunned to respond. Too needy.,Je suis trop abasourdi pour répondre.,"Ça me rend stupéfait, je ne peux pas répondre."
"She smiled and pictured herself as a barista, dressed in a tiny pink skirt and tall heels, no panties.","D'accord, sourit-elle en s'imaginant en barista, vêtue d'une petite jupe rose et de talons hauts, sans culotte.","Ça lui faisait plaisir et elle se représentait comme une barista, vêtue d'une jupe rose très courte et de talons hauts, sans sous-vêtements."
Mari put her arms around his waist and lay her head on his back.,Mari passa ses bras autour de sa taille et appuya sa tête contre son dos.,Mari passa ses bras autour de sa taille et posa sa tête sur son dos.
"He filled her completely, unlike any other man she'd been with, not that there'd been many.","Il la remplissait complètement, contrairement à tous les autres hommes qu'elle avait fréquenté, non pas qu'il y en ait eu beaucoup.","Ça la remplit complètement, comme aucun autre homme qu'elle n'avait rencontré, pas que ce soit beaucoup."
She wiped the last tears from her cheeks.,Elle essuya les dernières larmes sur ses joues.,Elle effaça les derniers larmes de ses joues.
Pursued the ship all over the Caribbean.,Ils l'avaient poursuivi dans tous les Caraïbes.,Ça a poursuivi le navire tout au long des Caraïbes.
"And good riddance.""",Et bon débarras.,"Ça va bien, dit-il."
"""More than Dyer?""",Plus que Dyer ?,Ça vaudrait-il plus que Dyer ?
"""You're a little neurotic,"" he continues.","Tu es un peu névrosé, poursuit-il.","Ça fait que tu es un peu neurotique, poursuit-il."
"""Dyer recommended we do the chef's tasting.""",Dyer nous a recommandé de prendre la dégustation du chef.,Ça fait que Dyer a recommandé de faire le goût du chef.
"Inna wouldn't kill his family, would he?","Inna ne tuerait pas sa famille, n'est-ce pas ?","Ça ne tuerait pas sa famille, n'est-ce pas ?"
"""Yeah, though he's down in Florida.""","Oui, mais il est en Floride.","Ça va, mais il est en Floride."
"""Let's go,"" he said, gesturing to the elevators and destroying her last hope of sleeping in her own bed for the first time in a month.","Allons-y, dit-il en faisant un geste vers les ascenseurs et en détruisant son dernier espoir de dormir dans son propre lit pour la première fois depuis un mois.","Ça va, dit-il en faisant un geste vers les ascenseurs et en détruisant ainsi son dernier espoir de dormir dans son propre lit pour la première fois depuis un mois."
"""Can't you go to a motel or something?""",Tu ne peux pas aller dans un motel ou quelque chose comme ça ?,Ça te fait impossible de passer la nuit dans un motel ou quelque chose du genre ?
"""I can see that you're off in your own little world now, so I'm going to head back to work now,"" Drew said dryly, not that she was listening since an idea came to her, one that had her absently murmuring, ""Love you, too,"" as she climbed off the bed and grabbed her iPad.","Je vois que tu es dans ton petit monde maintenant, alors je vais retourner au travail, déclara sèchement Drew, non pas qu'elle l'écoutait puisqu'une idée lui était venue, une idée qui la fit distraitement murmurer : ""Moi aussi, je t'aime"", alors qu'elle sortait du lit et attrapait son iPad.","Ça me semble que tu es dans ton monde à présent, alors je vais retourner au travail maintenant, dit Drew sèchement, sans qu'elle ne l'écoute, car une idée lui venait à l'esprit, l'amenant à murmurer distraitement :"
The glow of moonlight spread across her face like sparkling fairy dust over a summer meadow.,L'éclat de la lune se répandait sur son visage comme une poussière de fée scintillante sur une prairie d'été.,L'éclat de la lune s'étendit sur son visage comme de la poussière de fée scintillante sur un pré d'été.
"I can protect you then.""",Je pourrai alors te protéger.,"Ça, je peux te protéger."
Swimming away wouldn't solve anything and it wouldn't save Chase.,Nager loin ne résoudrait rien et ne sauverait pas Chase.,Ça ne résoudrait rien et ne sauverait pas Chase.
"His seems okay now, so I remove my hands from his body and immediately miss the feel of him against my palms.","Il a l'air d'aller bien maintenant, alors j'enlève mes mains de son corps et la sensation  contre mes paumes me manque immédiatement.","Ça va, alors je retire mes mains de son corps et je manque immédiatement de sentir sa chair contre mes paumes."
"Her hand trembled as she opened the hinged box, and she blew out the breath in a long, slow whistle.","Sa main tremblait lorsqu'elle ouvrit la boîte à charnière, et elle expira dans un long et lent souffle.","Son main tremblait lorsqu'elle ouvrit la boîte à coulisses, et elle expira un long soupir lent."
"""Some things,"" he begins after a long minute.","Certaines choses, commence-t-il après une longue minute.","Ça, des choses, commence-t-il après une longue minute."
"Besides, he didn't deserve to be close to anyone anymore.","D'ailleurs, il ne méritait plus d'être proche de qui que ce","Ça ne lui servait à rien, et il ne méritait plus d'être près de quelqu'un."
"""Walk me through how the requests were made.""",Expliquez-moi comment les demandes ont été faites.,Ça va me faire plaisir de te faire une démonstration.
"She's mistaken,"" Lucas said, sighing heavily as he gestured for security to show her to the door.","Elle se trompe, dit Lucas, soupirant lourdement et faisant signe aux agents de sécurité de la sortir de la pièce.","Ça ne vaudra rien, dit Lucas, soupirant lourdement en faisant signe à la sécurité pour la mener à la porte."
"""Does she live far away or something?",Elle habite loin ou quelque chose du genre ?,Ça veut dire qu'elle vit loin d'ici ?
"""It's my heartbeat,"" Devyn said, turning his hand over so that she could see the new smartwatch that he'd purchased to link his heartbeat to the bear's so that no matter where he was, she would never have to sleep alone again.","C'est mon rythme cardiaque, dit Devyn, en retournant sa main pour qu'elle puisse voir la nouvelle montre connectée qu'il avait achetée pour relier son rythme cardiaque à celui de l'ours, afin que, peu importe où il se trouve, elle n'ait plus jamais à dormir seule.","Ça c'est mon rythme cardiaque, dit Devyn, retournant la main pour qu'elle puisse voir la nouvelle montre intelligente qu'il avait achetée pour lier son rythme cardiaque à celui de l'ours, de sorte qu'il n'y ait plus de risque qu'elle ne doive plus dormir seule, qu'importe où il soit."
Maybe I've earned some leeway.,Peut-être ai-je gagné une certaine marge de manœuvre.,Ça me donne peut-être le droit de faire une exception.
"They should have deleted the rows instead of just hiding them, but that probably would have alerted the accounting department to the embezzlement sooner.","La personne aurait dû effacer les lignes de compte au lieu de les cacher, mais ça aurait probablement alerté plus tôt le service comptabilité sur le détournement de fonds.","Ça aurait dû les supprimer plutôt que les masquer, mais ça aurait probablement alerté le service comptabilité sur le vol plus tôt."
She put her foot back onto the couch and closed her eyes again.,Elle reposa son pied sur le canapé et ferma à nouveau les yeux.,Elle remit son pied sur le canapé et referma les yeux.
Unless Inna went upstairs to the bar.,À moins qu'Inna ne monte au bar.,"Ça ne signifie rien, sauf si Inna monte à l'étage pour aller au bar."
"And now it's my turn to dispense justice.""","Et maintenant, c'est à mon tour de rendre justice.",Ça me reste à mon tour de faire la loi.
"""I thought that was only a story,"" she said.","Je croyais que ce n'était qu'une histoire, dit-elle.","Ça n'était qu'une histoire, dit-elle."
"He set everything down in a pile, caught the rolling flashlight, and then grabbed the handset.","Il posa tout en tas, attrapa la lampe de poche qui roulait, puis saisit le combiné.","Il posa tout ça en une pile, attrapa la lampe à main, puis la prise de son téléphone portable."
"If I stretched out my arm, I could touch him.","Si je tends le bras, je pourrais le toucher.","Si je tendais l'avant-bras, je pourrais le toucher."
"""What are you doing, can I come over?""","Que fais-tu,  je peux venir ?","Ça va, peux-je venir te voir ?"
"Between going through the Hillshire Hotels' files and taking care of him, she was exhausted.","Entre l'examen des dossiers des Hôtels Hillshire et les soins apportés à Devyn, elle était épuisée.","Ça faisait déjà des années qu'elle avait travaillé pour les Hôtels Hillshire, et elle était épuisée."
"""Sorry if I touched a nerve.""",Désolé si j'ai touché un point sensible.,Ça m'en pardonner si j'ai touché un fil.
"Inna struggled and the guards shoved him to the ground, face-first.","Inna se débattit et les gardes le poussèrent au sol, la tête la première.","Inna lutta et les gardes le poussèrent au sol, face contre terre."
John's laughter rumbles against my back.,Le rire de John gronde contre mon dos.,L'rire de John résonne contre mon dos.
"""Plus, we didn't get a lot of sleep last night.","En plus, on n'a pas beaucoup dormi la nuit dernière.","Ça, et puis nous n'avons pas dormi beaucoup hier soir."
I need to see him.,J'ai besoin de le voir.,Ça me faut.
"In short, I was the guy sitting on the arm of his boyfriend's chair staring off into space while everyone around him espoused the genius of someone named Lena Dunham.","En bref, j'étais le gars assis sur le bras du fauteuil de son copain, regardant dans le vide pendant que tout le monde autour de lui vantait le génie d'une certaine Lena Dunham.","Ça va dire, j'étais le type qui s'asseyait sur le bras du fauteuil de son petit ami, regardant dans le vide, tandis que tout le monde autour de lui louait le génie d'une personne nommée Lena Dunham."
"Maybe they were staging a rescue.""",Peut-être qu'ils organisaient un sauvetage.,Ça pourrait être un sauvetage.
He needed answers and he couldn't get them from behind a desk.,Il avait besoin de réponses et il ne pouvait pas les obtenir derrière un bureau.,"Ça ne suffisait pas, il avait besoin de réponses et il ne les pouvait pas obtenir derrière un bureau."
He couldn't protect anyone anymore.,Il ne pouvait plus protéger personne.,Ça ne lui servait plus à rien.
"""I have to question the logistics of what the report said because I'm not sure how Mrs. Grady would have been able to bend me over her desk with her bad hip and-""","Je dois remettre en question la logistique de ce que dit le rapport, car j'ignore comment Mme Grady aurait pu me pencher sur son bureau avec sa blessure à la  hanche et...",Ça me fait douter des logiques du rapport parce que je ne suis pas sûr de savoir comment Mme Grady aurait pu me faire pencher sur son bureau avec sa hanche cassée et...
"""And you?""","Et, vous ?",Ça va pour toi aussi ?
"""I wish I could do that, but I don't know how.""","J'aimerai pouvoir le faire, mais je ne sais pas comment.","Ça me ferait plaisir, mais je ne sais pas comment le faire."
It was almost like he was a mood ring with a short-circuiting sensor.,C'était presque comme s'il était une bague d'humeur avec un court-circuit dans ses capteurs.,Ça ressemblait à un anneau qui change de couleur en fonction de l'humour.
"She would go on and on about it, and that wasn't good for either of their anxieties.","Elle n'aurait cessé d'en parler, ce qui n'était pas bon pour leurs angoisses.","Ça allait durer, et ça ne faisait pas de bien à leurs angoisses."
"When I was old enough to dress myself, she says I didn't give a shit about girls' clothes or boys' clothes, I liked what I liked.","Quand j'ai eu l'âge de m'habiller seul, elle m'a dit que je me moquais de savoir si c'étaient des vêtements pour filles ou pour garçons, j'aimais ce que j'aimais.","Ça fait longtemps que je suis assez grande pour me vêtir, dit-elle, et j'ai toujours aimé ce que j'aimais, qu'il s'agisse des vêtements des filles ou des garçons."
"A stiff breeze rustles the trees above our heads, blowing my hair into my face.","Une forte brise fait bruisser les arbres au-dessus de nos têtes, soufflant mes cheveux sur mon visage.","Une brise froide agite les arbres au-dessus de notre tête, soufflant mes cheveux dans mon visage."
"We don't know what happened.""",Nous ne savons pas ce qui s'est passé.,Ça ne nous dit rien.
"For now, it had to stay hidden.","Pour l'instant, elle devait rester cachée.","Ça devait rester caché, pour l'instant."
"As he slipped into the ocean, he shifted into a dark, tentacled beast and slithered into the deeper water.","Alors qu'il s'enfonçait dans l'océan, il se transforma en une bête sombre à tentacules et s'enfonça dans les eaux plus profondes.","Il se glissa dans l'océan, se transforma en une bête noire et tentaculée et s'enfonça dans les eaux plus profondes."
"Swallowing hard, she watched as he pulled his belt free and dropped it to the floor as he toed off his shoes.","Déglutissant, elle le regarda retirer sa ceinture et la laisser tomber sur le sol en même temps qu'il enlevait ses chaussures.","Il se détacha de sa ceinture et la laissa tomber au sol, puis il enleva ses chaussures."
"Well, almost everything.","Enfin, de presque tout.","Ça, presque tout."
"Rows of bungalows lay along the road, empty for now, but each holding a family's memories within its walls.","Des rangées de bungalows s'étendaient le long de la route, vides pour l'instant, mais renfermant chacun les souvenirs d'une famille.","Des rangées de bungalows bordaient la route, vides pour l'instant, mais chacun d'entre eux contenait les souvenirs d'une famille dans ses murs."
"Someone could see you.""",Quelqu'un pourrait te voir.,Ça pourrait être vu par quelqu'un.
"I sound whiny and not at all sure about this, which I'm not.","J'ai l'air pleurnichard et pas du tout sûr de moi, ce qui n'est pas le cas.","Ça me donne l'air de m'en plaindre et de ne pas être sûr de moi, ce que je ne suis pas."
"""The man in the painting.""",L'homme du tableau.,Ça veut dire l'homme du tableau.
"He could barely believe it, as it felt like they'd been boarding up for weeks.","Il avait du mal à le croire, car il avait l'impression que cela faisait des semaines qu'ils fixaient des planches.",Ça lui semblait comme s'ils avaient fermé les volets depuis des semaines.
"When he pulled her fingertips to his lips for a kiss, she giggled.","Lorsqu'il porta le bout de ses doigts à ses lèvres pour l'embrasser, elle gloussa.",Ça lui faisait rire.
"My heartbeat pulses in its tip, and know I'm already wetting the front of my boxer-briefs.",Mon cœur bat à l'extrémité de mon gland et je sais que je mouille déjà le devant de mon boxer.,"Ça bat de la peau, et je sais que je me suis déjà trempé à l'avant de mon short."
"He peered down at her, his pupils dilating with need, and evidence of his desire reaching out to her.","Il la regarda, les pupilles dilatées par le besoin, et la preuve de son désir s'étendant jusqu'à elle.","Il la regarda, ses pupilles s'étirant sous l'effet de la passion, et la désir lui parvenait."
"The night would be memorable, one way or another.","La nuit allait être mémorable, d'une manière ou d'une autre.","La nuit serait mémorable, de quelque façon que ce soit."
"He loved her, more than anything and he wasn't about to lose her because he'd fucked up and trusted the wrong person.","Il l'aimait, plus que tout, et il n'allait pas la perdre parce qu'il avait merdé et fait confiance à la mauvaise personne.","Ça lui faisait plaisir, plus que tout et il n'allait pas la perdre parce qu'il avait fait une bêtise et qu'il avait confié sa vie à la personne qui lui avait fait le plus de mal."
"The words come slowly, as if he's giving me time to process them.","Les mots viennent lentement, comme s'il me donnait le temps de les assimiler.","Les mots viennent lentement, comme s'il me laissait le temps de les digérer."
"""It's a good place to be quiet and just think.""",C'est un bon endroit pour être tranquille et réfléchir.,Ça fait un bon endroit pour être tranquille et penser.
"""No, thanks,"" she said.","Non, merci, dit-elle.","Non, merci, dit-elle."
"She didn't say anything but looked up at him with wild, wide eyes and kiss-swollen lips.","Elle ne dit rien, mais le regarda avec des yeux grands et furieux et des lèvres gonflées par leurs baisers.","Ça ne lui disait rien, mais elle le regarda avec des yeux sauvages et des lèvres gonflées par les baisers."
Almost reserved.,Presque réservée.,Ça ressemblait à une réserve.
"He wasn't about to lose everything, not after everything he had to do to get to this point, which meant that he had to stay focused and keep his head in the game.","Il n'allait pas tout perdre, pas après tout ce qu'il avait dû faire pour en arriver là, ce qui signifiait qu'il avait dû rester concentré et garder la tête froide pour rester dans la partie.","Ça ne faisait pas partie de ses plans de perdre tout, pas après tout ce qu'il avait dû faire pour arriver à ce stade, ce qui signifiait qu'il devait rester concentré et garder la tête froide."
"For a moment, she debated whether or not she should ask, but...","Pendant un instant, elle se demanda si elle devait poser la question ou non, mais...","Elle hésita un instant pour savoir si elle devait poser la question ou non, mais..."
"I want to take my time tonight.""",Je veux prendre mon temps ce soir.,"Ça fait longtemps que je ne fais rien de spécial, et je veux profiter de la nuit."
"It was either that or they got lucky, Andi thought as she thought over everything that they'd learned over the past few months and-","C'était soit ça, soit ils ont eu de la chance, pensa Andi en réfléchissant à tout ce qu'ils avaient appris dans les derniers mois et...","Ça faisait ou qu'ils avaient eu du malchance, ou qu'ils avaient eu de la chance, pensa Andi en réfléchissant à tout ce qu'ils avaient appris ces derniers mois et..."
"Life isn't always fair.""",La vie n'est pas toujours juste.,Ça n'est pas toujours juste.
"Unfortunately for her, and her bacon addiction, the only restaurant within walking distance that made them closed hours ago.","Malheureusement pour elle, et pour son addiction au bacon, le seul restaurant à proximité qui en faisait avait fermé il y a des heures.","Malheureusement pour elle et son addiction au bacon, le seul restaurant à proximité qui était ouvert était fermé depuis des heures."
"""You can't up and leave all you've built here.""","Tu ne peux pas abandonner tout ce que tu as construit ici, continua-t","Ça, tu ne peux pas le faire."
"I wiggle my eyebrows, just to let him know I'm teasing.","ajouté-je tout en remuant les sourcils, juste pour lui faire comprendre que je le taquine","Je fronce les sourcils, juste pour lui faire comprendre que je joue."
"You're going to go down there, sit down, and keep your mouth shut while I break the news to the board about the unfortunate circumstances surrounding your impending resignation.","Tu vas t'y rendre, t'asseoir et te taire pendant que j'annonce au conseil les circonstances malheureuses de ta démission imminente.","Ça va falloir que tu descends, que tu te assiedes et que tu gardes la bouche fermée pendant que je vais leur dire les circonstances malheureuses qui entourent votre démission."
"I came in at the right time to clean this mess up and keep you distracted, especially since the files were already missing before I was hired, which makes me believe that the angle that Lucas was going for was that I came in after the fact to clean up the mess for a partner, perhaps a boss.","Je suis arrivée au bon moment pour faire le ménage dans ce bazar et vous distraire, d'autant plus que les dossiers avaient déjà disparu avant que je ne sois engagée, ce qui me fait penser que l'angle d'attaque de Lucas était que je suis arrivée après coup pour faire le ménage pour un partenaire, peut-être un patron.","Ça me fait croire que Lucas avait pensé que j'étais arrivé après les faits pour nettoyer le mess et pour me distraire, surtout que les dossiers étaient déjà manquants avant que je ne sois engagé, ce qui me fait croire que l'angle que Lucas avait pris était que je suis arrivé après les faits pour nettoyer le mess pour un partenaire, peut-être un patron."
"""Beer, if you have an IPA.""","De la bière, si tu as une IPA.","Ça, si tu as un IPA."
"He poured a small amount of the golden-brown alcohol into his glass, then lifted it and took a whiff.","Il versa une petite quantité de l'alcool brun doré dans son verre, puis le souleva et le huma.","Il versa un peu de l'alcool doré dans son verre, le leva et en prit un soupir."
You'll like him.,Tu l'aimerais bien.,Ça va te plaire.
"""Why are you pouting?"" came the question that had Andi releasing a shuddering sigh as she sat there, admittedly pouting, but for good reason.","""Pourquoi fais-tu la tête ?"" entendit Andi qui lâcha un soupir tremblant alors qu'elle était assise là, faisant certes la moue, mais pour une bonne raison.",Ça pourquoi tu fais la moue ?
Chase shifted the small backpack higher on his shoulders.,Chase déplaça le petit sac à dos plus haut sur ses épaules.,Chase déplaça le petit sac à dos plus haut sur ses épaules.
"I want to see his face when he finds out all about us.""",Je veux voir sa tête quand il apprendra tout sur nous.,Ça me fait rire de penser à son visage quand il découvrira tout ça.
"He winks, and laughs, and something in my chest loosens a bit.","Il fait un clin d'œil et rit, et quelque chose dans ma poitrine se détend","Ça lui vient à l'esprit, il sourit et je sens quelque chose se détendre dans ma poitrine."
She didn't scare him.,Elle ne lui faisait pas peur.,Ça ne l'effrayait pas.
"""Patrick and I, we could talk about anything and everything.","Patrick et moi, nous pouvions parler de tout et de rien.","Ça, c'est Patrick et moi, nous pouvions parler de tout et de rien."
"Christ, he'd never seen her coming, Lucas thought as he considered the small woman that had destroyed everything that he'd worked so hard for before shifting his attention to the black BMW parked only a few yards away.","Bon sang, il ne l'avait pas vue venir, pensa Lucas en considérant la petite femme qui avait détruit tout ce pour quoi il avait travaillé si dur, avant de reporter son attention sur la BMW noire garée à quelques mètres de là.","Ça, il ne l'avait pas vu venir, pensa Lucas en considérant la petite femme qui avait détruit tout ce qu'il avait travaillé si dur pour obtenir, avant de reporter son attention sur la BMW noire garée à quelques mètres de là."
She'd felt so fucking good in his arms and-,"Cette sensation de bien-être quand elle était dans ses bras, et...",Ça lui avait fait si bien le cœur dans ses bras et...
Lingering outside in the wind and rain wasn't getting her any closer to her goal.,S'attarder dehors dans le vent et la pluie ne la rapprochait pas de son but.,"Être dehors, dans le vent et la pluie, ne l'aidait pas à atteindre son but."
"He pushed into his bedroom, navigating the dark space with ease.","Il pénétra dans sa chambre, se frayant un chemin dans l'espace sombre avec aisance.","Il poussa dans sa chambre, se déplaçant dans l'espace sombre avec aisance."
Of course it was worth it.,Bien sûr que ça en valait la peine.,Ça vaut bien le coup.
"Any other time, I would signal my dining partner to let them know where I was.","À tout autre moment, je ferais signe à mon compagnon de table pour lui indiquer où je me trouve.","Être à la table avec une personne avec qui on a une relation amoureuse, c'est une chose."
I wish my father were still alivehe'd understand.,J'aimerai que mon père soit encore en vie  il comprendrait.,"Ça me ferait plaisir que mon père soit encore en vie, il comprendrait."
"When he rode it, he flew.","Lorsqu'il montait dedans, il volait.",Ça lui donnait l'impression de voler.
"""Nothing for me but thanks.""","Rien pour moi, mais merci.","Ça ne me regarde pas, mais merci."
"""I don't hear the wind howling as much.""",Je n'entends plus le vent hurler autant.,Ça fait moins de vent.
She leaned forward and pushed a kiss onto his jeans' fly.,Elle se pencha en avant et déposa un baiser sur la braguette de son jean.,Elle se pencha en avant et déposa un baiser sur le bouton de son jean.
"""I‘m so mad at you,"" I whisper between kisses, gripping his shoulders so hard, I know I'm leaving bruises.","Je suis tellement en colère contre toi, murmuré-je entre deux baisers, en serrant ses épaules si fort que je sais que je laisse des bleus.","Ça me rend si fou, murmuré-je entre deux baisers, saisissant ses épaules si fort que je sais que je lui laisse des empreintes."
Snowed Undercover,La neige sous couverture,Être enfoui sous la neige
"Mermaid's Purse is my responsibility, and if it fails, I've got nothing.""","La Bourse de la Sirène est sous ma responsabilité, et si elle tombe en ruine, je n'ai plus rien.","Ça fait partie de mon domaine, et si ça échoue, je n'ai rien."
He scanned the deck but only reflected moonlight and the remaining bits of debris met his gaze.,"Il balaya le pont du regard, mais seuls le reflet de la lune et les débris restants rencontrèrent son regard.","Il parcourut le pont, mais il ne vit que la lumière de la lune et les derniers morceaux de débris qui lui restaient."
"""I have no fucking idea, but I plan on talking to Lucas to see what he thinks,"" Devyn said, taking one last sip of his coffee before placing it back on his nightstand as she found herself wondering how someone who'd been working on a project for almost two years didn't know that it was-","Je n'en ai aucune idée, mais j'ai prévu d'en parler à Lucas pour voir ce qu'il en pense, dit Devyn en buvant une dernière gorgée de son café avant de le reposer sur le chevet alors qu'elle se demandait comment quelqu'un qui avait travaillé sur ce projet pendant presque deux années n'avait pas se rendre compte que c'était","Ça me fait rire, mais je vais parler à Lucas pour voir ce qu'il pense, répondit Devyn, prenant une dernière gorgée de son café avant de le replacer sur sa table de nuit, tandis qu'elle se demandait comment quelqu'un qui travaillait sur un projet pendant presque deux ans ne savait pas que c'était..."
"He looks up at me, his eyes so full of pain, a lump forms in my throat.","Il lève les yeux vers moi, ils sont si emplis de douleur qu'une boule se forme dans ma gorge.","Ça me regarde, ses yeux pleins de douleur, une boule monte dans ma gorge."
Chase would never forgive her if he ever found out.,Chase ne lui pardonnerait jamais s'il le découvrait.,Chase ne l'aurait jamais pardonné s'il l'avait découvert.
Chapter 11,Chapitre 11,11
"If I lose everything...""",Si je perds tout...,Si je perd tout...
"""It is a lovely hotel,"" Andi murmured in agreement with a solemn nod as she took her time selecting a slice of bacon off the huge platter in front of her.","C'est un bel hôtel, murmura Andi en acquiesçant d'un signe de tête solennel, tout en prenant le temps de choisir une tranche de bacon sur l'immense plateau qui se trouve devant elle.","Ça fait un hôtel charmant, murmura Andi d'accord avec un hochement de tête solennel alors qu'elle prenait le temps de choisir une tranche de bacon sur le grand plat devant elle."
"This morning when he woke up and realized that she wasn't there, he'd realized just how much he liked waking up with her in his arms.","Ce matin, quand, à son réveil, il avait vu qu'elle n'était pas à ses côtés, il avait réalisé à quel point il aimait se réveiller dans ses bras.",Ça faisait moins d'une heure qu'il se réveillait et qu'il s'apercevait qu'elle n'était pas là.
He had bumps and ridges everywhere he should.,Il avait des muscles saillants partout où il le fallait.,Ça lui donnait des bosses et des crêtes partout où il devait en avoir.
"Well, that was...precise.","Eh bien, c'est... précis.","Ça, c'était... précis."
"After they'd graduated, Lucas's godfather gave him a junior management position at Carta Hotels while Devyn started at the bottom, working the overnight shift as a clerk for a chain of cheap hotels.","Après l'obtention de leurs diplômes, le parrain de Lucas lui avait offert le poste de cadre subalterne chez les Hôtels Carta alors que Devyn avait dû commencer en bas de l'échelle, en commençant à travailler de nuit comme réceptionniste pour une chaîne d'hôtels bon marché.","Lucas avait obtenu un poste de directeur adjoint dans les Hôtels Carta, tandis que Devyn avait commencé à la base, en travaillant la nuit comme commis dans une chaîne d'hôtels de bas de gamme."
She wasn't happy that he wasn't interested in the job.,Elle n'était pas contente par le fait qu'il n'était pas intéressé par cette tâche.,Ça ne l'avait pas rassurée qu'il n'ait pas d'intérêt pour le poste.
"""Come with me to Kansas.",Viens avec moi au Kansas.,Viens avec moi au Kansas.
"There's day-old snow on the ground, and tiny ice cubes falling from the cloudy sky, but inside is toasty and warm.","Il y a de la neige de la veille sur le sol et de petits flocons qui tombent du ciel nuageux, mais à l'intérieur, il fait chaud et c'est chaleureux.","Ça fait neige depuis hier, et des petits cubes de glace tombent du ciel gris, mais à l'intérieur, c'est chaud et confortable."
"Blood ran from his cheek, and he swiped and smeared it across his face.","Du sang coulait de sa joue, il l'essuya et l'étala sur son visage.",Le sang coulait de sa joue et il le balaya et le répandit sur son visage.
She was alive and that's all that mattered.,Elle était en vie et c'est tout ce qui comptait.,"Ça faisait partie du passé, elle était en vie et c'était tout ce qui comptait."
"Chase watched the hem of her shirt ride up again, this time enough to reveal the skin of her back.","Chase regarda l'ourlet de son tee-shirt remonter, cette fois suffisamment pour dévoiler la peau de son dos.","Chase regarda le bord de son tee-shirt remonter à nouveau, cette fois-ci suffisamment pour révéler la peau de son dos."
"I've never been particularly empathetic, and I barely know the man, but there you have it.","Je n'ai jamais été particulièrement empathique, et je connais à peine cet homme, mais voilà.","Ça ne m'a jamais particulièrement touché, et je ne connais pas vraiment l'homme, mais là c'est ça."
"It's delicious, in a perverted, self-destructive sense.","C'est délicieux, dans un sens pervers et autodestructeur.","Ça est délicieux, dans un sens pervers et suicidaire."
"We need to get our hands on another iPad and a laptop, log into our accounts and download those files before he gets a chance to alter them or delete them.""","Nous devons mettre la main sur un autre iPad et un ordinateur portable, nous connecter à nos comptes et télécharger ces fichiers avant qu'il n'ait le temps de les modifier ou de les effacer.","Ça nous faut un autre iPad et un ordinateur portable, nous devons nous connecter à nos comptes et télécharger ces fichiers avant qu'il n'ait le temps de les modifier ou de les supprimer."
"""I could ask you the same,"" I say, letting the water wash the soap from my body.","Je pourrais te demander la même chose, dis-je en laissant l'eau rincer le savon de mon corps.","Ça me ferait plaisir de te poser la même question, dis-je en laissant l'eau éliminer le savon de mon corps."
"When his hands found her breasts, she moved into his touch, the move causing her to be exactly where he needed her.","Lorsque ses mains trouvèrent ses seins, elle se laissa toucher, se plaçant exactement à l'endroit où il avait besoin d'elle.","Quand ses mains trouvèrent ses seins, elle se déplaça dans son contact, ce qui la fit se trouver exactement où il en avait besoin."
"""And once you're in a relationship, I find that going out on actual dates just doesn't happen.""","Et une fois qu'on est en couple, je trouve qu'on ne sort plus en amoureux.",Ça ne se passe pas comme ça quand on est en couple.
Many thanks to:,Un grand merci,Merci à :
"There's barely any natural light, so John has off-white, rice-paper lanterns scattered in the corners.","Comme il n'y a pratiquement pas de lumière naturelle, John a placé des lanternes en papier de riz, couleur blanc cassé dans les coins.","Ça n'y a presque pas de lumière naturelle, alors John a placé des lanternes en papier de riz blanches dans les coins."
She loved the way that he gently caressed her cheek with his fingertips as he moaned her name until that wasn't enough.,"Elle aimait la façon de caresser doucement sa joue du bout des doigts en gémissant son nom, jusqu'à ce que ça ne suffise plus.","Ça lui plaisait de voir le bout de son nez caressé doucement par le bout de ses doigts, tandis qu'il gémit son nom jusqu'à ce que ça ne soit plus suffisant."
Line-dancing area.,Une piste de danse en ligne.,Zone de danse en ligne.
"""If what you say is truewell, it happened a long time ago.","Si ce que tu dis est vrai, c'est arrivé il y a longtemps.",Si ce que tu dis est vrai... c'est qu'il y a longtemps que ça n'arrive plus.
A small smile tugs at the corner of his mouth.,Un petit sourire se dessine au coin de sa bouche.,Un petit sourire se dessine aux coins de sa bouche.
"""I can't,"" was all he could muster, and even that sounded like the most pathetic excuse.","Tout ce qu'il avait pu dire, c'est ""Je ne peux pas"", et même cette excuse lui avait semblé des plus pathétiques.","Ça me fait mal, fut tout ce qu'il put dire, et même ça sonnait comme une excuse pathetique."
It takes everything in me not to look away.,Il me faut tout ce que j'ai en moi pour ne pas détourner le regard.,Ça me coûte tout ce que j'ai en moi pour ne pas regarder ailleurs.
"The feel of him, tight around me, is almost too much to bear.","La sensation de son intérieur, serré autour de moi, est presque trop difficile à supporter.","Ça me fait sentir sa présence, serrée autour de moi, presque trop pour supporter."
"He pushed the door mostly closed and looked out into the park, a stripe of late-day sunlight highlighting his face.","Il poussa la porte jusqu'à la fermer et regarda vers le parc, un rayon de soleil de fin de journée illuminant son visage.","Il referma la porte à moitié et regarda le parc, une bande de lumière du crépuscule mettant en valeur son visage."
"Where else would we hide?""",Où d'autre pourrions-nous nous cacher ?,"Ça, où d'autres ?"
"I'll hold him all night, if that's what he wants.","Je le tiendrai toute la nuit, si c'est ce qu'il veut.","Ça, je le ferai toute la nuit, s'il le souhaite."
Our time together meant nothing.,Le temps que nous avons passé ensemble ne signifiait rien.,Ça n'a pas de signification.
"I love music,"" he says.","J'aime la musique, dit-il.","Ça m'aide à me détendre, dit-il."
"After the often-crushing humidity of summer, fall in Philadelphia is crisp, like a ripe apple you can't wait to sink your teeth into.","Après l'humidité souvent écrasante de l'été, l'automne à Philadelphie est frais, comme une pomme mûre que l'on a hâte de croquer à pleines dents.","L'automne à Philadelphie est frais, comme une pomme mûre que vous ne pouvez pas attendre de manger."
"We'll sleep on the couches.""",On dormira sur les canapés.,"Ça, on s'endormira sur les canapés."
"He'd live in this moment, this night with her, with no promises.","Il vivrait ce moment, cette nuit avec elle, sans rien lui promettre.","Ça, c'était la vie, la nuit avec elle, sans promesse."
"""We were having a difficult time putting the pieces together because of the missing files, but thankfully, Mr. Anderson was kind enough to create a fake hotel for every transfer.","Nous peinions à recoller les morceaux à cause des dossiers manquants, mais heureusement, M. Anderson a eu la gentillesse de créer un faux hôtel pour chaque transfert.","Ça nous a coûté cher de mettre les morceaux ensemble à cause des fichiers manquants, mais heureusement, M. Anderson a eu la gentillesse de créer un faux hôtel pour chaque transfert."
Even the girls have noticed me slinking around our flat.,Même les filles ont remarqué que je me faufilais dans notre appartement.,même les filles ont remarqué que je me débattais dans notre appartement.
It never occurred to me that I might be hindering his progress by forcing him to keep quiet.,Il ne m'est jamais venu à l'esprit que je pouvais l'empêcher d'avancer en le forçant à se taire.,Ça ne me vint pas à l'esprit que je pourrais l'empêcher de progresser en lui imposant de rester silencieux.
"Chase hefted the plywood and set it against the window, lining up the pilot holes.","Chase souleva le contreplaqué et le plaça contre la fenêtre, alignant les avant-trous.","Chase souleva le contreplaqué et le posa contre la fenêtre, alignant les trous de pilotage."
"""They changed the schedule.",Ils ont changé les horaires.,Ça a changé le planning.
"""I'll go grab the bags,"" he said, that muscle in his jaw working double-time as he turned around and left, leaving her with no choice but to see this thing through on her own.","Je vais chercher nos bagages, ajouta-t-il, le muscle de sa mâchoire tiquant deux fois plus alors qu'il se retournait et partait, ne laissant pas d'autres choix à la jeune femme que de se débrouiller toute seule.","Ça va falloir que je vais chercher les sacs, dit-il, le muscle de sa mâchoire travaillant à plein régime alors qu'il se retournait et quittait la pièce, la laissant sans autre choix que de terminer cette chose seule."
If Chase ever found out the truth...,Si Chase découvrait la vérité...,Si Chase découvrait jamais la vérité...
"The sun, half-risen and bright, glowed behind her head like an orange halo, outlining the edges of her hair in bright relief.","Le soleil, à moitié levé et brillant, rayonnait derrière sa tête comme un halo orange, soulignant les contours de ses cheveux d'un relief éclatant.","Le soleil, à mi-hauteur et brillant, brillait derrière sa tête comme un halo orange, mettant en relief les bords de ses cheveux."
It never lies.,Elle ne ment jamais.,Ça ne ment jamais.
Of course Inna set the fire.,Bien sûr qu'Inna avait mis le feu.,Ça va sans dire que c'est Inna qui a allumé le feu.
"But you will find someone.""",Mais tu trouveras quelqu'un.,Ça va te faire trouver quelqu'un.
"It didn't matter what her mother had promised him, or what her father owed him.","Peu importe ce que sa mère lui avait promis, ou ce que son père lui devait.","Ça n'avait pas d'importance que sa mère lui ait promis quelque chose, ou que son père lui doive quelque chose."
"Not even a little bit, because she had plenty to keep her busy, and honestly, she didn't have time for anything else.","Pas même un peu, car elle avait de quoi s'occuper, et honnêtement, elle n'avait pas le temps pour quoi que ce soit d'autre","Ça ne l'intéressait pas du tout, parce qu'elle avait beaucoup de choses à faire, et elle n'avait pas le temps de s'occuper de quelque chose d'autre."
The sun is stroking the highlights of John's auburn hair as if it can't keep its fingers out of the wavy locks.,"Le soleil caresse les reflets des cheveux auburn de John, comme s'il ne pouvait pas empêcher ses rayons de toucher ses mèches ondulées.",Le soleil effleure les mèches auburn de John comme s'il ne pouvait pas tenir à bout de bras.
"The pier cut out to sea a hundred yards north, and fishermen and tourists alike would always head to his bar for lunch.","La jetée s'enfonçait dans la mer à une centaine de mètres au nord, et les pêcheurs comme les touristes se rendaient toujours à son bar pour déjeuner.","La jetée s'avançait en mer à cent mètres au nord, et les pêcheurs et les touristes allaient toujours se rendre à son bar pour le déjeuner."
"She turned to Inna, and the words formed sticky clumps in her mouth.","Elle se tourna vers Inna, et les mots formèrent des amas collants dans sa bouche.","Elle se tourna vers Inna, et les mots se formaient en boules collantes dans sa bouche."
"""It's from the Police, a song called Tea in the Sahara.""","C'est une chanson de Police qui s'appelle ""Tea in the Sahara"".","Ça vient de la police, une chanson appelée ""Thé au Sahara""."
"""If you'd be still, it wouldn't hurt.""","Si tu restais tranquille, tu n'aurais pas mal.",Ça ne te fait pas de mal de rester immobile.
The storm shutters banged a raging rhythm as the strong winds roared inland.,Les volets claquaient à un rythme endiablé tandis que les vents violents s'engouffraient à l'intérieur des terres.,Les volets de protection de la tempête claquaient un rythme furieux tandis que les vents violents s'enfonçaient dans les terres.
"I know John was married to a woman, and that the marriage lasted for at least a few years.",Je sais que John était marié à une femme et que ce mariage a duré au moins quelques années.,"Ça me semble que John était marié à une femme, et que le mariage a duré au moins quelques années."
"""How did she survive, being a woman in that time?","Comment a-t-elle survécu, en tant une femme à cette époque ?","Ça a fallu du courage pour survivre, être une femme à cette époque ?"
"But John brought color and warmth to it, things I didn't know I'd been missing.","Mais John y a apporté de la couleur et de la chaleur, des choses qui je ne savais pas me manquaient.","Ça a donné du couleur et du chaleur à la maison, des choses que je ne savais pas manquer."
"""What?"" My question brings John back to the present.",Ma question ramène John au présent.,Ça ?
"One slides up my neck and into my hair, where he grabs a fistful of my curls, pulling me down into his hungry, greedy kiss.","L'une d'elles remonte le long de mon cou jusqu'à mes cheveux, où il saisit une poignée de mes boucles, m'attirant plus bas dans un baiser affamé et avide.","Un de ses mains glisse sur mon cou et dans mes cheveux, où il s'agrippe à une boule de ma chevelure, me faisant tomber dans son embrassement vorace et avide."
"I turn away enough to give him some semblance of privacy, quietly putting my things in my backpack, but I stay close.","Je me détourne suffisamment pour lui laisser un semblant d'intimité, en rangeant discrètement mes affaires dans mon sac à dos, mais je reste près de lui.","Je me détourne suffisamment pour lui donner un peu de privé, je mets discrètement mes affaires dans mon sac à dos, mais je reste près de lui."
"""I have no idea since you haven't told me what I'm doing exactly.",Je n'en ai aucune idée vu que tu ne m'as pas dit ce que je dois exactement faire.,"Ça me fait rien, car tu ne m'as pas dit ce que je fais exactement."
I'm a veritable treasure trove of useless knowledge.,Je suis un véritable puits de connaissances inutiles.,Ça m'a fait un vrai trésor de connaissances inutiles.
She reached for him and touched his arm and his tattoo burned like she'd touched him with a torch.,"Elle s'approcha de lui, toucha son bras et son tatouage le brûla comme si elle l'avait touché avec une torche.","Elle s'approcha de lui, toucha son bras et son tatouage brûla comme s'il l'avait touché avec un torchon."
"John makes a sound in the back of his throat, something like a confirmation, and drops his head to his chest.","John émet un grognement, quelque chose comme une confirmation, et baisse la tête vers sa poitrine.","John émet un son dans sa gorge, quelque chose de comme un signe de confirmation, et baissa la tête sur son torse."
"""Huh?"" Mari sighed as the image of her and Chase vanished.",Mari soupira alors que l'image d'elle et de Chase disparaissait.,Ça ? Mari soupira en voyant l'image de Chase et d'elle disparaître.
"I want inside you,"" he practically begs.","Je veux être en toi, supplie-t-il presque.","Ça me fait envie d'être en toi, lui demande-je."
"""He's not here,"" Mari whispered.","Il n'est pas là, murmura Mari.","Ça ne marche pas, murmura Mari."
Lights lit up the room and sickly carnival music blasted from unseen speakers.,Des lumières illuminèrent la pièce et une musique de carnaval discordante sortit de haut-parleurs invisibles.,Les lumières éclairaient la pièce et la musique de fête macabre s'échappait de haut-parleurs invisibles.
"He could see more fire than bar, and he knew it was over.","Il voyait plus le feu que son bar, et il savait que c'était fini.","Il voyait plus de feu que de bar, et il savait que ça était fini."
"He doesn't think I'm crazy when I stop, mid-sentence, to point out the song that's playing in the restaurant while we eat.","Il ne me prend pas pour un fou quand je m'arrête, au milieu d'une phrase, pour lui faire remarquer la chanson qui passe dans le restaurant pendant que nous mangeons.","Ça ne le fait pas rire quand je m'arrête, au milieu de ma phrase, pour signaler la chanson qui sonne dans le restaurant pendant que nous mangeons."
Let me try to brace myself halfway.,Laisse-moi essayer de m'arc-bouter à mi-chemin.,Ça me fera plaisir de m'appuyer au milieu du chemin.
"""I deserve to feel his death.",Je mérite de voir sa mort.,Ça me revient de sentir sa mort.
"The naked woman stood tall, her deep-brown hair reaching to her ankles.","La femme nue se tenait debout, ses cheveux d'un brun profond lui arrivaient aux chevilles.","La femme nue se tenait droite, ses cheveux bruns foncés descendaient jusqu'à ses chevilles."
"Feeling more confident in her movements, she stroked him as she licked and sucked, grasping him firmly.","Plus confiante dans ses mouvements, elle le caressa tout en le léchant et en le suçant, l'empoignant fermement.","Ça lui donnait plus de confiance, elle le caresse tandis qu'elle léche et suce, le saisissant fermement."
"So, they tried to scare me off by telling me about all the monsters and the ghosts in the school, how mean the teacher really was, all the gross things the cafeteria lady was putting in the food, and unfortunately, it worked.","Elles ont donc essayé de m'effrayer en me parlant de tous les monstres et fantômes de l'école, de la méchanceté du professeur, de toutes les choses dégoûtantes que la dame de la cafétéria mettait dans la nourriture, et malheureusement, ça a fonctionné.",Ça a marché.
I hope my voice sounds firm.,J'espère que ma voix est ferme.,Je espère que ma voix sonne ferme.
"""I'm very thorough,"" Andi said, nibbling on a piece of bacon.","Je suis très minutieuse, dit Andi en grignotant un morceau de bacon.","Ça me dérange, dit Andi en mangant une tranche de bacon."
"After high school, she attended college, worked as a bellhop, fast food cook, and a museum worker until she decided to take an EMT course.","Après le lycée, elle est allée à l'université, a travaillé comme groom, cuisinière dans un fast-food et employée dans un musée, jusqu'à ce qu'elle décide de suivre des cours pour devenir ambulancière.","Après le lycée, elle a fréquenté l'université, travaillé comme valet de chambre, cuisinier dans un fast-food et employée dans un musée jusqu'à ce qu'elle décide de suivre un cours d'aide-soignant."
"""His baby sister.",Sa petite sœur.,Sa petite sœur.
"""Welcome to the Emerald Cove, Mr. MacGregor,"" the clerk said with that warm smile that didn't seem to help the situation as Devyn continued to glare in a way that told her that she was never going to hear the end of this.","Bienvenue à l'Emerald Cove, M. MacGregor, dit la réceptionniste avec un sourire chaleureux qui ne semblait pas arranger la situation, alors que Devyn continuait de la fixer d'une manière qui lui disait qu'elle ne finirait jamais d'en entendre parler.","Bienvenue au Cove Emerald, M. MacGregor, dit le clerc avec un sourire chaleureux qui ne semblait pas aider la situation, tandis que Devyn continuait à jeter un regard noir qui lui disait qu'elle ne lui échapperait pas."
Was this the end?,Était-ce la fin ?,Ça faisait-il partie de la fin ?
The board would have fired his ass for gross incompetence.,Les membres du conseil d'administration l'auraient licencié pour incompétence grave.,Ça aurait été licencié par le conseil d'administration pour incompétence.
To escape.,Pour s'échapper.,Être en fuite.
"We expect landfall not long after midnight at the storm's current speed...""",Nous nous attendons à ce que la tempête touche terre peu après minuit vu sa vitesse actuelle...,"Ça ne fera pas longtemps que nous aurons le contact avec le sol, à la vitesse actuelle de la tempête..."
I don't want any stray projectiles to catch either one of us unawares.,"Je ne veux pas qu'un projectile perdu nous prenne au dépourvu, l'un ou l'autre.",Ça ne faut pas que des projectiles égarés nous attrapent par surprise.
"I yank until I free myself, wincing, but the pain calms me down a little.","Je tire jusqu'à me libérer, en grimaçant, mais la douleur me calme","Ça me fait douler, mais la douleur me calme un peu."
He looked out to the dark beach.,Il regarda la plage sombre.,Il regarda la plage sombre.
"You haven't told me how you feel about him.""",Tu ne m'as pas dit ce que tu ressentais pour lui.,Ça ne t'a pas dit à quel point tu étais amoureux de lui.
Serving Chase coffee in bed without his black T-shirt or pants.,"Servir un café à Chase dans son lit, sans son tee-shirt noir ni son pantalon.","Ça faisait un bon café, mais il n'avait pas son tee-shirt noir ou ses pantalons noirs."
"No going barefoot on the deck today, it wasn't safe.","Pas question d'aller pieds nus sur le pont aujourd'hui, ce n'était pas sûr.","Ça ne se faisait pas aujourd'hui, il n'était pas sûr."
Lots of little girls with curls hanging to their waists and bright blue eyes...,Beaucoup de petites filles avec des boucles qui leur arriveraient à la taille et des yeux bleu brillant...,Ça faisait longtemps que je n'avais pas vu autant de petites filles aux cheveux bouclés jusqu'à leur taille et aux yeux bleus...
What he faced now.,Ce qu'il affrontait maintenant.,"Ça, c'est ce qu'il affronte maintenant."
She freaking loved quiet time!,Elle adorait le temps calme !,Ça faisait rêver cette fille !
"The elevator doors barely had a chance to open when he was moving his ass, heading to his office, praying every step of the way that Andi was there.","Les portes de l'ascenseur avaient à peine eu le temps de s'ouvrir qu'il en sortait, se dirigeant vers son bureau, priant à chaque pas pour qu'Andi soit là.","Les portes de l'ascenseur n'avaient pas eu le temps de s'ouvrir que le jeune homme se mettait en marche, se dirigeant vers son bureau, priant à chaque pas que Andi soit là."
"""God, you'll never know how sorry I am.""","Bordel, tu ne peux pas savoir à quel point je suis désolé.",Ça va te faire plaisir de savoir à quel point je suis désolé.
"""You hate the clutter I make with my records and my gadgets, and my clothing lying about the bedroom.""","Tu détestes le désordre que je crée avec mes disques, mes gadgets et mes vêtements qui traînent dans la chambre.","Ça te dérange le désordre que j'ai fait avec mes disques et mes gadgets, et mes vêtements qui courent partout dans la chambre."
"""Who is he and what is he to you?""",Qui est-il et que représente-t-il pour toi ?,"Ça, c'est qui ? Et qu'est-ce qu'il est pour toi ?"
"""You'll be safer at home.""",Tu seras plus en sécurité à la maison.,Ça te sera plus sûr chez toi.
"Get control, mister.","Contrôlez-vous, monsieur.","Ça va, monsieur."
Not for anyone.,Pour personne.,Ça ne sert à rien.
"I look away, unable to handle the intensity of John's gaze, and stare unseeing at the computer screen.","Je détourne le regard, incapable de supporter l'intensité du regard de John, et je fixe l'écran de l'ordinateur sans le voir.","Je détourne le regard, incapable de supporter l'intensité du regard de John, et fixe l'écran du ordinateur sans voir."
"She fingered the pearl pendant, twisting it slowly.",Elle toucha le pendentif en perles et le fit tourner lentement.,"Elle toucha le pendentif en perle, le tournant lentement."
"Then he reeled backward, almost falling off the platform.","Puis il recula, tombant presque de la plateforme.","Il se pencha en arrière, s'apprêtant à tomber du plateau."
"Every time I come in for my shift, I expect to find a note from Nicki, but she leaves me alone.","Chaque fois que j'arrive pour mon service, je m'attends à trouver un mot de Nicki, mais elle me laisse tranquille.","Ça fait des mois que je suis au courant de son travail, et chaque fois que je rentre pour mon tour de garde, je m'attends à trouver une note de Nicki, mais elle me laisse tranquille."
"Breaking off the kiss, Andi reached for that bottle of bodywash and squeezed more into her hand before tossing the empty bottle aside and turning around in his arms, reaching up and pulled him back down to pick up where they left off while she reached between their bodies and-","Rompant le baiser, Andi attrapa la bouteille de gel douche et en pressa davantage dans sa main avant de jeter la bouteille vide de côté et de se retourner dans ses bras, tendant ses bras pour le mettre à son niveau et reprendre là où ils s'étaient arrêtés tandis qu'elle passait la main entre leurs corps et...","Ça suffisait, dit Andi en rompant le baiser, en attrapant la bouteille de douche corporelle et en la pressant dans sa main avant de jeter la bouteille vide de côté et de se retourner dans ses bras, tendant la main et le tirant vers le bas pour reprendre là où ils s'étaient arrêtés tout en atteignant entre leurs corps et..."
"And so damned tight, I start to babble.",Et tellement serré que je commence à bafouiller.,Ça est si bien fermé que je commence à bavarder.
"Add the peep show to the grudge and revenge plot, and Inna would kill both of them without hesitation.","Ajoutez le peep-show au projet de vengeance, et Inna les tuerait tous les deux sans hésiter.","Ajouter le spectacle érotique au conflit, et Inna les tuerait tous les deux sans hésiter."
"It's my fault he's dead.""",C'est ma faute s'il est mort.,Ça c'est ma faute qu'il soit mort.
I've never been like this with anyone.,Je n'ai jamais été comme ça avec personne.,Ça ne m'est jamais arrivé avec personne d'autre.
"Not everyone can make it with a coastal shop.""",Ce n'est pas donné à tout le monde de réussir à s'en sortir avec un magasin en bord de mer.,Ça ne se fait pas avec tous les magasins de bord de mer.
Inna wouldn't either.,Inna non plus.,Ça ne l'intéressait pas non plus.
She tugged more forcefully and moved to take him in her mouth.,Elle tira plus fort et bougea pour le prendre dans sa bouche.,Ça lui donnait plus de force et elle se déplaça pour le prendre dans sa bouche.
"Yes, I am a bit of a music snob, but he shouldn't know that.","Oui, je suis un peu snob en matière de musique, mais il ne devrait pas le savoir.","Ça va, je suis un peu snob en matière de musique, mais il ne devrait pas le savoir."
"""You really want to know?""",Tu veux vraiment savoir ?,Ça vous intéresse vraiment ?
"Right at this moment, when I'm so raw, I'm bleeding on the inside.","Tout de suite ? En ce moment même, alors que je suis à vif, que je saigne","Ça me fait du bien, ça me fait du bien."
Garrett and I stopped a week or two before our break-up.,Garrett et moi avons arrêté une semaine ou deux avant notre rupture.,Ça a duré une semaine ou deux avant notre séparation.
In public?,En public ?,"Ça, en public ?"
Starstruck Holidays: A MM Sci-Fi Holiday Romance Anthology,Starstruck Holidays : Une anthologie de romance de vacances MM Sci-Fi,Starstruck Holidays : un recueil de romances de vacances MM de science-fiction
"John Burton, Walt Whitman High School, Patrick","John Burton, Walt Whitman High School, Patrick","John Burton, lycée Walt Whitman, Patrick"
He watched as her focus turned to confusion as she stared down at the light brown teddy bear that had taken him two days to find before her lips pulled up into a beautiful smile.,"Il vit son attention se transformer en confusion lorsqu'elle fixa l'ours en peluche marron clair qu'il avait mis deux jours à trouver, avant que ses lèvres ne se retroussent en un magnifique sourire.",Il la regarda se concentrer sur le ours en peluche brun clair qu'il avait fallu deux jours à lui trouver avant qu'elle ne fixe ses lèvres qui se retroussaient en un beau sourire.
It would just take a little longer than she'd planned.,Ça prendrait juste un peu plus de temps que prévu.,Ça prendrait juste un peu plus de temps qu'elle ne l'avait prévu.
She didn't let it overwhelm or cripple her.,Elle ne la laissait pas l'accabler ou la paralyser.,"Ça ne la dépassait pas, elle ne se laissait pas l'emparer."
"John inspires so much music in me, but I haven't found his song.","John m'inspire tellement de chansons, mais je n'ai pas trouvé sa chanson.","John m'inspire tant de musique, mais je n'ai pas trouvé sa chanson."
"She hadn't felt safe and secure in a long time, and her breathing slowed as she relaxed.","Cela faisait longtemps qu'elle ne s'était pas sentie en sécurité, et sa respiration ralentit à mesure qu'elle se détendait.","Ça lui faisait longtemps que des années qu'elle ne se sentait pas en sécurité, et sa respiration s'apaisa tandis qu'elle se détendait."
"""We go out all the time.""",Nous sortons tout le temps.,Ça fait des années que nous sortons tous les soirs.
Daydreams and swimming would have to wait.,Les rêveries et les baignades devaient attendre.,Ça allait falloir.
"Who knows what our options will be tomorrow.""",Qui sait quelles seront nos options demain ?,Ça dépend de ce qui arrivera demain.
A small chime had Devyn swallowing hard as he looked up and found Andi's phone in the bastard's hand.,Un petit tintement fit déglutir Devyn qui leva les yeux et trouva le téléphone d'Andi dans la main du connard.,"Ça faisait un petit sonner, ce qui fit Devyn déglutir difficilement en levant les yeux et en trouvant le téléphone d'Andi dans la main du salaud."
"""Her parents?""",Ses parents ?,Ça fait combien d'années ?
She turned toward the stack of wood so he wouldn't see her blush.,Elle se tourna vers la pile de bois pour qu'il ne la voit pas rougir.,Elle se tourna vers la pile de bois pour qu'il ne la voie pas rougir.
"""I can help you make your selections, though I have to warn you.","Je peux vous aider à faire votre choix, mais je dois vous prévenir.","Ça m'aide à faire mes choix, mais je dois vous prévenir."
"He tossed Mari her sundress, then slid into his jeans and zipped them.","Il lança sa robe d'été à Mari, puis se glissa dans son jean et le ferma.","Il jeta le sarong à Mari, puis se glissa dans son jean et le referma."
Garrett brought a bottle of wine.,Garrett a apporté une bouteille de vin.,Garrett avait apporté un bouteille de vin.
"""We don't have all day.""",Nous n'avons pas toute la journée.,Ça ne nous laisse pas le temps.
His muscles glistened with rain or seawater; she didn't know which.,"Ses muscles brillaient sous l'effet de la pluie ou de l'eau de mer, elle ne savait pas laquelle.","Ses muscles brillaient sous la pluie ou l'eau de mer, elle ne savait pas quelle."
Her brows furrow.,Ses sourcils se froncent.,Ses sourcils se croisent.
"""Hey, I can't breathe.""","Hé, je n'arrive pas à respirer.","Ça, je ne respire pas."
"""Your turn.""",À ton tour.,Ça te regarde.
"A shudder passes through me, followed by a lightning bolt of desire that lands right on the tip of my cock.","Un frisson me traverse, suivi d'un éclair de désir qui atterrit directement sur le bout de ma queue.","Je frissonne, puis un éclair de désir me traverse, se posant sur le bout de mon membre."
"I take in his deep, brown skin and near-white hair, his chiseled cheekbones, and dimpled chin.","Je regarde sa peau brun foncé, ses cheveux presque blancs, ses pommettes ciselées et la fossette sur son menton.","Je regarde sa peau brune foncée, ses cheveux presque blancs, ses joues sculptées et son menton creux."
"Something was going on, and Mari was going to tell him everything.","Il se passait quelque chose, et Mari allait tout lui dire.","Ça faisait bouger les choses, et Mari allait lui raconter tout."
"Mari stopped and watched them too, her curvy figure leaning against the walkway railing.","Mari s'arrêta et les observa également, sa silhouette pulpeuse appuyée contre la rambarde de la passerelle.","Mari s'arrêta et les regarda aussi, sa silhouette courbée appuyée sur la rambarde de la passerelle."
"I wish you'd stay inside.""",J'aimerais que tu restes à l'intérieur.,Ça te ferait plaisir de rester à l'intérieur ?
Pleasure struck hard and fast and she cried out as an orgasm slammed into her.,Le plaisir la surprit vite et fort et elle cria lorsqu'un orgasme la frappa de plein fouet.,"Ça lui donnait du plaisir, et il l'atteignait rapidement et fortement."
"The stretch, it burns, and it feels so fucking good.","L'étirement, la brûlure, c'est si bon, putain.","Ça fait mal, et ça sent tellement bon."
Wasn't that what people did in times of stress?,N'est-ce pas ce que font les gens en période de stress ?,Ça n'était-il pas ce que les gens faisaient dans les moments difficiles ?
"His voice is barely above a whisper, and there's such warmth and affection in it, my heart stutters.","Sa voix est à peine plus forte qu'un murmure, et il y a tant de chaleur et elle contient tellement d'affection que mon cœur bat la chamade.","Son voix est à peine au-dessus d'un murmure, et il y a tant de chaleur et d'affection dans cette voix, que mon cœur s'arrête."
"He turned to her, trying to keep his voice low and firm.","Il se tourna vers elle, essayant de garder une voix basse et ferme.","Il se retourna vers elle, essayant de garder sa voix basse et ferme."
"If he were being honest with himself, he'd admit he would miss the bar and all the long nights of work and music and stories.","S'il était honnête avec lui-même, il admettrait que le bar et les longues nuits de travail, de musique et d'histoires lui manqueraient.","Si il était honnête avec lui-même, il aurait admis qu'il manquerait le bar, les longues nuits de travail, de musique et d'histoires."
Over the past three days...nothing.,Durant les trois derniers jours.,Ça fait trois jours que je ne vois rien.
"""I might have considered letting Chase move away if you'd asked me nicely.""",J'aurai pu envisager de laisser Chase partir si tu me l'avais demandé gentiment.,Ça aurait pu me faire changer d'avis si tu m'avais demandé de te laisser partir.
"She knew he held grudges, but this was ridiculous.","Elle savait qu'il était rancunier, mais là, c'était ridicule.","Ça faisait rien, elle savait qu'il tenait des rancœurs, mais ça allait trop loin."
I guess that solves that problem.,Je suppose que cela résout le problème.,Ça résout donc le problème.
"He'd thought he'd planned it well with plenty of time to get off the island and go a couple hundred miles inland, maybe to Raleigh.","Il pensait avoir bien planifié son départ et avoir suffisamment de temps pour quitter l'île et se rendre à quelques centaines de kilomètres à l'intérieur des terres, peut-être jusqu'à Raleigh.","Ça lui avait semblé bien planifié avec suffisamment de temps pour quitter l'île et aller à quelques centaines de kilomètres de là, peut-être à Raleigh."
"""Curiosity, I suppose.""","La curiosité, je suppose.","Ça fait partie de la curiosité, je suppose."
"""I guess you think I'm crazy now.",Je suppose que tu penses que je suis fou maintenant.,Ça fait donc croire que je suis fou maintenant ?
"He sighs and slides his fingers against mine, back and forth.","Il soupire et fait glisser ses doigts entre les miens, d'avant en arrière.","Ça fait un long soupir et ses doigts glissent contre les miens, d'avant en arrière."
"Besides, it isn't like the rides will be open.""","Et puis, ce n'est pas comme si les manèges étaient ouverts.","Ça n'a pas d'importance, les manèges ne seront pas ouverts."
He took care of practically everything.,Il s'occupait pratiquement de tout.,Ça lui avait pris tout.
"I spin some MC5, X, The Noisettes, and Miike Snow.","Je passe MC5, X, The Noisettes et Miike Snow.","Ça fait du bien de faire tourner du MC5, X, The Noisettes et Miike Snow."
"And now, just as things were going well between her and Chase, she might lose him forever.","Et maintenant, alors que les choses allaient bien entre Chase et elle, elle risquait de le perdre pour toujours.","Ça faisait déjà des années qu'elle avait des problèmes avec Chase, et maintenant, juste quand les choses commençaient à se calmer entre eux, elle risquait de le perdre pour toujours."
I guess it is a normal part of daughters growing up.,Je suppose que c'est une partie normale du processus du passage à l'âge adulte pour les filles.,Ça fait partie de la croissance de la fille.
"If she didn't know better, she'd say that Inna controlled the weather.","Si elle ne le connaissait pas mieux, elle dirait qu'Inna contrôlait la météo.","Si elle ne savait pas mieux, elle dirait que Inna contrôlait le temps."
"There's only a smattering of trees in my neighborhood, and even those are too young to do more than sprinkle a bit of confetti on the ground, but Bucks County, where the station is – and where John lives - is a fall lover's dream.","Il n'y a que quelques arbres dans mon quartier, et même ceux-là sont trop jeunes pour ne faire plus que répandre un peu de confettis sur le sol, mais le comté de Bucks, où se trouve la station radio et où vit John, est un lieu de rêve pour les amoureux de l'automne.","Ça n'y a que quelques arbres dans mon quartier, et même ceux-ci sont trop jeunes pour faire plus qu'un peu de confettis sur le sol, mais le comté de Bucks, où se trouve la station - et où vit John - est un rêve pour les amoureux de l'automne."
I greet WKMP's general manager as he sets a crate of records on the ground and unlocks his 2012 VW Golf.,Je salue le directeur général de WKMP alors qu'il pose une caisse remplie de disques sur le sol et déverrouille sa Golf 2012.,Je salué le directeur général de WKMP qui pose une boîte de disques sur le sol et déverrouille sa Volkswagen Golf 2012.
Breakfast?,Le dîner ?,Ça fait un petit déjeuner ?
Like slipping into my favorite pair of sweatpants at the end of a long day.,C'est comme si je me glissais dans mon pantalon de survêtement préféré à la fin d'une longue journée.,Ça me fait comme une paire de sweat à mon goût à la fin d'une longue journée.
"""That depends,"" Andi said, adding a little sniffle at the end there as she continued toying with his fingers while he lay there, unable to take his eyes off her as he thought about the last two days and...","Ça dépend, dit Andi, ajoutant un petit reniflement à la fin de sa phrase tout en continuant à jouer avec les doigts de Devyn resté allongé, incapable de la quitter des yeux alors qu'il pensait aux deux derniers jours et...","Ça dépend, dit Andi, ajoutant un petit clignement de nez à la fin de sa phrase, tout en jouant avec ses doigts alors qu'il restait allongé, incapable de détacher son regard de la jeune femme alors qu'il pensait aux deux derniers jours et..."
"USA Today bestselling author Kerry Adrienne loves history, science, music, and art.","Kerry Adrienne, autrice de best-sellers USA Today, aime l'histoire, la science, la musique et l'art.","L'auteure de best-sellers du New York Times, Kerry Adrienne aime l'histoire, les sciences, la musique et l'art."
"I can't keep my eyes off John, and I'm worried that I'll scratch a record or miss a cue.",Je ne peux pas quitter John des yeux et je crains de rayer un disque ou de rater un signal.,"Ça me fait peur de ne pas regarder John, et j'ai peur de scratcher un disque ou de manquer un coup de réplique."
I'm pleased that he seems to like it.,Je suis heureux qu'il semble l'aimer.,Ça me plaît qu'il semble l'apprécier.
"The phone lines are blinking, but I'm not taking any more requests.","Les lignes téléphoniques clignotent, mais je ne prends plus de demandes.","Ça fait clignoter les lignes téléphoniques, mais je ne prends plus de commandes."
"He picked up the pickle spear and sucked on the end, his mouth contracting at the sourness.","Il prit un cornichon et en suça l'extrémité, sa bouche se contractant sous l'effet de l'aigreur.","Il ramassa le bâton de cornichon et s'en servit comme d'une pipe, sa bouche se contractant sous l'effet de l'acidité."
"""But both my sister and I are pretty good at taking care of ourselves.",Mais ma sœur et moi savons très bien nous occuper de nous-mêmes.,Ça fait que ma sœur et moi sommes assez douées pour nous occuper nous-mêmes.
"Not a tangible sense of loss, but an echo of what might have been.","Ce n'était pas un sentiment réel de perte, mais un écho de ce qui aurait pu être.","Ça n'était pas une sensation de perte tangible, mais un écho de ce qui aurait pu être."
He almost reached for her but stopped.,"Il s'approcha presque d'elle, mais s'arrêta.","Il s'apprêtait à lui tendre la main, puis s'arrêta."
"I only let my eyes flit briefly over its welcoming expanse and push any thoughts of us tumbling onto it, limbs entwined and John's big body pressing me into the mattress, right out of my head.","Je ne laisse mes yeux que balayer brièvement son étendue accueillante, et j'écarte de ma tête toute idée de nous y laisser tomber, les membres enlacés et le grand corps de John me pressant contre le matelas.","Je ne faisais que jeter un coup d'œil sur son étendue accueillante et repoussais toute idée de nous tomber dessus, nos membres entrelacés et le corps de John pressant mon corps contre le matelas, effaçant toute pensée de ce genre."
"""What if I told you that I had to leave so that I could send your project to Roman Palms so that they could implement the changes you came up with immediately?"" he asked, smiling against her throat when she went still.",Et si je te disais que je devais partir pour envoyer ton projet à Roman Palms afin qu'ils puissent mettre en œuvre immédiatement les changements que tu as proposés ?,Ça te ferait plaisir de savoir que j'ai dû partir pour pouvoir envoyer ton projet à Roman Palms pour qu'ils puissent mettre en œuvre les changements que tu as proposés immédiatement ?
"She'd never been brazen, and her face heated despite her outward boldness.","Elle n'avait jamais été effrontée, et son visage s'échauffa malgré son audace apparente.","Ça ne l'avait jamais fait, et son visage s'échauffa malgré sa bravoure."
"""Stop it, Inna!","Arrête, Inna !","Ça suffit, Inna !"
"""Will it be loud, or can I leave the door open?"" I try to keep my annoyance out of my voice.","Ce sera bruyant, ou je peux laisser la porte ouverte ?","Ça va être bruyant, ou puis-je laisser la porte ouverte ?"
"""It's not that bad,"" I swear.","Ce n'est pas si mal, juré-je.","Ça n'est pas si mal, j'en jure."
And never come back to the islandnever contact you.,"Et de ne jamais revenir sur l'île, de ne jamais te contacter.","Ça ne t'empêchera pas de revenir sur l'île, de me contacter."
"He'd gathered four flashlights from the kitchen, one from behind the bar, and a few pillar candles and matches, when the phone rang.","Il avait rassemblé quatre lampes de poche dans la cuisine, une derrière le bar, quelques bougies et des allumettes, lorsque le téléphone sonna.","Ça faisait un moment qu'il avait récupéré quatre lampes de poche dans la cuisine, une autre derrière le bar, quelques bougies et des allumettes, lorsque le téléphone sonnait."
Probably right after his mother died and he'd been forced to live off discounted Halloween candy for a month.,Probablement juste après la mort de sa mère et qu'il avait été forcé de vivre en mangeant des bonbons d'Halloween à prix réduit pendant un mois.,Ça faisait probablement un mois qu'il vivait sur des bonbons Halloween à rabais.
"The fading light cast long, deep shadows over one side of his face and his strong features stood out in contrast.",La lumière déclinante projetait des ombres longues et profondes sur un côté de son visage et ses traits forts se détachaient par contraste.,La lumière faible projetait de longs ombres sombres sur un côté de son visage et ses traits forts se détachaient en contraste.
"In addition to writing books, she's also a college instructor, artist, anime/manga and historical costumer, editor, and bad guitar player.","En plus d'écrire des livres, elle est également enseignante à l'université, artiste, costumière d'anime/manga et d'histoire, rédactrice, et mauvaise joueuse de guitare.","Elle est aussi professeur d'université, artiste, fan de manga et d'anime, costumière historique, rédactrice en chef et mauvaise guitariste."
He landed right on top of her.,Il atterrit juste au-dessus d'elle.,Ça lui avait donné une chute qui l'avait fait atterrir sur elle.
"A small mermaid swam near the tentaclea mermaid with long pale hair, holding a pink starfish.","Une petite sirène nageait près du tentacule, une sirène aux longs cheveux pâles, tenant une étoile de mer rose.","Une petite sirène nageait près du tentacule  une sirène aux cheveux longs et pâles, tenant une étoile de mer rose."
"""No wonder they canceled the ferry.""",Pas étonnant qu'ils aient annulé le ferry.,Ça ne fait pas de doute que le ferry a été annulé.
He had thanked me.,Il m'avait remercié.,Ça m'avait fait plaisir.
"Not like we can do anything without electricity.""",Ce n'est pas comme si nous pouvions faire quoi que ce soit sans électricité.,Ça ne veut pas dire que nous pouvons faire quelque chose sans électricité.
"""I can understand that,"" Andi said with a sad shake of her head as she auto-filled her credit card information to hold the room.","Je peux le comprendre, dit Andi en secouant tristement la tête tandis qu'elle remplissait automatiquement les informations de sa carte de crédit pour réserver la chambre.","Ça me comprend, dit Andi avec un secouement de la tête triste alors qu'elle remplissait automatiquement les informations de sa carte de crédit pour réserver la chambre."
"Yet, if she stayed alone, that punk might hurt her.","Pourtant, si elle restait seule, ce voyou pourrait lui faire du mal.","Ça ne faisait pas de doute, si elle restait seule, ce punk pourrait la blesser."
"He'd better be glad I didn't get my hands on him.""",Il ferait mieux d'être content que je ne lui ai pas mis la main dessus.,Ça lui fera plaisir que je n'ai pas eu l'occasion de lui prendre la main.
"""And another for my date.""",Et une autre pour mon rendez-vous.,Ça fait deux pour mon rendez-vous.
"It's a steady rhythm, and I feel my heartbeat slowing to match it.","C'est un rythme régulier, et je sens les battements de mon cœur ralentir en même temps.","Ça est un rythme régulier, et je sens mon cœur ralentir pour s'y adapter."
"His hands found her breasts as he continued alternating between teasing her clit and sliding his tongue inside her, licking her hungrily as she lay there, wondering if she'd ever felt anything this good before.","Ses mains trouvèrent ses seins alors qu'il continuait d'alterner entre taquiner son clitoris et glisser sa langue à l'intérieur d'elle, la léchant avec avidité alors qu'elle était allongée là, se demandant si elle avait déjà ressenti quelque chose d'aussi bon auparavant.","Ses mains trouvèrent ses seins tandis qu'il continuait à alterner entre la caresser et la glisser dans elle, lécher elle-même avec avidité alors qu'elle restait allongée, se demandant s'il lui avait jamais fait quelque chose aussi bon."
"""2345 divided by 82.""","""2345 divisé par 82.",2345 divisé par 82.
We've been a lot slower this afternoon.,Nous avons été beaucoup plus lents cet après-midi.,Ça a été plus lent cette après-midi.
Without Regret,Sans regret,Sans regret
"I...I googled you a while back.""",Je... j'ai cherché des informations sur toi sur Google il y a un moment.,Ça... j'ai fait une recherche sur Google sur toi il y a quelque temps.
"""I'm not here about the storm, though we'll need to board up in the morning.""","Je ne suis pas là pour la tempête, même si nous devrons installer des planches dans la matinée.","Ça n'a rien à voir avec la tempête, mais nous devrons fermer les volets demain matin."
You've been cruel to me.,Tu as été cruelle avec moi.,Ça m'a été cruel.
"I wanted to check the shop door.""",Je voulais vérifier la porte du magasin.,Ça m'a fait penser à vérifier la porte de la boutique.
"Her eyes were closed, and she twirled, not once, but three times, before she opened them.","Ses yeux étaient fermés et elle tournoyait, non pas une fois, mais trois fois, avant de les ouvrir.","Ses yeux étaient fermés, elle se tournait, pas une, mais trois fois, avant de les ouvrir."
Music is my life.,"La musique, c'est ma vie.",La musique est ma vie.
"""She's...very ill, awake now, but comfortable.","Elle est... très malade, consciente maintenant, mais confortable.","Ça... elle est... très malade, elle est réveillée maintenant, mais elle est à l'aise."
Now he'd done what he feared.,Il avait fait ce qu'il craignait.,Ça lui avait donné le courage de faire ce qu'il craignait.
"While she did that, Devyn worked on running Carta Hotels, dealing with the board, and doing whatever it took to keep them happy and buy them more time.","Alors qu'elle s'occupait de ça, Devyn continuait de diriger les Hôtels Carta, s'occupant du conseil d'administration, et faisant tout son possible pour les contenter, et ainsi gagner plus de temps.",Ça lui donnait le temps de se remettre de sa blessure et de se remettre à la tâche.
"""Are we high enough here behind the dunes to be safe from that much water?""","Sommes-nous assez haut ici, derrière les dunes pour être à l'abri d'une telle quantité d'eau ?",Êtes-nous assez hauts derrière les dunes pour être en sécurité face à tant d'eau ?
It wasn't the same.,Ce n'était pas la même chose.,Ça n'était pas le même.
Fucking cookies!,Des putain de cookies !,Ça fait chier les cookies !
"Taller than me, which isn't saying much.","Plus grand que moi, ce qui n'est pas anodin.","Être plus grand que moi, ce qui n'est pas dire beaucoup."
"I've had dreams about that, ever since the night at the station when he asked me out.",J'en ai rêvé depuis la nuit où il m'a demandé de sortir avec lui à la radio.,"Ça m'a fait rêver, depuis la nuit où il m'a invité à sortir."
"""I guess I'm not kissable in the daytime.",Je suppose que je ne suis pas le genre de fille qu'on embrasse en plein jour.,Ça me semble que je ne suis pas baisable en journée.
"Sliding his hand up her thigh, Devyn pressed his tongue against her clit harder, rubbing the tip of his tongue over her as he slid two fingers beneath her panties and slowly pulled the soft material aside, exposing the neatly trimmed hair protecting the swollen lips that had his cock throbbing painfully.","Faisant glisser sa main le long de sa cuisse, Devyn pressa plus fort sa langue contre son clitoris, frottant le bout de sa langue sur elle alors qu'il glissait deux doigts sous sa culotte et tirait lentement le tissu doux sur le côté, exposant les poils bien taillés protégeant les lèvres gonflées qui faisaient douloureusement palpiter sa queue.","Devyn glissa sa main sur sa cuisse, pressant plus fort sa langue contre son clitoris, frottant le bout de sa langue sur elle tout en glissant deux doigts sous sa culotte et en tirant lentement le tissu doux à côté, exposant les cheveux bien taillés qui protégeaient les lèvres gonflées qui faisaient trembler sa queue."
"For several minutes they lay there, struggling to catch their breath as Devyn pressed a kiss against her forehead, the tip of her nose, and finally, he brushed his lips against hers before he pulled back and met her gaze as he said the three words that she'd never expected to hear.","Pendant plusieurs minutes, ils restèrent allongés, luttant pour reprendre leur souffle tandis que Devyn déposait un baiser sur son front, le bout de son nez, et finalement, il effleura ses lèvres avant de se retirer et de croiser son regard en prononçant les trois mots qu'elle ne s'était jamais attendue à entendre.","Ça dura plusieurs minutes, ils restèrent là, luttant pour reprendre leur souffle, Devyn pressa un baiser contre son front, le bout de son nez, puis il effleura ses lèvres avant de se retirer et de croiser son regard, alors qu'il disait les trois mots qu'elle n'attendait pas à entendre."
She'd feel lost if her sister diedand maybe do some crazy things too.,Elle se sentirait perdue si sa sœur mourait  et ferait peut-être des choses folles aussi. Mais son chagrin était bien plus profond qu'une simple perte.,Ça la ferait perdre la tête si sa sœur mourait  et peut-être même faire des choses folle.
"She pretended to savor her coffee, eyes in slits as she peeked at Chase while he drank.","Elle fit semblant de savourer son café, les yeux plissés en fente pour observer Chase pendant qu'il buvait.","Ça lui faisait plaisir de s'amuser à boire son café, les yeux en lignes de mire, tout en regardant Chase boire."
"""Miss Dawson, if you'll come with me?"" he said absently as he glanced down at her resumé while Andi couldn't help but notice the pitying look the other woman was sending her.","Mlle Dawson, veuillez me suivre, fit-il distraitement en jetant un coup d'œil à son CV, alors qu'Andi ne pouvait s'empêcher de voir le regard rempli de pitié que lui jetait l'autre femme.","Ça va, Madame Dawson, si vous voulez venir avec moi ?"
And about us.,Et pour nous.,Ça concerne aussi nous deux.
"After months of wishful thinking, I'm wary.","Après des mois de vœux pieux, je me méfie.","Après plusieurs mois de rêveries, je suis prudent."
"He kissed her with bruising force, and she cried out.","Il l'embrassa avec une force qui la meurtrit, et elle cria.","Il l'embrassa avec une force qui la brisait, et elle cria."
"I don't believe it either, but it's an interesting story.""","Je n'y crois pas non plus, mais c'est une histoire intéressante.","Ça me semble aussi peu probable, mais c'est une belle histoire."
"""I want to make sure it's perfect first.""",Je veux d'abord m'assurer que tout est parfait.,Ça doit être parfait d'abord.
"The tension eased a bit through lunch, as the topic of conversation turned back to music and pop culture in general.","La tension s'est un peu apaisée au cours du déjeuner, le sujet de conversation revenant sur la musique et la culture pop en général.","La tension s'est assouplie un peu au déjeuner, le sujet du débat revenant à la musique et à la culture populaire en général."
He needs to stop being so goddamned...whatever he's being.,Il doit arrêter d'être si sacrément... peu importe ce qu'il est.,Ça lui faut de s'arrêter de se comporter comme un putain de...
"An elf, maybe.","Un elfe, peut-être.",Ça pourrait être un elfe.
"He does it with his whole being, holding nothing back.","Il le fait de tout son être, sans aucune retenue.","Ça, il le fait avec son être entier, rien ne lui manque."
"Had he helped Inna hurt other people, too?",Avait-il aidé Inna à blesser d'autres personnes ?,Êtait-il aidé Inna à blesser d'autres personnes ?
"Well, at least what's been passed down as truth.","Du moins, ce qui a été transmis comme étant la vérité.","Ça, du moins, ce qui a été transmis comme vérité."
"I didn't want to get to know myself, because I was afraid of what I'd find if I looked too closely.","Je ne voulais pas apprendre à me connaître, car j'avais peur de ce que je découvrirais si je regardais de trop près.","Ça m'a fait peur de me connaître, parce que j'étais effrayé de ce que je trouverais si je regardais de près."
And you choose to move away and leave me.,Et tu choisis de t'éloigner et de me quitter.,Ça te choisit de partir et de me laisser.
"His grip is tight, almost painful, and there's a tick in his jaw.","Sa prise est serrée, presque douloureuse, et il y a un tic dans sa mâchoire.","Son étreinte est serrée, presque douloureuse, et il a une mâchoire tendue."
"""'Cause, babe, you can play it down all you want.","Parce que, chéri, tu peux minimiser autant que tu veux.","Ça, mon chéri, tu peux le faire passer comme ça, mais..."
"""I'm not done with storm prep at the shop.""",Je n'ai pas fini de préparer mon magasin contre la tempête.,Ça ne m'a pas fini de préparer la boutique au temps de la tempête.
"""I've heard Annalise whispering into Nanette's ear more than once about how much better you could do than me.","J'ai entendu Annalise chuchoter à l'oreille de Nanette plus d'une fois que tu pourrais trouver mieux que moi. Et elles ont raison, tu pourrais.",Ça m'a été dit que tu as entendu Annalise murmurer dans l'oreille de Nanette plus d'une fois sur le fait que tu pourrais mieux que moi.
"He's a bad person.""",C'est une mauvaise personne.,Ça fait un mauvais type.
"And yet there's such a fire in him, behind his eyes.","Et pourtant, il y a un tel feu en lui, dans son regard.","Et pourtant, il y a un tel feu en lui, derrière ses yeux."
Many mermaids had shielding capability.,Beaucoup de sirènes avaient des capacités de protection.,Ça n'était pas rare chez les sirènes.
"""Not until he's dead,"" Inna growled.","Pas avant qu'il ne soit mort, grogna Inna.","Ça ne sera pas possible tant qu'il sera en vie, grogna Inna."
"If you'd asked me, I'd say he's the most confident person I'd ever met.""","Si tu m'avais posé la question, je t'aurais dit qu'il est la personne la plus sûre d'elle que j'aie jamais rencontrée.","Ça te dirait, il est la personne la plus sûre de elle que j'ai jamais rencontrée."
You look like you've been sucking a lemon.,On dirait que tu as sucé un citron.,"Ça va, tu as l'air de qui a suçé un citron."
Cling to someone who understood? Someone who cared?,S'accrocher à quelqu'un qui comprenait la situation ?,"Être attaché à quelqu'un qui comprend, qui s'inquiète ?"
"For a moment, he lay there staring up at the ceiling and found himself thinking about everything that she did for him over the last few days and...","L'espace d'un instant, il resta allongé, regardant le plafond et repensa à tout ce qu'elle avait fait pour lui ses derniers jours, et...",Ça lui fit songer à tout ce qu'elle lui avait fait pendant les derniers jours et...
"Listened, or just been quiet, but you...""","Écouter, ou simplement me taire, mais tu...",Ça t'a fait taire ?
"""I'd forgotten how clear the sky is inside the eye.",J'avais oublié à quel point le ciel est clair à l'intérieur de l'œil.,Ça me faisait oublier à quel point le ciel est clair à l'intérieur de l'œil.
"""You must think I'm really fucking weird.""",Tu dois penser que je suis vraiment bizarre.,Ça fait que tu penses que je suis vraiment bizarre.
The breeze off the ocean rustled her long hair and whipped her sundress around her legs.,La brise de l'océan faisait bruisser ses longs cheveux et agitait sa robe d'été autour de ses jambes.,La brise de l'océan agita ses longs cheveux et balaya sa robe de plage autour de ses jambes.
"""I won't,"" Drew said as he tightened his hold around her legs.","Ça n'arrivera pas, dit Drew en resserrant son emprise sur les jambes de la jeune femme.","Ça ne sera pas nécessaire, dit Drew en resserrant sa prise autour de ses jambes."
My music library has gotten me out of a lot of sticky social situations.,Ma bibliothèque musicale m'a permis de me sortir de bien des situations sociales délicates.,Ça m'a sauvé des situations sociales délicates.
"""Don't fucking lie to me again,"" I growl, still angry but so in love with this guy.","Ne me mens plus jamais, grogné-je, toujours en colère mais tellement amoureux de ce type.","Ça fait un putain de temps que je ne te vois plus, dit-je en me frottant les cheveux."
"I push myself onto him, and, just as I thought, he slips in easily.","Je me pousse contre lui et, comme je le pensais, il se glisse facilement à l'intérieur.","Je me jette sur lui, et, comme je le pensais, il entre facilement."
"""And I really feel like you should take pity on me and tell me what you know about this hotel,"" he said with a teasing smile that had her returning his smile as she glanced back down at her notes and found herself wondering about something.","Et je pense que tu devrais vraiment avoir pitié de moi et me dire ce que tu sais sur cet hôtel, dit-il avec un sourire taquin qu'elle lui retourna, puis elle regarda ses notes et commença à réfléchir à quelque chose.","Ça me fait vraiment plaisir de te voir, et je pense que tu devrais m'épargner et me dire ce que tu sais sur cet hôtel, dit-il avec un sourire ironique qui la fit sourire en retour, tout en regardant ses notes."
That happened to other people.,Cela n'arrivait qu'aux autres.,Ça arrive à d'autres.
"He's the CEO of Carta Hotels,"" the woman said with a polite smile.","C'est le PDG des Hôtels Carta, répondit la femme avec un sourire poli.","Ça, c'est le PDG des Hôtels Carta, dit-elle avec un sourire poli."
"I mentally kick myself when relief washes over me, but it's quickly followed by a wave of tenderness for this man that knocks the air out of me.","Je me donne une tape mentale lorsque le soulagement m'envahit, mais ce sentiment est rapidement suivi d'une vague de tendresse pour cet homme qui me coupe l'herbe sous le pied.","Ça me fait un coup de pied mental lorsque le soulagement me envahit, mais il est rapidement suivi d'une vague de tendresse pour cet homme qui me fait perdre le souffle."
I may not survive this night.,Je ne survivrai peut-être pas à cette nuit.,Ça pourrait me tuer.
"""And Chase doesn't want me,"" she babbled.","Et Chase ne veut pas de moi, bafouilla-t-elle.","Ça, et Chase ne veut pas de moi, balbutia-t-elle."
The portrait occupied a prized spot on the bar wallone that would typically be filled by a mirror in most bars.,"Le portrait occupait une place de choix sur le mur du bar, une place qui serait normalement occupée par un miroir dans la plupart des bars.","Le portrait occupait une place privilégiée sur le mur du bar, qui était généralement occupé par un miroir dans la plupart des bars."
You had to be a fool to go out on the oceaneven that close to shoreon a surfboard.,"Il fallait être fou pour aller sur l'océan, même si c'était près du rivage, avec une planche de surf.","Ça fallait être fou de sortir sur l'océan, même si ça n'était pas loin du rivage, sur un planche à voile."
He cut through the beach access beside his bar and headed down the boardwalk to the stairs.,Il coupa par l'accès à la plage à côté de son bar et descendit la promenade jusqu'aux escaliers.,Il traversa la plage par l'accès situé à côté de son bar et se dirigea vers la passerelle jusqu'à l'escalier.
"As he turned the white disk over, it broke in half in his grip, and dusty fragments spilled into the air and onto the counter.","En retournant le coquillage, ce dernier se brisa en deux dans sa main et des fragments poussiéreux se répandirent dans l'air et sur le comptoir.","Il retourna le disque blanc, qui se brisa en deux dans sa prise, et des fragments poussiéreux s'échappèrent dans l'air et sur le comptoir."
"""Not for a few hours,"" Andi pointed out, shifting anxiously next to him.","Pas avant quelques heures, souligna Andi, se déplaçant anxieusement à côté de lui.","Ça ne durera pas longtemps, souligna Andi, se décalant anxieusement à côté de lui."
"""Better sit in the middle.",Mieux vaut s'asseoir au milieu.,Ça va mieux si tu te poses au milieu.
I don't know what to make of this shift in his mood.,Je ne sais pas quoi penser de ce changement d'humeur.,"Ça me fait peur, je ne sais pas quoi en penser."
"Perched on one elbow, I position my lips over the swollen head of his cock and lift my eyes to his face.","En appui sur un coude, je positionne mes lèvres sur son gland engorgé et je lève les yeux vers son visage.","Je me perche sur un coude et positionne mes lèvres sur la tête gonflée de sa bite, puis levant les yeux vers son visage."
"""We've been spending a lot of time together, like I said, and it's been...well, it's been fucking incredible.""","Nous avons passé beaucoup de temps ensemble, comme je l'ai dit, et c'est...","Ça a été... bien, ça a été incroyable."
Especially nice to be fantasizing about Chase.,Et surtout de fantasmer sur Chase.,Ça faisait surtout plaisir de fantasmer sur Chase.
"I swirl my tongue around the tip, exploring every bump and ridge, every dip and curve.","Je fais tourner ma langue autour de son gland, explorant chaque bosse et chaque crête, chaque creux et chaque courbe.","Je fais tourner ma langue autour du bout, explorant chaque bosse et chaque crête, chaque creux et chaque courbure."
And the sex had been amazing.,Et le sexe avait été extraordinaire.,Ça avait été un sexe incroyable.
Too bad they couldn't have spent more time together under different circumstances.,Dommage qu'ils n'aient pas pu passer plus de temps ensemble dans d'autres circonstances.,Ça me fait mal qu'ils n'aient pas pu passer plus de temps ensemble sous des circonstances différentes.
"I can smell the citrus and sandalwood of John's shampoo, or maybe it's his deodorant, and I quietly take it into my lungs.","Je peux sentir les agrumes et le bois de santal du shampoing de John, ou peut-être est-ce l'odeur de son déodorant, et je m'en imprègne en respirant doucement.","Ça sent le citron et le sandalwood du shampooing de John, ou peut-être de son déodorant, et je l'inhale doucement dans mes poumons."
"""Tell me about you and Luke at the beach.",Parle-moi de toi et de Luke à la plage.,Ça te rappelle Luke et toi à la plage ?
"He smirked. ""That he was a last fling before our marriage.",Qu'il n'était qu'une dernière aventure avant notre mariage.,"Ça, c'était un dernier coup de pouce avant notre mariage."
"Why are you giving in so easily?"" He squinted.",Pourquoi cèdes-tu si facilement ?,Ça te fait plaisir de céder si facilement ?
I find the school's directory and look through it for a ‘Patrick.',"Je trouve l'annuaire de l'école et je cherche un ""Patrick"".","Je trouve le répertoire de l'école et j'y cherche un ""Patrick""."
A fantasy.,Un fantasme.,Ça faisait partie de mon fantasme.
He slips a hand up into my curly hair and cups the back of my skull.,Il glisse une main dans mes cheveux bouclés et attrape l'arrière de mon crâne.,Il passe une main dans mes cheveux bouclés et s'accroche à la base de mon crâne.
"Lead the way.""",Montre-moi le chemin.,Ça te va ?
I've never seen anyone eat like him.,Je n'ai jamais vu quelqu'un manger comme lui.,Ça fait longtemps que je ne vois personne manger comme ça.
There's a hint of a dimple.,Il a un soupçon de fossettes.,Ça laisse entrevoir un soupçon de muguet.
"""I said stop.","J'ai dit ""stop"".","Ça suffit, arrête."
"You've been Debby Downer for months, now.""",Tu es rabat-joie depuis des mois.,Ça fait des mois que tu es la pire des pessimistes.
"""Maybe think about what you would have done in his place.",Réfléchis à ce que tu aurais fait à sa place.,Ça peut être que tu penses à ce que tu auras fait dans son cas.
She was naked.,Elle était nue.,Ça lui faisait plaisir de la voir nue.
"""That's not what I hear,"" Nicholas murmured, looking thoughtful.","Ce n'est pas ce que j'ai entendu, murmura Nicholas, l'air pensif.","Ça n'est pas ce que je perçois, murmura Nicholas, l'air pensif."
People think it's strange until we meet up for quiz night at the pub.,Les gens trouvent ça bizarre jusqu'à ce qu'on se retrouve pour une soirée quiz au pub.,Ça semble bizarre jusqu'à ce que nous nous retrouvions pour le quiz du pub.
"The brunette has wrapped her arms around his waist, and I want to scratch her eyes out.",La brune a enroulé ses bras autour de sa taille et j'ai envie de lui arracher les yeux.,"La brune a enroulé ses bras autour de son torse, et je veux lui crever les yeux."
"I'm smart enough not to take risks.""",Je suis assez intelligente pour ne pas prendre de risques.,Ça fait que je suis assez intelligente pour ne pas prendre de risques.
I turn to see who's uttered the filthy slur.,Je me retourne pour voir qui a proféré l'immonde injure.,Je me retourne pour voir qui a prononcé ce mot sale.
"""Goodnight, G.""","Bonne nuit, G.","Bonne nuit, G."
He dabbed at the leaking ice pack again.,Il tamponna à nouveau la poche de glace qui fuyait.,Il s'essuya à nouveau avec la bouteille de gel.
Chase watched it soar out over the beach.,Chase la regarda s'envoler au-dessus de la plage.,Chase le regarda s'élever au-dessus de la plage.
"I'm gonna check the weather again, then I'll join you.","Je vais encore vérifier la météo, puis je te rejoins.","Ça fait froid, je vais vérifier la météo, puis je vais te rejoindre."
"""We have a problem,"" Lucas said, grabbing a thick manilla folder from his bag and tossed it on the small table in front of him.","Nous avons un problème, dit Lucas en sortant de son sac un épais dossier en papier kraft qu'il jeta sur la petite table devant lui.","Ça pose problème, dit Lucas en prenant un dossier manilla épais dans son sac et en le jetant sur la petite table devant lui."
"It starts off sweetly enough, but then, holy fuck, he's really going for it.","Ça commence doucement, mais ensuite, il y va à fond.","Ça commence doucement, mais puis, putain, il va vraiment à l'assaut."
"""I don't like the dark.""",Je n'aime pas l'obscurité.,Ça me dérange de l'obscurité.
"He had to, as it might be his only chance, ever.","Il le fallait, car c'était peut-être sa seule chance.","Ça lui fallait, car c'était peut-être sa seule chance, jamais."
"The warmth spread over him like a summer tide and memories engulfed him, good memories of happy times.",Une chaleur se répandit en lui comme une marée d'été et les souvenirs le submergèrent de bons souvenirs des temps heureux.,"Ça lui donnait une sensation de chaleur, comme une marée d'été, et des souvenirs lui envahirent l'esprit, des souvenirs heureux de temps heureux."
"Only two more, and he'd be standing on the beachnear the water.","Plus que deux, et il serait sur la plage, près de l'eau.","Ça ne restait plus qu'à deux, et il serait debout sur la plage, près de l'eau."
"""What do you want, Franklin?""","Que veux-tu, Franklin ?","Ça va, Franklin ?"
"It was a dumb fucking move, but one that he couldn't regret, not when being with her made him happy for the first time in years.","C'était une décision stupide, mais qu'il ne pouvait pas regretter, pas quand être avec elle le rendait heureux pour la première fois depuis des années.","Ça faisait partie de son plan, mais il ne pouvait pas se repentir, pas quand elle lui faisait plaisir pour la première fois depuis des années."
I wait until he meets my eyes.,J'attends qu'il croise mon regard.,Je attends qu'il croise mon regard.
"It's like heroin, or at least how I imagine the opiate would feel hitting your bloodstream at a million decibels.","C'est comme de l'héroïne, ou du moins ce que j'imagine être la sensation de l'opiacé quand il coule dans nos veines à un million de décibels.","Ça ressemble à de l'héroïne, ou du moins à l'image que j'en ai de l'opium qui frappe votre sang à un million de décibels."
"Hot and wet, with just the right amount of pressure to melt my brain.","Le baiser est chaud et humide, avec juste ce qu'il faut de pression pour me faire perdre la tête.","Ça brûlait et ça mouillait, avec juste le bon niveau de pression pour faire fondre mon cerveau."
"She needed a change, Andi reminded herself as she plastered a polite smile on her face and stood up only to frown when the man that had been watching her since she sat down pushed away from the wall and moved to join them.","Andi se remémora qu'elle avait besoin de changement alors qu'elle affichait un sourire poli sur ses lèvres et se levait, mais elle fronça les sourcils quand l'homme qui l'observait, depuis qu'elle s'était assise, s'écarta du mur et vint les rejoindre.","Ça lui fallait un changement, se rappela Andi en collant un sourire poli sur son visage et en se levant, avant de froncer les sourcils lorsque l'homme qui l'avait regardée depuis qu'elle s'était assise s'éloigna du mur et se dirigea vers eux."
The sound of steel teeth parting fills the gaps between my breathless panting as he eases my zipper down.,"Le son des dents d'acier qui s'écartent remplit les intervalles entre mes halètements, tandis qu'il abaisse ma fermeture éclair.",Le bruit des dents d'acier se séparant remplit les interstices de mes respirations désespérées alors qu'il abaisse la fermeture de ma jupe.
"He pressed a kiss against her lips, his eyes locking with hers as he slid his arms beneath her legs and his hands found hers.","Il déposa un baiser sur ses lèvres, ses yeux s'accrochèrent aux siens, il glissa ses bras sous ses jambes et ses mains trouvèrent les siennes.","Il pressa un baiser sur ses lèvres, ses yeux s'accrochant à les siens tandis qu'il passait ses bras sous ses jambes et que ses mains trouvaient les siennes."
"She ignored him and kept walking, kicking at the sand in defiance with every step.","Elle l'ignora et continua à marcher, donnant des coups de pied dans le sable en signe de défi à chaque pas.","Elle l'ignora et continua à marcher, donnant des coups de pied au sable en signe de défi à chaque pas."
"""As long as you're careful, I would say you have until your contract is up to turn this fucking mess around, which is really fucked-up since this wasn't your mistake,"" Lucas said, ramming his fingers through his hair.","Tant que tu fais attention, je dirais que tu as jusqu'à la fin de ton contrat pour régler ce merdier ce qui est vraiment tordu puisque ce n'était pas ta faute, dit Lucas en passant ses doigts dans ses cheveux.","Ça durera tant que tu seras prudent, je dirais que tu as jusqu'à la fin de ton contrat pour remettre en ordre cette putain de catastrophe, ce qui est vraiment un bordel puisque ce n'est pas ta faute, dit Lucas en passant ses doigts dans ses cheveux."
"Our thirst for learning, our drive to reach the kids under our charge.""","Notre soif d'apprendre, notre volonté de faire progresser les enfants dont nous avions la charge.","Notre soif de connaissances, notre envie de transmettre nos connaissances aux enfants sous notre charge."
"He knew these were the right words to say to comfort her, but the words did anything but ease his anxiety.","Il savait que c'était les bons mots à dire pour la réconforter, mais ces mots ne servaient qu'à rien d'autre qu'à apaiser son anxiété.","Ça, c'était le bon mot pour la réconforter, mais ces mots n'étaient pas ceux qui lui apaisaient l'anxiété."
"He needed to hurry, or there would be nothing left to save.","Il devait se dépêcher, sinon il n'y aurait plus rien à sauver.","Ça faisait urgence, ou il n'y aurait plus rien à sauver."
"Look at you, so ready for me.""","Regarde-toi, si prêt à m'accueillir.","Ça me regarde, prêt à moi."
Nothing would be left after she told Chase she didn't love him.,Il ne resterait plus rien après qu'elle ait dit à Chase qu'elle ne l'aimait pas.,Ça ne resterait plus rien après qu'elle aura dit à Chase qu'elle ne l'aimait pas.
"""You don't do requests,"" Dyer states, frowning.","Tu ne réponds pas aux demandes, déclare Dyer en fronçant les sourcils.","Ça ne se fait pas, déclare Dyer, fronçant les sourcils."
"They'd had absolutely nothing in common, but they'd hit if off almost immediately.",Ils n'avaient rien en commun mais le courant était passé immédiatement.,"Ça n'avait rien à voir, mais ils s'étaient complètement bien pris dès le début."
He put the flashlights in a straight line from shortest to tallest.,"Il plaça les lampes de poche en ligne droite, de la plus courte à la plus grande.","Il aligna les lampes de poche d'un bout à l'autre, du plus petit au plus grand."
"""You didn't have to walk me home,"" Andi said as she came to a stop in front of a door with an Eeyore sticker above the peephole.","Vous n'étiez pas obligé de me raccompagner, dit-elle en s'arrêtant devant la porte dont le judas était orné d'un autocollant Bourriquet.","Ça n'était pas nécessaire de me ramener à la maison, dit Andi alors qu'elle s'arrêtait devant une porte avec un sticker de Winnie l'ourson au-dessus de la trappe."
"It was love.""",C'était de l'amour.,"Ça, c'était l'amour."
"""You know I'm moving away from the ocean.",Tu sais que je vais m'éloigner de l'océan.,Ça te dit que je me déplace loin de l'océan.
"I'm sure he didn't know who he could trust.""",Je suis sûr qu'il ne savait pas à qui il pouvait faire confiance.,Ça me semble évident qu'il ne savait pas qui pouvait être confié.
"""Are you really going to mess us up over stupid shit?""",Tu vas vraiment nous faire tourner en bourrique pour des conneries ?,Êtes-vous vraiment prêt à nous faire chier pour de la merde ?
"""She doesn't have a company phone,"" Devyn pointed out.","Elle ne dispose pas de téléphone professionnel, fit remarquer Devyn.","Ça n'a pas de téléphone de bureau, souligna Devyn."
"""I want you,"" I say, which probably sounds crazy to him because we're both spent, our cocks still twitching.","J'ai envie de toi, dis-je, ce qui doit lui paraître fou parce que nous sommes tous les deux épuisés, nos bites tressautant encore.","Ça me plaît, dis-je, ce qui lui semble probablement fou parce que nous sommes tous les deux épuisés, nos membres encore frémissant."
The sun brightened and Mari shielded her eyes.,Le soleil s'était mis à briller et Mari se protégea les yeux.,Le soleil se radouit et Mari se couvrit les yeux.
"You zipped up right after I told you about the mermaid.""",Tu t'es tu juste après que j'ai parlé de la sirène.,"Ça a été rapide, tu as fermé ta robe dès que j'ai parlé de la sirène."
A few drops of rain dotted her cheeks like tears.,Quelques gouttes de pluie parsemaient ses joues comme des larmes.,Un peu de pluie tombait sur ses joues comme des larmes.
"I don't know if he's seen what I'd been doing online, but I figure there's no reason for me to lie, at least.","Je ne sais pas s'il a vu ce que j'ai fait en ligne, mais je me dis qu'il n'y a pas de raison que je mente, au moins.","Je ne sais pas s'il a vu ce que j'ai fait en ligne, mais je ne vois pas pourquoi je devrais mentir, du moins."
"""We'll ditch him in the fun house.""",On le sèmera dans le palais du rire.,"Ça, on le laissera dans le palais du rire."
"Here, where we vacationed as we grew up, and everywhere I look, I see him.","Ici, où nous avons passé nos vacances en grandissant, et où que je regarde, je le vois.","Ça, là où nous passions nos vacances en grandissant, et partout où je regarde, je le vois."
"His muscles twitched as she touched him, and he let out a small gasp.","Ses muscles se contractèrent lorsqu'elle le toucha, et il laissa échapper un petit halètement.","Ses muscles se contractèrent lorsqu'elle le toucha, et il poussa un petit soupir."
"""Please, don't let me hurt you.""","S'il te plaît, ne me laisse pas te faire du mal.",Ça va te faire du mal ?
"""How?"" He asks, leaning forward to place his elbows on his knees.","demande-t-il, se penchant en avant pour poser ses coudes sur ses genoux.",Ça vaudrait quoi ?
"She rubbed her arms and looked toward the door, her eyes widening.","Elle se frotta les bras et regarda vers la porte, les yeux écarquillés.","Elle se frotta les bras et regarda la porte, les yeux s'écarquillant."
The lights flickered.,Les lumières clignotèrent.,Les lumières vacillaient.
"It's not safe near shore right now, but I know the area well,"" Mesa said.","Il n'est pas prudent de s'approcher du rivage pour l'instant, mais je connais bien la région, dit Mesa.","Ça n'est pas sûr près du rivage en ce moment, mais je connais bien la région, dit Mesa."
Chapter 10,Chapitre 10,10
"Still, only two broken windows in the whole place seemed like a miracle, given the strength of the storm.","Cependant, le fait que seules deux fenêtres aient été brisées dans toute la structure était proche du miracle, compte tenu de la force de la tempête.","Ça faisait encore deux fenêtres brisées dans tout le bâtiment, ce qui était un miracle, compte tenu de la force de la tempête."
"If things were different, he would have asked her on a date or three.","Si les choses avaient été différentes, il l'aurait invitée à un ou deux rendez-vous.","Si les choses étaient différentes, il aurait demandé à sortir avec elle ou trois fois."
John rolls me to my stomach with an ease that surprises me.,John me fait rouler sur le ventre avec une facilité qui me surprend.,John me fait rouler sur le ventre avec une facilité qui me surprend.
"Though we could imagine there's a Ferris wheel in Paris, we could call it the Eiffel Tower.""","On pourrait imaginer qu'il y a une grande roue à Paris, on pourrait l'appeler la Tour Eiffel.","Ça fait comme si il y avait une grande roue à Paris, mais on pourrait la nommer la Tour Eiffel."
"""I know the area you are talking about.",Je connais le coin dont tu parles.,Ça me rappelle un endroit que je connais.
"The words come out on a shuddering breath because John lowers his head to my skin, lips brushing over the ink.","Les mots sortent dans un souffle tremblant parce que John baisse la tête contre ma peau, ses lèvres effleurant l'encre de mon tatouage.","Les mots s'échappent sur une respiration frémissante parce que John abaissa la tête sur ma peau, ses lèvres effleurant l'encre."
"You're not usually on Saturdays.""",Tu ne travailles pas généralement le samedi.,"Ça ne te regarde pas, réponds-je."
"When he pulled back, he rolled his hips slower, taking her with slow strokes so that he could savor every slide back inside her.","Lorsqu'il se retira, il fit rouler ses hanches plus lentement, la prenant avec des coups lents afin de pouvoir savourer chaque glissement à l'intérieur d'elle.","Lorsqu'il se retira, il roula ses hanches plus lentement, prenant-la avec des mouvements lents pour pouvoir savourer chaque retour en elle."
"""You don't owe me an explanation, John.""","Tu ne me dois pas d'explications,","Ça ne te tient pas à me donner d'explications, John."
They had nothing to gain.,Ils n'avaient rien à y gagner.,Ça ne leur servait à rien.
"I was grateful in the beginning that he'd gone out of his way not to be a distraction during my shifts, but I'm now I'm feeling a bit left out.","Au début, j'étais reconnaissant qu'il fasse tout son possible pour ne pas être une distraction pendant mes heures de travail, mais maintenant, je me sens un peu exclu.","Je suis reconnaissant au début qu'il n'ait pas fait de bruit pendant mes déplacements, mais maintenant je me sens un peu laissé de côté."
"Wood cracked and splinteredthough he couldn't see it, he knew the bar roof was close to stripping away, shingles probably flying everywhere.","Le bois cognait et se brisait  bien qu'il ne puisse pas le voir, il savait que le toit du bar était sur le point de s'arracher, et que les bardeaux volaient probablement dans tous les sens.","Le bois craquait et se brisait, mais il ne pouvait pas le voir, il savait tout de même que le toit du bar était sur le point de s'effacer, les tuiles volant probablement partout."
"Make sure that she takes her meds, takes it easy, and changes her bandage.""","Assure toi qu'elle prenne ses médicaments, qu'elle se ménage et qu'elle change son bandage.","Ça va falloir qu'elle prenne ses médicaments, qu'elle s'en calme et qu'elle change de bandage."
"""Get out of here, Mari,"" Chase yelled.","Sors d'ici, Mari, cria Chase.","Ça suffit, Mari, s'écria Chase."
And he wasn't going to get away with stalking anyone either.,Et il n'allait pas non plus s'en tirer en harcelant qui que ce,Ça ne faisait pas partie de son plan.
"I'm so open to him, so eager to receive him.","Je suis tellement ouvert à lui, tellement désireux de le recevoir.","Je suis si ouvert à lui, si désireux de le recevoir."
It's a déjà vu moment if I've ever had one.,C'est un moment de déjà-vu.,Ça fait déjà un moment si j'en ai eu un.
"When I'm with someone, I want to share the good and the bad.","Quand je suis avec quelqu'un, je veux partager les bons et les mauvais moments.","Ça fait que quand j'ai quelqu'un, je veux partager le bon et le mauvais."
"""You have a lot of eighties music here,"" John observes.","Tu as beaucoup de musique des années 80, observe John.","Ça y est, tu as beaucoup de musique des années 80 ici, remarque John."
"I can escape with little effort.""",Je peux m'échapper sans trop d'efforts.,Ça me permet de fuir avec peu d'efforts.
"At some spots, the island was so narrow you could throw a stone from the sound side to the waves.","À certains endroits, l'île était si étroite que l'on pouvait jeter une pierre sur les vagues du rivage et elle atterrirait dans les profondeurs.",Ça faisait si peu de large que tu pouvais jeter une pierre du côté du bruit jusqu'aux vagues.
"""When I finish up here.",Quand j'aurai fini ici.,Ça vaudra la peine quand je finirai ici.
How could her mother ever expect her to marry someone like Inna?,Comment sa mère avait-t-elle pu s'attendre à ce qu'elle épouse quelqu'un comme Inna ?,"Ça, comment pouvait-elle s'y attendre ?"
A real kiss.,Un vrai baiser.,"Ça, c'est un vrai baiser."
It also got me my gig as a disc jockey.,C'est aussi ce qui m'a permis de devenir disc-jockey.,Ça m'a aussi permis de devenir un animateur de radio.
"""No!"" came the hysterical reply that had him sighing heavily as he reached down and grabbed hold of the comforter and slowly pulled it off the woman that refused to leave the hotel.","une pointe d'hystérie dans la voix, ce qui le fit soupirer lourdement en attrapant la couette et en la retirant lentement à la femme qui refusait de quitter l'hôtel","Non ! répondit-elle hystériquement, ce qui le fit soupirer lourdement alors qu'il tendait la main pour attraper la couverture et la retirer de la femme qui refusait de quitter l'hôtel."
The wind and rain had been scarier than she'd ever experienced.,Le vent et la pluie avaient été plus effrayants qu'ils ne lui étaient jamais apparus.,Le vent et la pluie avaient été plus effrayants qu'elle n'en avait jamais expérimenté.
He'd been there that day when she had come upon the divers.,Il était là ce jour-là quand elle avait rencontré les plongeurs.,Ça lui avait donné envie de s'éloigner de ce jour où elle avait rencontré les plongeurs.
"""Amelia never remarried but lived on the bounty Christopher had stored and hidden on the island.",Amelia ne s'est jamais remariée mais a vécu grâce à la prime que Christopher avait stockée et cachée sur l'île.,"Amelia ne s'est jamais remariée, mais elle a vécu grâce aux provisions que Christopher avait stockées et cachées sur l'île."
"""Only bloody thing they ever gave me,"" I murmur.","C'est la seule chose qu'ils m'aient jamais donnée , murmuré-je.","Ça, c'est la seule chose qu'ils m'aient jamais donnée, murmuré-je."
"""Tell me you didn't, please!""","Dis-moi que tu ne l'as pas fait, s'il te plaît !","Ça te plaît, dis-moi que tu n'as pas fait ça !"
"The wind whipped by, catching the hem of his T-shirt in a flutter, exposing his firm abdomen for a too-brief moment.","Le vent soufflait en trombe, faisant voltiger l'ourlet de son tee-shirt, dévoilant son abdomen ferme pendant un trop bref instant.","Le vent passa, attrapant le bas de son tee-shirt dans un mouvement agité, révélant son ventre bien dessiné pendant un instant trop court."
"You never would.""",Tu ne le ferais jamais.,Ça ne te ferait jamais.
Then they were separatedpossibly foreverto save her life.,Puis ils ont été séparés  peut-être pour toujours  afin de lui sauver la vie.,"Ça les séparait, peut-être pour toujours, pour sauver sa vie."
"""I would probably quake in fear for the rest of my life at the mere mention of your name,"" Devyn said dryly as he watched her return to glaring at him as she hastily toed off her slippers and kicked them aside, determined to make sure that he was properly terrified.","Je tremblerais probablement de peur pour le reste de ma vie à la simple mention de ton nom, dit Devyn d'un ton moqueur en la regardant se remettre à le fixer du regard tandis qu'elle enlevait précipitamment ses pantoufles et les écartait d'un coup de pied, bien décidée à s'assurer qu'il était bien terrifié.","Ça me ferait probablement trembler de peur pour le reste de ma vie à la simple mention de ton nom, dit Devyn avec un ton sèche alors qu'elle regardait de nouveau vers lui, avant de retirer ses mules et de les jeter à côté d'elle, déterminée à s'assurer qu'il était bien effrayé."
"It was water, nothing more.","C'était de l'eau, rien de plus.",Ça n'était qu'un simple bain.
"""Probably.""",Probablement.,Ça va probablement être le cas.
"""Well, I don't think your brother would approve of you picking up and leaving the bar and everything you built here together.",Je ne pense pas que ton frère approuverait que tu prennes tes affaires et que tu quittes le bar et tout ce que vous avez construit ici ensemble.,"Ça, je ne pense pas que ton frère approuverait que tu te déplaces et que tu laisses tomber le bar et tout ce que tu as construit ici avec lui."
"Let's start tonight.""",Commençons ce soir.,Ça commence ce soir.
"I claim the right.""",Je revendique ce droit.,Ça me donne le droit.
"In the new sunlight, he saw her body jerk and twitch.","Dans la nouvelle lumière du soleil, il vit son corps tressaillir et se contracter.","Dans la lumière du soleil, il vit son corps se détendre et se tordre."
"She was by the ocean, making her own way, despite her mother.","Elle était au bord de l'océan, traçant son propre chemin, malgré sa mère.","Ça faisait partie de l'océan, elle faisait sa propre route, malgré sa mère."
"""No, I'm not because I'm not going,"" Andi said with a firm nod as Uncle Shawn placed her back on her chair as she did her best to ignore the curious stares being sent her way by the kids that never seemed to appreciate her efforts to teach them the fundamentals of advanced algebra.","Non, parce que je n'irai pas en CM1, dit Andi en hochant fermement la tête alors qu'Oncle Shawn l'asseyait sur une chaise et qu'elle faisait son possible pour ignorer les regards curieux que lui lançaient les enfants qui n'appréciaient jamais ses efforts pour leur enseigner les bases en calcul avancé.","Ça ne marche pas, je ne vais pas, répondit Andi avec un hochement de tête ferme alors que Oncle Shawn la remettait sur son siège, essayant d'ignorer les regards curieux des enfants qui ne semblaient jamais apprécier ses efforts pour leur enseigner les fondamentaux de l'algèbre avancée."
"Air whooshes out of my lungs and the fuzzy feeling in my head, which I hadn't even noticed, fades.","L'air s'échappe de mes poumons et la sensation de flou dans ma tête, que je n'avais même pas remarquée, s'estompe.","Ça me fait perdre mon souffle et la sensation floue dans ma tête, que je n'avais même pas remarquée, s'estompe."
"""I was thinking,"" he says, rolling to his back after we catch our breath.","J'étais en train de réfléchir, dit-il en se mettant sur le dos après que nous ayons repris notre souffle.","Ça m'a fait penser, dit-il en se redressant après que nous ayons respiré."
"""I left the candle on the vanity, and there's a lighter beside it.""","J'ai laissé la bougie sur le meuble, et il y a un briquet à côté.","Ça y est, j'ai laissé la bougie allumée sur la commode et il y a une allumette à côté."
"""This way I get some time between school and the work I do for you guys at the station.""","...Comme ça, j'ai un peu de temps entre l'école et le travail que je fais pour vous à la station radio.",Ça me donne du temps entre l'école et le travail que je fais pour vous à la radio.
I hope that you enjoyed reading Devyn and Andi's story as much as I enjoyed writing it.,J'espère que vous avez pris autant de plaisir à lire l'histoire de Devyn et Andi que j'ai eu à l'écrire.,Je espère que vous avez apprécié lire l'histoire de Devyn et Andi aussi bien que je l'ai appréciée à l'écrire.
Your mother sent me.,C'est ta mère qui m'envoie.,Ça m'a été demandé par ta mère.
Like he's been comfortable in the pool but is ready to step into the ocean.,Comme s'il était assez à l'aise dans la piscine et qu'il était prêt à aller dans l'océan.,"Ça lui semble confortable dans la piscine, mais il est prêt à entrer dans l'océan."
She stared at the flickering candles.,Elle fixa les bougies vacillantes.,Elle fixa les bougies qui flamboyaient.
"I feel the stinging pressure of his teeth on the hardening nub before he sits back, running his hands along my chest and abdomen.","Je sens la morsure cuisante de ses dents sur mon téton qui durcit avant qu'il ne s'assoie, passant ses mains le long de ma poitrine et de mon abdomen.","Je sens la pression de ses dents sur le bouton qui durcit avant qu'il ne se redresse, passant ses mains sur mon torse et mon ventre."
John leans back in his chair and takes a swig of his beer.,John s'adosse à sa chaise et boit une gorgée de sa bière.,John s'adoucit dans son fauteuil et boit une gorgée de bière.
"""I thought we were more,"" he said.","Je pensais que nous étions plus que ça, dit-il.","Ça n'a pas été un simple baiser, dit-il."
She was crawling on top of him and laying her head on his chest with a soft sigh as he wrapped his arms around her and couldn't help but feel like she was exactly where she belonged.,"Elle se glissa sur lui et posa sa tête sur sa poitrine en soupirant doucement, tandis qu'il l'entourait de ses bras et ne pouvait s'empêcher de penser qu'elle était exactement à sa place.","Ça lui faisait plaisir de se laisser tomber sur lui et de poser sa tête sur son torse avec un soupir doux, tandis qu'il l'entourait de ses bras et qu'il ne pouvait s'empêcher de sentir qu'elle était exactement où elle devait être."
I have to jog to catch up.,Je dois trottiner pour le rattraper.,Ça me faut pour rattraper le rythme.
"If we don't hurry, we're going to get caught in the dark.""","Si on ne se dépêche pas, on va se faire surprendre par l'obscurité.","Ça va falloir que nous nous précipitons, sinon nous allons être pris au dépourvu."
Mari's tail twitched in excitement.,La queue de Mari s'agita sous l'effet de l'excitation.,La queue de Mari se frissonna d'excitation.
Were better left forgotten.,Il vaut mieux les oublier.,Ça nous fera mieux de nous oublier.
"I should've told you about Inna, but I didn't expect to see him here on the islandnot after the storm, and certainly not while I was with you.","J'aurais dû te parler d'Inna, mais je ne m'attendais pas à le voir ici sur l'île  pas après la tempête, et certainement pas pendant que j'étais avec toi. Je ne l'épouserai pas, quoi qu'il arrive.","Ça m'aurait fallu dire à propos d'Inna, mais je ne l'attendais pas ici sur l'île, pas après la tempête, et certainement pas pendant que je suis avec toi."
"""Yeah?"" I'm logging my playlist, trying to keep my focus off our proximity to one another.","J'enregistre ma playlist, en essayant de ne pas me concentrer sur notre proximité.","Ça va ? Je compile ma liste de titres, essayant de garder mon attention loin de notre proximité."
"By the time enough merfolk had gathered to save her, the pirate ship was gone, harbored somewhere, no doubt.","Le temps que suffisamment d'habitants des mers se rassemblent pour la sauver, le bateau pirate avait disparu, sans doute caché quelque part.","Ça a fallu un certain temps pour que suffisamment de créatures marines se rassemblent pour la sauver, et le navire pirate était déjà parti, caché quelque part, sans doute."
Did her mother know about the revenge plot?,Sa mère était-elle au courant du projet de vengeance ?,Ça faisait-il partie du plan de vengeance ?
"""You don't know that,"" came the sadly mumbled reply that had his lips twitching.","Tu n'en sais rien, marmonnant tristement la jeune femme entre ses lèvres, ce qui le fit sourire","Ça ne te dit rien, dit-elle en marmonnant tristement ce qui arracha un sourire à Devyn."
"He'd never understood why Devyn didn't play the same game, probably never would, and now that he knew about Andi...","Il n'avait jamais compris pourquoi Devyn ne jouait pas le même jeu, pourquoi il ne le ferait probablement jamais, et maintenant qu'il savait pour Andi...","Ça ne lui avait jamais expliqué pourquoi Devyn ne jouait pas le même jeu, probablement jamais le ferait, et maintenant qu'il savait que c'était Andi..."
The urge to possess her thrummed through him to the point he could barely think.,L'envie de la posséder l'envahissait à tel point qu'il avait du mal à réfléchir.,L'envie de la posséder le parcourait à tel point qu'il ne pouvait plus penser.
"""You should check the supply closet.""",Tu devrais vérifier le placard à fournitures.,Ça te fera plaisir de vérifier le placard de stockage.
I'm telling you what I need.,Je te dis ce dont j'ai besoin.,"Ça, c'est ce que je veux."
Want to get to know you.,Je veux apprendre à te connaître.,Ça te fait plaisir de me connaître.
His face brightens.,Son visage s'éclaire.,Son visage s'éclairit.
Why would he risk that for either of them?,Pourquoi risquerait-il cela pour l'un ou l'autre ?,Pourquoi risquerait-il ça pour l'un ou l'autre ?
Best not to think about that at all.,Mieux valait ne pas y penser.,Ça ne valait pas la peine de penser à ça.
"There are several articles about the football team, one about the debate team.","Il y a plusieurs articles sur l'équipe de football, un sur l'équipe de débat.","Ça y est, il y a plusieurs articles sur l'équipe de football, un sur le débat."
"He didn't move, his gaze fixed on the bar ceiling.","Il ne bougea pas, le regard fixé sur le plafond du bar.","Il ne bougea pas, son regard fixé sur le plafond du bar."
I spit this out like some jilted lover.,Je crache ça comme un amoureux éconduit.,Ça me sortit comme un amant rejeté.
"I've paired it with a soft pair of black corduroys that he hasn't seen yet, but I thank him for the compliment.","Je l'ai associé à un pantalon en velours côtelé noir qu'il n'a pas encore vu, mais je le remercie pour le compliment.","Je l'ai associé à un pantalon en velours noir qu'il n'a pas encore vu, mais je lui remercie pour le compliment."
"He was so sure.""",Il en était si sûr.,Ça lui donnait tant de confiance.
"To his credit, he slaps a hand over his mouth.","À sa décharge, il porte une main sur sa bouche.","À son crédit, il pose la main sur sa bouche."
Would he ever get control of the rage inside him?,Parviendra-t-il un jour à contrôler la rage qui l'habitait ?,Êtait-il capable de maîtriser la rage qui le dévora ?
His stomach knotted at the doubt that swirled around him.,Son estomac se noua devant le doute qui l'envahissait.,Son estomac se noua sous le doute qui le tourmentait.
She should slip under and swim away.,Elle devrait se glisser sous l'eau et s'enfuir à la nage.,Ça lui fallait de se glisser sous l'eau et de nager loin.
"""Well, surely he had it painted before he died.""",Il l'a sûrement fait peindre avant de mourir.,"Ça, bien sûr, il l'a fait peindre avant de mourir."
Talking about my childhood illicits foreign sensations.,Parler de mon enfance provoque des sensations étranges.,"Ça fait penser à mon enfance, qui me fait ressentir des sensations étranges."
"He wasn't sure what hurt more, his head or his ribs, but at that moment, he wished the asshole that attacked him had finished the fucking job and put him out of his misery.","Mais, à cet instant, il aurait aimé que le connard qui l'avait agressé ait fini le boulot et mette fin à ses souffrances.","Ça lui faisait mal la tête ou les côtes, mais à ce moment-là, il souhaitait que l'assassin qui l'avait attaqué ait fini le travail et l'eût mis hors de ses souffrances."
He tasted the zinc that his mother had insisted he put on his nose and that always melted and dribbled down into his mouth.,Il goûta la crème solaire que sa mère insistait pour qu'il mette sur son nez et qui finissait par fondre et couler dans sa bouche.,Ça tait le zinc que sa mère lui avait fait appliquer sur le nez et qui fondait et coulait dans sa bouche.
She stood between him and the ocean like a lifeguard station or lighthouse.,"Elle se tenait entre lui et l'océan, comme un poste de sauvetage ou un phare.",Ça lui donnait l'air d'une station de sauvetage ou d'un phare.
"""Nothing is stopping you from moving the carpentry to part-time, maybe on the weekends or something.""","Rien ne t'empêche de passer la menuiserie à temps partiel, peut-être le week-end ou quelque chose comme ça.","Ça ne te bloque pas de passer le travail de menuisier à temps partiel, peut-être les week-ends ou quelque chose comme ça."
That really would have been too much to take.,Cela aurait été vraiment trop dur à supporter.,Ça aurait été trop pour lui.
"""No,"" he says, grabbing my hand.","Non, dit-il en m'attrapant la main.","Non, dit-il en prenant ma main."
I plaster on a smile and move away from them as he hands me a pint glass filled with a golden liquid.,J'esquisse un sourire et m'éloigne d'elles tandis qu'il me tend un verre rempli d'un liquide doré.,Je collage un sourire et me déplace loin d'eux alors qu'il me tend un verre rempli d'un liquide doré.
Chase had told her they would get through the storm togetherthat was the sweet and protective man she loved.,Chase lui avait dit qu'ils traverseraient la tempête ensemble  c'était l'homme doux et protecteur qu'elle aimait.,Chase lui avait dit qu'ils traverseraient la tempête ensemble  c'était l'homme doux et protecteur qu'elle aimait.
Mine is practically immobilized inside his grasp.,La mienne est pratiquement immobilisée dans son emprise.,Ma main est pratiquement immobilisée dans sa sienne.
"After a last look around, she flipped off the shop's main lights.","Après avoir jeté un dernier coup d'œil autour d'elle, elle éteignit les lumières principales de la boutique.","Ça fait un moment qu'elle avait fait le tour de la boutique, elle éteignit les lumières principales."
He wanted to hold her close and listen to her laughter and share in her happiness.,"Il voulait la serrer contre lui, écouter ses rires et partager son bonheur.","Ça lui fallait de la tenir près de lui, d'écouter son rire et de partager son bonheur."
"She stepped up into the cart, tipping it forward and setting it swaying and creaking.","Elle monta dans la cabine, la faisant basculer vers l'avant et la faisant osciller et grincer.","Elle monta dans la cabine, la faisant s'incliner et s'incliner, faisant grincer."
"And your mother is holding up his end of the bargain, as she should.","Et ta mère tient sa part du marché, comme il se doit.","Ça va bien, dit-il en souriant, et sa mère tient bien sa promesse, comme elle devrait."
"""Did I mention that I really need to use the bathroom?"" she asked, sending the bathroom a hopeful look.",Ai-je mentionné que j'ai vraiment besoin d'aller aux toilettes ?,"Ça m'a fait un vrai plaisir de te voir, dit-elle en regardant le salon avec un air satisfait."
I let you rescue him.,Je t'ai laissé le sauver.,Ça te permet de le sauver.
But he's looking at me like it's the first time.,Mais il me regarde comme si c'était la première fois.,Ça fait comme si c'était la première fois qu'il me regardait.
"I have better things to do than to waste my time worrying about what other people think.""",J'ai mieux à faire que de perdre mon temps à savoir ce que pensent les autres.,Ça me fait mieux de m'occuper de choses plus importantes que de me préoccuper de ce que d'autres pensent de moi.
The smile he gives me leaves me uncharacteristically breathless.,Le sourire qu'il m'adresse me laisse sans voix.,Le sourire qu'il m'adresse me laisse sans souffle.
"I can totally picture John Burton as a teacher, he has the personality for it.","Je peux tout à fait imaginer John Burton comme professeur, il a la personnalité qu'il faut.","Ça me fait totalement penser à John Burton comme professeur, il a le caractère pour ça."
"""We'll have a big party before I close for good.",Nous ferons une grande fête avant de fermer pour de bon.,Ça va être une grande fête avant que je ne ferme pour de bon.
Hurricane Giselle was nothing to fool around with.,L'ouragan Giselle n'était pas à prendre à la légère.,Ça ne faisait pas de bonne affaire de jouer avec Hurricane Giselle.
"Oh, that couldn't be good, she thought when she saw the puddle forming on the floor around her.","Oh, ça ne présageait rien de bon, pensa-t-elle en voyant la flaque qui se formait sur le sol autour d'elle.","Ça ne pouvait pas être bon, pensa-t-elle en voyant la boue se former autour d'elle."
"We can duck out for a little while, yeah?""","On peut s'éclipser un moment, d'accord ?","Ça durera un peu, non ?"
"I have to make sure the bar's safe first.""",Je dois d'abord m'assurer que le bar est sécurisé.,Ça me faut pour m'assurer que le bar est en sécurité.
No more...anything.,Plus rien.,Ça suffit...
"Maybe some Joy Division, a little Sigur Ros, a bit of Bilal, definitely James Blake.","Peut-être un peu de Joy Division, un peu de Sigur Ros, un peu de Bilal, certainement du James Blake.","Ça peut être du Joy Division, un peu de Sigur Ros, un peu de Bilal, et définitivement James Blake."
Want to know how those wine-stained lips of yours might taste.,Connaître le goût de tes lèvres colorées par le vin.,Ça te fait envie de savoir comment ces lèvres rougies par le vin goûteraient ?
"In the peace and calm of the eye of life's ever-growing hurricane, they'd found a moment.","Dans la paix et le calme de l'œil de l'ouragan de la vie, ils avaient trouvé un moment.","Dans la paix et la tranquillité du centre de la tempête qui s'intensifiait, ils avaient trouvé un moment."
"At least she had everything that she needed, Andi thought as she reached down and grabbed her iPad and the notebook that she'd been working on along with a carefully select assortment of pens that she'd helped herself to from the supply closet at work, only to realize that she'd left her phone at home.","Au moins, elle avait tout ce dont elle avait besoin, pensa Andi en se penchant pour attraper son iPad et le carnet sur lequel elle travaillait, ainsi qu'un assortiment de stylos soigneusement sélectionnés qu'elle s'était procuré dans le placard à fournitures du bureau, avant de réaliser qu'elle avait laissé son téléphone à la maison.","Ça ne faisait pas de mal, pensa Andi en attrapant son iPad et son cahier de notes qu'elle travaillait sur, ainsi qu'une sélection de stylo qu'elle avait pris dans les stocks de fournitures à l'atelier, avant de se rendre compte qu'elle avait laissé son téléphone à la maison."
It wasn't going to stop him from making sure that the little bastard paid for what he did to Andi.,Ça ne l'empêcherait pas de s'assurer que ce petit salaud paie pour ce qu'il a fait à Andi.,Ça ne l'empêcherait pas de s'assurer que ce petit connard payerait pour ce qu'il avait fait à Andi.
"""I'm going to run and see if I can get the fire department.",Je vais courir et voir si je peux appeler les pompiers.,Ça va falloir que je coure pour voir si je peux obtenir l'aide du service d'incendie.
It's suddenly the most important thing in the world.,C'est soudain la chose la plus importante au monde.,Ça devient soudain la chose la plus importante au monde.
It's been a rough twenty-four hours.,Les dernières vingt-quatre heures ont été difficiles.,Ça a été une journée difficile.
"The shop was the first thing she could truly call her own, and now it was at risk.","Le magasin était la première chose qu'elle pouvait vraiment appeler la sienne, et maintenant il était en danger.","Ça faisait partie de sa vie, et maintenant elle était en danger."
She would certainly bear Chase's kids.,Elle porterait certainement les enfants de Chase.,Ça ne serait pas de la peine pour Chase.
"""It's going to be very cold out there, Miss Dawson,"" Devyn said, watching as his favorite place on earth was slowly revealed.","Il va faire très froid dehors, Mlle Dawson, dit Devyn, en regardant son endroit préféré sur Terre se dévoiler progressivement.","Ça va être très froid en dehors, Mlle Dawson, dit Devyn en regardant son endroit préféré sur la Terre se révéler lentement."
"She drew her knees up and circled them with her arms, squeezing as tight as she could.","Elle remonta ses genoux et les entoura de ses bras, serrant aussi fort qu'elle le pouvait.","Elle replia les genoux et les cercla de ses bras, les serrait autant qu'elle le pouvait."
This stops me mid-chew.,Cela m'arrête en plein milieu de  ma mastication.,Ça me fait arrêter de mâcher.
The sea beckoned her.,La mer l‘appelait.,La mer l'appelait.
"I'm shaking, held up by John, who doesn't seem to have full control over his body either.","Je tremble, soutenu par John qui, lui non plus, ne semble pas avoir le contrôle total de son corps.","Je tremble, soutenu par John, qui ne semble pas avoir le contrôle de son corps."
My breath leaves me.,Mon souffle me quitte.,Mon souffle me quitte.
"He wasn't muscular in the same way as Chase, but thick and solid.","Il n'était pas aussi musclé que Chase, mais il était fort et massif.","Ça n'était pas le même type de musculature que Chase, mais il était épais et solide."
"What I'm about to do is invasive, I know, but...","Ce que je vais faire est invasif, je le sais, mais...","Ça va être très intrusif, je sais ça, mais..."
"""I see,"" Devyn murmured, applying the last bandage.","Je vois, murmura Devyn en appliquant le dernier bandage.","Ça va, murmura Devyn en appliquant le dernier bandage."
"""Let me talk.""",Laisse-moi parler.,Ça me fait plaisir de te parler.
"""Look at the domain.",Regarde le nom de domaine.,Ça fait partie du domaine.
"He took a deep breath, focusing on the inhale, and then the exhale.","Il inspira profondément, se concentrant sur l'inspiration, puis sur l'expiration.","Il prit une grande inspiration, se concentrant sur l'inspiration, puis sur l'expiration."
"I stretch out beside him, draw his leg up and drape it over mine.","Je m'étire à côté de lui, remonte sa jambe et la fait  passer par-dessus la mienne.","Je m'allonge à côté de lui, je soulevé sa jambe et la passe sur la mienne."
"""They're mostly in awe of you,"" he says, his voice taking on that honeyed timber he'd had when he asked me out on this date.","Ils sont surtout en admiration devant toi, dit-il, sa voix prenant ce timbre mielleux qu'il avait lorsqu'il m'a demandé de sortir avec lui.","Ça, c'est surtout de l'admiration, dit-il, la voix à nouveau douce qu'elle avait lorsqu'il m'avait invité à dîner."
"My style could be called dormitory chic, my flat furnished with a collection of mismatched pieces acquired over the life of my residency.","Mon style pourrait être qualifié de dortoir chic, mon appartement étant meublé d'une collection de pièces dépareillées acquises depuis que j'ai signé le bail.","Ça pourrait être qualifié de style ""chambre de bébé"", mon appartement meublé d'une collection de meubles hétéroclites achetés au fil de ma résidence."
"""Yes, daughter.","Oui, ma fille.","Oui, fille."
"My ass, my thighs, the muscles of my back melt under John's ministrations.","Mon cul, mes cuisses, les muscles de mon dos fondent sous les doigts de John.","Mon cul, mes cuisses, les muscles de mon dos fondent sous les soins de John."
"He is so fucking beautiful, my heart hurts.","Il est si beau, putain, que j'en ai mal au cœur.","Ça fait mal à mon cœur, il est tellement beau."
"""You're gorgeous,"" John breathes, leaning forward.","Tu es magnifique, souffle John en se penchant en avant.","Ça te fait une belle figure, dit John en se penchant en avant."
This is why I'm not cut out for relationships.,Voilà pourquoi je ne suis pas fait pour les relations.,Ça explique pourquoi je ne suis pas fait pour les relations.
"""How the hell did we miss that?""",Comment diable avons-nous pu rater ça,"Ça, comment l'avons-nous manqué ?"
"She began to sob gently, covering her face with her hands.","Elle se mit à sangloter doucement, se couvrant le visage de ses mains.","Elle commença à pleurer doucement, couvrant son visage de ses mains."
If he got stranded on the island during the storm...,S'il se retrouvait bloqué sur l'île pendant la tempête...,Si il était coincé sur l'île pendant la tempête...
Not to accept that he can see me so clearly.,De ne pas accepter qu'il lise en moi si clairement.,Ça ne les satisfait pas de voir si clairement.
His fingers were sore and stiff from the wood's rough assault.,Ses doigts étaient endoloris et raides à cause de la rugosité du bois.,Ses doigts étaient douloureux et rigides à cause de l'assaut du bois.
"You should have been paying attention to the news.""",Tu aurais dû faire attention aux informations.,Ça te serait arrivé si tu avais suivi les nouvelles.
"""Yes,"" he bit out, watching as her lips twitched.","Oui, dit-il sèchement en regardant les lèvres de la jeune femme se contracter.","Ça va, dit-il en regardant ses lèvres trembler."
I laugh and shake my head.,Je ris et secoue la tête.,Ça me fait rire et je secoue la tête.
"But anyway, Amelia's country sent a team to murder her and her human lover.""","Mais de toute façon, le pays d'Amelia a envoyé une équipe pour l'assassiner, elle et son amant humain.","Ça n'a pas d'importance, le pays d'Amelia a envoyé une équipe pour tuer elle et son amant humain."
This open.,Aussi ouvert.,Ça ouvre.
"What's the bad news?""",Quelle est la mauvaise nouvelle ?,Ça va être difficile.
"The lot is crowded, but we get lucky with a spot close to the entrance.","Ce dernier est bondé, mais nous avons la chance d'avoir une place près de l'entrée.","Ça fait chaud, mais nous avons une place près de l'entrée."
It's also the reason why we're here.,C'est aussi la raison pour laquelle nous sommes ici.,Ça fait aussi partie de la raison pour laquelle nous sommes ici.
I thought we had a chance to make this work.,Je pensais que nous avions une chance de faire en sorte que ça marche.,Ça m'a fait penser que nous avions une chance de faire marcher ça.
"""I'm not saying what he did was right, it's ten different flavors of wrong, but...""","Je ne dis pas que ce qu'il a fait est bien, le mal peut prendre plusieurs formes, mais...","Ça ne veut pas dire que ce qu'il a fait était juste, il y a dix façons différentes de dire qu'il a fait faux-pas, mais..."
"The kid is so grateful to John, it's heartwarming.",Le jeune homme est si reconnaissant envers John que cela fait chaud au cœur.,Ça fait tellement plaisir à John que ça me réchauffe le cœur.
"The smoke billowed and curved like a dark, beastly creature and Chase blinked back tears as it stung his eyes.","La fumée ondulait et se courbait comme une créature sombre et bestiale, et Chase essuya ses larmes quand elle lui piqua les yeux.","Le fumée s'élevait et courbait comme une créature sombre et bestiale, et Chase se grimaça en se frottant les yeux."
He could finally breathe.,Il pourrait finalement respirer.,Ça lui permettait de respirer.
A total loss for sure.,"Une perte totale, c'était sûr.",Ça ne marchait pas du tout.
"He shouldn't have given in to his desires, and he was mad at himself.","Il n'aurait pas dû céder à ses désirs, et il s'en voulait.","Ça ne devait pas lui arriver, et il se reprouvait."
"""Medical bills.""",Des factures d'hôpital à payer.,Ça fait des frais.
"""You didn't answer your cell.",Tu n'as pas répondu à ton téléphone portable.,Ça te faisait plaisir ?
"""We've become family to each other.",... Nous sommes devenus une famille l'un pour l'autre.,Ça fait de nous une famille.
People would still buy.,Les gens achèteraient quand même.,Ça ne les empêcherait pas de continuer à acheter.
"He'd fight it, fight for her.","Il se battrait, se battrait pour elle.","Il devait la battre, la battre pour elle."
It was none of her business why and where he went.,Ce n'était pas ses affaires de savoir pourquoi et où il allait.,Ça ne lui concernait pas pourquoi et où il allait.
"""Burton,"" he corrects me, but his eyes are liquid.","Burton, me corrige-t-il, mais ses yeux sont liquides.","Ça fait un moment, Burton, lui corrige-je, mais ses yeux sont larmoyants."
"His fingers are a little calloused, though less than I would have thought for a man that worked with his hands.","Ses doigts sont un peu calleux, mais moins que je ne l'aurais cru pour un homme qui travaille avec ses mains.","Ses doigts sont un peu rugueux, mais moins que je ne l'aurais pensé pour un homme qui travaille avec les mains."
"""She's mad at you.""",Elle est en colère contre toi.,Ça fait rage à elle.
"She'd sit on the bar's deck, pretending to read and watching the patrons.","Elle s'asseyait à la terrasse du bar, faisant semblant de lire et observant les clients.","Ça faisait un an qu'elle s'asseyait sur le pont du bar, feignant de lire et regardant les clients."
That's what hurts – so much.,C'est ce qui fait mal  tellement mal.,"Ça me fait mal, tellement."
"My mood has improved dramatically since he told me he was coming, and I'm smiling already.","Mon humeur s'est considérablement améliorée depuis qu'il m'a dit qu'il venait, et je souris déjà.","Ça m'a beaucoup amélioré depuis qu'il m'a dit qu'il venait, et je suis déjà souriant."
"She pressed her body against his, and heat tingled in his abdomen.","Elle pressa son corps contre le sien, et sa chaleur lui picota l'abdomen.","Elle pressa son corps contre le sien, et le chaleur tinglait dans son abdomen."
"For the first time since the storm, he was glad the electricity was out.","Pour la première fois depuis l'orage, il était content que l'électricité soit coupée.",Ça faisait le premier temps depuis la tempête que le courant électrique était coupé.
"That all happened when she was diagnosed with myeloma, bone marrow cancer.","Tout cela est arrivé quand on lui a diagnostiqué un myélome, un cancer de la moelle osseuse.","Ça s'est passé lorsqu'elle a été diagnostiquée de myélome, un cancer du moelle osseuse."
"""Go change those wet clothes before you catch a cold.""",Va changer ces vêtements mouillés avant d'attraper froid.,"Ça fait froid, va changer ces vêtements mouillés avant de prendre froid."
Check flashlight batteries?,Vérifier les piles de la lampe de poche ?,Ça marche ?
"Surprising she could read and write, given the times.""","Il est surprenant qu'elle ait su lire et écrire, compte tenu de l'époque.","Ça lui était surprenant qu'elle puisse lire et écrire, pour l'époque."
"""So much so, that I want you to do the same thing for the rest of Carta Hotels.""",À tel point que je veux que tu fasses la même chose pour le reste des hôtels Carta.,Ça va jusqu'à ce que je te demande de faire la même chose pour le reste des Hôtels Carta.
"""Better figure it out soon.""",Tu ferais mieux de t'en rendre-compte rapidement.,Ça nous fera mieux de le faire bientôt.
We made it through the storm with minimal damage.,Nous avons traversé la tempête avec un minimum de dégâts.,"Ça a fait un peu de dégâts, mais nous avons survécu à la tempête."
"Sharing with a mate from uni, who has since moved.",Je partageais le logement avec un ami de l'université qui a déménagé depuis.,Ça fait du bien de partager avec un ami d'université qui est depuis parti.
Come Undone: Romance Stories Inspired by the Music of Duran Duran,Come Undone : Histoires d'amour inspirées par la musique de Duran Duran,Ça se détache : histoires romantiques inspirées par la musique de Duran Duran
And now he was planning to leave her behind and farm some dry land somewhere a million miles away.,"Et maintenant, il prévoyait de la laisser derrière lui et de cultiver une terre aride quelque part à un million de kilomètres d'ici.","Et maintenant, il avait prévu de la laisser derrière lui et de s'installer sur un terrain sec quelque part à un million de lieues de là."
"I squirt a generous amount over my fingers and slick his cock, encouraging him to pump into my hand.","J'en verse une quantité généreuse sur mes doigts et j'enduis sa bite, l'encourageant à pomper dans ma main.","Je verse une quantité abondante sur mes doigts et je les lisse sur sa queue, lui encouragement à pomper dans ma main."
Inna might have her already.,Inna l'avait peut-être déjà attrapé.,Ça pourrait être Inna qui l'a déjà.
"The first time that he'd heard her humming, he'd squeezed his eyes shut and waited for the pain to explode in his head, only to have the soft, hypnotic sound slowly lull him to sleep.","La première fois qu'il l'avait entendu, il avait fermé ses yeux et attendu que la douleur explose dans sa tête, mais ce fut le contraire.","Ça faisait déjà un moment qu'il entendait sa voix, il avait fermé les yeux et attendu que la douleur explose dans sa tête, mais le son doux et hypnotique l'avait fait tomber dans le sommeil."
Towering clouds formed a barricade of weather that was bound to bring a lot of wind and rain to the little island.,Des nuages imposants formaient une enceinte climatique qui allait certainement apporter beaucoup de vent et de pluie sur la petite île.,"Les nuages s'élevaient en barricade, annonçant une tempête qui allait amener beaucoup de vent et de pluie sur la petite île."
She turned the page and found herself frowning as she went through the rest of the list and decided that perhaps she should just get started when she realized that there was a third page.,Elle décida qu'elle ferait mieux de commencer lorsqu'elle réalisa qu'il y avait une troisième page.,"Ça fait 3 pages, pensa-t-elle en se demandant si elle devait juste commencer."
His heart sped as he realized the potential that hung heavily in the moment.,Son cœur s'accéléra lorsqu'il réalisa le potentiel qui planait sur ce moment.,Son cœur battait à pleine mesure lorsqu'il réalisa le potentiel qui pendait au moment.
"Tears flowed down Mari's cheeks, mixed with the rainfall and the seawater.","Les larmes coulaient sur les joues de Mari, se mêlant à la pluie et à l'eau de mer.","Les larmes coulèrent sur les joues de Mari, mêlées à la pluie et à l'eau de mer."
"You're foolish to try.""",C'est idiot d'essayer.,Ça te fait une bête de t'essayer.
"""I want to take you somewhere you've been dying to go.",Je veux te faire plaisir et t'emmener dans un endroit où tu meurs d'envie d'aller.,Ça m'aide à me détendre.
"He's been eye-fucking me since the moment he walked in the door, and I'm finding it harder and harder to resist him with every pull from my glass.","Il me fait de l'œil depuis qu'il a franchi la porte, et j'ai de plus en plus de mal à lui résister à chaque fois que je bois un verre.","Ça fait déjà des années que je le regarde, et je trouve de plus en plus difficile de résister à lui avec chaque verre que je bois."
"""The only room I can stand to be in, really, is my bedroom.""","La seule pièce que je peux supporter, c'est ma chambre à coucher.","Ça, c'est le seul endroit où je peux me sentir à l'aise, vraiment."
She owes me and she knows it.,Elle me doit quelque chose et elle le sait.,Ça lui est dû et elle le sait.
His expression is sober.,Son expression est sérieuse.,Son expression est simple.
Though the hostage thing might work.,Bien que la prise d'otage semblât être une bonne idée.,Ça pourrait fonctionner avec le fait d'être un otage.
"His eyes lock on the place where our bodies join, his expression positively feral.","Ses yeux se fixent sur l'endroit où nos corps se rejoignent, son expression est positivement féroce.","Ses yeux s'attardent sur le point où nos corps se rejoignent, son expression est positivement féroce."
"Hopefully, the repair wouldn't delay closing on the bar's sale.","Avec un peu de chance, la réparation ne retarderait pas la conclusion de la vente du bar.",Ça ne retarderait pas la vente du bar.
"He didn't know how long they sat on the couch holding each other, but it felt like forever.","Il ne savait pas combien de temps ils étaient restés assis sur le canapé à se serrer l'un contre l'autre, mais cela lui a semblé une éternité.","Ça durait depuis longtemps qu'ils s'étaient assis sur le canapé, les bras autour de l'autre."
He had to be at work in a few hours.,Il devait être au travail dans quelques heures.,Ça faisait quelques heures qu'il devait être au travail.
"He rubbed his arm, trying to stop the itching that suddenly overtook his skin.","Il se frotta le bras, essayant d'arrêter les démangeaisons qui envahissaient soudain sa peau.","Il se frotta le bras, essayant d'arrêter l'ivresse qui envahissait soudain sa peau."
"I hadn't even known he'd been paying attention, since he'd been distracted then too.","Je ne savais même pas qu'il était attentif, puisqu'il avait été distrait à ce moment-là aussi.","Ça m'a fait rire, car je ne savais même pas qu'il m'observait, car il était aussi distrait à ce moment-là."
It was honestly the perfect job for her.,"Pour être honnête, c'était le travail idéal pour elle.",Ça était vraiment le travail parfait pour elle.
He stumbled across the room and put his palms against the wooden door.,Il traversa la pièce en titubant et posa ses paumes contre la porte en bois.,Il traîna dans la pièce et appuya ses mains contre la porte en bois.
"She'd worked hard making the Mermaid's Purse a success, and it wasn't fair that her work was threatened both by a hurricane and by Chase's demonsat the same time.","Elle avait travaillé dur pour faire de la Bourse de la Sirène un succès, et il n'était pas juste que son travail soit menacé à la fois par un ouragan et par les démons de Chase, en même temps.","Ça faisait longtemps qu'elle travaillait dur pour faire du Mermaid's Purse un succès, et il n'était pas juste que son travail soit menacé à la fois par un ouragan et par les démons de Chase."
"""Sorry, I wasn't thinking.","Désolé, je n'ai pas réfléchi.","Ça va, je n'étais pas en train de penser à ça."
"He nibbled at her earlobe, his hot breath sending shivers down her torso and into her legs.","Il lui mordilla le lobe de l'oreille, son souffle chaud faisant frissonner sa poitrine et ses jambes.","Il mordit son oreille, son souffle chaud lui donnant des frissons le long de son torse et de ses jambes."
"By diver man's family.""",Par la famille du plongeur.,Ça fait partie de la famille du plongeur.
"I feel his body jolt beneath mine, muscles going rigid.","Je sens son corps tressaillir sous le mien, ses muscles se raidissent.","Je sens son corps se tordre sous le mien, ses muscles se tendre."
"""And I'm sure that there was a good reason why you didn't contact my office,"" Devyn said, moving to return his attention to the woman that hadn't been happy when she'd discovered that he'd planned on doing this audit in person.","Et je suis sûr qu'il y a une bonne raison pour laquelle vous n'avez pas contacté mon bureau, dit Devyn, reportant son attention sur la femme qui n'avait pas été heureuse d'apprendre qu'il avait prévu de faire cet audit en personne.","Ça m'a semblé intéressant de te voir ici, Devyn dit en reportant son attention sur la femme qui n'avait pas été heureuse de découvrir qu'il avait prévu de faire cet audit en personne."
He'd showered and his damp hair stood in spikes.,Il s'était douché et ses cheveux humides se dressaient en épis.,Il s'était douché et ses cheveux humides se dressaient en épis.
"This is my kingdom, my domain.","C'est mon royaume, mon domaine.","Ça, c'est mon royaume, mon domaine."
"Maybe you can reach me.""",Tu pourras peut-être m'atteindre.,Ça peut être que tu pourras me joindre.
"""When she finally shows up, tell her that Devyn MacGregor, CEO of Carta Hotels, is here to do an inspection,"" Devyn said evenly.","Lorsqu'elle se présentera enfin, dites-lui que Devyn MacGregor, PDG des Hôtels Carta, est ici pour une inspection, dit Devyn d'un ton calme.","Ça va falloir un peu de temps, mais dès qu'elle arrivera, dis-lui que Devyn MacGregor, PDG des Hôtels Carta, est là pour faire une inspection, dit-il d'une voix calme."
"""I wish we could've evacuated.""",J'aurai aimé qu'on évacue.,Ça m'aurait plu de pouvoir évacuer.
"As in, people actually have some.","En fait, les gens ont des attentes, tout simplement.",Ça veut dire que des gens en ont.
"I follow him back to the booth, where I'd been in the middle of setting up my next block of songs.","Je le suis jusqu'au studio, où j'étais en train d'installer mon prochain bloc de chansons.","Je le suis jusqu'à la cabine, où j'étais en plein milieu de la préparation de mon bloc de chansons suivantes."
"This time, I can't stop the shiver that races down my spine.","Cette fois, je ne peux pas arrêter le frisson qui me parcourt l'échine.",Ça me fait frissonner tout le long de ma colonne vertébrale.
"""Practice like this?""",S'entraîner comme ça ?,Ça sert à quoi ?
"She moaned, then tipped her head back to give him access, her tongue tangling with his larger one.","Elle gémit, puis bascula sa tête en arrière pour lui donner un accès total, sa langue s'emmêlant avec celle plus imposante de Chase.","Ça lui donnait des frissons, elle renversa la tête pour lui laisser accéder à elle, sa langue se tanglant avec la sienne plus grande."
"His ears are turning red, and his hands flutter a bit when he reaches for the pita bread.",Ses oreilles rougissent et ses mains s'agitent un peu lorsqu'il attrape le pain pita.,Ses oreilles se rougent et ses mains tremblent un peu lorsqu'il attrape le pain pita.
"His name is Inna.""",Il s'appelle Inna.,Ça s'appelle Inna.
"""This must have cost a fortune,"" I tell him, pouring another glass.","Cela a dû coûter une fortune, lui dis-je en me versant un autre verre.","Ça doit avoir coûté une fortune, lui dis-je en remplissant un autre verre."
He's a good teacher.,C'est un bon professeur.,Ça fait du bien de l'avoir comme professeur.
She leaned over the railing and pretended to look at the dune.,Elle se pencha sur la balustrade et fit semblant de regarder la dune.,Ça lui faisait plaisir de voir la dune.
"The puppies were adorable,"" Andi said with a solemn nod, making him chuckle as she handed the chocolate bar over to him so that she could grab the notebook that he wasn't allowed to touch after he'd made the mistake of marking a page by folding a corner so that he could come back to it later.","Les chiots étaient adorables, déclara Andi avec un hochement de tête solennel, le faisant rire alors qu'elle lui tendait la barre de chocolat afin de pouvoir saisir le carnet qu'il n'avait pas le droit de toucher après avoir commis l'erreur de marquer une page en pliant un coin pour pouvoir y revenir plus tard.","Ça fait un bon moment, dit Andi avec un hochement de tête solennel, le faisant rire, alors qu'elle lui passait le bar chocolat pour qu'il puisse prendre la note qu'il n'était pas autorisé à toucher après qu'il eut commis l'erreur de marquer une page en pliant un coin pour qu'il puisse y revenir plus tard."
Wouldn't that make leaving much easier for him?,Cela ne rendrait-il pas son départ plus facile ?,Ça ne le rendrait-il pas plus facile à quitter ?
"Her face didn't hide the pain in her heart, the pain he hadn't noticed before.","Son visage ne cachait pas la douleur au fond de son cœur, une douleur qu'il n'avait pas remarquée auparavant.","Son visage ne cachait pas la douleur qui se trouvait dans son cœur, la douleur qu'il n'avait pas remarquée auparavant."
"""Before the transfer finished coming through, they attempted to authorize a transfer, but the authorization for the transfer came into question and our accounting department flagged it.""","Avant que le transfert ne soit terminé, ils ont tenté d'autoriser un transfert, mais l'autorisation a été remise en question et notre service comptable l'a signalé.","Ça n'a pas été possible avant que le transfert ne soit terminé, ils ont tenté d'autoriser le transfert, mais l'autorisation du transfert a été remise en question et le service comptabilité l'a bloqué."
"A few drops of water from the structure over them rained down at the motion and she ducked her head, laughing.",Quelques gouttes d'eau provenant de la structure qui les surplombait tombèrent à cause du mouvement et elle baissa la tête en riant.,Ça pleuvait de quelques gouttes d'eau sur la structure et elle bascula la tête en riant.
"""We...don't really talk.""",Nous... ne nous parlons pas vraiment.,Ça... on ne parle pas vraiment.
I get out and jog around the car to grab his hands.,Je sors et contourne la voiture pour lui prendre les mains.,Je sort et courir autour de la voiture pour attraper ses mains.
And it isn't something I've ever shared with anyone else.,Et ce n'est pas un secret que je n'ai jamais partagé avec quelqu'un d'autre.,"Ça, je ne l'ai jamais partagé avec personne d'autre."
Her head swam and she struggled to keep herself under control.,Sa tête s'était mise à tourner et elle luttait pour garder le contrôle.,Son tête tournait et elle lutta pour se maintenir en équilibre.
"My cock bobs eagerly between us, and John's perks up to say hello.","Ma bite oscille entre nous avec impatience, et celle de John se réveille pour dire bonjour.","Ma bite se souleve entre nous, et celle de John se redresse pour saluer."
And I mean he really listens as the singer promises not to let him drown in whatever is troubling him.,"Et, par-là, j'entends qu'il écoute vraiment, car le chanteur lui promet de ne pas le laisser se noyer dans ce qui le trouble.",Ça veut dire qu'il écoute vraiment la chanteuse qui promet de ne pas le laisser noyer dans ce qui le trouble.
"His back is to me, shoulders scrunched up to his ears.","Il me tourne le dos, les épaules haussées jusqu'aux oreilles.","Son dos est tourné vers moi, ses épaules sont repliées sur ses oreilles."
A fucking hurricane was outside his window and he was thinking about getting laid?,Un putain d'ouragan était derrière sa fenêtre et il pensait à s'envoyer en l'air,Ça faisait un putain de ouragan dehors sa fenêtre et il pensait à se faire coucher ?
"He needed to stay focused, he kept reminding himself as he lay there, staring up at the ceiling as he thought about everything that was at stake, the list of hotels that they still needed to take a closer look at, and going over everything he had to do today, anything to stop thinking about the woman in the other room.","Il devait rester concentré, ne cessait-il de se rappeler alors qu'il était allongé, fixant le plafond en pensant à tout ce qui était en jeu, à la liste des hôtels qu'ils devaient encore examiner de plus près, et en passant en revue tout ce qu'il devait faire aujourd'hui, tout était bon pour cesser de penser à la femme dans l'autre pièce.","Il devait rester concentré, se disait-il en étant allongé là-bas, regardant le plafond en pensant à tout ce qui était en jeu, à la liste des hôtels qu'ils devaient encore examiner, et en repassant en tête tout ce qu'il devait faire aujourd'hui, n'importe quoi pour ne pas penser à la femme dans l'autre pièce."
"""Tell my mother I'll be home soon.",Dis à ma mère que je serai bientôt à la maison.,Dis à ma mère que je serai bientôt de retour.
He'd managed to negotiate a contract that benefitted them both.,Il avait réussi à négocier un contrat qui convenait aux deux parties.,Ça lui avait permis de négocier un contrat qui leur était bénéfique.
"But I'm sure...""",Mais je suis sûr...,Ça va marcher...
"""But you came for another reason.""","Mais, tu es venue pour une autre raison.",Ça n'a pas été pour ça que tu es venu.
"Grinning, I queue up Coldplay's Always in My Head.","En souriant, je mets en file d'attente Always in My Head de Coldplay.","Je souris, puis je mets en file d'attente Always in My Head de Coldplay."
"""He's here,"" Dyer's voice trails off.","Il est là, dit Dyer d'une voix étouffée.","Ça va, dit Dyer, qui s'éloigne."
"""Only when I talk to you,"" she said, blinking up at him before following that up with, ""What did you do for Christmas?""","Seulement quand je te parle, dit-elle, clignant des cils avant de poursuivre :","Ça ne fonctionne que quand je te parle, dit-elle en clignant des yeux avant de poursuivre : ""Qu'est-ce que tu as fait pour Noël ?"""
I know he'll leave marks on my skin.,Je sais qu'il laissera des marques sur ma peau.,Ça laissera des traces sur ma peau.
Anything you fucking want!,"Tout ce que tu veux, putain !",Ça te plaît ?
"I always have these harebrained schemes that seem like great ideas...at the time.""",J'ai toujours ces projets farfelus qui semblent être de bonnes idées... sur le moment.,"Ça m'arrive toujours, j'ai des idées qui me semblent géniales à l'époque."
"But there isn't much of a demand for them anymore.""",Mais il n'y a plus beaucoup d'offres pour ce métier.,Ça n'est plus vraiment demandé.
He and the unpowered wheel were both broken by storms.,Lui et la roue sans moteur avaient tous deux étés brisés par les tempêtes.,Ça a été brisé par les tempêtes.
They'd be lucky to have power by morning if the storm held true to predictions.,Ils auront de la chance d'avoir de l'électricité le matin si la tempête se maintient.,Ça leur faudrait de la chance pour avoir du pouvoir le lendemain si la tempête se comportait comme prévu.
"But with John, I want the circle of his strong arms around me.","Mais avec John, je veux le cercle de ses bras forts autour de moi.","Mais avec John, je veux que le cercle de ses bras forts m'entourent."
It's the first genuine laugh I've had all week.,C'est le premier vrai rire que j'ai eu de toute la semaine.,"Ça, c'est le premier rire sincère que j'ai eu toute la semaine."
"I know she'd take me up on any offer I made her, and she knows I know.","Je sais qu'elle accepterait n'importe quelle offre que je lui ferai, et elle sait que je le sais.","Ça me fait rire, je sais qu'elle accepterait tout ce que je lui proposerai, et elle le sait."
"""Sorry you're stuck spending the night with me.""","Désolée que tu sois coincé ici, obligé de passer la nuit avec moi.",Ça va te déplaire de passer la nuit avec moi.
"Might be the last hot meal you get for a while.""",C'est peut-être le dernier repas chaud que tu auras avant longtemps.,Ça pourrait être le dernier repas chaud que tu auras pendant un moment.
"""Is that a hint of jealousy I see?""",Est-ce une pointe de jalousie que je sens ?,Ça sent un soupçon de jalousie ?
I suck the tip of his index finger into my mouth and run my tongue over it.,J'aspire le bout de son index dans ma bouche et passe ma langue dessus.,Je suis suçant le bout de son index dans ma bouche et je le froisse avec ma langue.
A little pain would divert the fear in his gut.,Un peu de douleur détournerait la peur qui le tenaillait.,"Ça lui donnerait un peu de soulagement, ce peur de mort."
"One of his denim-clad legs is folded beneath him, the other stretched toward me.","L'une de ses jambes vêtue de denim est repliée sous lui, l'autre tendue vers moi.","Un de ses jambes en jeans est pliée sous lui, l'autre tendue vers moi."
You'd think I'd never been touched before.,On pourrait croire que je n'ai jamais été touché auparavant.,Ça me ferait croire que je n'étais jamais touché auparavant.
"She met his tongue with her own, wishing to tell him everything she'd kept secret from him.","Elle rencontra sa langue avec la sienne, souhaitant lui dire tout ce qu'elle avait gardé secret.","Elle rencontra sa langue avec la sienne, souhaitant lui dire tout ce qu'elle avait gardé secrète."
"""I know plenty about you,"" he assured her as he swiped to the next email.","Je sais beaucoup de choses sur vous, lui assura-t-il alors qu'il passait à l'e-mail suivant.","Ça m'aide, ça m'aide, dit-il en passant à l'email suivant."
"""I need to get back,"" John says, abruptly.","Je dois rentrer, dit John brusquement.","Ça me faut, dit John, brusquement."
As always.,Comme toujours,Ça fait toujours plaisir.
"""Yes,"" Andi murmured, snuggling in closer until he took the hint and carefully wrapped his arm around her and pulled her closer.","Oui, murmura Andi, se blottissant plus près jusqu'à ce qu'il comprenne l'allusion et l'entoure soigneusement de son bras pour l'attirer plus près de lui.","""Oui"", murmura Andi, s'approchant de lui jusqu'à ce qu'il prenne le dessus et qu'il l'entoure de son bras et la rapproche de lui."
"It's been weeks.""",Ça fait des semaines.,Ça fait des semaines.
Nothing he'd like better than to lay her down and make love to her again and again.,Rien ne lui plairait plus que de l'allonger et de lui faire l'amour encore et encore.,Ça ne lui plairait pas mieux que de la poser et de faire l'amour à nouveau et à nouveau.
"""As long as the surge doesn't get too much bigger than they predict, we'll be okay.","Tant que l'onde de tempête n'est pas plus forte que ce qu'ils prévoient, tout ira bien.",Ça ne sera pas grave tant que la vague ne sera pas trop forte.
"I can tell, just listening to him, how much teaching there meant to John.","Je peux dire, rien qu'en l'écoutant, à quel point l'enseignement a compté pour John.","Ça me dit, juste en l'écoutant, à quel point l'enseignement était important pour John."
"""So, about dinner...""","Alors, à propos du dîner...",Ça va pour le dîner...
Flames licked at the pre-dawn sky and heat radiated from the structure.,Les flammes léchaient le ciel d'avant l'aube et la chaleur irradiait de la structure.,Les flammes léchaient le ciel du crépuscule et la chaleur s'échappait de la structure.
"She'd never been through a tornado, if that's what it was, and she never wanted to experience it again.","Elle n'avait jamais traversé de tornade, si c'était bien de cela qu'il s'agissait, et elle ne voulait plus jamais en faire l'expérience.","Ça n'était pas un tornade, si c'était ça, et elle n'avait jamais vécu une telle chose, et elle n'en voulait pas à nouveau."
"Once she and Chase were married, of course, and his mom was her mother-in-law.","Une fois qu'elle et Chase seraient mariés, bien sûr, et que sa mère serait sa belle-mère.","Ça allait changer une fois qu'elle et Chase seraient mariés, bien sûr, et sa mère serait alors sa belle-mère."
"As long as you know it isn't accurate.""",Tant que tu sais que ce n'est pas vrai.,Ça ne m'inquiète pas tant que vous sachiez que c'est inexact.
I'm not ever marrying you.,Je ne me marierai jamais avec toi.,Ça ne marche pas.
"""Do you want me to stop, or do you want more?"" I'm pressing in, even as I ask the question.",Tu veux que je m'arrête ou tu veux plus ?,"Ça suffit-il pour toi, ou veux-tu plus ?"
"Nodding absently, Andi returned her attention to the bear and-","Hochant la tête distraitement, Andi reporta son attention sur l'ours et...",Andi retourna son attention sur le ours et...
"""I'm taking you to dinner, Miss Dawson,"" Devyn said, smiling as he slowly brushed his lips against hers one last time before he stood up as she sent a panicked gaze at the window and-","Je vous emmène dîner, Mlle Dawson, dit Devyn en souriant et en effleurant lentement ses lèvres une dernière fois avant de se lever, alors qu'elle jetait un regard paniqué vers la fenêtre et...","Ça va être un dîner, Mlle Dawson, dit Devyn, souriant tandis qu'il effleurait lentement ses lèvres avec les siens une dernière fois avant de se lever alors qu'elle envoya un regard paniqué vers la fenêtre et..."
"""It's been called that for as long as I remember.""",On l'appelle ainsi depuis aussi longtemps que je m'en souvienne.,Ça s'appelle ça depuis longtemps.
"His expression is so open, so vulnerable, and it brushes up against a tender spot near my heart.","Son expression est si ouverte, si vulnérable, et elle effleure un point sensible près de mon cœur.","Son expression est si ouverte, si vulnérable, et elle frôle un endroit tendre près de mon cœur."
Kill me now.,Tuez-moi sur le champ !,Ça me tue maintenant.
"He was still incredibly handsome, Andi thought as she debated pointing out that he should be back in bed.","Il était toujours très beau, se dit Andi tout en se demandant si elle devait lui dire de retourner au lit.","Ça faisait toujours un homme incroyablement beau, pensa Andi alors qu'elle hésitait à lui dire qu'il devrait retourner au lit."
"""You're a child of the eighties, aren't you?""","Tu es un enfant des années quatre-vingt, n'est-ce pas ?","Ça fait un enfant des années 80, n'est-ce pas ?"
"He blamed himself for Luke's death, and the passage of time hadn't lessened his feelings in the least.","Il se sentait responsable de la mort de Luke, et le temps qui passait n'avait en rien atténué ses sentiments.","Il se blâma pour la mort de Luke, et le temps n'avait pas atténué ses sentiments."
"After what happened with Luke, then the mess with Kelly.","Après ce qui s'est passé avec Luke, puis avec Kelly","Ça faisait déjà longtemps que je n'avais plus de contact avec Luke, puis il y avait le bêtise avec Kelly."
"I'm a little peeved at the orphaned butterfly that flutters in my stomach when I see his photo on my screen, shirtless and glistening by the pool.","Je suis un peu fâché par le papillon solitaire qui palpite dans mon estomac quand je vois sa photo sur mon écran, torse nu et luisant au bord de la piscine.",Ça me pique un peu le bout du nez de l'envie de le voir nu et brillant par la piscine.
"Then, they'd bring those skills back to North Carolina and run a bar and, with the proceeds, eventually open a diving school for civilians.","Ensuite, ils ramèneraient leurs compétences en Caroline du Nord, tiendraient un bar et, avec les bénéfices, ouvriraient éventuellement une école de plongée pour les civils.","Ça leur permettrait de ramener ces compétences en Caroline du Nord et de faire fonctionner un bar et, avec les bénéfices, d'ouvrir une école de plongée pour les civils."
"I feel myself opening already, anticipating him.","Je me sens déjà en train de m'ouvrir, je l'attends.","Je me sens déjà ouvrir, l'anticipant."
Anthologies:,Anthologies :,Anthologies :
"At least, for now.",Du moins pour l'instant,Ça va durer ?
"John was right when he said the man was handsome, but he doesn't hold a candle to my brawny lad.","John avait raison quand il a dit que l'homme était beau, mais il n'arrive pas à la cheville de mon mec musclé.","Ça va, John avait raison quand il disait que l'homme était beau, mais il n'est pas aussi beau que mon gosse."
"She ran her gaze from the small bandage covering the cut on his temple that was probably going to leave a small scar down to the dark bruise that ran from his temple to his jaw, absently noting that it was beginning to fade.","Elle promena son regard sur lui, allant du bandage qui recouvrait sa coupure à la tempe et qui allait sûrement laisser une cicatrice, à l'ecchymose sombre qui courait de sa tempe à sa mâchoire.","Son regard parcourut le petit bandage qui recouvrait la coupure sur son temple qui allait probablement laisser une petite cicatrice, et la bruise qui courait du temple à la mâchoire, tout en s'éloignant de lui."
"""Maybe a few shingleshard to tell.""","Peut-être quelques bardeaux, c'est difficile à dire.",Ça pourrait être un peu plus facile.
"Then again, none of this made any sense.","En même temps, rien de tout ceci n'avait aucun sens.",Ça n'avait aucun sens.
"I think it's the one thing I was put on this earth to do.""",Je pense que c'est la seule chose pour laquelle j'ai été mis sur cette terre.,"Ça, c'est la seule chose pour laquelle j'ai été créée sur cette terre."
"""You're gorgeous, successful, grounded...""","Tu es magnifique, tu as du succès, tu as les pieds sur terre...","Ça va, tu es magnifique, tu es réussi, tu es bien ancrée..."
And then I'm out like a spent match.,Et puis je m'éteins comme une allumette usée.,Et alors je suis comme une allumette éteinte.
"I'm not in love with him, but I still love him.","Je ne suis pas amoureux de lui, mais je l'aime toujours.","Ça ne veut pas dire que je ne l'aime pas, mais je l'aime encore."
He's a jolly sort. A kind of Sicilian Santa Claus.,Une sorte de Père Noël sicilien.,Ça fait rire.
"I'll stay a few days and visit, as long as my shop is still fine.","Je resterai quelques jours pour visiter, tant que mon magasin va bien.","Je resterai quelques jours et visiterai, tant que ma boutique sera en état."
"""I'm cautiously optimistic,"" he hedged, taking a sip of apple juice as he pulled his phone back out of his pocket.","Je suis prudemment optimiste, nuança-t-il avant de prendre une gorgée de jus de pomme et de reprendre son téléphone.","Ça va marcher, je suis optimiste, dit-il en buvant un verre de jus de pomme tout en sortant son téléphone de sa poche."
They almost reached the beach stairs when he stopped.,Ils avaient presque atteint les escaliers de la plage lorsqu'il s'arrêta.,"Ça faisait presque un an qu'ils étaient sur la plage, et ils s'approchaient de l'escalier qui mène à la plage."
"When Devyn only glared, Lucas said, ""That's why.""","Comme Devyn se contenta de lui jeter un regard noir, Lucas dit : ""Voilà pourquoi.""",Ça explique pourquoi.
"It hasn't been that long.""",Ça ne fait pas si longtemps.,Ça n'a pas été long.
What the hell would he think if he found her talking to a naked man?,Que penserait-il s'il la surprenait en train de parler à un homme nu ?,"Ça, qu'en dirait-il s'il la voyait parler à un homme nu ?"
"For a moment, he considered trying to make his way back to his room so that he could pass back out on his bed, but the thought of soaking in a hot bath sounded really fucking good at the moment.","Pendant un instant, il envisagea l'idée de retourner dans sa chambre et de s'évanouir encore une fois dans son lit, mais l'idée d'un bon bain chaud était tout aussi tentante à cet instant.","Pour un moment, il envisagea de retourner dans sa chambre pour s'endormir sur son lit, mais l'idée de se baigner dans une baignoire à eau chaude lui semblait vraiment très agréable."
They spring out of my head in Medusa spirals that I pretend to control in the morning.,Elles jaillissent de ma tête en spirales comme Méduse que je fais semblant de contrôler le matin.,Ça me vient à l'esprit comme des spirales de Méduse que je prétends contrôler le matin.
"""Let's simply say your father made a bet and lost.",Disons simplement que ton père a fait un pari et qu'il a perdu.,"Ça dit, ton père a fait un pari et a perdu."
"Tied up, or of his own free will.","Attaché, ou de son plein gré.","Être attaché, ou de son plein gré."
The woman who'd pledged her life to me.,La femme qui m'avait juré de m'aimer toute ma vie.,La femme qui avait promis sa vie à mon service.
Every fiber of his heart wanted to reach in and claim those lips.,Toutes les fibres de son cœur voulaient s'approcher et s'emparer de ces lèvres.,Ça faisait battre tout le cœur de ce jeune homme.
"""Neither of us knew what we were doing.""",Aucun de nous ne savait ce qu'il faisait.,Ça ne nous servait à rien.
"Something is really eating at the man, and I wish I knew him well enough for me to be able to ask.","Quelque chose le ronge vraiment, et j'aimerais le connaître assez pour pouvoir le lui demander.","Ça me semble vraiment le détruire, et je regrette de ne pas le connaître assez bien pour pouvoir lui poser la question."
"""Please don't make this more difficult than it already is.""","S'il te plaît, ne rends pas les choses plus difficiles qu'elles ne le sont déjà.",Ça ne fait que rendre les choses plus difficiles qu'elles ne le sont déjà.
"""Do I have a choice?""",Ai-je le choix ?,Ça me donne le choix ?
"""I'll tell you about that oil portrait hanging over the bar.",Je vais te parler de cette peinture à l'huile accrochée au-dessus du bar.,"Ça, c'est un portrait en huile qui pend au-dessus du bar."
"He'd led her on, knowing he couldn't give her what she really needed.",Il avait couché avec elle sachant qu'il ne pouvait pas lui donner ce dont elle avait vraiment besoin.,"Ça lui avait donné l'impression qu'il pouvait lui donner ce qu'elle voulait, alors qu'il savait qu'il ne pouvait pas lui donner ce qu'elle voulait."
"He's smiling, despite the uncertainty in his eyes.","Il sourit, malgré l'incertitude dans ses yeux.","Il sourit, malgré l'incertitude dans ses yeux."
It occurs to me that it's been over a month since I got laid.,Je me rends compte que cela fait plus d'un mois que je ne me suis pas envoyé en l'air.,Ça me vient à l'esprit que c'est plus d'un mois que je n'ai pas eu de sexe.
"""Did you step on any glass?""",As-tu marché sur du verre ?,Êtes-vous tombé sur du verre ?
"Are you going to leave me here and run away?""",Qu'est-ce que tu vas faire ? Tu vas me laisser ici et t'enfuir ?,Êtes-vous prêt à me laisser ici et à te fuir ?
Chase took a bite of his sandwich then set it down.,Chase croqua une bouchée de son sandwich puis le reposa.,"Chase mangé une bouchée de son sandwich, puis le posa."
"I know she's doing what she thinks is best.""",Je sais qu'elle fait ce qu'elle pense être le mieux.,"Ça, c'est ce qu'elle croit être le meilleur pour elle."
"In a split second, she threw her arms around his neck and craned to kiss him, giving him a peck beneath his chin.","En une fraction de seconde, elle lui passa les bras autour du cou et se pencha pour l'embrasser, lui faisant un petit bisou sous le menton.","Dans un clin d'œil, elle passa ses bras autour de son cou et se pencha pour l'embrasser, lui donnant un baiser sous le menton."
He liked falling asleep with her in his arms more than he should.,"Il aimait, beaucoup plus qu'il ne devait, s'endormir avec elle dans ses bras.",Ça lui plaisait de tomber dans le sommeil dans ses bras plus qu'il ne le devrait.
"Better grab a candle or two.""",Je ferais mieux de prendre une ou deux bougies.,Ça me fera mieux de prendre une bougie ou deux.
"The mentholated cream soothed his skin as he rubbed, though he was careful not to lather near the cut.","La crème mentholée apaisa sa peau lorsqu'il frotta, bien qu'il fît attention à ne pas faire mousser la crème près de la coupure.","Le crème mentholé apaisait sa peau tandis qu'il se frottait, mais il s'efforça de ne pas lécher la plaie."
"""This is no time to be afraid of the ocean.",Ce n'est pas le moment d'avoir peur de l'océan.,Ça ne fait pas de bon moment de avoir peur de l'océan.
"When the backs of his knees hit it, I release him, and he tumbles down.","Lorsque l'arrière de ses genoux le touche, je le libère et il se tomber.","Quand ses genoux heurtent le sol, je le laisse tomber."
"The crash of waves onto the sand echoed against the dunes, and the darkened skeletal remains of the pier jagged from the water.","Le fracas des vagues sur le sable résonnait contre les dunes, et les vestiges squelettiques de la jetée se détachaient de l'eau.","Les vagues s'écrasaient sur le sable, et les restes squelettiques de la jetée, tachés de ténèbres, se détachaient de l'eau."
"""What do you think?"" Andi asked as she waited for Drew, her twin brother, best friend, and the man that she was counting on to tell her that she wasn't making a mistake to say something.","demanda Andi en attendant que Drew, son frère jumeau, son meilleur ami et l'homme sur qui elle comptait pour lui dire qu'elle n'était pas en train de commettre une erreur, dise quelque chose.","Ça te plaît ? demanda Andi en attendant Drew, son frère jumeau, son meilleur ami, et l'homme dont elle comptait pour lui dire qu'elle ne commettait pas d'erreur en acceptant cet emploi."
"No one would have ever put bets on finding a buyer that fast.""",Personne n'aurait jamais parié sur le fait de trouver un acheteur aussi rapidement.,Ça ne se passe jamais aussi vite.
Like Inna said.,Comme l'avait dit Inna.,Ça ressemble à ce que dit Inna.
"Sniffing my shirt, maybe?","Il renifle mon t-shirt, peut-être ?",Ça sent le linge de mon chemise ?
I've never seen it before.,Je ne l'avais jamais vue auparavant.,Ça m'a jamais plu.
"""He'll see me if I move it.",Il me verra si je la bouge.,Ça me fera plaisir si je le vois.
"""You called me your date.""",Tu as dit que j'étais ton rendez-vous.,Ça veut dire que tu m'as pris pour ta date.
"Now that the storm brought them back to reality, she could sense him tightening again with worry.","Maintenant que la tempête les ramenait à la réalité, elle sentait qu'il se crispait à nouveau d'inquiétude.","Ça faisait maintenant un moment que la tempête les avait rappelés à la réalité, elle pouvait sentir qu'il se resserrait à nouveau sous le poids de ses préoccupations."
"""You like him.""",Tu l'aimes bien.,Ça va te plaire.
"He knew that he was taking a chance by spending the last month on the road, but he didn't have a choice.","Il savait qu'il prenait un risque en passant le dernier mois sur la route, mais il n'avait pas le choix.","Ça faisait un mois qu'il était sur la route, et il savait qu'il prenait un risque, mais il n'avait pas d'autre choix."
"That couldn't be good, Andi thought even as she followed the mystery man that commandeered her interview, curious to see where this was going.","Ça ne présageait rien de bon, pensa Andi même si elle suivait l'homme mystérieux qui la convoquait pour un entretien afin de voir où tout ça la menait.","Ça ne pouvait pas être bon, pensa Andi alors qu'elle suivait l'homme mystérieux qui commandait son entretien, curieuse de voir où ça menerait."
"She kept her face buried in the couch, her ass high in the air.","Elle gardait le visage enfoui dans le canapé, les fesses en l'air.","Elle garda son visage enfoui dans le canapé, son cul en l'air."
I say this to John when he gives me his mood for the night.,C'est ce que je dis à John lorsqu'il me fait part de son humeur du soir.,Ça me dit John quand il me donne son humeur de la soirée.
Damn the bad memories and damn his chivalry.,Au diable les mauvais souvenirs et au diable sa galanterie.,Ça fait mal les souvenirs mauvais et ça fait mal sa chevalerie.
"Biting back a disappointed sigh, Andi reluctantly stood up and followed him to the door, hoping that he'd change his mind.","Réprimant un soupir de déception, Andi se leva à contrecœur et le suivit jusqu'à la porte, espérant qu'il changerait d'avis.","Ça fait mal, marmonna Andi en se levant et en suivant son amant vers la porte, espérant qu'il changerait d'avis."
"She leaned against him, his body damp with sweat and warm.","Elle s'appuya contre lui, son corps humide de sueur et chaud.","Elle s'appuya contre lui, son corps mouillé de sueur et chaud."
"""Not me, my, uh, niece.","Pas moi, ma, euh... nièce.","Ça ne m'intéresse pas, ma, uh, nièce."
"He tried to back up, but he slid, his feet not gaining any traction on the shifting mess.","Il essaya de reculer, mais il glissa, ses pieds n'ayant aucune prise sur le sable mouvant.","Il essaya de reculer, mais il glissa, ses pieds ne trouvant pas d'appui sur le sol mouvant."
"If only she knew how to ease his grief about his brotherthen, she might be able to get his attention on other things, like living.","Si seulement elle savait comment soulager son chagrin à propos de son frère, elle pourrait alors attirer son attention sur d'autres choses, comme vivre.","Si elle savait comment soulager sa tristesse à propos de son frère, elle pourrait attirer son attention sur d'autres choses, comme la vie."
But she was old enough and independent enough to do this on her own.,Mais elle était assez âgée et indépendante pour le faire toute seule.,Ça faisait déjà un moment qu'elle était assez âgée et assez indépendante pour faire ça tout seule.
"""John, please, oh please, tell me you've had sex in the last eight years.""","John, s'il te plaît, oh s'il te plaît, dis-moi que tu as fait l'amour au cours des huit dernières années.",Ça fait huit ans que tu n'as pas eu de relations sexuelles ?
Focus on the ropes and climbing.,Elle se concentra sur les cordes et sur l'escalade.,Je veux me concentrer sur les cordes et l'escalade.
"""I'm glad you did,"" I admit, still shaky.","Je suis content que tu l'aies fait, admets-je, encore tremblant.","Ça m'a plu, admis-je, toujours tremblant."
"It also didn't hurt that she was always early, worked hard, never bitched or complained when he asked her to do something, didn't bother kissing his ass, and, of course, he hadn't found her curled up in the fetal position underneath her desk yet.","À ça, il fallait rajouter qu'elle arrivait toujours tôt, travaillait dur, ne se plaignait jamais quand il lui demandait de faire quelque chose, elle ne lui léchait pas les bottes, et bien sûr, il ne l'avait pas trouvé en position fœtale sous son bureau pour l'instant.","Ça ne l'avait pas fait de mal qu'elle soit toujours en retard, qu'elle travaillait dur, qu'elle ne se plaindrait jamais quand il lui demandait de faire quelque chose, qu'elle ne se fatiguait pas à lui faire la cour, et, bien sûr, il n'avait pas encore trouvé sa petite dans le fauteuil en position fetale sous son bureau."
"Still don't, but it's thick and silky as the pads of my fingers slide along the waves.","Je ne le sais toujours pas, mais ils sont épais et soyeux lorsque la pulpe de mes doigts glisse dans ses cheveux ondulés.","Ça n'est pas encore prêt, mais il est épais et silky, comme les ondulations de mes doigts."
"He'd offered to put this deal on hold until after she had the twins, but she'd been determined to see this thing through to the end and-","Il lui avait proposé de mettre cette affaire en suspens jusqu'à ce qu'elle ait accouché des jumeaux, mais elle était déterminée à aller jusqu'au bout et...","Ça avait été proposé de mettre ce contrat en attente jusqu'à ce qu'elle ait donné naissance aux jumeaux, mais elle avait déterminé de le terminer et..."
"Silence stretches on between us, and I feel vindicated.",Le silence s'étire entre nous et je me sens validé.,Le silence s'étend entre nous et je me sens justifié.
"""Chase will be back soon.",Chase sera bientôt de retour.,Chase reviendra bientôt.
The bar was covered with lit candles and Mari was whistling some unknown song and twirling around.,Le bar était couvert de bougies allumées et Mari sifflait une chanson inconnue en tournant sur elle-même.,Le bar était recouvert de bougies et Mari chantait une chanson inconnue et se balançait.
"""Yes, when he left her, she was carrying his child.""","Oui, quand il l'a quittée, elle portait son enfant.","Ça va, quand il l'a quittée, elle était enceinte de son enfant."
"It probably wouldn't have been so bad if she'd been allowed to focus on one thing at a time, but apparently, that wasn't an option.","Elle s'en serait probablement sortie s'il lui avait permis de se concentrer sur une seule tâche à la fois, mais apparemment, c'était impossible.","Ça n'aurait pas été si mal si elle avait été autorisée à se concentrer sur une chose à la fois, mais apparemment, c'était impossible."
It wasn't too late.,Il n'était pas trop tard.,Ça n'était pas trop tard.
That should be enough water.,Il devrait y avoir assez d'eau.,Ça devrait suffire.
"""I...it's just so wrong not having you with me,"" he groans.","Je... ça fait tellement mal de ne pas t'avoir avec moi, gémit-il.","Ça... c'est tellement faux de ne pas avoir de toi avec moi, gémit-il."
"""Let me get you a towel,"" he said in his forced calm and hopefully nice voice.","Je vais te chercher une serviette, dit-il de sa voix calme et, espérait-il, agréable.","Ça me fait plaisir, dit-il, dans sa voix calme forcée et espérant qu'elle soit douce."
"""I know, I'm too awesome to be single forever.""","Je sais, je suis trop génial pour rester célibataire toute ma vie.","Ça va, je suis trop cool pour rester célibataire à jamais."
Clearly his body and mind weren't on the same page.,"Manifestement, son corps et son esprit n'étaient pas sur la même longueur d'onde.",Ça faisait clairement que son corps et son esprit n'étaient pas sur la même longueur d'onde.
"If Chase left, she'd have to marry Inna, or run away and live in a hidden cove somewhere her tribe couldn't find her.","Si Chase partait, elle devrait épouser Inna, ou s'enfuir et vivre dans une crique cachée, quelque part où sa famille ne pourrait pas la trouver.","Si Chase partait, elle devrait épouser Inna, ou s'enfuir et vivre dans une baie cachée où son peuple ne la trouverait pas."
Twitter: @kerryadrienne,Twitter : @kerryadrienne,Twitter : @kerryadrienne
"When she'd come to shore, she'd left behind everything she'd ever known to make it on her own and sometimes the weight of that choice caused her a pang of indecision.","Lorsqu'elle était arrivée sur la terre ferme, elle avait laissé derrière elle tout ce qu'elle avait connu pour se débrouiller seule et, parfois, le poids de ce choix lui causait un sentiment de doute.","Ça faisait longtemps qu'elle était sur la terre ferme, elle avait laissé derrière elle tout ce qu'elle avait connu pour faire de sa vie, et parfois le poids de cette décision la faisait vaciller."
"I know this fun house.""",Je connais ce palais du rire.,"Ça, c'est un palais du rire."
Andi Dawson.,Andi Dawson,Ça s'appelle Andi Dawson.
"Too many to count, and yet not enough to satisfy.","Trop pour les compter, et pourtant pas assez pour les satisfaire.","Ça fait trop longtemps que je ne t'ai pas vu, et ça fait trop longtemps que je ne t'ai pas vu."
And arranged marriages aren't always a bad thing.,Et les mariages arrangés ne sont pas toujours une mauvaise chose.,Ça n'est pas toujours une chose mauvaise.
"When she came out of the bathroom, she scanned the empty bar.","En sortant de la salle de bains, elle balaya du regard le bar vide.","Quand elle sortit de la salle de bains, elle regarda le bar vide."
"Since he'd been standing at the railing, clouds had filled most of the sky over the ocean and crept toward the shore.","Depuis qu'il se tenait à la balustrade, les nuages avaient envahi la majeure partie du ciel au-dessus de l'océan et s'étaient rapprochés du rivage.","Depuis qu'il était debout à la balustrade, les nuages avaient envahi la plupart du ciel au-dessus de l'océan et s'approchaient de la côte."
"She peeked to see what he was doing, and he held his hands up and wiggled his fingers.","Elle jeta un coup d'œil pour voir ce qu'il faisait, et il leva les mains et remua les doigts.","Ça lui donnait envie de voir ce qu'il faisait, et il leva les mains et commença à faire des mouvements de doigts."
"I moan, and suck, and lick, and nibble, and give John Burton's cock every bit of pleasure I can dream up.","Je gémis, je suce, je lèche, je mordille et je donne à la queue de John Burton tout le plaisir que je peux imaginer.","Je gémis, je suce, je lèche, je mordille, et je lui donne tout le plaisir que je peux imaginer."
"""Come on, Chase, it'll be a nice break from being cooped up in here.""","Viens, Chase, ce sera une bonne pause après avoir été enfermés ici.","Ça va être un bon changement de scène, Chase."
"My patience with you is...gone.""",Ma patience en ce qui te concerne est... épuisée.,Ma patience avec toi est... finie.
The merpeople were incensed at Amelia's departure and hunted down the ship.,Les habitants des mers étaient furieux du départ d'Amelia et avaient pris le bateau en chasse.,Les habitants des mers étaient en colère à cause du départ d'Amelia et poursuivaient le bateau.
"God, he wasn't ready for it to end yet.","Bon sang, il n'était pas encore prêt à ce que ça se termine.",Ça ne finissait pas pour lui.
"Right now, family isn't one of the positives.""","En ce moment, ma famille ne fait pas partie des choses positives.",Ça n'est pas l'un des points forts de la famille.
"""My shop will be a complete loss.",Mon magasin est totalement foutu.,Ça va être un vrai flop.
"""I wasn't planning on going,"" Devyn said, knowing better than to waste any time on bullshit, not when he only had four months to clean this mess.","Je n'avais pas prévu d'y aller, dit Devyn qui avait mieux à faire que de perdre son temps dans ces bêtises alors qu'il n'avait que quatre mois pour tout arranger.","Ça ne faisait pas partie de mes plans, répondit Devyn, sachant mieux que personne ne fallait pas perdre de temps sur des choses inutiles, pas quand il n'avait que quatre mois pour nettoyer ce désastre."
"A small, tight eye meant a strong, well-organized storm.",Un oeil de cyclone de petite taille était synonyme d'une tempête forte et rigoureuse.,Un petit œil noir indiquait une forte et bien organisée tempête.
This has been a sore spot for us ever since the beginning.,"Depuis le début, c'est un point sensible entre nous.",Ça a été un point d'irritation entre nous depuis le début.
What kind of relationship would that be?,Quel genre de relation cela serait-il ?,"Ça, c'est quoi un rapport ?"
"Right now, I watch John float back to earth.","Pour l'instant, je regarde John revenir sur terre.","Ça fait maintenant un moment, John revient à la terre ferme."
Desperately.,Désespérément.,Desespérément.
"I prefer to remain anonymous online.""",Je préfère rester anonyme en ligne.,Je préfère rester anonyme en ligne.
"Overbearing, sometimes.","Trop autoritaire, parfois.",Ça te fait passer pour un tyran parfois.
"You've mentioned it a few times.""",Tu l'as mentionné plusieurs fois.,Ça a été mentionné à plusieurs reprises.
"John looks over my head, and the scent of falafel fills my nose as the waiter reaches around me and sets our lunch orders on the table.",John regarde par-dessus ma tête et l'odeur des falafels m'emplit le nez lorsque le serveur me contourne et dépose nos commandes sur la table.,"John regarde par-dessus ma tête, et le parfum de falafel remplit mon nez alors que le serveur passe derrière moi et pose nos repas sur la table."
Plenty of stuff in the kitchen.,Il y a plein de choses dans la cuisine.,Ça y a beaucoup de choses dans la cuisine.
She had to make sure that wouldn't happen.,Elle devait s'assurer que cela n'arriverait pas.,Ça ne pouvait pas arriver.
"At first, he thought it was some kind of sick joke played on him when he was drunk, and he'd tried to scrub it off, thinking it might be ink pen.","Au début, il avait cru qu'il s'agissait d'une mauvaise blague qu'on lui avait faite lorsqu'il était ivre, et il avait essayé de l'effacer en pensant qu'il s'agissait peut-être d'encre de stylo.","À première vue, il pensait que c'était une blague maladive jouée sur lui lorsqu'il était ivre, et il avait essayé de l'effacer, pensant qu'il s'agissait d'encre de stylo."
"He really got into the Artic Monkeys.""",Il a vraiment aimé les Arctic Monkeys.,Ça lui a vraiment plu les Arctic Monkeys.
"She wanted to memorize his every move, capture every touch and preserve the moments when they came together as one.","Elle voulait mémoriser chacun de ses mouvements, capturer chaque contact et immortaliser les moments où ils ne faisaient qu'un.","Ça lui donnait envie de mémoriser tous ses mouvements, de capter tous ses touches et de conserver les moments où ils se rejoignaient."
He couldn't let her get him more upset.,Il ne pouvait pas la laisser l'énerver davantage.,Ça ne pouvait pas le faire plus nerveux.
"""I'm not ready yet,"" she said.","Je ne suis pas encore prête, dit-elle.","Ça ne me va pas encore, dit-elle."
"Not really caring how it got there, Andi grabbed her bag and-","Sans se soucier de la façon dont il était arrivé là, Andi l'attrapa et...","Ça n'avait pas d'importance de savoir comment ça s'était produit, Andi saisit son sac et..."
"I've only turned on two of the lamps in my living room, and the walls merely glow softly around us.","Je n'ai allumé que deux des lampes de mon salon, et les murs se contentent de diffuser une douce lueur autour de nous.","Je n'ai allumé que deux lumières dans mon salon, et les murs éclairés par la lumière des lampe ne brillent que doucement autour de nous."
I'm only half-serious.,Je ne suis qu'à moitié sérieux.,Ça ne me regarde pas.
"She scampered after him, her flip-flops squeaking on the floor as she tried to run through the mirrored maze without tripping or falling or knocking over mirrors.","Elle lui emboita le pas, ses tongs crissant sur le sol alors qu'elle essayait de courir à travers le labyrinthe de miroirs sans trébucher, tomber ou renverser les miroirs.","Elle le suivit, ses claquettes s'entrechoquaient sur le sol alors qu'elle essayait de courir à travers le labyrinthe de miroirs sans tomber ou casser des miroirs."
"""Music speaks to me,"" I find myself saying.","La musique me parle, me trouvé-je à dire.","Ça me parle, dis-je."
Nicki takes a sudden interest in the papers on her desk.,Nicki s'intéresse soudain aux papiers posés sur son bureau.,Nicki s'intéresse soudain aux papiers sur son bureau.
"""That's better, now drink this.""","C'est mieux, maintenant bois ça.","Ça va mieux maintenant, bois ça."
"""I don't think I've heard it,"" John admits.","Je ne pense pas l'avoir entendu, admet John.","Ça ne m'a pas frappé, admis John."
"So far, the only thing that they knew was that whoever was behind it had access, which meant that every member of the board and several high-ranking executives at the company was a suspect.","Jusqu'à présent, la seule chose qu'ils savaient, c'était que la personne qui était derrière tout ça avait un accès à la gestion des Hôtels Carta, ce qui signifiait que tous les membres du conseil d'administration et plusieurs cadres supérieurs de l'entreprise étaient suspects.",Ça faisait donc de tous les membres du conseil d'administration et de plusieurs hauts fonctionnaires de la société des suspects.
"""I don't know,"" he yelled.","Je ne sais pas, cria-t-il.","Ça ne me regarde pas, cria-t-il."
Chapter 19,Chapitre 19,19e chapitre
But she knew what she didn't want.,"Mais, elle savait ce dont elle ne voulait pas.","Ça ne faisait pas de doute, elle savait ce qu'elle ne voulait pas."
"I'll tell you about the painting later.""",Je te parlerai du tableau plus tard.,"Ça, je te le dirai plus tard."
"There's nothing here for you anymore.""",Il n'y a plus rien ici pour toi.,Ça ne te sert plus de rien.
"""Nothing changed, except maybe my ability to deny the truth.","Rien n'a changé, sauf peut-être ma capacité à nier la vérité.","Ça n'a rien changé, à part peut-être ma capacité à nier la vérité."
"The water, cool for September, pushed and pulled at her until she was over waist deep.","L'eau, fraîche pour un mois de septembre, la poussait et la tirait jusqu'à ce qu'elle ait dépassé sa taille.","L'eau, fraîche pour septembre, la poussa et la tirait jusqu'à ce qu'elle soit au-dessus de la taille."
"The moon is nearly full, waxing or waning I don't know, but it's bright.","La lune est presque pleine, je ne sais pas si elle est croissante ou décroissante, mais elle est brillante.","La lune est presque pleine, je ne sais pas si elle est en phase de croissance ou de décroissance, mais elle est très claire."
"When the wet heat of John's mouth surrounds me for the first time, I know that I'm going to embarrass myself.","Lorsque la chaleur humide de la bouche de John m'entoure pour la première fois, je sais que je vais me ridiculiser.","Quand la chaleur humide de la bouche de John m'entoure pour la première fois, je sais que je vais me faire une bêtise."
"He must have figured out where we went.""",Il a dû comprendre où on était allés.,Ça doit lui avoir donné une idée de l'endroit où nous étions allés.
"""I promise I won't let anything happen to you.""",Je te promets que je ne laisserai rien t'arriver.,"Ça, je le promets."
And I'm a little tongue-tied when he leans down and leaves a soft kiss on my cheek before he sits in the chair across from me.,Et je reste muet lorsqu'il se penche et dépose un doux baiser sur ma joue avant de s'asseoir sur la chaise en face de moi.,Ça me fait un peu perdre mon sang froid lorsqu'il se penche et dépose un doux baiser sur ma joue avant de s'asseoir sur le fauteuil en face de moi.
He'd be on a boat. On the water.,Il serait sur un bateau.,"Ça, c'était sur un bateau."
"""I'll see you before I leave tomorrow.""","On se verra demain, avant mon départ.",Ça va falloir.
"His other arm boasted some type of navy diver tattoo, faded and smudged.","Son autre bras arborait une sorte de tatouage de plongeur de la Marine, délavé et abîmé.","Son autre bras portait un tatouage de plongeur de la marine, tatouage effacé et taché."
"""We have more important things to discuss,"" Devyn said with a pointed look at the files in his hands as he placed them on the coffee table.","Nous avons des choses plus importantes à discuter, déclara Devyn avec un regard appuyé sur les dossiers entre ses mains alors qu'il les posait sur la table basse.","Ça nous occupera plus tard, dit Devyn en posant les dossiers sur la table basse."
"We can clean tomorrow.""",Nous pourrons nettoyer demain.,"Ça, on peut le nettoyer demain."
Old-time pirates scared her.,Les pirates d'antan lui faisaient peur.,Ça lui faisait peur les pirates du passé.
"Maybe this wouldn't be so bad, Andi tried telling herself as she glanced back at the door to find Uncle Shawn standing there, shooting her a wink and a reassuring smile that was supposed to make this better.","Peut-être que ça ne sera pas si mal, se dit Andi alors qu'elle jetait un œil à l'embrasure de la porte où se tenait Oncle Shawn, lui lançant un clin d'œil et un sourire rassurant censés rendre les choses plus agréables.","Ça pourrait pas être si mal, se disait Andi en jetant un coup d'œil à la porte pour voir Oncle Shawn s'y tenir, lui faisant un clin d'œil et un sourire réconfortant qui devait améliorer la situation."
"I stare up at John's sad, popcorn ceiling until I drift off into an exhausted, dreamless sleep.",Je fixe le triste plafond en crépi de John jusqu'à ce que je sombre dans un sommeil épuisant et sans rêve.,"Je fixe le plafond en carton-papier de John, plein de trous, jusqu'à ce que je m'endors dans un sommeil épuisé et sans rêves."
"Before I realize what I've done, my hands are on his shoulders.","Avant que je ne réalise ce que j'ai fait, mes mains sont sur ses épaules.","avant que je ne m'en aperçoive, mes mains sont sur ses épaules."
"""Yeah, maybe, but the whole arranged marriage thing sounds a little crazy.","Oui, peut-être, mais cette histoire de mariage arrangé me semble un peu folle.","Ça, oui, mais le mariage arrangé a un peu l'air fou."
If he knew her fantasies.,Si seulement il connaissait ses fantasmes.,Si il connaissait ses fantasmes.
"She keeps every door open, as if inviting partygoers to slip away and indulge in whatever they might fancy.","Elle laisse toutes les portes ouvertes, comme si elle invitait les fêtards à s'éclipser et à se laisser aller à leurs envies.","Elle laisse toutes les portes ouvertes, comme si elle invitait les invités à s'échapper et à se laisser aller à leurs fantaisies."
"""Did you come out before you moved here or after?""",As-tu fait ton coming out avant d'emménager ici ou après ?,Êtes-vous sorti avant de déménager ici ou après ?
"When I run a slick fingertip around his hole, he loses the battle, surging up and into the back of my throat.","Lorsque je passe le bout d'un doigt luisant sur le pourtour de son anus, il perd la bataille, s'arc-boutant  et s'enfonçant au fond de ma gorge.","Quand je passe le bout de mon doigt humide autour de son anus, il perd la bataille, se soulevant et se jetant dans la gorge."
"""Remember, this is a story.",N'oublie pas que c'est une histoire.,"Ça, c'est une histoire."
As far-fetched as the story the merfolk told?,Était-elle aussi farfelue que l'histoire racontée par le peuple des mers ?,Être-t-elle aussi improbable que l'histoire racontée par les habitants des mers ?
"""And no rule says we have to meet up for lunch.""",Et aucune règle ne dit que nous devons nous retrouver pour déjeuner.,Ça n'y a pas de règle qui dit que nous devons nous rencontrer pour le déjeuner.
"""I know it's a tattoo, silly mermaid.","Je sais que c'est un tatouage, stupide sirène.","Ça fait partie d'un tatouage, ma belle sirène."
"And had given me the sweetest, softest kiss.",Et il m'avait donné le plus doux des baisers.,Ça fait déjà un moment que je ne vous ai pas vu.
"Relieved that this was finally over, Devyn reached for his pen and-","Soulagé d'en finir, Devyn saisit son stylo et...","Relié de voir que ça finissait enfin, Devyn tendit sa plume et..."
"For the most part, the scene is still.","La plupart du temps, la scène est immobile.",La scène est encore la plupart du temps calme.
He rubbed his arms to silence the tingling she'd caused.,Il se frotta les bras pour faire taire les picotements qu'elle avait provoqués.,Il se frotta les bras pour calmer le pouls qu'elle lui avait donné.
"When she hesitated, he looked up and met her gaze as he said, ""Please,"" and found herself lying down as she noted the pained expression in his beautiful eyes.","Lorsqu'elle hésita, il leva les yeux et croisa son regard en disant : ""S'il te plaît"", et elle se retrouva allongée en remarquant l'expression de douleur dans ses beaux yeux.","Quand elle hésita, il leva les yeux et rencontra son regard, disant : ""S'il te plaît"", et elle s'allongea, notant l'expression de douleur dans ses beaux yeux."
"I'm nearing six feet, but John Burton's got a good five inches on me, at least.","J'approche le mètre quatre-vingt-dix, mais John Burton fait au moins cinq centimètres de plus que moi.","Je mesure près de deux mètres, mais John Burton a au moins cinq centimètres de plus que moi."
"""Let's enjoy this evening together, okay?","Profitons de cette soirée ensemble, d'accord ?","Ça fait du bien de profiter de ce soir ensemble, n'est-ce pas ?"
"As long as it's been, I'm still sad when I think about him.","Malgré tout le temps passé, je suis toujours triste quand je pense à lui.","Ça me fait toujours triste de penser à lui, même après tant de temps."
As if she didn't already have enough problems.,Comme si elle n'avait pas déjà assez de problèmes.,Ça faisait comme si elle n'avait pas déjà assez de problèmes.
"I sit up, feeling like I've been hit by a cement lorry.","Je me redresse, avec l'impression d'avoir été renversé par un camion benne.","Je me redresse, comme si j'avais été frappé par un camion de béton."
"""You owe me more of an explanation.""",Tu me dois plus d'explications.,Ça te coûte un peu plus d'explications.
"It's slow and sweet and almost makes me miss my next cue, but I wouldn't have stopped the kiss if he hadn't pulled away.","C'est lent et doux, me faisant presque rater la chanson suivante à préparer, mais je n'aurai pas arrêté le baiser s'il ne s'était pas éloigné.","Ça est lent et doux, et je risque de manquer mon coup, mais je n'aurais pas arrêté le baiser s'il n'avait pas cessé de se détacher."
"""Make no mistake, if you run, I will chase you.","Ne te méprends pas, si tu t'enfuis, je te poursuivrai.","Ça ne va pas se passer comme ça, si tu te débrouilles, je te rattraperai."
He grabbed her hand and half dragged her as he took off running.,Il lui prit la main et la traîna à moitié pendant qu'il se mettait à courir.,"Il lui attrapa la main et la tira à moitié, tout en s'envolant à toute vitesse."
"For most of her life, she'd felt lost, but when she was in Devyn's arms, she felt like she was exactly where she was supposed to be and that scared her.","Pendant la majeure partie de sa vie, elle s'était sentie perdue, mais lorsqu'elle était dans les bras de Devyn, elle avait l'impression d'être exactement là où elle devait être et ça l'effrayait.","Pour la plupart de sa vie, elle avait l'impression d'être perdue, mais quand elle était dans les bras de Devyn, elle avait l'impression d'être exactement où elle devait être, et cela la terrifiait."
"""John,"" I say after I set up the first block of songs for the night.",dis-je après avoir lancé le premier bloc de chansons de la soirée.,"John, dis-je après avoir mis en place le premier bloc de chansons pour la soirée."
"Like, when his parents announced they were getting divorced.",Comme lorsque ses parents ont annoncé qu'ils divorçaient.,Ça a commencé quand ses parents ont annoncé leur divorce.
I set the paper aside and look at the bottle of lube.,Je mets le papier de côté et regarde la bouteille de lubrifiant.,Je laisse tomber le papier et j'examine le flacon de lubrifiant.
I need to steer us toward safer ground.,J'ai besoin de nous diriger vers un terrain plus sûr.,Ça me faut pour nous diriger vers un terrain plus sûr.
"You'll get a formal letter asking you to vacate, but I thought I'd stop in and tell you personally.","Tu recevras une lettre officielle te demandant de quitter les lieux, mais j'ai pensé que c'était mieux de passer te le dire personnellement.","Ça va te parvenir une lettre officielle pour te demander de quitter l'appartement, mais je pensais que je te dirais ça personnellement."
"""They fell in love.""",Ils sont tombés amoureux.,Ça fait qu'ils sont tombés amoureux.
"""It's not exactly appropriate for a restaurant,"" Andi mumbled sadly, because she would actually love to go to dinner with him.","Ce n'est pas vraiment approprié pour un restaurant, marmonna Andi avec tristesse, parce qu'elle aurait vraiment aimé aller dîner avec lui.","Ça n'est pas vraiment approprié pour un restaurant, marmonna Andi, triste parce qu'elle aurait vraiment aimé dîner avec lui."
The deck railing creaked as he grasped it.,La rambarde du pont grinça lorsqu'il la saisit.,La rambarde du pont grinca lorsqu'il la saisit.
"""He's the guy that's made you so happy, your entire body language has changed.",C'est lui qui t'a rendu si heureux que ton langage corporel a changé.,"Ça, c'est le gars qui t'a rendu si heureux, ton comportement a changé."
"What's wrong with my couch?""",Qu'est-ce qui ne va pas avec mon canapé ?,Ça va ?
John is handling this much better than I am.,John gère cela beaucoup mieux que moi.,John gère bien mieux cette situation que moi.
"They settle on my hips, and he squeezes hard.",Elles se posent sur mes hanches et il serre fort.,"Ça se fixe sur mes hanches, et il me presse fort."
She pushed her hair over her shoulders and headed to the beach walkway so she could see the pier up close and inspect the damage.,Elle repoussa ses cheveux sur ses épaules et se dirigea vers la promenade de la plage afin de voir la jetée de plus près et d'inspecter les dégâts.,Elle repoussa ses cheveux sur ses épaules et se dirigea vers la promenade de la plage pour pouvoir voir la jetée de plus près et inspecter les dégâts.
"Even when you're not being real, there's still a truth behind everything you do and say.""","Même quand tu te caches, il y a toujours une vérité derrière tout ce que tu fais et dis.","même quand tu n'es pas vrai, il y a toujours une vérité derrière tout ce que tu dis et que tu fais."
"I'd give it to him, I'm sure, regardless.","Je le lui donnerais, j'en suis sûr, peu importe ce que c'est.","Ça me donnerait, je suis sûre, même si je le refusais."
"He turned away, sure that his cheeks had flamed at the sight.","Il se détourna, certain que ses joues s'étaient enflammées à cette vue.","Il se détourna, sûr que ses joues avaient rougi à la vue."
"""I told you, he hates this.""","Je te l'ai dit, il déteste tout ça.",Ça lui fait rêver.
"""The renovations are moving along.",Les rénovations avancent.,Les travaux d'aménagement se déroulent bien.
If only Chase knew who watched out for whom.,Si seulement Chase savait qui surveillait qui.,Ça dirait que Chase ne savait pas qui gardait qui.
"""Am I too loud?"" John looks so guilty I feel like I should be apologizing.",John paraît tellement coupable que j'ai l'impression que c'est moi qui devrais m'excuser.,Êtes-je trop bruyant ?
"She looked small against the vast ocean, like a grain of sand on the beach.","Elle paraissait si petite face à l'immensité de l'océan, comme un grain de sable sur la plage.","Ça lui donnait l'air petite face à l'océan immense, comme un grain de sable sur la plage."
"He snatched his hand away, blood rushing to his face at the thought she'd caught him fondling her while she was asleep.","Il retira sa main, le sang lui montant au visage à l'idée qu'elle l'ait surpris en train de la caresser pendant qu'elle dormait.","Il retira sa main, le sang coulant à son visage à l'idée qu'elle l'avait pris en train de caresser sa poitrine alors qu'elle dormait."
He couldn't be more confusing if he tried.,Il ne pouvait  pas être plus déroutant même s'il essayait.,Ça ne pouvait pas être plus confus s'il essayait.
"Luke had always preferred the whale, and they'd passed up a turn on the wheel numerous times to wait for the blue cart to come available.","Luke avait toujours préféré ""la baleine"", et ils avaient renoncé plusieurs fois à un tour de roue pour attendre que la cabine bleue se libère.","Luke avait toujours préféré le baleine, et ils avaient déjà passé de nombreuses fois leur tour sur la roue pour attendre que le véhicule bleu soit disponible."
He shrugged and set the last glass ornament in the box.,Il haussa les épaules et déposa le dernier ornement en verre dans la boîte.,"Ça ne m'intéresse pas, dit-il en haussant les épaules, et il posa le dernier ornement en verre dans la boîte."
"""Something like that.""",Quelque chose comme ça.,Ça ressemble à ça.
"The queen shielded her eyes and looked to the bar, now simmering and smoking.","La reine se protégea les yeux et regarda le bar, maintenant réduit en un tas frémissant et fumant.","La reine se protégea les yeux et regarda le bar, qui s'éteignait et fumait."
"Smoke hadn't filled the bedroom, but something was burning somewhere in the bar.","La fumée n'avait pas envahi la chambre, mais quelque chose brûlait quelque part dans le bar.","Le fumée n'avait pas envahi la chambre, mais quelque chose brûlait dans le bar."
The number of times I've fantasized about this very moment is incalculable.,Le nombre de fois où j'ai fantasmé sur ce moment précis est incalculable.,Ça fait des années que je rêve de ce moment.
"""Next week,"" Chase said.","La semaine prochaine, dit Chase.","Ça commence la semaine prochaine, dit Chase."
"they didn't have time for another round of sex, even if he thought it was a good idea, which it wasn't.","Il ne pouvait pas s'impliquer et ils n'avaient pas le temps pour une autre partie de jambes en l'air, même s'il pensait que c'était une bonne idée; ce qui n'était pas le cas.","elles n'avaient pas le temps pour un autre tour de sexe, même si il pensait que c'était une bonne idée, ce qui n'était pas le cas."
"""I'm sorry, Devyn,"" Andi said, wishing that she'd never brought it up.","Je suis désolée, Devyn, déclara Andi, souhaitant n'avoir jamais abordé le sujet.","Ça me déçait, Devyn, dit Andi, regrettant de ne pas avoir laissé tomber le sujet."
He's a self-talker.,Il se parle à lui-même.,Ça fait un auteur qui se parle.
"""Five times?"" he asked as they headed down a side street towards the long line of apartment complexes that lined the street.",reprit-il alors qu'ils se dirigeaient vers une rangée d'appartements qui bordait un des côtés de la rue dans laquelle ils se trouvaient.,Ça fait cinq fois ?
He eyes the crowd of reporters like he wants to tear them apart with his bare hands.,Il regarde la foule des journalistes comme s'il voulait les déchiqueter à mains nues.,Il regarde la foule de journalistes comme s'il voulait les déchirer à mains nues.
Time to choose the future.,Il était temps de choisir l'avenir.,Ça faisait temps de choisir son avenir.
"""Is that a bad thing?"" he asked as they slowly made their way past the reason why they'd been stuck on the highway for the past two hours as the road crew pulled back the orange cones.",demanda-t-il alors qu'ils dépassaient lentement la raison pour laquelle ils étaient restés bloqués sur l'autoroute depuis deux heures alors que l'équipe de sécurité routière retirait les cônes orange.,Ça n'est-il pas une bonne chose ?
"""Don't think about all that stuff right now,"" she said.","Ne pense pas à tout cela pour l'instant, dit-elle.","Ça ne te préoccupe pas pour l'instant, dit-elle."
"Instead, he'd left the clothes and shoes strewn about and his books and magazines piled around the room.","Au lieu de cela, il avait laissé les vêtements et les chaussures éparpillés, les livres et les magazines empilés dans la pièce.","Ça n'était pas ça, il avait laissé ses vêtements et ses chaussures par terre et ses livres et ses magazines en tas dans la pièce."
"""Hey, mister,"" she said.","Hé, monsieur, dit-elle.","Ça va, monsieur, dit-elle."
"It took time to figure out how to turn my love of music into a career.""",Il m'a fallu du temps pour comprendre comment transformer mon amour de la musique en carrière.,Ça m'a donné le temps de comprendre comment transformer mon amour de la musique en une carrière.
"Reluctantly, hands shaking so badly I can barely get them to do my bidding, I click.","À contrecœur, les mains tremblant à tel point que j'ai du mal à les faire fonctionner, je clique.","Reluctamment, les mains tremblantes à tel point que je ne peux même pas les faire obéir à mes ordres, je clique."
"He was on a sunny beach, and the wind was light, hugging.","Il se trouvait sur une plage ensoleillée, et le vent était léger, enveloppant.","Ça faisait beau, et le vent était doux et chaud."
The duvet was high-quality cotton and cool to the touch in the muggy room.,La couette était en coton de haute qualité et fraîche au toucher dans la pièce moite.,Le duvet était en coton et frais à la touche dans la pièce humide.
"""That porn you were going to tell me about?""","Alors, ce porno dont tu allais me parler ?","Ça, le porno que tu allais me raconter ?"
"Worth your forgiveness.""",S'il vaut la peine que tu lui pardonnes.,Ça vaut le prix de ta clémence.
"Numbness flowed through him like molasses, and he clenched his biceps.",Une sensation d'engourdissement le traversa comme de la mélasse et il serra les biceps.,"Ça lui coulait dans les veines comme du sirop de sucre, et il serrit ses biceps."
She'd use whatever she could to get him to stick around long enough to fall in love.,Elle ferait tout ce qu'elle pourrait pour qu'il reste assez longtemps pour tomber amoureux.,Ça lui servirait à le faire rester assez longtemps pour tomber amoureux.
"He set the glass of water in front of her, then drew up a tall beer for himself.","Il posa le verre d'eau devant elle, puis se servit une grande bière.","Il posa le verre d'eau devant elle, puis se procura une bière."
They started following her.,Ils ont commencé à la suivre.,Ça commença à la suivre.
"I don't want to fall this fast, but I don't know how to stop the slide.","Je ne veux pas tomber amoureux aussi vite, mais je ne sais pas comment arrêter la chute.","Ça fait trop vite, je ne veux pas tomber si vite, mais je ne sais pas comment arrêter."
Local teacher fired after claims he seduced a student.,Un enseignant local licencié après avoir été accusé d'avoir séduit un élève.,Un enseignant local licencié après des allégations de seduction d'une élève.
John is at the podium now.,John est maintenant sur le podium.,John est à l'estrade maintenant.
"""Michael John Dalton is innocent,"" the older woman begins.","""Michael John Dalton est innocent"", commence la femme la plus âgée.","Michael John Dalton est innocent, commence la femme plus âgée."
Maybe he'd reach someone who could help in time.,Peut-être qu'il aurait pu joindre quelqu'un qui pourrait l'aider à temps.,Ça pourrait lui permettre d'atteindre quelqu'un qui pourrait l'aider à temps.
The positive.,Les choses positives.,Ça va être positif.
"""He's trying to get up.""",Il essaie de se lever.,Ça tente de se relever.
This is a tiny lie.,C'est un petit mensonge.,Ça fait un petit mensonge.
"But yours isn't much better.""",Mais le tien n'est pas beaucoup mieux.,Ça ne te sert à rien.
"""Welcome to the Emerald Cove.",Bienvenue à Emerald Cove.,Bienvenue au Cove Emerald.
"""Do you have a problem with long hours?""",Est-ce que les grandes amplitudes horaires vous posent un problème ?,Ça te pose-t-il un problème de longues heures ?
He thinks he can bully me into marriage.,Il pense qu'il peut faire pression pour que je me marie.,Ça lui semble qu'il peut me forcer à l'épouser.
"""I need to get the painting of Christopher.",Je dois récupérer le tableau de Christopher.,"Ça me faut, le tableau de Christopher."
"""You need to let him explain.",Tu dois le laisser s'expliquer.,"Ça te faut, il faut que tu le laisses s'expliquer."
No point in hearing the same thing over and over.,Ce n'est pas la peine d'entendre la même chose encore et encore.,Ça ne sert à rien d'entendre la même chose à chaque fois.
"""2356 multiplied by 23.""","""2356 multiplié par 23.",2356 multiplié par 23.
"He ran his tongue lightly over her soft lips, tasting her again and again.","ll passa légèrement sa langue sur ses lèvres douces, la goûtant encore et encore.","Il passa sa langue légèrement sur ses lèvres douces, goûtant-la à nouveau et à nouveau."
"Most of the people I know are cynics, or reformed cynics.","La plupart des gens que je connais sont des cyniques, ou des cyniques repentis.","La plupart des gens que je connais sont des cyniques, ou des cyniques réformés."
He spat on the ground.,Il cracha sur le sol.,Ça lui faisait cracher sur le sol.
"He should be losing his fucking mind trying to figure out how he was going to fix this in time, but right now, all he felt was relief.","Il aurait dû être en train de péter les plombs en essayant d'arranger ce merdier, mais au lieu de ça, il se sentait soulagé.","Ça lui fallait de perdre la tête pour essayer de savoir comment il allait résoudre ça à temps, mais pour l'instant, il ressentait seulement un soulagement."
"I'll drag his ass out there and show him what power I have, and then I'll let him feel what it's like to die because you can't breathe.","Je vais le traîner là-bas et lui montrer le pouvoir que j'ai, puis je lui ferai sentir ce que c'est que de mourir parce qu'on ne peut plus respirer.","Ça va me faire sortir de ma chaise et je vais lui montrer ce que c'est que le pouvoir, et ensuite je vais le laisser sentir ce que c'est que mourir parce que tu ne respires pas."
"God, she really didn't want to be the one to tell him.","Bon sang, elle ne voulait vraiment pas être celle qui le lui annoncerait.","Ça, elle ne voulait pas être la première à le lui dire."
The last few hours of listening to Chase talk had been a delicious distraction from both the storm and Inna's revelation.,Les dernières heures passées à écouter Chase avaient été une délicieuse distraction par rapport à la tempête et à la révélation d'Inna.,"Les dernières heures pendant lesquelles Chase parlait avaient été un délice de distraction, tant pour la tempête que pour la révélation d'Inna."
"Side note, Prince is infinitely better on vinyl.",À noter que Prince est infiniment meilleur sur vinyle.,Ça fait du bien de le voir en vinyle.
"Andi found herself wondering as she reluctantly turned around, resigning herself to never knowing the joy of making a snow angel and decided that this moment deserved a heartfelt sigh.","en se retournant à contrecœur, se résignant à ne jamais connaître la joie de faire un ange de neige et décidant que ce moment méritait un soupir sincère.","Ça lui fit sourire de voir Andi se retourner, se résignant à ne jamais connaître le plaisir de faire un ange de neige et décida qu'il fallait un soupir sincère."
"I don't pine after straight men, but I sure as fuck don't mind looking.","Je ne me languis pas des hommes hétérosexuels, mais ça ne me dérange pas de les regarder.","Ça ne m'intéresse pas, mais je ne me plains pas de le regarder."
It's there in the tremble of his hands as they ghost over my thighs.,"C'est là, dans le tremblement de ses mains qui se promènent sur mes cuisses.",Ça se voit dans le tremblement de ses mains qui passent sur mes cuisses.
"We had our time, but..."" He exhales.","Nous avons eu notre temps, mais... Il lâche un soupir.","Ça a duré, mais..."
"""Well, you're good at it.""","Eh bien, tu es doué pour ça.","Ça va, tu as du talent."
"Cradling her face in his hands, Devyn slowly breathed into her mouth.","Prenant délicatement son visage entre ses mains, Devyn inspira lentement dans sa bouche.",Devyn serra les mains autour de son visage et respira lentement dans sa bouche.
"""Let's move over to the couch where it's more comfortable.","Allons-nous installer sur le canapé, c'est plus confortable.",Ça va être plus confortable sur le canapé.
"Giving his gorgeous dick one last lick, I climb up his body.",Je lèche une dernière fois sa superbe queue et  grimpe le long de son corps.,"Je lui donne un dernier lécher sur sa magnifique perle, puis je monte sur son corps."
"""I told you to take care of her and you fucking left her there!"" Devyn shouted, slamming him back against the wall.","Je t'ai dit de prendre soin d'elle et putain, tu l'as laissée là-bas !","Ça me faisait rage, tu m'as dit de la protéger et tu l'as laissée là !"
"You're still here because of him, aren't you?""","C'est à cause de lui que tu es encore là, n'est-ce pas ?","Ça t'a fait rester ici, n'est-ce pas ?"
"I let my head drop to my chest as he works my glutes, my cock twitching already.","Je laisse ma tête retomber contre ma poitrine pendant qu'il frotte mon fessier, ma bite tressaillant déjà.","Je laisse tomber ma tête sur ma poitrine alors qu'il travaille mes fesses, mon membre se tord déjà."
"They are in the way of my mission.""",Elle m'empêche d'accomplir ma mission.,Ça gêne mon travail.
"""I don't want to work in accounting,"" she reminded him.","Je ne veux pas travailler à la comptabilité, lui rappela-t","Ça ne fait pas de bien de travailler dans le service comptabilité, lui rappela-t-elle."
"""Thank you for saving me the trouble,"" Lucas said smoothly as he clicked to the next slide.","Merci de m'avoir épargné cette peine, dit Lucas d'une voix doucereuse en cliquant sur la diapositive suivante.","Ça m'épargne le détour, dit Lucas d'un ton doux alors qu'il passait à la diapositive suivante."
"I stroke my thumb over the fabric of his tee, wishing like hell it were bare skin.","Je passe mon pouce sur le tissu de son T-shirt, souhaitant ardemment que ce soit de la peau nue.","Je passe mon pouce sur le tissu de sa chemise, souhaitant à tout prix qu'il soit de la peau."
"""I told you, the family, they can't...""","Je te l'ai dit, sa famille ne peut pas...","Ça, la famille, elles ne peuvent pas..."
The ocean breeze lifted her sundress and sent it flapping against her thigh and it was all he could do to keep from reaching for her.,"La brise de l'océan soulevait sa robe d'été et l'envoyait battre contre sa cuisse, et il fit tout son possible pour ne pas tendre la main vers elle.","Le vent de l'océan souleva sa robe de plage et la fit flotter contre sa cuisse, et c'est tout ce qu'il pouvait faire pour ne pas s'approcher d'elle."
"""Most of the restaurant stuff is staying with the bar.""",La plupart du matériel du restaurant ainsi que le bar restent.,"Ça, c'est pour le bar."
"I feel him take a deep breath, and then he sighs sweetly.","Je le sens prendre une profonde inspiration, puis soupirer doucement.","Je le sens inspirer profondément, puis il soupire doucement."
"Things could have been much worse, for sure.","Les choses auraient pu être bien pires, c'est certain.","Ça aurait pu être bien pire, sans aucun doute."
And he's back to avoiding eye contact.,Et il recommence à éviter le contact visuel.,Ça fait que ça reprend.
Of course.,Évidemment.,Ça va sans dire.
"I've fallen silent again because I'm trying to be present for him, but he's probably misinterpreting things.","Je me tais à nouveau car j'essaie d'être présent pour lui, mais il interprète probablement mal les choses car il continue.","Ça me fait taire à nouveau parce que je veux être présent pour lui, mais il a probablement mal interprété les choses."
"""Then I guess I should give this to someone else,"" came the softly murmured words that had her swallowing hard as she looked up and found Devyn standing in her doorway.","Alors, je devrais donner ça à quelqu'un d'autre, les mots doucement murmurés qui la firent déglutir alors qu'elle levait les yeux et trouvait Devyn dans l'embrasure de sa porte.","Ça me fait plutôt penser que je devrais le donner à quelqu'un d'autre, lui demanda-t-elle en murmurant doucement ce qui la fit déglutir difficilement alors qu'elle le regardait dans son portail."
"I reach up and slide a hand into his hair, run my other fingers along the dips and curves of his back.","Je me lève et glisse une main dans ses cheveux, je passe mes autres doigts le long des creux et des courbes de son dos.","Je tend une main dans ses cheveux, je passe les autres doigts le long des courbes et des creux de son dos."
"""Let the human go.""",Laisse partir l'humain.,"""Laisse le humain aller."
"""Why did it have to be Luke?",Pourquoi fallait-il que ce soit Luke ?,Pourquoi Luke ?
"The beach lay in darkness, and Inna could lurk anywhere among the dunes or pier remains.","La plage était plongée dans l'obscurité, et Inna pouvait se cacher n'importe où parmi les dunes ou les vestiges de la jetée.","La plage était dans l'obscurité, et Inna pouvait se cacher n'importe où parmi les dunes ou les restes de la jetée."
Chapter 34,Chapitre 34,34e chapitre
"His fingers tweak one of my nipples, and I moan into yet another kiss.",Ses doigts titillent l'un de mes mamelons et je gémis dans un nouveau baiser.,Ses doigts serrèrent un de mes mamelons et je gémis sous le choc d'un autre baiser.
"God, that felt so fucking good.","Mon Dieu, que ça faisait du bien.",Ça sentait tellement bon.
But he wasn't good at that kind of thing.,Mais il n'était pas doué pour ce genre de choses.,Ça ne lui venait pas facilement.
"I don't only mean the millions of songs in the digital archive, someone in the station's history had hoarded vinyl like it was going out of style.","Je ne parle pas seulement des millions de chansons contenues dans les archives numériques, mais du fait qu'une personne, dans l'histoire de la station, ait accumulé des vinyles comme si c'était démodé.","Ça ne veux pas dire que les millions de chansons dans l'archive numérique, mais quelqu'un dans l'histoire de la station avait rassemblé des disques vinyle comme si c'était la mode."
"After maneuvering around a few tables, he laid her on the corner couch.","Après avoir contourné quelques tables, il l'allongea sur le canapé du coin.","Après avoir manœuvré autour de quelques tables, il la posa sur le canapé."
I hum the line to him and search his face for recognition.,Je lui fredonne le morceau et cherche sur son visage pour voir s'il a reconnu la mélodie.,Je lui chante la ligne et j'examine son visage à la recherche de reconnaissance.
"""Do you think it will ever go away?",Penses-tu que cela disparaîtra un jour ?,Ça va disparaître un jour ?
"Any other day, his eye contact would be filed in the fantasy category called ""replay.""","N'importe quel autre jour, son contact visuel aurait été catalogué dans l'esprit de Mari dans la catégorie des fantasmes appelée ""replay"".","Ça n'aurait pas été un problème d'autre part, mais elle n'aurait pas pu s'empêcher de regarder dans ses yeux."
"""Such a cynic, you are.""",Tu es un vrai cynique.,"Ça fait un cynique, tu es."
Too relieved to be inside the circle of his embrace again to fight it.,Je suis trop soulagé d'être à nouveau dans le cercle de son étreinte pour lutter.,Ça lui donnait trop de soulagement de se retrouver à l'intérieur du cercle de son bras pour s'y opposer.
Not my John.,Pas mon John.,Ça n'a rien à voir avec mon travail.
"I debate driving back down to Philly, even though it's not a good idea in my current frame of mind.","J'envisage de retourner à Philadelphie en voiture, même si ce n'est pas une bonne idée dans l'état d'esprit où je me trouve.","Je hésite à retourner à Philadelphie, même si c'est une mauvaise idée dans mon état d'esprit actuel."
"And even though the sea held darkness, the land did too.","Et même si la mer contenait des ténèbres, la terre en contenait aussi.","Ça n'a pas d'importance, la mer est aussi sombre que la terre."
"But you all don't care about that, you have a juicy story for your ratings and your newspapers.","Mais vous vous en moquez tous, vous avez une histoire juteuse pour vos audiences et vos journaux.","Ça ne vous importe pas, vous avez une belle histoire pour vos audiences et vos journaux."
"Sunset was near, though it was impossible to tell with the blossoming of dark clouds across the sky.","Le coucher du soleil était proche, même s'il était impossible de le deviner avec l'éclosion de nuages sombres dans le ciel.","Le coucher du soleil approchait, mais il était impossible de le déterminer avec la prolifération de nuages noirs dans le ciel."
"And besides, pirates didn't have coffee with cream and sugar.","Et puis, les pirates ne prenaient pas de café avec de la crème et du sucre.",Ça n'était pas du café avec de la crème et du sucre.
She dropped her clothes on the sand and placed a rock on them to keep them from blowing away then glanced at Inna.,"Elle laissa tomber ses vêtements sur le sable et posa une pierre dessus pour les empêcher de s'envoler, puis jeta un coup d'œil à Inna.","Elle laissa tomber ses vêtements dans le sable et posa une pierre dessus pour les empêcher de s'envoler, puis regarda Inna."
"He wraps his arms around me, one across my collar and one around my chest, and it feels so damned good.","Il m'entoure de ses bras, l'un autour de mon cou et l'autre autour de ma poitrine, et c'est tellement bon.","Il enroule ses bras autour de moi, l'un sur mon col et l'autre autour de mon torse, et ça me fait tellement de bien."
He pulls out a Steely Dan.,Il sort un vinyle de Steely Dan.,Ça fait un Steely Dan.
"He'd used her weakness against her, something that she would not forget.",Il avait utilisé sa faiblesse contre elle ;,"Ça lui avait servi de faiblesse contre elle, quelque chose qu'elle ne oublierait pas."
Quivering like a pair of virgin teenagers.,Frémissant comme deux ados puceaux.,Ça tremble comme un couple de jeunes filles vierges.
The rain was picking up and it wouldn't be long until it was constant.,La pluie s'intensifia et ne tardera pas à devenir continue.,Ça pleuvait de plus en plus et ça ne faudrait pas longtemps pour qu'il pleuve sans relâche.
The dune grass bent almost horizontally to the ground and clouds of sand rolled down the beach like tumbleweeds.,L'herbe des dunes se courbaient presque horizontalement vers le sol et des nuages de sable roulaient sur la plage comme des chenilles.,Les herbes de la dune s'inclinaient presque horizontalement au sol et des nuages de sable roulaient sur la plage comme des tiges de paille.
"Mesa turned to walk away, then stopped and looked back.","Mesa se tourna pour s'éloigner, puis s'arrêta et se retourna.","Mesa se retourna pour s'éloigner, puis s'arrêta et regarda en arrière."
"""It's a great offer,"" he added.","C'est une excellente offre, ajouta-t-il.","Ça fait une très bonne offre, ajouta-t-il."
"I watch him through the double-paned glass of the booth, and I can hear him through the open door.",Je le regarde à travers le double vitrage de la cabine et je l'entends par la porte ouverte.,"Je le regarde à travers le double vitrage de la cabine, et je le sens à travers la porte ouverte."
"""I have a reservation for Andi Dawson,"" Andi said with a satisfied sigh as she reached for her credit card only to end up grumbling when Devyn narrowed his eyes on her until she put it away.","J'ai une réservation au nom d'Andi Dawson, dit Andi avec un soupir de satisfaction en tendant sa carte de crédit, mais elle finit par grommeler quand Devyn la fixa, les yeux plissés  jusqu'à ce qu'elle la range.","Ça m'a fait plaisir, dit Andi avec un soupir de satisfaction en prenant sa carte de crédit, mais elle finit par grogner lorsque Devyn la regarda avec un regard acariâtre jusqu'à ce qu'elle le mette de côté."
"The sooner they could find out what condition the island was in, the sooner he could leave.","Plus vite ils sauraient dans quel état se trouvait l'île, plus vite il pourrait partir.",Ça dépendait de savoir dans quel état se trouvait l'île.
"Today is Sunday, and Nicki has invited everyone to a celebratory brunch at Rick's Pub.",Nous sommes dimanche et Nicki a invité tout le monde à un brunch de célébration au Rick's Pub.,"Ça fait un dimanche, et Nicki a invité tout le monde à un brunch de fête à Rick's Pub."
"It had taken being disavowed in a very public, painful way to get Dyer to walk away from the two years he'd invested.",Il a fallu qu'il soit désavoué de manière très publique et douloureuse pour que Dyer abandonne les deux années qu'il avait investi dans cette relation.,Ça a fallu qu'il soit démenti de façon très publique et très douloureuse pour qu'il s'en aille après les deux années qu'il avait investies.
Was this what being a grown-up was like?,"Était-ce ça, être adulte ?","Ça, c'était-ce que c'était à être adulte ?"
No telling what the tide pushed up near the shore.,On ne sait pas ce que la marée poussait près du rivage.,Ça ne faisait pas de doute que le flot avait apporté quelque chose près du rivage.
It rubs over my raw nerves and makes my heart ache.,Elle gratte mes nerfs à vif et me fait mal au cœur.,Ça froisse mes nerfs brûlants et fait mal à mon cœur.
Inna kicked at the floor planks with his bare foot.,Inna donna un coup de pied sur les planches du sol avec son pied nu.,Inna donna un coup de pied à la planche avec son pied nu.
Was Christopher the pirate who killed Inna's great-great-something-grandmother?,Christopher était-il le pirate qui avait tué l'arrière-arrière-grand-mère d'Inna ?,Ça faisait-il Christopher le pirate qui a tué l'arrière-arrière-grand-mère d'Inna ?
"John's erection is thicker than mine, though shorter.","L'érection de John est plus épaisse que la mienne, bien que plus courte.","L'érection de John est plus épaisse que la mienne, mais plus courte."
"He scanned the beach, looking for Inna.","Il balaya la plage du regard, à la recherche d'Inna.",Il parcourut la plage à la recherche d'Inna.
"The water here is still and silent, green with algae and moss, and brackish in my nostrils.","Ici, l'eau est calme et silencieuse, verte avec des algues et de la mousse, et saumâtre dans mes narines.","L'eau ici est calme et silencieuse, verte à cause des algues et des mousses, et salée dans mon nez."
"He's so big and so solid, I can't help but feel safe with him.",Il est si grand et si solide que je ne peux m'empêcher de me sentir en sécurité avec lui.,"Ça fait si grand et si solide, je ne peux pas m'empêcher de me sentir en sécurité avec lui."
You've built a great little business here and you should be proud.,Tu as créé une belle petite affaire et tu peux en être fière.,Ça fait du bien de te féliciter pour ce petit business que tu as construit.
"A light breeze hit her, pushing away the sticky humidity for a moment, and she gulped the fresh airso clean.","Une légère brise l'atteignit, chassant un instant l'humidité poisseuse, et elle avala l'air frais, si pur.","Une légère brise la frappa, repoussant la chaleur et l'humidité pour un moment, et elle respira l'air frais."
"""And that film is still your birthright.""",Et ce film fait partie de ton patrimoine !,"Ça, c'est encore ton droit de naissance."
"""What's complicated about it?",Qu'est-ce qui est compliqué ?,"Ça est compliqué, pourquoi ?"
"""Super helpful,"" Andi mumbled as she tossed it aside and grabbed another one.","Super utile, marmonna Andi en le jetant de côté et en prenant un autre.","Ça m'aide beaucoup, marmonna Andi en jetant le dossier de côté et en prenant un autre."
He opened his eyes and reached for a glass to pour some of his favorite Scotch into.,Il ouvrit les yeux et attrapa un verre pour y verser son scotch préféré.,Il ouvrit les yeux et tendit la main pour prendre un verre pour verser du whisky.
"""Really, Franklin?""","Vraiment, Franklin ?","Ça va, Franklin ?"
"Well, that wasn't entirely true because Ben had been more than happy to make sure that she didn't have any reason to come back to the office, call, text, or even send an email.","Enfin, ce n'était pas tout à fait vrai parce que Ben avait été plus qu'heureux de s'assurer qu'elle n'avait aucune raison de revenir au bureau, d'appeler, d'envoyer un message ou même d'envoyer un e-mail.","Ça n'était pas vraiment vrai parce que Ben était plus que content de s'assurer qu'elle n'avait pas de raison de retourner au bureau, de téléphoner, de texter ou même d'envoyer un e-mail."
There are some things I can't share.,Il y a des choses que je ne peux pas partager.,Ça m'empêche de partager certaines choses.
"""And if my sister wasn't already lost in whatever the hell you just gave her, she'd remember her manners and introduce us.","Et si ma sœur n'était pas déjà perdue dans ce que tu viens de lui donner, elle se souviendrait de ses bonnes manières et nous présenterait.","Et si ma sœur n'était pas déjà perdue dans ce que tu lui as donné, elle se souviendrait de ses manières et nous présenterait."
"That's one thing I'll miss when I movefresh seafood.""",C'est une chose qui me manquera quand je déménagerai : les fruits de mer frais.,"Ça, c'est une des choses que je vais manquer quand je déménagerai."
"Then a long nap to forget the weather, the bar, Mari.","Puis une longue sieste pour oublier le temps qu'il faisait, le bar, Mari.","Ça, c'est pour oublier le mauvais temps, le bar, Mari."
"That's the third or fourth time I've seen him hauling records out of here.""",C'est la troisième ou quatrième fois que je le vois sortir des disques d'ici pour leur donner.,Ça fait le troisième ou le quatrième fois que je le vois sortir des disques de la boutique.
"After one last look at The Charlton, Devyn climbed back in the car with a murmured, ""The Mason.""","Après avoir jeté un dernier coup d'œil au Charlton, Devyn remonta dans la voiture en murmurant : ""Le Mason"".","Devyn remonta dans la voiture après un dernier regard vers The Charlton, murmurant : ""Le Mason""."
During a storm.,Pendant une tempête.,Ça a eu lieu pendant une tempête.
"One afternoon he'll choose, and another I will.","Un après-midi, c'est lui qui choisit le lieu, et l'après-midi suivant, c'est moi.","Ça dépendra de l'après-midi où il choisira, et de l'après-midi où je le choisirai."
"In fact, it was the only option left.","En fait, c'était la seule option qui lui restait.",Ça faisait en fait la seule solution.
"""I've been fascinated by fairs, amusement parks, and Ferris wheels since Luke and I were little.","Je suis fasciné par les foires, les parcs d'attractions et les grandes roues depuis que Luke et moi sommes petits.","Ça fait des années que j'ai été fasciné par les foires, les parcs d'attractions et les grandes roues depuis que Luke et moi sommes petits."
"In the pack, with the water, and a cell phone with no signal.""","Dans le sac, avec l'eau et un téléphone portable sans signal.","Ça fait un pack, avec de l'eau, et un téléphone portable sans signal."
"""Dyer doesn't do domestic,"" he deadpans before he spins in his rainbow Chuck Taylors and scurries off.","Dyer ne fait pas le ménage, dit-il avant de tourner les talons dans ses Chuck Taylors arc-en-ciel et de s'enfuir en courant.","Ça ne fait pas partie de mon métier, dit-il en tournant sur ses chaussures multicolores et en s'échappant."
"""If you need anything, don't bother calling the front desk.","Si vous avez besoin de quoi que ce soit, n'appelez pas la réception.","Si vous avez besoin de quelque chose, n'hésitez pas à appeler la réception."
I had a client up from the city.,J'avais un client qui venait de la ville.,Ça vient d'une cliente qui vient de la ville.
She dove under to swim to him.,Elle plongea pour nager jusqu'à lui.,Elle plongea pour nager vers lui.
You can tell me.,Tu peux me le dire.,Ça te fait peur ?
He'd seen himit wasn't his imagination.,"Il l'avait vu, ce n'était pas son imagination.",Ça n'était pas de l'imagination.
"And that may be, but I'm not made for you.","C'est possible, mais je ne suis pas fait pour toi.","Ça pourrait être, mais je ne suis pas fait pour toi."
"He caught his breath, then moved closer to the pier ruins where she stood.","Il reprit son souffle, puis se rapprocha des ruines de la jetée où elle se tenait.","Il reprendit son souffle, puis se rapprocha des ruines de la jetée où elle se tenait."
I don't like the waterespecially the ocean.,"Je n'aime pas l'eau, surtout l'océan.","Ça me dérange, dit-il."
"""Of course, it won two Grammys,"" I tell him.","Bien sûr, ils ont gagné deux Grammys avec cet album, lui dis-je.","Ça a gagné deux Grammys, lui dis-je."
"Dad was a fisherman, and Mom liked to be near the water.",Papa était pêcheur et maman aimait être près de l'eau.,"Dad était pêcheur, et Mom aimait être près de l'eau."
"""After I graduated, I started at the bottom, took every shift I could get my hands on, read every book that I could find that I thought would help, and worked my way up to the top and when I heard about the position at Carta Hotels, I went after it, knowing that if I could pull it off that it would be enough","Après avoir obtenu mon diplôme, j'ai commencé au bas de l'échelle, j'ai pris tous les postes qui me tombaient sous la main, j'ai lu tous les livres que j'ai pu trouver et qui pouvaient m'aider.","Ça a commencé par un boulot de nuit, puis j'ai pris tous les boulots que j'ai pu trouver, j'ai lu tous les livres que j'ai pu trouver qui m'auraient aidé, et j'ai gravi les échelons jusqu'au sommet."
"""If you've never been, you don't know if Kansas is better.""","Si tu n'y es jamais allée, tu ne sais pas si le Kansas est mieux ou pas.",Ça ne veut pas dire que Kansas n'est pas mieux.
"I think Interpol has a file.""",Je pense qu'Interpol a un dossier sur le sujet.,Ça me semble que l'Interpol a un dossier.
All muscles and strength.,Tout en muscles et en force.,Ça va être un set de musculature et de force.
"""Sorry, been prepping for the storm.""","Désolé, je me préparais à la tempête.","Ça va, j'étais en train de préparer la tempête."
"Still, he wasn't a lost cause.","Pourtant, ce n'était pas une cause perdue.",Ça ne veut pas dire qu'il était perdu.
"""The stubborn little pain in the ass has gone into labor,"" came the words that had her opening her mouth, only to close it with a grumble since she really couldn't argue with that.","La petite enquiquineuse bornée a commencé le travail, furent les mots qui lui firent ouvrir la bouche, avant de la refermer avec un grognement, car elle ne pouvait vraiment pas contester cette information.","Ça fait trois jours que je suis enceinte, dit-elle avec un air de surprise, alors qu'elle s'asseyait et fixait le dossier sur ses genoux."
"You know the significance of that tattoo.""",Tu connais la signification de ce tatouage.,Ça veut dire que vous êtes un homme libre.
"Her sister never had issuessing a song, snag a man.","Sa sœur n'avait jamais eu de problème  une chanson, un homme. Du moins, c'est ce qu'il lui semblait.",Son sœur n'avait jamais eu de problèmes en chantant une chanson pour attraper un homme.
"""God, I love bacon,"" his new assistant murmured with a happy little sigh as she nibbled on what looked like an egg sandwich with an unhealthy amount of bacon while Devyn stood there, wondering why his new assistant was sitting outside at six-thirty in the morning.","murmura sa nouvelle assistante avec un petit soupir heureux alors qu'elle grignotait ce qui ressemblait à un sandwich aux œufs avec une quantité astronomique de bacon, alors que Devyn était planté là à se demander ce que sa nouvelle assistante faisait à l'extérieur du bâtiment à six heures et demie du matin.","Ça me fait rêver, dit l'assistante de Devyn avec un soupir de contentement alors qu'elle mâchait ce qui ressemblait à un sandwich au fromage avec une quantité excessive de bacon alors qu'il se demandait pourquoi sa nouvelle assistante était assise à l'extérieur à six heures du matin."
I hadn't done anything but sit and hold him for a while.,Je n'ai rien fait d'autre que de m'asseoir et de le tenir dans mes bras pendant un moment.,Ça n'a rien fait que je reste assis et le tiens un peu.
It was only months later that he realized Kelly had been lonely.,Ce n'était que des mois plus tard qu'il avait compris que Kelly se sentait seule.,Ça a fallu des mois avant qu'il ne réalise que Kelly était seule.
"I'm peripherally aware of the heads turning and the looks that trail his trip toward me, but my focus is entirely on him.","Je suis conscient des têtes qui se tournent et des regards qui suivent son chemin vers moi, mais je me concentre entièrement sur lui.","Je suis conscient des regards qui le suivent et des têtes qui tournent, mais mon attention est entièrement tournée vers lui."
And I will catch you.,Et je t'attraperai.,Ça va me faire plaisir de vous rattraper.
"I guess I have two things, then.",Je suppose donc que j'ai deux choses à moi.,"Ça fait deux choses, alors."
Andi rushed to explain as she threw a panicked look at the large security guard reaching for her and-,Andi se dépêchait de s'expliquer en jetant un regard paniqué à l'énorme agent de sécurité qui s'approchait et...,Andi se précipita à l'explication alors qu'elle jetait un regard paniqué sur le grand gardien qui s'approchait d'elle et...
"""He has been very busy working behind the scenes, arranging transfers, intercepting audits, and doing everything that he could to keep us distracted.""","Il a été très occupé à travailler dans les coulisses, à organiser des transferts, à intercepter des audits et à faire tout ce qu'il pouvait pour nous distraire.","Ça fait longtemps qu'il travaille en arrière-scène, organise des transferts, intercepte des audits, et fait tout ce qu'il peut pour nous distraire."
That hadn't been enough to annul thingstoo much riding on the union of the tribes.,Cela n'avait pas suffi à annuler les promesses  trop de choses dépendaient de l'union de leurs deux tribus.,Ça n'était pas suffisant pour annuler les choses  trop était en jeu dans l'union des tribus.
"Of course, this wasn't Hawaii, but up near the point was some darn good East Coast surfing.","Bien sûr, ce n'était pas Hawaï, mais près de la pointe, il y avait de sacrés bons coins pour surfer sur la côte Est.","Ça n'était pas l'Hawaï, mais près du cap, il y avait un bon surf de la côte Est."
"""I'll be back,"" he says, breathless.","Je reviens, dit-il, essoufflé.","Ça va me manquer, dit-il, soufflant."
She pointed to the bar.,Elle désigna le bar.,Elle fit signe vers le bar.
It was his dream too.,C'était aussi son rêve.,Ça était aussi son rêve.
"She didn't look like she was trying to kill him, Devyn thought, taking a sip of the large caramel coffee that he was forced to grab from the employee cafeteria when it became painfully obvious that his new assistant didn't know how to make coffee.","Elle n'avait pourtant pas l'air de vouloir le tuer, se dit Devyn en buvant une gorgée du café au caramel qu'il avait dû prendre à la cafétéria des employés quand il était devenu évident que sa nouvelle assistante ignorait comment faire du café.","Ça n'avait rien à voir avec un meurtre, pensa Devyn en buvant une gorgée du grand café au caramel qu'il avait dû s'approprier de la cafétéria des employés lorsque sa nouvelle assistante avait montré qu'elle ne savait pas faire du café."
She stretched out her legs and laid her head on the couch pillow and softly whistled some nondescript '80s pop song.,"Elle étendit ses jambes, posa sa tête sur le coussin du canapé et siffla doucement une chanson pop des années 80.","Elle étendit ses jambes, posa sa tête sur le coussin du canapé et siffla doucement une chanson pop des années 80."
Gayle pauses when she reaches the door and looks at me like I'm out of my head.,Gayle s'arrête au niveau de la porte et me regarde comme si j'avais perdu la tête.,Gayle s'arrête à la porte et me regarde comme si je n'étais pas dans mon droit.
"""I don't want to be fair, I want you here.""","Je ne veux pas être juste, je veux que tu sois là.","Ça ne me fait pas rien, je veux que tu sois ici."
"Once he was gone, Devyn sat down on the couch and watched Andi, still amazed by how quickly her mind worked as she went through the files that he'd brought.","Une fois qu'il fut parti, Devyn s'assit sur le canapé et observa Andi, toujours étonné par la rapidité avec laquelle son esprit travaillait alors qu'elle parcourait les dossiers qu'il avait apportés.","Devyn s'assit sur le canapé et regarda Andi, toujours étonnée par la rapidité avec laquelle son esprit fonctionnait alors qu'elle parcourait les dossiers qu'il avait apportés."
It's easy to picture John in front of a classroom.,C'est facile d'imaginer John dans une salle de classe.,Ça fait facilement imaginer John devant une classe.
"I've always known, even before he came back to his flat that night and found that I'd learned the truth about him.","Je l'ai toujours su, même avant qu'il ne revienne à son appartement cette nuit-là et qu'il découvre que j'avais appris la vérité à son sujet.","Ça m'a toujours semblé évident, même avant qu'il ne revienne à son appartement cette nuit-là et ne découvre que j'avais appris la vérité sur lui."
And it's clear he looks up to him.,Et il est clair qu'il l'admire.,Ça est clair qu'il regarde vers lui.
"As a boy, he'd relished that meditative quality that grew where the water met the land and the sun blanketed everything in a golden warmth that lingered in the soul forever.","Enfant, il avait savouré cette faculté méditative qui naissait là où l'eau rencontrait la terre et où le soleil recouvrait tout d'une chaleur dorée qui s'attardait dans l'âme",Ça faisait des années qu'il aimait cette qualité méditative qui se développe à l'endroit où l'eau rencontre la terre et où le soleil recouvre tout d'une chaleur dorée qui reste dans l'âme pour toujours.
"""He likes the classics.",Il aime les classiques.,Ça lui plaît.
She had Chase now.,Elle avait Chase maintenant.,Ça lui avait donné Chase.
"""I love the warmth of the sun on my skin, and the brush of a cool breeze, and the clarity of music on land.""","J'aime la chaleur du soleil sur ma peau, le frôlement d'une brise fraîche et la clarté de la musique sur la terre ferme.","Ça me fait du bien, le soleil qui chauffe ma peau, le souffle frais qui me frise, et la clarté de la musique sur le sol."
Then I look up at him.,Puis je lève les yeux vers lui.,Je le regarde alors.
"Do your thing, I'll be tuning in.""","Fais opérer ta magie, je serai à l'écoute.","Ça va marcher, je vais écouter."
Fall into her arms again.,Tomber à nouveau dans ses bras.,"Ça, dit-il à nouveau."
"But he flashes his blinding smile, and the woman grins, blushing as she ushers her kidlet into the restaurant.","Mais il affiche son sourire aveuglant et la femme sourit, rougissant en faisant entrer son enfant dans le restaurant.","Ça fait rire la femme, qui rougit en entrant dans le restaurant."
She rose on her elbows and watched him pull his T-shirt over his head.,Elle se redressa sur ses coudes et le regarda passer son tee-shirt par-dessus sa tête.,Elle se redressa sur ses coudes et le regarda retirer son tee-shirt.
"He didn't move away, and she leaned in close.","Il ne bougea pas, et elle se rapprocha.","Il ne se déplaça pas, et elle s'approcha de lui."
"You know, the one where the Ex brings the stuff you've left at their place and vice versa.","Vous savez, cet échange où l'ex apporte les affaires que tu as laissées chez lui et vice versa.",Ça se passe comme ça : l'ex rapporte les choses que tu as laissées chez lui et inversement.
"""It's only an hour and a half.",Ce n'est qu'à une heure et demie de trajet.,Ça ne dure qu'une heure et demie.
"""It's a beautiful country.""",C'est un pays magnifique.,Ça fait une belle pays.
I could automate my entire set.,Je pourrais automatiser l'ensemble de mon travail.,Je pourrais automatiser mon ensemble entier.
"God, just thinking about the burnt, cold, creamy, grainy concoction...","Mon Dieu, rien que de repenser à cette mixture granuleuse, froide et avec un goût de brûlé...","Ça, juste à l'idée de cette crème brûlée, froide, crue, granuleuse..."
"""I already have that,"" Andi pointed out with a disappointed sigh and a sad shake of her head as she glanced back at Nicholas.","Je l'ai déjà ça, dit Andi avec un soupir déçu et un triste hochement de tête en regardant Nicholas.","Ça m'est déjà arrivé, dit Andi avec un soupir de déception et un secousse de la tête triste en regardant Nicholas."
"""So, all the stories I heard about Christopher and Amelia...""","Alors, toutes les histoires que j'ai entendues sur Christopher et Amelia...",Ça fait donc que toutes les histoires que j'ai entendues sur Christopher et Amelia...
"""Yeah,"" I agree, and trail off myself because John could leave anyone speechless, but especially me.","Oui, dis-je en signe d'acceptation, et je m'interromps parce que John peut laisser n'importe qui sans voix, mais surtout moi.","Ça va, je suis d'accord, et je me tais moi-même parce que John peut rendre tout le monde muet, mais surtout moi."
"They'd be stupid to fire him, Andi reminded herself, repeating the words that had gotten her through the last ten hours.","Ils seraient stupides de le licencier, se rappela Andi, répétant les mots qui l'avaient aidée à traverser les dix dernières heures.","Ça serait stupide de le licencier, se rappela Andi, répétant les mots qui lui avaient permis de passer les dix dernières heures."
"The faint smell of burning wood reaches my nose, and I inhale deeply.",L'odeur légère du bois brûlé parvient à mon nez et j'inspire profondément.,Je respire profondément le faible odeur de bois brûlant qui me parvient au nez.
"I just don't know whether I'd end up in the warm embrace of his impossibly long arms, or if my heart would smash into bits on some outcropping of rocks that I can't see but know are probably there.","J'ignore si je finirais dans l'étreinte chaleureuse de ses bras incroyablement longs, ou si mon cœur se briserait en mille morceaux sur un affleurement de rochers que je ne peux pas voir mais dont je devine la présence.","Ça m'étonne de ne pas savoir si je finirai dans l'étreinte chaleureuse de ses bras impossiblement longs, ou si mon cœur se brisera sur un éperon de rochers que je ne vois pas, mais que je sais sont probablement là."
"And I refuse to believe she can't sing, not with a tone like that.","Et je refuse de croire qu'elle ne sait pas chanter, pas avec un tel timbre.","Ça me fait rire de penser qu'elle ne peut pas chanter, pas avec un ton comme ça."
And what was he supposed to do with a crying woman?,Et qu'était-il censé faire avec une femme qui pleurait ?,"Ça, et qu'était-il censé faire avec une femme qui pleurait ?"
"""It was an observation.""",C'était juste une remarque.,Ça faisait partie d'une observation.
"""You knew killed my brother and you didn't tell me?""",Tu savais que mon frère avait été tué et tu ne me l'as pas dit ?,Ça t'a tué ?
A lovely lunch made by Chase.,Un délicieux déjeuner préparé par Chase.,Un déjeuner délicieux préparé par Chase.
"""Wow, you are lucky to have a family record from that far back.",Tu as de la chance d'avoir des objets de famille aussi anciens.,Ça fait du bien de voir que tu as un record familial aussi loin en arrière.
I'm weighing my options - Melrose Diner for its proximity or Broad Street Diner for its superior batter - when the phone rings.,"Je pèse mes options : le Melrose Dinner pour sa proximité ou le Broad Street Diner pour sa pâte supérieure, lorsque le téléphone sonne.","Je pèse les avantages et les inconvénients du Melrose Diner, à cause de sa proximité, et du Broad Street Diner, pour sa batterie supérieure, quand le téléphone sonne."
"I shiver with pleasure and shake my head hard, wrenching his hand away from my needy flesh.","Je frissonne de plaisir et secoue la tête avec force, éloignant sa main de ma chair en manque ""Stop !""","Je frissonne de plaisir et secoue la tête fortement, détachant sa main de ma chair désireuse."
"""You won't think so once you know the truth.""",Tu ne le penseras plus quand tu connaîtras la vérité.,Ça ne te semblera pas une bonne idée quand tu sauras la vérité.
"Did she know him, or had they just met?",Le connaissait-elle ou venaient-ils de se rencontrer ?,"Ça lui était-il connu, ou avaient-ils juste rencontré ?"
He would not win.,Il ne gagnerait pas.,Ça ne marcherait pas.
Or cancel the contract.,Ou annuler le contrat.,"Ça, c'est possible."
"""For sixty-seven days?""",Depuis soixante-sept jours ?,67 jours ?
The moonlight streaks John's hair with gold.,"Au clair de lune, les cheveux de John se teintent d'or.",La lumière de la lune éclaircit les cheveux de John d'un or doré.
"I'm supposed to be putting you to sleep with my droning.""",Je suis censé t'endormir avec mon histoire barbante.,Ça ne doit pas te faire dormir avec mon dronner.
"That's beyond crazy, it's creepy.""","C'est plus que fou, c'est effrayant.","Ça dépasse le cadre, ça fait peur."
"""I thought you wanted to go to the park.",Je croyais que tu voulais aller au parc.,Ça m'a semblé que tu voulais aller au parc.
"And Christopher loved her enough to sacrifice everything for her.""",Et Christopher l'aimait suffisamment pour tout sacrifier pour elle.,"Ça faisait 10 ans qu'ils étaient ensemble, et Christopher l'aimait assez pour sacrifier tout pour elle."
"What the hell are you doing under my desk?""","Que faites-vous sous mon bureau, bon sang ?","Ça va, pourquoi est-tu sous mon bureau ?"
It wouldn't be the same.,Ce ne serait pas la même chose.,Ça ne serait pas la même chose.
"Naturally, a young mother with her toddler wanders into the area just as those delightful words leave Dyer's mouth.","Naturellement, une jeune mère et son bambin entrent dans le restaurant juste au moment où ces mots charmants sortent de la bouche de Dyer.","Ça va de soi que, une jeune mère avec son petit enfant se retrouve dans la zone juste à ce moment où ces mots délicieux quittent la bouche de Dyer."
"We found out about the child, but no record of Amelia.""","Nous avons découvert l'enfant, mais aucune trace d'Amelia.","Ça a été découvert pour l'enfant, mais pas pour Amelia."
"Or to a place you really love.""",Ou dans un endroit que tu aimes vraiment.,Ça peut être un endroit où tu aimes vraiment.
"It's Saturday again, and I've invited John to go with me to a giant record fair in Cherry Hill, New Jersey.","Nous sommes samedi, et j'ai invité John à m'accompagner à une gigantesque foire aux disques à Cherry Hill, dans le New Jersey.","Ça fait un samedi, et j'ai invité John à venir avec moi à une grande foire aux disques à Cherry Hill, dans le New Jersey."
"""Give me a minute,"" he mumbled, and small sobs wracked his body, sending visible tremors through his shoulders.","Donne-moi une minute, marmonna-t-il, et de petits sanglots secouèrent son corps, provoquant des tremblements visibles dans ses épaules.","Ça me prend un moment, marmonna-t-il, et de petits sanglots secouèrent son corps, provoquant des tremblements visibles sur ses épaules."
"The sun glints in his snowy, blonde hair.",Le soleil brille dans ses cheveux blonds comme la neige.,Le soleil scintille dans ses cheveux blonds et couverts de neige.
Then...not so much.,Ensuite... plus vraiment.,Ça n'est pas si grave.
"""Lexi is the sister of the boy that...?""",Lexi est la sœur du garçon qui... ?,Lexi est la sœur de l'enfant qui... ?
"I don't know why I'm so nervous, except that I have no idea what's going on between us.","Je ne sais pas pourquoi je suis si nerveux, mis à part que je n'ai aucune idée de ce qui se passe entre nous.","Ça m'a rendu nerveux, mais je ne sais pas pourquoi."
"I can blame the pirate in the painting for all my troubles.""",Je peux blâmer le pirate du tableau pour tous mes problèmes.,Ça me permet de blâmer le pirate du tableau pour tous mes problèmes.
She'd never forget the perfection of the moment.,Elle n'oublierait jamais la perfection de ce moment.,Ça ne lui oublierait jamais la perfection de ce moment.
"""I would have killed your diver man that day toobut you were there.","J'aurais tué ton plongeur ce jour-là aussi, mais tu étais là.","Ça m'aurait fait tuer ton plongeur ce jour-là, mais tu étais là."
She needed an antacid more than dinner.,Elle avait plus besoin d'un antiacide que d'un dîner.,Ça lui fallait un antacide plus qu'un dîner.
He leaned forward and buried his face in his hands.,Il se pencha en avant et enfouit son visage dans ses mains.,Il se pencha en avant et enfouit son visage dans ses mains.
"It's just that he seems so lost, at the moment.","C'est juste qu'il semble si perdu, en ce moment.","Ça, c'est juste que je vois qu'il est tellement perdu, pour l'instant."
Tangy warmth filled her mouth and her taste buds opened up.,La chaleur acidulée emplit sa bouche et ses papilles gustatives se réveillèrent.,La bouche de Chase était remplie d'une chaleur douce et ses papilles se mettaient en mouvement.
"""Before we could decide exactly what we were going to do, a large wave washed over the jelly.""","Avant que nous ayons pu décider exactement ce que nous allions faire, une grande vague s'était abattue sur la méduse.","Ça faisait déjà un moment que le jelly était en train de se décomposer, mais une grande vague s'abattit sur lui."
He couldn't help but smile back.,Il ne put s'empêcher de sourire à son tour.,Ça lui faisait plaisir de lui répondre avec un sourire.
"He hasn't seen me yet, which is a both a blessing and a curse.","Il ne m'a pas encore vu, ce qui est à la fois une bénédiction et une malédiction.","Ça fait déjà un moment qu'il ne m'a pas vu, ce qui est à la fois une bénédiction et une malédiction."
"""Roman Palms is our highest earner,"" Devyn said, watching as she scrolled to a financial report.","Roman Palms est l'hôtel qui nous rapporte le plus, dit Devyn, en la regardant faire défiler un rapport financier.","Roman Palms est notre meilleur gagnant, dit Devyn en la regardant faire défiler un rapport financier."
It's become our thing.,C'est devenu notre truc.,Ça est devenu notre chose.
I hear rustling and know he's settling in for a conversation I don't know I want to have with him.,J'entends des bruits de mouvements et je sais qu'il s'installe pour une conversation que je ne suis pas sûr d'avoir envie d'entamer avec lui.,Je entends des bruits et je sais qu'il s'installe pour une conversation dont je ne saisis pas que je voulais avoir avec lui.
"She ought to tell him the whole story, and that Inna was after him toobut she was tired and emotionally drained.","Elle devrait lui raconter toute l'histoire, et lui dire qu'Inna lui en voulait à lui aussi, mais elle était fatiguée et à bout de nerfs.","Ça lui fallait de se reposer, et Inna était en train de le poursuivre."
"I know that I could get you an interview,"" Drew said with a sympathetic smile.","Je sais que je peux t'obtenir un entretien, dit Drew avec un sourire compatissant.","Ça me permettrait d'obtenir un entretien, répondit Drew avec un sourire sympathique."
It's a lot to swallow.,C'est beaucoup à avaler.,Ça fait mal à la gorge.
"His eyes open, half-lidded with lust, and I lick my bottom lip, sucking it into my mouth and biting it before I stretch my tongue out to taste him.","Ses yeux s'ouvrent, mi-clos de désir, et je lèche ma lèvre inférieure, l'aspirant dans ma bouche et la mordillant avant d'étirer ma langue pour le goûter.","Ses yeux sont ouverts, demi-clos par le désir, et je lèche ma lèvre inférieure, la suçant dans ma bouche et la mordillant avant de tendre ma langue pour le goûter."
"""And your glorious fucking arse.""",Et ton putain de cul glorieux.,Et ton cul glorieux.
His t-shirt rides up to reveal a flat stomach covered in a light dusting of strawberry blonde hair.,Son t-shirt remonte et révèle un ventre plat recouvert d'une légère couche de poils blond vénitien.,Son tee-shirt monte pour révéler un ventre plat recouvert d'une légère touffe de cheveux blond vénitien.
"And the rent was cheaper, too.",Et le loyer était moins cher.,"Ça faisait moins cher le loyer, aussi."
"""Yes, you did,"" Devyn murmured in agreement with a pointed look at the notes that Andi made last night.","Oui, vous l'avez fait, murmura Devyn en signe d'accord avec le regard pointé sur les notes qu'Andi avait prises la nuit précédente.","Ça a bien été fait, murmura Devyn d'accord avec un regard pointu sur les notes prises par Andi la nuit dernière."
Good thing her fantasies didn't beam out of the top of her head and project onto the ceiling.,Heureusement que ses fantasmes ne sortaient pas de sa tête pour se projeter au plafond.,Ça lui aurait été bien dommage si ses fantasmes s'étaient projetés sur le plafond.
And then he withdrew.,Et puis il s'est éloigné.,Et puis il se retira.
"""Yes, since you set me up with nightly play dates.""","Oui, puisque tu m'as arrangé des créneaux de rendez-vous nocturnes pour que je m'amuse.","Ça va, puisque tu m'as mis en couple avec des rendez-vous nocturnes."
The wind gusted and showered them with a spray of misty rain.,Le vent souffla en rafales et les aspergea d'une pluie fine.,Le vent souffla en rafales et les assaillit d'une pluie de gouttes de pluie.
"""I don't think he's a guard.",Je ne pense pas que ce soit un gardien.,Ça ne me semble pas être un gardien.
"""You can't dive in Kansas unless you're planning on diving corn plants.""","On ne peut pas plonger au Kansas, à moins d'avoir l'intention de plonger dans des champs de maïs.","Ça ne fonctionne pas dans le Kansas, sauf si tu as l'intention de plonger dans les maïs."
"Mari climbed the stairs, disappearing for a moment on the other side of the dunes.","Mari monta les escaliers, disparaissant un instant de l'autre côté des dunes.","Mari grimpa les marches, disparaissant pendant un moment de l'autre côté des dunes."
His attention had been on her and no one else.,Son attention s'était portée sur elle et sur personne d'autre.,Son attention était sur elle et sur personne d'autre.
"?"" He asks.",demande-il.,Ça ? Demande-t-il.
"For a moment, Devyn considered taking a look at the notebook on the couch next to her to find out what she was working on, only to decide against it since that would probably end with him feeling like the biggest asshole alive when that bottom lip started trembling and she sadly mumbled, ""My notebook.""","Pendant un instant, Devyn envisagea de jeter un coup d'œil au carnet posé sur le canapé à côté d'elle pour savoir sur quoi elle travaillait, mais il décida de ne pas le faire parce qu'il finirait probablement par se sentir comme le plus grand connard lorsque sa lèvre inférieure se mettrait à trembler et qu'elle marmonnerait tristement : ""mon carnet.""","Devyn envisagea de regarder le cahier sur le canapé à côté d'elle pour voir ce qu'elle travaillait, mais il se ravisa car ça finirait probablement par le faire sentir comme le plus grand con du monde lorsque sa lèvre inférieure commença à trembler et qu'elle marmonna tristement : ""Mon cahier""."
"""I didn't know you made a habit of riding out storms.""",Je ne savais pas que tu avais l'habitude de traverser les tempêtes.,Ça m'a étonné de voir que tu faisais l'expérience de la tempête.
"""I don't know,"" she said, raising her voice over the sound of the water.","Je ne sais pas, dit-elle en élevant la voix au-dessus du bruit de l'eau.","Ça me fait peur, dit-elle, surmontant le bruit de l'eau."
"""Then you should probably answer quickly,"" he said, not really looking all that concerned that she was about to create a memory that neither one of them would ever forget.","Alors, tu devrais probablement répondre rapidement, dit-il, ne semblant pas vraiment préoccupé par le fait qu'elle était sur le point de créer un souvenir que ni l'un ni l'autre n'oublierait jamais.","Ça te faut probablement de répondre rapidement, dit-il, sans avoir l'air vraiment inquiet alors qu'elle était sur le point de créer un souvenir qu'ils ne oublieront jamais."
"""I'd just found out my little sister has cancer!"" The teen screams, startling the room.",Je viens d'apprendre que ma petite sœur a un cancer !,"Ça, c'est un peu trop, dit-elle, effrayant la pièce."
Dyer is unreasonably handsome.,Dyer est d'une beauté démesurée.,"Ça fait un peu trop de beau, Dyer."
"Hoping that this would be quick, Andi opened the door only to find a large man standing in the hallway.","En espérant que ce serait rapide, Andi ouvrit la porte et trouva un homme imposant qui se tenait dans le couloir.","Espérant que ça serait rapide, Andi ouvrit la porte pour découvrir un homme de taille imposante dans le couloir."
"""If you stay, I do too.","Si tu restes, je reste aussi.","Si tu restes, je reste aussi."
"He swipes at it, but another soon takes its place.","Il l'essuie, mais une autre prend rapidement sa place.","Ça lui passe, mais un autre le remplace bientôt."
"Besides, it gives me time to think.","Et puis, ça me laisse le temps de réfléchir.",Ça me donne le temps de réfléchir.
"His grip on me is light, but it burns hot.","Son emprise sur moi est légère, mais elle est brûlante.","Son étreinte sur moi est légère, mais brûlante."
"""You have to admit, it was a smart move to blame me.",Tu dois admettre que c'était une bonne idée de m'accuser.,Ça fait bien plaisir de te voir reconnaître que c'était une bonne idée de me faire porter la faute.
"When I first landed on America's shores, I'd had high hopes of becoming a music journalist.","Lorsque j'ai débarqué sur le sol américain, j'avais le grand espoir de devenir journaliste musical.","Quand j'ai débarqué sur les côtes américaines, j'avais de grands espoirs de devenir journaliste musical."
"I snatch up the rest of my things, and then I walk out of  John's bedroom.",Je ramasse le reste de mes affaires et je sors de la chambre de John.,"Je ramasse le reste de mes affaires, puis je sortis de la chambre de John."
"But if he does, then he'll see how desperately I want him to do just that.","Mais s'il le fait, il verra à quel point j'ai désespérément envie qu'il le fasse.","Mais s'il le fait, il verra à quel point je veux qu'il fasse juste ça."
"He's such a sweetheart, so tender and gentle, and yet so powerful.","Il est si gentil, si tendre et si doux, et pourtant si puissant.","Ça fait si longtemps qu'il n'a pas eu de relation avec une femme, et il est tellement tendre et doux, et pourtant si puissant."
He remembered how much he loved the ocean before the accident.,Il se souvient à quel point il aimait l'océan avant l'accident.,Ça lui rappelait à quel point il aimait l'océan avant l'accident.
You would have been collateral damage if I hadn't been able to rescue you.,Tu aurais été un dommage collatéral si je n'avais pas pu te sauver.,Ça aurait été un dommage collatéral si je n'avais pas pu te sauver.
"They look rather cozy, actually.","Ils ont l'air plutôt sympathiques, en fait.","Ça a l'air assez confortable, en fait."
Like he's using me to test waters he's been afraid to swim in for whatever reason.,Comme s'il m'utilisait pour tester des eaux dans lesquelles il a peur de nager pour une raison ou une autre.,Ça lui sert à tester les eaux qu'il craignait de nager.
Her mouth barely moved as she spoke.,Sa bouche bougeait à peine lorsqu'elle parla.,Son bouche ne bougea guère lorsqu'elle parlait.
"""Right now, Roman Palms is renting their ballroom space for the Winter Wonderland and a few other low attendance events at a fraction of the price because it's easier, but it's costing them in the long run,"" Andi explained as he took the iPad from her and swiped through the file, taking a closer look at the numbers.","En ce moment, Roman Palms loue sa salle de bal pour le Winter Wonderland et quelques autres événements peu fréquentés à une fraction du prix normal parce que c'est plus facile, mais ça leur coûte cher à long terme, expliqua Andi en lui prenant l'iPad et en parcourant le fichier, examinant les chiffres de plus près.","Ça fait maintenant un an que Roman Palms loue leur salle de bal pour l'événement Winter Wonderland et quelques autres événements à faible fréquentation à un prix inférieur parce que c'est plus facile, mais ça leur coûte cher au long terme, expliqua Andi alors qu'il prenait l'iPad à elle et parcourut le dossier, s'attardant à regarder les chiffres."
I don't have complete control over my body at the moment.,Je n'ai pas le contrôle total de mon corps en ce moment.,Je n'ai pas le contrôle complet de mon corps en ce moment.
"You act like you know him.""",Tu agis comme si tu le connaissais.,Ça fait comme si tu le connaissais.
The Hollywood Hearts Series:,La série Hollywood Hearts :,La série des cœurs de Hollywood :
"The room fills up rapidly around us, its dark walnut tables wobbling under the weight of glasses, dishes, and errant elbows.","La salle se remplit rapidement autour de nous, les tables en noyer sombre vacillent sous le poids des verres, de la vaisselle et des coups de coude.","La pièce se remplit rapidement autour de nous, ses tables en noyer sombre tremblent sous le poids de verres, de plats et de coudes errants."
But she didn't say that.,Mais elle n'avait pas dit ça.,Ça ne fut pas dit.
"Of course, he'd keep it all for himself.","Bien sûr, il garderait tout pour lui.",Ça ne l'empêchera pas de tout garder pour lui.
"""Yeah,"" he grunts into my neck.","Oui, grogne-t-il dans mon cou.","Ça va, dit-il dans mon cou."
It was all you could do when the air ran out.,C'est tout ce qu'on peut faire quand il n'y a plus d'air.,Ça faisait froid quand l'air s'échappait.
And then he's racked by a choking sob that takes him to his knees.,Puis un sanglot étouffé le fait tomber à genoux.,Et il est pris d'un sanglot qui le fait tomber à genoux.
"Maybe tomorrow if there isn't much damage from the weather.""",Peut-être demain s'il n'y a pas trop de dégâts,Ça pourrait être demain si il n'y a pas trop de dégâts dus au mauvais temps.
I'll take him as a faux pirate since the real ones need baths and a dentist anyway.,Je le considérerai comme un faux pirate puisque les vrais ont de toute façon besoin d'un bain et d'un dentiste.,"Ça fait un bon pirate, même s'il n'est pas vraiment un pirate, car les vrais pirates ont besoin de bains et d'un dentiste."
"Wait until my mother hears about you trying to kill me.""",Attends que ma mère apprenne que tu as essayé de me tuer.,Attends que ma mère entende parler de toi pour essayer de me tuer.
"He'd gone years without touching a woman, but the thought of going even one day without touching her...","Il avait passé des années sans toucher une femme, mais l'idée de passer ne serait-ce qu'un jour sans la toucher...","Ça faisait des années qu'il n'avait pas touché une femme, mais l'idée de passer un jour sans la toucher..."
"His are dark, darker than I've ever seen them, the pupils completely blown.","Les siens sont sombres, plus sombres que je ne les ai jamais vus, les pupilles complètement dilatées.","Ses yeux sont noirs, plus noirs que je ne l'ai jamais vus, les pupilles complètement dilatées."
"I've never ordered your pimento cheese, but it tastes different than what I've had before.""","Je n'ai jamais commandé ton fromage pimenté, mais il a un goût différent de ceux que j'ai déjà mangé.","Ça fait longtemps que je n'ai pas commandé ton fromage au piment, mais il a un goût différent de ce que j'ai déjà goûté."
It's the question glaring at me from the top of my screen.,C'est la question qui m'interpelle en haut de mon écran.,Ça est la question qui me regarde du haut de mon écran.
"""Why do I have a feeling that this is about more than just a job?""",Pourquoi ai-je l'impression qu'il s'agit de bien plus qu'un simple travail,Ça me semble que ce n'est pas juste un travail.
"""Let's get the last window on this side done.",Nous allons terminer la dernière fenêtre de ce côté.,Ça fait du bien de faire la dernière fenêtre de ce côté.
"A flash of a distant transformer going, and then memories burned in his stomach like a whirlpool.","Un éclair venant d'un transformateur lointain qui se mettait en marche, puis des souvenirs brûlèrent dans son l'estomac comme un tourbillon.","Un éclair de transformateur à distance qui s'éteint, et des souvenirs brûlent dans son estomac comme un tourbillon."
"The strong flame flickered in his sight, the remnants of his tears making halo rainbows around the flame.","La forte flamme vacilla sous ses yeux, les restes de ses larmes formant des arcs-en-ciel autour de la flamme.","Le feu puissant flambait dans ses yeux, les restes de ses larmes faisant des arcs-en-ciel autour du feu."
"""Luke was about seven, I think.","Luke avait environ sept ans, je crois.","Luke avait environ sept ans, je crois."
"The little place felt more like a home than anywhere she'd lived, and she wasn't ready to leave it behind.","Ce petit endroit ressemblait plus à un foyer que n'importe quel autre endroit où elle avait vécu, et elle n'était pas prête à le laisser derrière elle.","Ça ressemblait plus à une maison qu'à un appartement, et elle n'était pas prête à l'abandonner."
"""I didn't want to delay the project,"" she mumbled sadly only to open her eyes and glare at the man who'd quickly become like a big brother to her over the past year and seemed to really enjoy tormenting her when he muttered, ""Pain in the ass.""","Je ne voulais pas retarder le projet, marmonna-t-elle tristement, avant d'ouvrir les yeux et de fixer l'homme qui était rapidement devenu un grand frère pour elle au cours de l'année écoulée et qui prenait plaisir à la tourmenter en marmonnant : ""Casse-pieds"".","Ça ne faisait pas de bien au projet, marmonna-t-elle tristement, avant d'ouvrir les yeux et de jeter un regard acariâtre sur l'homme qui avait rapidement devenu comme un grand frère pour elle au cours de l'année écoulée et qui semblait vraiment apprécier de la tormenter lorsqu'il murmura :"
"""That's not really an answer,"" Andi said as she carefully slipped her feet back into her shoes.","Ce n'est pas vraiment une réponse, dit Andi alors qu'elle remettait avec précaution ses chaussures.","Ça n'est pas vraiment une réponse, dit Andi alors qu'elle remettait soigneusement ses pieds dans ses chaussures."
Where were all the birds?,Où étaient tous les oiseaux ?,Ça faisait quoi longtemps que les oiseaux n'étaient plus là ?
"I'm very, very busy, you know.","Je suis très, très occupé, tu sais.","Ça fait très, très longtemps que je suis très occupé, tu sais."
It was going to be an easy cleanup with no water damage to contend with.,Le nettoyage allait être facile et il n'y aurait pas de dégâts des eaux à déplorer.,"Ça allait être facile à nettoyer, sans dommages dus à l'eau."
John and I?,John et moi ?,John et moi ?
My parents already thought I was obsessed.,Mes parents pensaient déjà que j'étais obsédé.,Mes parents pensaient déjà que je suis obsédée.
A cool wave slid over her feet and her tail throbbed.,Une vague fraîche glissa sur ses pieds et sa queue palpita.,Une vague froide glissa sur ses pieds et sa queue battait.
"She leaned into him, relishing the warmth and safety of his hug.","Elle se pencha vers lui, savourant la chaleur et la sécurité de son étreinte.","Elle s'inclina sur lui, savourant la chaleur et la sécurité de son bras."
"""But of course you'd be a butterfly.""",Mais bien sûr que tu deviendras un papillon.,Ça va sans dire que tu serais un papillon.
"Before I know it, I've closed the door and grabbed him from behind.","Avant même de m'en rendre compte, j'ai refermé la porte et je l'ai attrapé par derrière.","Je ne me suis pas rendu compte de ce que j'allais faire, j'ai fermé la porte et je l'ai attrapé derrière."
I was busy boarding up the windows and closing the storm shutters.,J'étais occupé à barricader les fenêtres et à fermer les volets.,Ça faisait très froid et je me suis occupé à calfeutrer les fenêtres et à fermer les volets.
"He's clearly educated, and I've seen his patience in action.",Il est manifestement instruit et j'ai vu sa patience à l'œuvre.,"Ça montre qu'il est éduqué, et j'ai vu sa patience en action."
"He looked so stressed, Andi thought as she lay there, watching Devyn as he worked on the couch that he'd dragged in here to keep an eye on her because apparently, he had trust issues and-","Il paraissait tellement stressé, pensa Andi alors qu'elle était allongée là, regardant Devyn travailler sur le canapé qu'il avait traîné ici pour garder un œil sur elle parce qu'apparemment, il avait des problèmes de confiance et...","Ça faisait si longtemps qu'il n'avait pas eu de vie sexuelle, Andi pensa en se reposant, regardant Devyn travailler sur le canapé qu'il avait apporté ici pour surveiller Andi, car apparemment, il avait des problèmes de confiance et..."
Gulls shrieked warnings in the distance.,Des goélands criaient des avertissements au loin.,Les goélands criaient des avertissements à l'horizon.
"She's strong in her convictions, anyone with eyes can see it.","Elle est tient droite dans ses bottes, n'importe qui avec des yeux peut le voir.","Ça fait longtemps qu'elle est convaincue de sa cause, tout le monde le voit."
The men didn't need to cross paths.,Les deux hommes n'avaient pas besoin de se croiser.,Ça n'était pas nécessaire que les hommes se croisent.
It's romantic.,C'est romantique.,Ça est romantique.
"After handing the keys to the valet, Devyn, who kept sending her accusing glares, led her inside the incredibly beautiful hotel lobby.","Après avoir remis les clés au voiturier, Devyn, qui ne cessait de lui lancer des regards accusateurs, la conduisit à l'intérieur du hall de l'hôtel, d'une beauté incroyable.","Devyn lui remit les clés du valet, tout en lui lançant des regards accusateurs, et l'entraîna dans l'incroyable salle d'accueil de l'hôtel."
Maybe this Patrick was the reason.,Peut-être que ce Patrick en était la raison.,Ça pourrait être le fait de Patrick.
"""I thought you were resting.",Je croyais que tu te reposais.,Ça me semblait comme si tu te reposais.
"He took her mouth in his, taking in the sweetness of her breath and the yielding fullness of her lips.","Il prit sa bouche dans la sienne, profitant de la douceur de son souffle et de la souplesse de ses lèvres.","Il prit sa bouche dans la sienne, respirant la douceur de son souffle et la pleine sensualité de ses lèvres."
"He should give her one last kiss goodbye and head for the door, but...","Il devrait lui donner un dernier baiser d'adieu et se diriger vers la porte, mais...","Ça lui restait à donner un dernier baiser et à partir, mais..."
"I can't describe the noise I make, part newborn kitten, part whiny toddler.","Je ne peux décrire le bruit que je fais, on dirait à la fois un chaton nouveau-né et un enfant pleurnichard.","Ça ressemble à un chaton qui pleure, à un petit garçon qui se plaindrait."
"""Are you ready to tell me what happened between you two?""",Es-tu prêt à me dire ce qui s'est passé entre vous deux ?,Êtes-vous prêt à me dire ce qui s'est passé entre vous deux ?
Pterodactyls take up residence in my gut.,Des ptérodactyles s'installent dans mes tripes.,Les ptérodactyles s'installent dans mon ventre.
"Dizzied, she couldn't separate Chase's licks from his nibbles, and she fell over the edge in one frantic shout.","Étourdie, elle n'arrivait pas à distinguer les coups de langue de Chase de ses mordillements, et elle tomba dans le vide en poussant un cri frénétique.","Ça lui donnait la vertige, elle ne pouvait pas distinguer les lèvres de Chase des morsures, et elle tomba dans le vide en criant."
"Who has time to bake bread anymore?""",Qui a encore le temps de faire du pain ?,Ça fait des années que personne ne fait de pain.
"I hold up a hand, hating the fact that it wobbles.","Je lève une main, détestant le fait qu'elle tremble.","Je lève la main, me détestant pour ce qu'elle tremble."
"LPs, CDs, and rare box sets, both vinyl and digital.","Des vinyles, des CD et des coffrets rares, tant en vinyle qu'en numérique.","33 tours, CDs et rares coffrets, en vinyle et numérique."
"""This is Frankie L, and I'm here to take you on a journey.",Je suis Frankie L. et je suis là pour vous faire voyager.,Ça s'appelle Frankie L et je suis là pour vous emmener sur un voyage.
"""While I was taking a look at Roman Palms Hotel's files, I got curious about a few things, mostly about their off-months,"" she began as he took the hint and sat up only to release a small grunt when she climbed between his legs and grabbed the iPad back out of his hands so that she could take over.","Pendant que je jetais un coup d'œil aux dossiers de l'hôtel Roman Palms, j'ai été curieuse de certaines choses, surtout à propos de leurs mois creux, commença-t-elle.","Ça fait deux ans que je suis à la tête de l'hôtel Roman Palms, et j'ai eu l'occasion de voir les dossiers de l'hôtel, et j'ai été curieuse de quelques choses, surtout des mois creux, commença-t-elle alors qu'il se redressa, avant de pousser un petit grognement lorsqu'elle l'enjamba et lui arracha l'iPad des mains pour prendre le relais."
"But yeah, I'm pretty sure we're going to end up naked.","Mais oui, je suis presque sûr que nous allons finir nus.","Ça va marcher, mais je suis sûr que nous allons finir nu."
"She'd gotten a little sad, mostly because she'd never known her dad.","Elle s'était sentie un peu triste, surtout parce qu'elle n'avait jamais connu son père.","Ça lui avait fait un peu triste, surtout parce qu'elle n'avait jamais connu son père."
"How'd you get through high school?""",Comment as-tu fait pour survivre les années lycée ?,Ça te coûte quoi ?
"""Give me what I want, Frankie,"" John growls.","Donne-moi ce que je veux, Frankie, grogne John.","""Donne-moi ce que je veux, Frankie, grogne John."
"""That's not what I'm focusing on right now,"" I mutter.","Ce n'est pas ce sur quoi je me concentre en ce moment, murmuré-je.","Ça n'est pas ce que je me concentre sur le moment présent, murmuré-je."
"He hopped off the barstool and grabbed all the dishes with the finesse of a longtime waiter, stacking everything on his forearm and parading to the kitchen door.","Il sauta du tabouret et attrapa toute la vaisselle avec la dextérité d'un serveur expérimenté, empilant le tout sur son avant-bras et se dirigeant vers la porte de la cuisine.","Il sauta du tabouret et ramassa tous les plats avec la finesse d'un serveur expérimenté, les empilant sur son avant-bras et se dirigeant vers la porte de la cuisine."
"""Forgot we don't have lights.",J'ai oublié que nous n'avions pas de lumière.,Ça nous a échappé que nous n'avons pas de lumières.
"""I'll..."" I try to swallow and end up coughing.",J'essaie d'avaler ma salive et je finis par tousser.,Ça... Je tente de déglutir et je finis par tousser.
"Looks like you're done.""",On dirait que tu as fini.,Ça a l'air que tu as fini.
Doing hurricane prep.,Je prépare l'arrivée de l'ouragan.,Ça s'appelle préparer à un ouragan.
"""I..."" I shake my head, trying to laugh off this, whatever it is.","Je secoue la tête, essayant de rire de tout ça, peu importe ce que c'est.","Ça... Je secoue la tête, essayant de rire de tout ça, quoi qu'il en soit."
He's practically dead on his feet tonight.,Il est pratiquement mort de fatigue ce soir.,Ça fait presque un mort vivant ce soir.
He had to stay strong for her.,Il devait rester fort pour elle.,Il devait rester fort pour elle.
"""Trust me, there's nothing wrong with this deal.","Fais-moi confiance, il n'y a rien qui cloche avec ce contrat.","Ça va marcher, tu peux te reposer sur moi."
"At the first gush of his warm breath on me, I buck hard.","À la première bouffée de son souffle chaud sur moi, je me cabre.","À la première brise de son chaud souffle sur moi, je renverse."
"""So?"" She turned to look over the sound at the sun slung low in the sky.",Alors... Elle se tourna pour regarder le soleil bas dans le ciel.,Ça va ? Elle se retourna pour regarder le bruit du soleil qui se couchant dans le ciel.
"When John frowns, I continue.","Devant le froncement de sourcils de John, je poursuis.","Ça fait froid dans le dos, je continue."
It's a distraction.,C'est une sacrée distraction.,Ça sert à faire oublier.
"He's not looking at me, his eyes are trained on the ceiling.","Il ne me regarde pas, ses yeux sont rivés au plafond.","Ça ne me regarde pas, ses yeux sont fixés sur le plafond."
"They walked without talking, Mari whistling what sounded like a mash-up of Jingle Bells and America, the Beautiful, and Chase trying to keep up with her brisk pace.","Ils marchaient sans parler, Mari sifflant ce qui ressemblait à un mélange de Jingle Bells et d'America, the Beautiful, et Chase essayant de suivre son rythme rapide.","elles marchaient sans parler, Mari sifflant une mélodie qui ressemblait à un mash-up entre Jingle Bells et America, the Beautiful, et Chase essayant de suivre son rythme."
"He's been up all night, and it shows.",Il n'a pas dormi de la nuit et cela se voit.,Ça montre qu'il a passé la nuit à travailler.
We've never even exchanged contact information.,Nous n'avons jamais échangé nos coordonnées.,Ça n'a jamais été question de nous échanger nos numéros de téléphone.
"It is a lie.""",C'est un mensonge.,Ça fait un mensonge.
"""Hey, John, good to see you again.""","Hé, John, content de te revoir !","Ça va, John, ça va bien de te voir de nouveau."
"He set the dishes on the counter, then headed to the bar.",Il posa les plats sur le comptoir et se dirigea vers le bar.,"Il posa les assiettes sur le comptoir, puis se dirigea vers le bar."
Blood dripped onto his shirt.,Du sang coulait sur son tee-shirt.,Le sang tombait sur sa chemise.
"If Amelia had survived, then there were lots of part-mer, part-humans out there on Chase's family tree.","Si Amelia avait survécu, c'est qu'il y avait beaucoup de métis de sirènes et d'humains dans l'arbre généalogique de Chase.","Si Amelia avait survécu, il y avait beaucoup de gens mi-humains, mi-sauvages dans l'arbre généalogique de la famille Chase."
"""Oh, no,"" he says, and his laugh is...not bitter, it's a laugh of disbelief.","Oh, non ! dit-il, et son rire n'est pas amer, c'est un rire d'incrédulité.","Ça vaudra quoi, dit-il en riant, et son rire n'est pas amer, c'est un rire de désespoir."
I often wonder if she's got hidden cameras.,Je me demande souvent si elle a des caméras cachées.,Ça me fait souvent penser qu'elle a des caméras cachées.
"So much wind.""",Il y a tellement de vent.,Ça fait trop de vent.
"""I was almost killed by a tourist attraction.""",J'ai failli être tuée par une attraction touristique.,"Ça m'a presque tué, une attraction touristique."
"Within seconds, his gaze went from panicked to determined.","En quelques secondes, son regard passa de la panique à la détermination.","Dans quelques secondes, son regard passa de panique à détermination."
"In fact, he looks like he hasn't slept since primary school.","En fait, on dirait qu'il n'a pas dormi depuis l'école primaire.",Ça fait en fait comme s'il n'avait pas dormi depuis l'école primaire.
"""Sure, there's a balcony just off the guest bedroom.""","Bien sûr, il y a un balcon dans la chambre d'amis.","Ça va, il y a un balcon juste à côté de la chambre d'hôte."
"In the meantime, I try to stick to mornings at the school district.""","En attendant, j'essaie de m'en tenir aux matinées à l'école...",Ça me donne le temps de m'adapter à la vie de prof.
"Step by step, he drew closer.","Pas à pas, il se rapprocha.","Ça va, pas à pas, il s'approchait."
"There are stars behind my eyes, and a whirring sound in my ears, followed by pounding in my ribcage.","J'ai des étoiles derrière les yeux et un bourdonnement dans les oreilles, suivi d'un martèlement dans la cage thoracique.","Ça y est, il y a des étoiles derrière mes yeux, un bruit de tourbillon dans mes oreilles, suivi d'un battement dans ma poitrine."
Wasn't that the legend?,N'est-ce pas ce que disait la légende ?,Ça n'était-il pas le légendaire ?
"""I enjoy those things,"" he says, a frown over his beautiful eyes.","J'aime ces instants-là, dit-il en fronçant les sourcils.","Ça me plaît, dit-il, un froncement de sourcils sur ses beaux yeux."
"""So, I couldn't help but notice that there was a lovely hotel on the way here,"" Andi pointed out, already reaching for her phone.","Je n'ai pas pu m'empêcher de remarquer qu'il y avait un bel hôtel sur le chemin, souligna Andi, en attrapant déjà son téléphone.","Ça m'a fait remarquer qu'il y avait un magnifique hôtel sur le chemin, dit Andi en tendant déjà la main vers son téléphone."
"""I did,"" he readily agreed as he began caressing the back of her hand with his thumb.","C'est vrai, reconnut-il volontiers en commençant à caresser le dos de sa main avec son pouce.","Ça va, dit-il d'accord tout de suite en commençant à caresser le dos de sa main avec son pouce."
She peered out the window and whistled Jingle Bells under her breath.,Elle jeta un coup d'œil par la fenêtre et siffla doucement Jingle Bells.,"Ça fait du bien de voir le soleil, dit-elle en regardant la fenêtre."
"John toes out of his Skechers and lifts, first one leg, then the other as I strip him of his jeans.","John enlève ses Skechers et soulève d'abord une jambe, puis l'autre, tandis que je le débarrasse de son jean.","John enlève ses Skechers et soulève, d'abord une jambe, puis l'autre, tandis que je lui enlève son jean."
"""I'm going to try,"" Nicholas said, his lips twitching with amusement as he helped himself to another slice of bacon.","Je vais essayer, dit Nicholas, ses lèvres se tordant d'amusement tandis qu'il se servait une autre tranche de bacon.","Ça va falloir, dit Nicholas, les lèvres tressaillantes de rire alors qu'il prenait une autre tranche de bacon."
"Amelia swam into the still waters, and when she saw Christopher, she lifted her arms like she wanted to board the ship.","Amelia avait nagé dans les eaux calmes, et quand elle avait vu Christopher, elle avait levé les bras comme si elle voulait monter à bord.","Amelia plongea dans les eaux calmes, et lorsqu'elle vit Christopher, elle leva les bras comme s'il s'agissait d'un bateau."
"""...wasn't a homophobic asshat?",... n'était pas un connard homophobe ?,Ça n'était pas un connard homophobe ?
"""I'll leave you to negotiate that with John,"" Gayle answers as she gathers her things to go.","J'te laisse négocier ça 'vec John, répond Gayle en rassemblant ses affaires pour partir.","Ça te laisse négocier ça avec John, répond Gayle en rassemblant ses affaires pour partir."
That look has me trembling.,Ce regard me fait trembler.,Ça me fait trembler.
"Besides, if anything happens, I'll be right there to keep you safe,"" Travis said as she forced herself to look away from Devyn, wondering what the hell was wrong with her.","De plus, si quelque chose devait arriver, je serai là pour vous protéger, déclara Travis alors qu'elle s'efforçait de détourner le regard de Devyn, se demandant ce qui n'allait pas chez elle.","Ça va être bien, dit Travis en se forçant à détourner le regard de Devyn, se demandant ce qui l'avait pris."
I don't have to tell him twice.,Je n'ai pas besoin de le lui dire deux fois.,Ça ne me faut pas dire deux fois.
"Thunder echoed in the distance and stalks of bright lightning dropped out of the sky near the horizon, momentarily lighting up the surface of the ocean like polished silver.","Le tonnerre résonnait au loin et des éclairs brillants tombaient du ciel près de l'horizon, illuminant momentanément la surface de l'océan comme de l'argent poli.","Le tonnerre retentit à l'horizon et des éclairs lumineux s'abattirent sur l'horizon, éclairant la surface de l'océan comme de l'argent poli."
Seemed like baseball was always on lately.,On aurait dit que le baseball était toujours à l'écran ces derniers temps.,Ça semblait que le baseball était toujours en direct récemment.
"I hear the tell-tale snick of the cap of a bottle, and then cold liquid drips down my crease.","J'entends le bruit caractéristique du bouchon de bouteille qu'on ouvre, puis un liquide froid coule le long de mon pli.","Je entends le cliquetis d'une bouteille, puis un liquide froid coule dans ma sillon."
"Before she could finish the sentence that promised to break the perfection of the moment, he tipped her chin higher and grazed her lips with his.","Avant qu'elle ne puisse terminer la phrase qui promettait de briser la perfection du moment, il lui fit relever le menton et effleura ses lèvres.","Avant qu'elle ne puisse terminer la phrase qui promettait de rompre la perfection du moment, il élève le menton et effleure ses lèvres."
"The setting sun streamed across the park, casting long shadows of rides onto the empty beach like an invading army of giant insects.","Le soleil couchant traversa le parc, projetant de longues ombres de manèges sur la plage vide, telle une armée envahissante d'insectes géants.","Le soleil couchant éclairait le parc, projetant des ombres longues des attractions sur la plage déserte, comme une armée d'insectes géants envahissait le lieu."
She loved the way the light streaked across his angry eyes like a flash of lightning over a dark sea.,"Elle aimait la façon dont la lumière traversait ses yeux en colère, comme un éclair sur une mer sombre.",Ça lui plaisait de voir la lumière se répandre sur ses yeux en colère comme une éclair de tonnerre sur une mer sombre.
"I'm fuller than I've ever been, stretched and aching with a pleasure I can barely process.","Je n'ai jamais été aussi rempli, étiré et endolori par un plaisir que j'ai du mal à assimiler.","Ça m'a rempli de plaisir, étiré et brûlant d'un plaisir que je ne peux pas comprendre."
"""I'm sorry you had to leave a job you loved, the place you grew up,"" I say, and I mean it.","Je suis désolé que tu aies dû quitter un travail que tu aimais, l'endroit où tu as grandi, dis-je, et je le pense vraiment.","Ça me fait peur que tu aies dû quitter un travail que tu aimais, la maison où tu as grandi, dis-je, et je le regrette vraiment."
"It's the least I can do.""",C'est le moins que je puisse faire.,"Ça, c'est le moins que je puisse faire."
Her heart thumped and she whistled the Imperial March from Star Wars.,Son cœur battait la chamade et elle siffla la Marche impériale de La Guerre des étoiles.,Son cœur battait à tout venir et elle siffla l'air de l'Empire contre-attaque de Star Wars.
"He lifted her chin and kissed her, his lips pressing against hers in fervent desire.","Il lui souleva le menton et l'embrassa, ses lèvres se pressant contre les siennes dans un désir fervent.","Il souleva son menton et l'embrassa, ses lèvres pressant celles de la jeune femme dans un désir fervent."
"""I love seeing you wearing that necklace,"" he murmured.","J'aime te voir porter ce collier, murmura-t-il.","Ça me plaît de te voir porter ce collier, murmura-t-il."
"""So, I think I figured it out,"" Andi said, already completely fucking lost in whatever was on the iPad that she'd managed to get her hands on as she rolled onto her back.","Ah, j'ai trouvé, dit Andi, déjà complètement perdue dans ce qu'il y avait sur l'iPad sur lequel elle avait réussi à mettre la main, alors qu'elle se roulait sur le dos.","Ça me semble que je l'ai compris, dit Andi, déjà complètement perdue dans ce que l'iPad contenait alors qu'elle se retournait sur le dos."
"""We'd better get to work.""",Nous ferions mieux de nous mettre au travail.,Ça vaudrait mieux que nous nous mettions au travail.
His voice pours over me like melted chocolate.,Sa voix se déverse sur moi comme du chocolat fondu.,Sa voix me coule comme du chocolat fondu.
"I'm sure they made the best decision, given the conditions.""","Je suis sûre qu'ils ont pris la meilleure décision, compte tenu des conditions.","Ça me semble la meilleure décision, compte tenu des circonstances."
"I don't know how long we stand in my doorway, but I eventually slip out of his arms and lead him over to the couch.","Je ne sais pas combien de temps nous sommes restés sur le seuil de ma porte, mais j'ai fini par me défaire de son étreinte et je le conduis jusqu'au canapé.","Je ne sais pas combien de temps nous restons debout dans mon portique, mais je finis par me détacher de ses bras et le mener sur le canapé."
"""I can't give you what you need.",Je ne peux pas te donner ce dont tu as besoin.,Ça ne marche pas.
"""I guess you weren't kidding about the whole birthright thing.""",Je suppose que tu ne plaisantais pas à propos de l'héritage culturel.,Ça veut dire que tu n'as pas joué sur le fait que tu sois héritier.
"I have the overwhelming urge to kiss him there, and so I do.","J'ai une envie irrésistible de l'embrasser à cet endroit, et c'est ce que je fais.","Ça me donne une envie irrépressible de l'embrasser là-bas, et je le fais."
"Whether she had hidden it, or he hadn't looked closely enough to see it, he didn't know.","Qu'elle l'ait cachée ou qu'il ne l'ait pas regardée d'assez près pour la voir, il ne le savait pas.","Ça ne lui importait pas s'il avait caché ça, ou s'il n'avait pas regardé de près."
I don't think I've ever met anyone so ready to experience joy.,Je crois que je n'ai jamais rencontré quelqu'un d'aussi enclin à éprouver de la joie.,Ça me semble que je n'ai jamais rencontré quelqu'un aussi prêt à vivre le plaisir.
Mari leaned over to see.,Mari se pencha pour voir.,Mari se pencha pour voir.
She was always at the hospital.,Elle était toujours à l'hôpital.,Ça faisait toujours des années qu'elle était à l'hôpital.
It probably saved me.,Elle m'a probablement sauvé.,Ça m'a probablement sauvé.
"A bit worried about the storm, yeah.""","Je suis un peu inquiète à cause de la tempête, c'est tout.","Ça fait un peu de temps que je suis un peu inquiète à propos de la tempête, oui."
No sign of Inna anywhere.,Aucune trace d'Inna.,Pas de signe d'Inna nulle part.
"He's blinking up at the ceiling, and he's gone quiet.","Il cligne des yeux en regardant le plafond, et il est devenu silencieux.","Ça fait un moment qu'il regarde le plafond, et il est tombé dans le silence."
"""I'd go for a swim if I didn't worry about all the debris in the water.""",J'irai bien nager si je ne m'inquiétais pas de tous les débris dans l'eau.,Ça me ferait plaisir de faire du nage si je ne me préoccupais pas de tous les débris dans l'eau.
"Can't you get out of the contract?""",Tu ne peux pas rompre ce contrat ?,Ça te coûte-t-il de sortir du contrat ?
"Determined to ignore it, she cleared her throat, slapped a smile on her face and watched as Devyn's eyes narrowed on her as he reached over and plucked the phone out of her hand.","Déterminée à l'ignorer, elle se racla la gorge, afficha un sourire et regarda Devyn qui, les yeux rivés sur elle, s'approcha et lui enleva le téléphone des mains.","Ça ne l'intéressait pas, elle se débarrassa de la marmite, posa un sourire et regarda Devyn qui fixa ses yeux sur elle alors qu'il lui arrachait le téléphone de la main."
"""More,"" he responds.","Plus, répond-il.","Ça suffit, répond-il."
"""Oh yes, we'll be married.","Oh oui, nous nous marierons.",Ça va être un mariage.
Will there be?,Y en aura-t-il ?,Ça y sera ?
He winced as a streak of pain shot through his face at her touch.,Il grimaça lorsqu'un trait de douleur traversa son visage à son contact.,Ça lui donna une douleur à la face à son contact.
"It only takes one breach, and there'll be water and mess all over the bar.""",Il suffit d'une brèche pour qu'il y ait de l'eau et des dégâts partout dans le bar.,"Ça suffit d'une brèche, et il y aura de l'eau et du brouillard partout dans le bar."
"It's a necessity.""",C'est une nécessité.,Ça s'impose.
My focus is on the Big Plates section of the menu until John's voice rumbles across the table.,Je me concentre sur la catégorie des grandes assiettes sur le menu jusqu'à ce que la voix de John retentisse à l'autre bout de la table.,Je me concentre sur le menu des grands plats jusqu'au moment où la voix de John traverse la table.
"""We talked about that,"" Andi pointed out as she googled Hillshire Hotels to see how they were holding up after yesterday, only to swallow hard when she saw the first headline.","Nous en avions déjà parlé, fit-elle remarquer, tout en cherchant sur Google ""Hôtels Hillshire"" pour voir comment ils s'en sortaient depuis la veille","Ça a été abordé, dit Andi en cherchant les Hôtels Hillshire sur Google pour voir comment ils se portaient après hier, mais elle grimaça en voyant le premier titre."
"He'd never made promises, never offered more than he could give, and it was never anything that he couldn't live without, but God help him, he knew that he'd lose his fucking mind if he had to live without this.","Il n'avait jamais fait de promesses, n'avait jamais offert plus que ce qu'il pouvait donner, et ce n'était jamais quelque chose dont il ne pouvait pas se passer, mais que Dieu lui vienne en aide, il savait qu'il perdrait la tête s'il devait se passer de ça.","Ça ne l'avait jamais fait, il n'avait jamais offert plus qu'il ne pouvait donner, et ça n'était jamais rien qu'il n'aurait pas pu supporter, mais à l'âme, il savait qu'il perdrait la tête s'il devait vivre sans ça."
"He reached up and took down the mermaid sun catcher, then set it gently into the box, surrounding it with packing material.","Il tendit le bras et décrocha l'attrape-soleil en forme de sirène, puis le déposa délicatement dans la boîte, en l'entourant de papier bulle.","Il tendit la main et descendit le pendule de la sirène, puis le plaça doucement dans la boîte, l'entourant de matériel de remplissage."
Never knew what I was missing until now.,Je n'ai jamais su ce qui me manquait jusqu'à présent.,Ça m'a fait comprendre ce que j'avais manqué.
"Good-looking, hard-working, and sensitive, he was all that.","Beau, travailleur et sensible, il était tout cela.",Ça faisait longtemps qu'il n'avait pas mangé.
"He grinned and lowered himself to her, his warm skin setting her afire more.","Il sourit et s'approcha d'elle, sa peau déjà chaude s'enflammant encore plus.","Il sourit et s'enfonça dans ses plis, sa peau chaude la faisant brûler de plus en plus."
"""I really don't think that I can do this,"" Andi stressed as she continued taking in the room that they were expected to stay in.","Je ne pense vraiment pas que je puisse le faire, souligna Andi en continuant d'observer la pièce dans laquelle ils sont censés séjourner.","Ça ne marche pas, marmonna Andi en continuant à regarder la pièce où ils devaient rester."
"""You like me when I'm hard,"" he says, laughing.","Tu aimes quand je suis dur, réplique-t-il en riant.","Ça te plaît quand je suis dur, dit-il en riant."
I need to know what's going through that enigmatic head of his.,J'ai besoin de savoir ce qui se passe dans sa tête énigmatique.,Ça m'intéresse de savoir ce qui passe dans cette tête enigmatique.
"""Are you worried you won't get off the island before the storm hits?""",Tu as peur de ne pas pouvoir quitter l'île avant la tempête ?,Êtes-vous inquiet de ne pas quitter l'île avant que la tempête ne frappe ?
"She'd saved him from death, for goodness sake.","Elle l'avait sauvé de la mort, pour l'amour du ciel.","Ça lui avait sauvé la vie, pour l'amour de Dieu."
"""Which is why I contacted Hillshire Hotels and asked them to send the files again when I let them know that you weren't going to be able to make it to New York to meet with their CEO.",C'est pourquoi j'ai contacté les Hôtels Hillshire pour qu'ils me renvoient une copie des dossiers et leur dire que vous ne pourriez pas vous rendre à New York pour rencontrer leurs PDG.,Ça explique pourquoi j'ai contacté les Hôtels Hillshire et j'ai demandé à leur envoyer les fichiers à nouveau lorsque j'ai appris que tu ne pourais pas vous rendre à New York pour rencontrer le PDG des Hôtels Hillshire.
"He had a good crew.""",Il avait un bon équipage.,Ça faisait une bonne équipe.
She could swim another day.,Elle pourrait nager un autre jour.,Ça ne l'empêcherait pas de nager le lendemain.
"""It is and it isn't,"" she said, worrying her bottom lip between her teeth, wondering why she couldn't seem to figure out what she wanted.","Ça l'est et ça ne l'est pas, dit-elle, mordillant sa lèvre inférieure entre ses dents, se demandant pourquoi elle n'arrivait pas à comprendre ce qu'elle voulait","Ça l'est et ça n'est pas, dit-elle en mordillant sa lèvre inférieure, se demandant pourquoi elle ne pouvait pas se décider."
And it's pretty far-fetched.,Et elle est assez farfelue.,Ça n'a pas grand-chose d'évident.
"Seize this moment and hold it tight because we never know what the next moment's going to bring.""",Saisir ce moment et le serrer fort parce qu'on ne sait jamais ce que le moment suivant va nous apporter.,Saisir ce moment et le garder fermement parce que nous ne savons jamais quoi attendre du prochain.
"Until that terrible day, he'd always been able to protect his younger brother.","Jusqu'à ce jour terrible, il avait toujours été capable de protéger son jeune frère.","Ça durait depuis toujours, il avait toujours pu protéger son frère plus jeune."
Looks like it started with Christopher.,On dirait que ça a commencé avec Christopher.,Ça semble que ça a commencé avec Christopher.
She didn't want him feeling bound to her because she'd saved him or because he was physically attracted to her.,Elle ne voulait pas qu'il se sente lié à elle parce qu'elle l'avait sauvé ou parce qu'il était physiquement attiré par elle.,Ça ne lui faisait pas de bien de se sentir lié à elle parce qu'elle l'avait sauvé ou parce qu'il était physiquement attiré par elle.
"I'm fucking Johnny like an animal, getting closer to God, using the rhythm of the music to drive us both insane.","Je baise Johnny comme un animal, me rapprochant de Dieu, utilisant le rythme de la musique pour nous rendre tous les deux fous.","Je baise Johnny comme un animal, je m'approche de Dieu, j'utilise le rythme de la musique pour nous rendre tous les deux fou."
"Inna was waiting, and he didn't like to wait.","Inna attendait, et il n'aimait pas attendre.","Inna attendait, et il ne supportait pas d'attendre."
"She was surely tired too, but she hadn't complained a bit.","Elle aussi devait sûrement être fatiguée, mais elle ne s'était pas plainte.","Ça lui faisait certainement fatigue, mais elle n'avait pas plaint."
"He bent his head, and her lips met his with a slow kiss.",Il pencha la tête et ses lèvres rencontrèrent les siennes dans un lent baiser.,"Il pencha la tête, et ses lèvres se joignirent à les siens pour un baiser lent."
A large percentage of guests going to the Winter Wonderland in January are only going to kill time and the others are locals just going so that their children can go on the ice slides.,Une grande partie des visiteurs qui se rendent au Winter Wonderland en janvier n'y vont que pour tuer le temps et les autres sont des locaux qui viennent juste pour que leurs enfants puissent faire des glissades sur la glace.,90 % des clients qui vont au Winter Wonderland en janvier vont juste passer le temps et les autres sont des habitants qui vont juste pour que leurs enfants puissent faire du patinage.
I can't believe I hadn't noticed when the music stopped.,Je ne peux pas croire que je n'ai pas remarqué que la musique s'était arrêtée.,Ça me fait rire de ne pas avoir remarqué que la musique s'était arrêtée.
"And although John isn't technically a virgin, I can't help but feel like I'm about to deflower him.","Et bien que John ne soit pas techniquement vierge, je ne peux m'empêcher de penser que je suis sur le point de le déflorer.","Et bien que John ne soit pas vraiment vierge, je ne peux m'empêcher de me dire que je suis sur le point de le déflorer."
"""Why can't you leave us all alone?",Pourquoi ne pouvez-vous pas nous laisser tranquilles ?,Pourquoi ne peux-tu pas nous laisser en paix ?
"Again, with the stupid.","Encore une fois, c'est stupide.",Ça fait déjà longtemps que tu disais ça.
"He believed me for years.""",Il m'a cru pendant des années.,Ça m'a fait croire pendant des années.
"The only thing I hear is my pounding heart, our mingled breaths, and the snick-snick-snick of...","La seule chose que j'entends, c'est mon cœur qui bat la chamade, nos respirations qui se mélangent et le bruit de...","Ça n'y a que le battement de mon cœur, nos souffles mélangés et le cliquetis de..."
"Sure, he'd enjoyed swimming in the oceanspent a couple years diving on WWII wrecks for the US Navy.","Bien sûr, il avait aimé nager dans l'océan  il avait passé quelques années à plonger à l'intérieur d'épaves de la Seconde Guerre mondiale pour l'US Navy.","Ça, c'était un plaisir, il avait passé deux ans à nager dans les océans et à plonger sur les épaves de la Seconde Guerre mondiale pour la Marine américaine."
"""Doesn't look like she got the message,"" Lucas said, sounding amused.","On dirait bien qu'elle ne l'a pas compris, rétorqua Lucas avec amusement.","Ça ne semble pas qu'elle ait compris le message, dit Lucas, l'air amusé."
"""I think some of the other guys plan to come by the bar to help, so I don't have to have you here, but there'll be work if you want it.""","Je pense que d'autres gars ont prévu de venir au bar pour aider, donc tu n'es pas obligé de venir, mais il y aura du travail si tu le veux.","Ça y va, je pense que d'autres gars vont venir au bar pour aider, alors je ne dois pas avoir besoin de toi, mais il y aura du travail si tu le veux."
She shielded her eyes from the bright sun and strained to see if she recognized the dark figure approaching from the northern section of the beach.,Elle se protégea les yeux du soleil et s'efforça de reconnaître la silhouette sombre qui s'approchait de la partie nord de la plage.,Elle se protégea des rayons du soleil et s'efforça de reconnaître la silhouette sombre qui approchait depuis la partie nord de la plage.
"Did you know the 1893 fair in Chicago was the celebration of four hundred years since Columbus landed?""",Savais-tu que la foire de 1893 à Chicago célébrait les quatre cents ans du débarquement de Christophe Colomb ?,Ça te dit que le salon de 1893 à Chicago était une célébration des quatre cents ans depuis le débarquement de Christophe Colomb ?
"Against his mates' recommendations, he threw the rope ladder over the side and she came aboard.","Contre les recommandations de ses compagnons, il avait jeté l'échelle de corde par-dessus bord et elle était montée à bord.","Contre les conseils de ses compagnons, il jeta la échelle sur le bord et elle monta à bord."
"""Carta Hotels' board has decided after careful consideration that it might be in their best interest to find someone who shares their vision,"" Devyn said, looking lost in thought as he absently drummed his fingertips against the armrest.","Les membres du conseil d'administration des Hôtels Carta ont décidé, après mûre réflexion, qu'il était dans leur intérêt de chercher quelqu'un qui partageait leur vision, dit Devyn semblant perdu dans ses pensées alors que ses doigts pianotaient distraitement sur le l'accoudoir du canapé.","Le conseil d'administration des Hôtels Carta a décidé, après une réflexion soigneuse, qu'il serait dans leur intérêt de trouver quelqu'un qui partage leur vision, dit-il, perdant la tête alors qu'il tapait absintement les doigts contre le dossier de l'ascenseur."
"""I quit!"" she managed to get out before returning to mumbling, ""We're going to die!"" over and over again as she released the cutest fucking sniffles while he did his best to stop fucking smiling.","Elle réussit à dire : ""Je démissionne !"" avant de se remettre à marmonner : ""On va mourir !», encore et encore, en lâchant un reniflement des plus mignons, tandis qu'il faisait de son mieux pour arrêter de sourire.","Ça suffit ! s'écria-t-elle avant de retourner à marmonner : ""Nous allons mourir !"" à pleines dents, tout en dégonflant le plus adorable souffle tout en essayant de s'empêcher de sourire."
"How would he tell her that he wanted to stay on the island, wanted to take a chance with her?","Comment allait-il lui dire qu'il voulait rester sur l'île, qu'il voulait tenter sa chance avec elle ?","Ça lui donnerait le courage de lui dire qu'il voulait rester sur l'île, qu'il voulait prendre le risque avec elle ?"
"John...I don't know what he's doing, but he is looking at me, and suddenly I feel exposed.","je ne sais pas ce qu'il fait, mais il me regarde, et soudain, je me sens exposé.","John... je ne sais pas quoi il fait, mais il me regarde, et soudain je me sens exposé."
"I also found the emails and letters from Hillshire Hotels to the fake account that Mr. Anderson set up, informing him of the hotel's dire situation.","J'ai également trouvé les e-mails et les lettres envoyés par les Hôtels Hillshire au faux compte créé par M. Anderson, l'informant de la situation désastreuse de l'hôtel.","Je trouvais aussi les e-mails et les lettres des Hôtels Hillshire à l'adresse de l'adresse fausse que M. Anderson avait créée, lui informant de la situation désastreuse du groupe."
"We'd sometimes grab a bite to eat afterward.""",Nous allions parfois manger un morceau après.,Ça arrive parfois que nous prenions un morceau après le service.
"""I assume he felt obligated to finish out his contract as privateer.",Je suppose qu'il s'était senti obligé de terminer son contrat de corsaire.,Ça me semble logique qu'il se sente obligé de terminer son contrat de corsaire.
Of course she could read.,"Bien sûr, qu'elle savait lire.",Ça va falloir.
Too bad diverboy hadn't shown any instalove back.,Dommage que le plongeur n'ait pas eu le coup de foudre en retour.,Ça me faisait mal que le diverboy n'ait pas montré d'instalove.
Is that heat in his voice?,Y a-t-il de la chaleur dans sa voix ?,Ça fait chaud dans sa voix ?
"It's a hot day, but inevitably cooler up here than it would be in the city.","Il fait chaud, mais il fait indéniablement plus frais ici qu'en ville.","Ça fait chaud, mais il est nécessairement plus frais ici qu'en ville."
"""Well, this was fun,"" Andi said brightly with a satisfied sigh as she made her way back to the elevator.","Eh bien, c'était amusant, dit Andi avec un soupir de satisfaction en retournant vers l'ascenseur.","Ça a été amusant, dit Andi avec un sourire brillant et un soupir de satisfaction en remontant dans l'ascenseur."
"""I like you too much, I think.""","Je t'aime trop, je crois.","Ça me plaît trop, je pense."
Even more unusual up in New Bromley.,C'est encore plus rare à New Bromley.,Ça fait encore plus d'un coup à New Bromley.
"""We're well equipped for dark, then.""","Nous sommes bien équipés pour la nuit, alors.",Ça nous sert bien pour la nuit.
"He poked at it with a piece of driftwood, trying to see if it had tentacles, but all that was left were stubsmost had been sheared off as the tide brought the jellyfish to shore.""","Il la toucha avec un morceau de bois flotté, essayant de voir si elle avait des tentacules, mais il ne restait que des bouts  la plupart avaient été arrachés quand la marée avait ramené la méduse sur le rivage.","Ça avait été écrasé par la marée, et il n'y avait plus que des rudiments, les tentacules avaient été arrachés par la marée qui avait amené le méduse sur le rivage."
Chase had taken the money and built the bar.,Chase avait pris l'argent et construit le bar.,Chase avait pris l'argent et construit le bar.
"As long as I'm with you, everything will be fine.""","Tant que je serai avec toi, tout ira bien.",Ça va marcher tant que je serai avec toi.
"""I'll have your name added to the list,"" he promised, making a mental note to put her name on the list if she was still here at the end of the week.","Je ferais ajouter votre nom à la liste, promit-il, en le notant dans un coin de sa tête au cas où elle travaillait encore là d'ici la fin de la semaine.","Je ferai ajouter ton nom à la liste, promit-il, faisant une note mentale pour ajouter son nom à la liste si elle était encore là à la fin de la semaine."
"""Looks like he passed out,"" the guard said.","On dirait qu'il s'est évanoui, dit le garde.","Ça a l'air qu'il a perdu connaissance, dit le gardien."
"Not enough places to hide.""",Il n'y a pas assez d'endroits où se cacher.,Ça n'y a pas assez de lieux pour se cacher.
"""You'd be surprised.",Tu pourrais être surpris.,Ça te surprendrait.
John nudges my shoulder when one woman tells me she earned her bachelor's degree listening to me while she studied.,John me donne un coup d'épaule lorsqu'une femme me dit qu'elle a obtenu sa licence en m'écoutant pendant qu'elle étudiait.,John me pousse sur l'épaule lorsqu'une femme me dit qu'elle a obtenu son baccalauréat en l'écoutant tout en étudiant.
Or no shirt.,Ou sans chemise aussi.,Ça veut dire que je ne porte plus de chemise.
"It's as if all the weeks and months of wanting him or trying not to want him, have coalesced into an incessant need.",C'est comme si toutes les semaines et les mois passés à le désirer ou à essayer de ne pas le désirer s'étaient transformés en un besoin incessant.,"Ça semble que toutes les semaines et les mois pendant lesquelles elle le désirait ou qu'elle essayait de ne pas le désirer, se sont réunies en un besoin insatiable."
Too close.,Trop proche.,Ça fait trop près.
I'll hide in the dune grassI want to hear you break his heart.,"Je me cacherai dans les dunes, je veux t'entendre lui briser le cœur.",Je me cacherai dans l'herbe des dunes pour te voir briser le cœur de ce con.
"He was her boss and she was a complication that he didn't need right now, Devyn reminded himself only to realize that he didn't care.","Il était son patron et elle était une complication dont il n'avait pas besoin en ce moment, se rappela Devyn juste pour se rendre compte qu'il s'en fichait.","Ça lui faisait peur, Devyn se rappela, avant de se rendre compte qu'il ne s'en fichait pas."
"""Saturday works.""","Samedi, ça marche.",Ça marche le samedi.
He pulled out his razor and cream.,Il sortit son rasoir et sa crème de rasage.,Il sortit son rasoir et son crème.
Appreciate it.,L'apprécier.,Apprécie-le.
"Making a mental note about that for later, he set it aside only to frown when he saw the financial report beneath it.","Il le nota mentalement pour plus tard et la mit de côté, mais fronça les sourcils en voyant le rapport financier qui se trouvait en dessous.","Il se rappela de ce rapport pour plus tard, mais il fronça les sourcils en voyant le rapport financier sous le rapport sur les ventes."
Inna's head snapped up.,La tête d'Inna se releva d'un coup.,La tête d'Inna se redressa.
The picture was a total diversion.,Le tableau était une véritable diversion.,Ça faisait totalement détourner l'attention.
"""Careful,"" he says as I step over the edge.","Attention, dit-il alors que j'enjambe le bord.","Ça va, dit-il alors que je passe à côté de l'abîme."
"You've taken that thing a million times.""",Tu l'as pris un million de fois.,Ça fait un million de fois que tu as pris ça.
"""Just ignore him,"" she said with a conspiratorial wink and smile.","Ignorez-le simplement, dit-elle avec un clin d'œil complice et un sourire.","Ignore-le, dit-elle avec un clin d'œil conspirateur et un sourire."
All Mine Series:,Série All Mine :,La série All Mine :
How could he consider this?,Comment pouvait-il envisager cela ?,Ça lui faisait quoi ?
"""Since I was the one that introduced you, yes.""","Oui, puisque c'est moi qui vous ai présenté.","Ça fait que je suis la personne qui t'a présenté, oui."
"""Me too,"" he says and kisses me gently.","Moi aussi, dit-il en m'embrassant doucement.","Ça me plaît aussi, dit-il en m'embrassant doucement."
"And I don't see him again until the air starts to cool, and the leaves begin to change color.",Et je ne l'ai plus revu jusqu'à ce que l'air commence à se rafraîchir et que les feuilles commencent à changer de couleur.,"Ça fait déjà un moment que je ne le vois plus, et l'air commence à se refroidir, les feuilles commencent à changer de couleur."
"""It's a lot of work.""",C'est beaucoup de travail.,Ça fait beaucoup de travail.
"""Clearly, it likes you too.""","Manifestement, tu lui plais aussi.",Ça aime aussi ça.
"In real life, he was better than any fantasy, and things were simply too perfect.","Dans la vraie vie, il était mieux que dans n'importe quel fantasme, et les choses étaient tout simplement trop parfaites.","Ça faisait partie de la réalité, et les choses étaient trop parfaites."
"""You mean your room,"" Lucas pointed out as Devyn sat there, clenching his jaw as he met his best friend's gaze head-on.","Tu veux dire ta chambre, fit remarquer Lucas alors que Devyn s'asseyait, serrant la mâchoire alors qu'il croisait le regard de son meilleur ami.","Ça veux dire ta chambre, souligna Lucas alors que Devyn restait assis là, serrant sa mâchoire tandis qu'il regardait son meilleur ami dans les yeux."
My patience is thin.,Ma patience a atteint ses limites.,Ma patience est épuisée.
"Oh gods, how long had he been watching?","Mon Dieu, depuis combien de temps regardait","Ça, mon Dieu, depuis combien de temps les observait-il ?"
"""And we don't know when the portrait was paintedwhether it was before he disappeared, or afterward, on Amelia's direction.","Et nous ne savons pas quand le portrait a été peint, si c'était avant sa disparition, ou après, sur les instructions d'Amelia.","Ça ne nous dit rien sur la date de la réalisation du portrait, ni si c'était avant qu'il disparaisse, ou après, à la demande d'Amelia."
"He raised his gaze to meet hers, and for a moment, ""spend the night"" took on a whole new meaning.","Il leva son regard pour rencontrer le sien et, pendant un instant, ""passer la nuit"" prit une toute nouvelle signification.","Il leva les yeux pour croiser le regard de la jeune femme, et pendant un moment, ""passer la nuit"" prit un tout nouveau sens."
"""You can spend next Christmas with my family,"" she said with a firm nod as though that settled everything.","Tu peux venir passer le prochain Noël avec ma famille, dit-elle avec un hochement de tête ferme, comme si ça réglait tout.","Ça vaudrait le coup de passer les fêtes de Noël avec ma famille, dit-elle avec un hochement de tête ferme, comme si tout était résolu."
"""Ditch the shoes,"" Chase said.","Enlève tes chaussures, dit Chase.","Ça va, dit Chase."
He pulled her farther under him.,Il l'attira plus loin sous lui.,Il la fit avancer sous lui.
"""The park, silly.","Le parc, idiot.","Ça, c'est le parc, idiot."
"Christ, out of all the women that he'd sent to lure the bastard, the secretaries, assistants, and that fucking hooker, and the woman that had finally brought him to his knees was a small woman who had no fucking idea what she was getting herself into.","Bon sang, parmi toutes les femmes qu'il avait envoyé pour appâter ce salaud, les secrétaires, les assistantes, et cette putain de prostituée, celle qui l'avait finalement mis à genoux était une petite femme qui n'avait aucune putain d'idée de ce dans quoi elle s'engageait.","Ça, c'était un bordel, parmi toutes les femmes qu'il avait envoyées pour attirer le connard, les secrétaires, les assistantes, et cette putain de prostituée, et la femme qui l'avait finalement fait tomber à genoux était une petite femme qui n'avait aucune idée de ce qu'elle se portait à."
"That looked confident, didn't it?","Elle avait l'air sûre d'elle, n'est-ce pas ?","Ça avait l'air confiant, n'est-ce pas ?"
"""I'll walk you out.""",Je vais te raccompagner.,Ça va marcher.
"I want to engage him, to bring back the cheeky inquisitive guy that used to grab lunch with me every other day.","Je veux le faire parler, faire revenir le curieux insolent qui avait l'habitude de déjeuner avec moi tous les deux jours.","Je veux l'engager, ramener le garçon qui avait l'air de vouloir tout savoir, qui prenait le déjeuner avec moi tous les deux jours."
My skin there is on fire.,"Ma peau, à cet endroit, est en feu.",Ça me brûle la peau.
"""I try to get the early classes, so I can be done by early afternoon.""",J'essaie de prendre les premiers cours pour pouvoir terminer en début d'après-midi.,"Ça me permet d'avoir les cours du matin, pour être libre à l'après-midi."
"A butterscotch leather jacket hangs off his frame like it was made for him, and the burgundy button-down he has on underneath makes the copper and red highlights in his beard pop.","Une veste en cuir caramel lui colle à la peau comme si elle avait été conçue pour lui, et la chemise bordeaux qu'il porte en dessous fait ressortir les reflets cuivrés et rouges de sa barbe.","Un gilet en cuir brun-beige s'accroche à son corps comme s'il était fait pour lui, et la chemise à boutons burgundy qu'il porte sous le gilet met en valeur les reflets roux et cuivrés de sa barbe."
Then sing her heart out.,Puis chanter à tue-tête.,Ça fait un bon moment que tu chantes.
At least I try to.,"Du moins, j'essaie.","Ça me coûte cher, mais je fais de mon mieux."
"Too many times, he'd stopped himself.","Trop de fois, il s'en était empêché.",Ça faisait trop longtemps qu'il s'arrêtait.
"It's not my smile, so I tamp down my jealousy.","Ce n'est pas mon sourire, alors j'étouffe ma jalousie.","Ça n'est pas mon sourire, alors je réprime ma jalousie."
"Oh, and you make soup.","Oh, et tu fais de la soupe.","Ça va, tu fais de la soupe."
"Dyer rolls his lips inward as I eye him, and I can't help but poke at him.","Les lèvres de Dyer se retroussent quand je le regarde, et je ne peux pas m'empêcher d'insister.","Dyer roule ses lèvres vers l'intérieur alors que je le regarde, et je ne peux m'empêcher de le piquer."
"Clearing his throat uncomfortably, Thomas Brandon, assistant manager of the Carta Castle Hotel, said, ""He quit.""","Se raclant la gorge, Thomas Brandon, directeur adjoint de l'hôtel Carta Castle, déclara :","Thomas Brandon, assistant manager du Carta Castle Hotel, dit : ""Il a démissionné."""
"""As soon as possible.""",Dès que possible.,"Ça, dès que possible."
His eyes no doubt follow John around the room just as mine do.,"Ses yeux suivent sans doute John dans la pièce, tout comme les miens.","Ses yeux, sans doute, suivent John dans la pièce tout comme les miens."
"Based on what they'd said, he'd been hoping that she would be able to quickly adapt to her new role, but so far, it wasn't working out.","En se basant sur ce qui lui avait été dit, il espérait qu'Andi s'adapterait rapidement à son nouveau poste ;","Ça faisait déjà un moment qu'il espérait qu'elle pourrait rapidement s'adapter à son nouveau rôle, mais jusqu'à présent, ça ne marchait pas."
"""Analog is so much warmer than digital,"" I say.","L'analogique est tellement plus chaleureux que le numérique, dis-je.","""L'analogique est beaucoup plus chaleureux que le numérique"", dis-je."
"""I loved my mother.",J'aimais ma mère.,Ça m'a fait beaucoup de mal.
That had been met with a horrified look and a slight trembling of her bottom lip that had him quickly promising never to touch her notebook again.,Ça lui avait valu un regard horrifié et un léger tremblement de sa lèvre inférieure qui avait rapidement fait promettre à Devyn de ne plus jamais y toucher.,Ça lui donna un regard horrifié et une faible tremblée de sa lèvre inférieure qui le fit promettre de ne plus toucher son carnet.
"He'd been given two years to turn this mess around, and so far, he'd been able to surpass every expectation, but now that his contract was set to expire in a few months, Devyn was having a hell of a time getting anything done with every assistant that he hired quitting and making his life a hell of a lot harder than it needed to be.","mais maintenant que son contrat allait expirer d'ici quelques mois, Devyn peinait beaucoup à faire avancer les choses, toutes ses assistantes qui démissionnaient lui rendait la vie beaucoup plus difficile qu'elle n'aurait dû l'être.","Ça faisait deux ans qu'il avait deux ans pour résoudre ce désastre, et il avait réussi à dépasser toutes les attentes, mais maintenant que son contrat expirait dans quelques mois, Devyn avait du mal à faire quelque chose avec chaque assistante qu'il embauchait qui quittait et rendait sa vie bien plus difficile qu'elle ne devait l'être."
Better to get the evening over with and worry about the bar tomorrow.,Il valait mieux en finir avec cette soirée et se préoccuper du bar demain.,Ça vaut mieux que de passer la soirée à se soucier du bar.
"The slightest of pulls from his hand on my nape has me leaning down to him, but he stops my descent before I can touch my lips to his.","La moindre traction de sa main sur ma nuque me fait me pencher vers lui, mais il arrête ma descente avant que je ne puisse toucher ses lèvres.","Le moindre mouvement de sa main sur mon cou fait que je m'incline vers lui, mais il arrête mon mouvement avant que je ne puisse toucher mes lèvres à ses."
"Dyer's right, I haven't spoken to him, or anyone, about what's happening between John and me.","Dyer a raison, je ne lui ai pas parlé  ni à personne d'ailleurs  de ce qui se passe entre John et moi.","Ça va, Dyer a raison, je n'ai pas parlé à John, ni à personne d'autre, pour parler de ce qui se passe entre nous."
"""And you have to tell him you don't love himnever did.""","Et tu dois lui dire que tu ne l'aimes pas, que tu ne l'as jamais aimé.","Ça te faut dire à lui qu'il ne t'aime pas, qu'il ne t'a jamais aimé."
"Slowly, I turn my head.","Lentement, je tourne la tête.",Je tourne lentement la tête.
"John's words should make me feel better, but they don't.","Les mots de John devraient me rassurer, mais ce n'est pas le cas.","Les mots de John devraient me faire mieux, mais ce n'est pas le cas."
"She'd wanted to ask him why he'd gotten it, since she first saw it after Luke's death, but it seemed like such an intimate question.","Elle avait voulu lui demander pourquoi il se l'était fait faire, depuis qu'elle l'avait vu pour la première fois après la mort de Luke, mais la question lui avait semblé si intime.","Ça lui avait semblé si intime qu'elle n'osait pas le lui demander pourquoi il l'avait acheté, puisqu'elle l'avait vu pour la première fois après la mort de Luke."
Quiet time?,Du temps calme ?,Ça va être un moment de repos ?
Anger darkens the green of his eyes from emerald to forest.,La colère assombrit le vert de ses yeux qui passent de l'émeraude à la forêt.,"L'anger noircit le vert des yeux d'Emeraude, qui deviennent bruns."
He didn't know.,Il ne savait pas.,Ça ne lui importait pas.
"""Don't speak to my daughter with disrespect.",Ne manqua pas de respect à ma fille.,Ça ne te fera pas de mal de ne pas parler à ma fille avec un ton déplacé.
Nine Inch Nails fills my head.,Nine Inch Nails remplit ma tête.,9 Inch Nails remplit ma tête.
"I feel the flood of warmth and wet surround my cock as I pulse, spilling into the condom.","Je sens le flot de chaleur et d'humidité entourer ma bite alors que je pulse, me déversant dans le préservatif.","Je sens la chaleur et l'humidité envahir ma queue pendant que je pousse, jetant mon sperme dans le préservatif."
This wasn't just about sex.,Il ne s'agissait pas seulement de sexe.,Ça n'était pas juste pour le sexe.
"Instead, he fucked off to God knows where.","Au lieu de cela, il s'est barré Dieu sait où.","Ça fait que ça lui a fait un coup de pied dans le cul, et il est parti où il voulait."
"He'd better switch to the cheaper stuff soon, or he'd regret drinking up his reserve stash.","Il ferait mieux de passer bientôt aux bouteilles moins chères, sinon il regretterait d'avoir épuisé sa réserve.","Ça lui faudrait de changer pour le moins cher, sinon il regretterait de s'en être débarrassé."
But it's a peaceful walk that not many people know about.,Mais c'est une promenade paisible que peu de gens connaissent.,Ça est une promenade tranquille que peu de gens connaissent.
You got a fucking virgin!,Tu as un putain de puceau !,Ça va te faire une putain de migraine !
"Swallowing hard, he listened as Andi quietly tiptoed throughout the small apartment, shutting lights off as she went and then-","Déglutissant, il écouta Andi marcher sur la pointe des pieds dans le petit appartement, éteignant les lumières au fur et à mesure, puis...","Il déglutit difficilement, Andi passa discrètement dans l'appartement, éteignant les lumières à mesure qu'elle avançait, puis..."
"Wherever you go, I'll be watching you.","Où que tu ailles, je te surveille.","Ça va te faire peur, mais où que tu vais, je te suivrai."
"""Right now, I'm occupied with these eight.""","Pour l'instant, je suis occupé par ces vingt centimètres là.",Ça fait maintenant un mois que je suis occupé par ces huit.
"He slammed her against the covered window, pressing his body against the length of hers.","Il la plaqua contre la fenêtre barricadée, pressant tout son corps contre le sien.","Il la frappa contre la fenêtre couverte, pressant son corps contre la longueur du sien."
That's worth celebrating.,Cela vaut la peine d'être célébré.,Ça vaut la peine de fêter.
The tattoo that marked her as mermaid.,Le tatouage qui la marquait comme sirène.,Ça faisait partie du tatouage qui la marquait comme sirène.
The deep-blue sky burst with hints of orange where the sun hung low in the west.,Le ciel d'un bleu profond se teintait d'orange là où le soleil était bas à l'ouest.,Le ciel bleu foncé se couvrait d'oranges où le soleil s'abaisait à l'ouest.
Like they had a connection beyond the present.,Comme s'ils avaient une connexion au-delà du présent.,Ça faisait comme si ils avaient une connexion au-delà du présent.
I scroll down and find one story that has a video.,Je fais défiler l'écran et trouve un article avec une vidéo.,Je fais défiler la page et je trouve un article qui a un vidéo.
"The muscle tenses under my palm, and I drop my arm to my side, sighing inwardly.",Le muscle se crispe sous ma paume et je laisse tomber mon bras sur le côté en soupirant intérieurement.,"Le muscle se tend sous ma paume, et je laisse tomber mon bras à côté de moi, soupirant."
"""I need one more thing,"" Chase said.","J'ai besoin d'une dernière chose, dit Chase.","Ça me manque une chose, dit Chase."
"Their cousins, the Sirens, sang a song and trapped a man.","Leurs cousines, les harpies, chantaient une chanson pour piéger les hommes.",Les cousines des Sirenes chantaient une chanson et attrapaient un homme.
"""Look at me, Mari,"" he said, squeezing her knee.","Regarde-moi, Mari, dit-il en lui pressant le genou.","Ça me fait peur, Mari, dit-il en lui pressant le genou."
One thing was for certain.,Une chose était sûre.,Ça ne pouvait pas être vrai.
"""No, the regular had a family emergency.""","Non, le DJ habituel a eu une urgence familiale.","Non, le régulier avait une urgence familiale."
Who in the twenty-first century doesn't Google someone after meeting them?,"Qui, au vingt-et-unième siècle, ne cherche pas quelqu'un sur Google après l'avoir rencontré ?","Ça fait partie du vingtième siècle, qui ne Googlait pas quelqu'un après le rencontrer ?"
"Unless there's a ghost tattoo artist around the island, I swear I don't know where these tattoos keep coming from.""","A moins qu'il n'y ait un tatoueur fantôme sur l'île, je jure que je ne sais pas d'où viennent ces tatouages.","Ça ne me fait pas de doute, mais je ne sais pas d'où viennent ces tatouages."
"I can't move, don't want to, and John seems content to have me covering him.","Je ne peux pas bouger, je n'en ai pas envie, et John semble satisfait que je sois sur lui.","Ça me fait mal, je ne peux pas bouger, je ne veux pas, et John semble content de me couvrir."
"As his skin heats, his earthy musk hits my senses, making my mouth water.","Au fur et à mesure que sa peau se réchauffe, son odeur de musc et de terre s'impose à mes sens et me met l'eau à la bouche.","Son peau se réchauffe, son odeur terreuse me frappe, faisant saliver ma bouche."
"I was unhappy.""",J'étais malheureux.,Ça m'a rendu malheureux.
LOCAL HIGH SCHOOL TEACHER ARRESTED ON SUSPICION OF SEX WITH STUDENT,UN ENSEIGNANT D'UN LYCÉE LOCAL ARRÊTÉ POUR SUSPICION DE RELATIONS SEXUELLES AVEC UNE ÉLÈVE,Un enseignant d'un lycée local est arrêté pour suspicion de relations sexuelles avec un élève.
"""What's this?"" I ask, removing the paper, though I already know.","demandé-je en retirant le papier, bien que je le sache déjà.","Ça, qu'est-ce que c'est ?"
"""Oh, you mean he'd tell you his moods.",Tu veux dire qu'il te disait son humeur.,Ça veut dire qu'il te dirait ses humeurs.
"When I call Dyer and ask him to sit in on my shift, he only hesitates for a moment before agreeing.","Lorsque j'appelle Dyer pour lui demander de me remplacer, il hésite un instant avant d'accepter.","Quand je contacte Dyer et lui demande de passer à mon tour, il hésite un instant avant d'accepter."
"He stood, dabbing his eye with the ice pack.",Il se leva et se tamponna l'œil avec la poche de glace.,"Ça va, dit-il en se secouant l'œil avec la bouteille de gel."
"Why is it suddenly hot out here, has summer returned in the last hour or so?","Pourquoi fait-il soudain chaud ici, l'été serait-il revenu depuis une heure ?","Ça fait chaud soudain, l'été est-il revenu depuis une heure ?"
"This time, Travis led her through the large hole in the side of the ship, making her smile as she watched yellow, orange, and blue fish race out the other side, following Travis as he made his way back up to the surface and-","Cette fois, Travis la fit passer à travers le grand trou sur le flanc du navire, la faisant sourire en regardant des poissons jaunes, oranges et bleus sortir de l'autre côté, suivant Travis alors qu'il remontait à la surface et...","Ça faisait un moment qu'ils étaient en train de remonter à la surface, mais Travis les fit remonter à la surface plus rapidement que prévu, faisant sourire Trinity en voyant des poissons jaunes, oranges et bleus s'enfuir de l'autre côté, les suivant tout en remontant à la surface et..."
"He follows them down to the floor and helps me step out of, first my Vans sneakers, and then the denim.","Il le suit jusqu'au sol et m'aide à enlever d'abord mes baskets Vans, puis le jean.","Ça va jusqu'au sol et m'aide à enlever, d'abord mes chaussures Vans, puis mon jeans."
"""Shut up, woman.""","Tais-toi, femme.","Ça suffit, femme."
"She was going to spend the rest of her life telling herself that it was good enough, she thought, deciding that definitely earned another heartfelt sigh.","Elle allait passer le reste de sa vie à se dire que c'était suffisant, pensa-t-elle, décidant que ça valait bien un autre soupir du fond du cœur.","Ça allait lui servir de réponse pour le reste de sa vie, pensa Andi, décidant qu'elle méritait un soupir sincère."
"And then, after finally accepting the painful realization that I'll never see the man again, it sure is a shock to the system when he walks into Nicki's house during her annual fall mixer.","Et puis, après avoir finalement accepté la dure réalité que je ne reverrai jamais cet homme, ça m'a fait un vrai choc lorsqu'il entre dans la maison de Nicki lors de sa soirée annuelle d'automne.","Ça fait un moment que je n'ai pas vu Nicki, et ça fait un moment que je n'ai pas vu Nicki, et ça fait un moment que je n'ai pas vu Nicki, et ça fait un moment que je n'ai pas vu Nicki, et ça fait un moment que je n'ai pas vu Nicki, et ça fait un moment que je n'ai pas vu Nicki, et ça fait un moment que je n'ai pas vu Nicki, et ça fait un moment que je n'ai pas vu Nicki, et"
He spoke her thoughts aloud.,Il exprima ses pensées à voix haute.,Ça lui passait par la tête.
He'd thought about that a lot and just how badly he wanted to do it again.,Il avait souvent repensé à cela et à quel point il avait envie de le refaire.,Ça lui avait beaucoup fait réfléchir et à quel point il voulait le faire à nouveau.
"And this nightmare will be over.""",Et ce cauchemar sera terminé.,"Ça finira, ce cauchemar."
"She stared at him as he tried to maneuver partway down the sand-covered stairs, and his pulse raced at the scrutiny.","Elle le dévisagea alors qu'il tentait de descendre les marches couvertes de sable, et son pouls s'accéléra à l'examen minutieux de la situation.","Elle le regarda tout en essayant de descendre les marches recouvertes de sable, et son pouls s'accéléra sous son regard."
"Still, I can't say I'm not disappointed that we won't be strolling hand-in-hand through the fair.","Pourtant, je ne peux pas dire que je ne suis pas déçu que nous ne nous promenions pas main dans la main à travers la foire.",Ça m'a tout de même déçu de ne pas pouvoir promener la main dans la main à travers la foire.
The day had been a cacophony of noises from wind to Inna to rain to cheesy music.,"La journée avait été une cacophonie de bruits, du vent à Inna, de la pluie à la musique ringarde.","Ça faisait un cacophonie de bruits, du vent, d'Inna, de la pluie et de la musique câline."
"Aren't those reasons enough?""",Ces raisons ne sont-elles pas suffisantes ?,Ça ne suffit-il pas ?
Inna wasn't going to mess things up with Chase.,Inna n'allait pas tout gâcher avec Chase.,"Ça ne faisait rien, Inna n'allait pas faire chier Chase."
"Now, there was no chance of saving Chase from Inna's angerhe had every mer-legal right to kill the man who'd seduced his betrothed.","Maintenant, il n'y avait plus aucune chance de sauver Chase de la colère d'Inna  il avait tous les droits légaux de tuer l'homme qui avait séduit sa promise.","Ça n'y faisait plus, Chase n'avait plus de chance de s'en sortir de ce qu'Inna lui réservait."
He looks so happy.,Il a l'air si heureux.,Ça lui fait tant de plaisir.
Another romp with him would drown out any fears she had.,Une autre partie de jambes en l'air avec lui noierait toutes les craintes qu'elle avait.,Être à nouveau avec lui l'éloignerait de ses craintes.
"""I should get back to...""",Je devrais retourner à...,Ça me rappelle que je dois...
"Not too much, too soon.","Pas trop, pas trop tôt.",Ça ne fait pas trop longtemps.
"He's a good guy, and I enjoy talking to him.""","C'est un bon gars, et j'aime bien lui parler.",Ça fait du bien de parler à lui.
"""My mom loves me, Chase.","Ma mère m'aime, Chase.","Ma mère me aime, Chase."
"""You're from Scotland?"" He asks, his eyes following the flight of a bird from one treetop to the next.","me demande-t-il, ses yeux suivant le vol d'un oiseau d'une cime à une autre.",Ça vient de l'Écosse ?
"It didn't help that she'd been afraid to close her eyes, terrified that if she closed them for even a minute that something would happen to him.","La peur qu'il lui arrive quelque chose si elle fermait les yeux, ne serait-ce","Ça ne l'aide pas de ne pas fermer les yeux, terrifiée qu'elle serait de le fermer même une minute, craignant que quelque chose ne se passe à Devyn."
"""I really don't, though,"" Andi said, sniffling at the end there as she once again found herself heading towards another long night of searching through files and trying to come up with a way to improve the hotel's bottom line as she kept an eye out for anything that could help them figure out who the mysterious James Jamerson was.","Je ne sais vraiment pas, dit Andi, en reniflant à la fin, alors qu'elle se dirigeait une fois de plus vers une longue nuit de recherche dans les dossiers et de tentatives pour trouver un moyen d'améliorer les résultats de l'hôtel, tout en gardant un œil sur tout ce qui pourrait les aider à découvrir qui était le mystérieux James Jamerson.","Ça ne m'intéresse pas vraiment, dit Andi, s'évanouissant à la fin de la phrase alors qu'elle se retrouvait à nouveau à la recherche de fichiers et à essayer de trouver une façon de faire baisser les coûts de l'hôtel tout en gardant un œil sur tout ce qui pourrait leur permettre de déterminer l'identité du mystérieux James Jamerson."
"I nod, reaching up to hold his face in my hands.","J'acquiesce, en levant les bras pour prendre son visage dans mes mains.","Ça va, je hoche la tête, puis je lève les mains pour prendre son visage dans mes mains."
"This is the best news ever.""",C'est la meilleure nouvelle qui soit.,Ça fait le meilleur cadeau de Noël.
"""I like listening to you.""",J'aime t'écouter.,Ça me plaît de te écouter.
"We also discovered the responsible party, James Jamerson,"" Devyn explained, making Harold frown in confusion.","Nous avons également découvert le responsable, James Jamerson, expliqua Devyn, ce qui fit froncer les sourcils de Harold, confus.","Ça nous a permis de découvrir la personne responsable, James Jamerson, expliqua Devyn, faisant froncer les sourcils de Harold."
"""But, really, I tend to go along with whatever.","Mais, en fait, j'ai tendance à me laisser faire.","Ça va vite, je suis prête à tout accepter."
He set his plate beside hers.,Il posa son assiette à côté de la sienne.,Il posa son assiette à côté d'elle.
"When she deepened the kiss, he wished she were on a bed where he could press harder against her, feeling every contour of her soft body beneath his.","Lorsqu'elle approfondit le baiser, il souhaita qu'elle soit dans un lit où il pourrait se presser plus fort contre elle, sentant chaque contour de son corps doux sous le sien.","Quand elle profonde le baiser, il souhaitait qu'elle soit sur un lit où il pourrait la presser plus fort, sentant tous ses contours sur son corps doux."
"God, if he only knew how wanted he was.",Si seulement il savait à quel point il est désiré.,"Ça, c'est un secret."
"Mari dipped under the water as a large wave washed over her, then came back up, slicking her hair away from her face.","Mari plongea sous l'eau lorsqu'une grosse vague la submergea, puis remonta, écartant ses cheveux de son visage.","Mari plongea dans l'eau lorsqu'une grande vague la submergea, puis remonta à la surface, écartant ses cheveux de son visage."
"A mermaid has no business on land, and now look what's happened.","Une sirène n'a rien à faire sur terre, et regarde ce qui s'est passé.","Ça n'a pas d'affaire sur le continent, et voilà ce qui est arrivé."
"I glance over at Dyer, and he's studying me.","Je jette un coup d'œil à Dyer, et il m'étudie.","Je jette un coup d'œil à Dyer, qui me regarde."
Until John Burton.,Jusqu'à John Burton.,Ça durera jusqu'à John Burton.
One way or another.,D'une manière ou d'une autre.,Ça ira de soi.
"He could face her now, find out exactly what the man meant by ""engaged.""","Il pouvait l'affronter maintenant, découvrir exactement ce que l'homme entendait par ""fiancé"".","Il pouvait la regarder maintenant, découvrir exactement ce que l'homme entendait par ""engagé""."
"Or what's left of it.""",Ou ce qu'il en reste.,Ça fait longtemps que ça n'existe plus.
"She struggled to climb the pile of sand, her flip-flops in one hand.","Elle s'efforça de grimper sur le tas de sable, ses tongs dans une main.","Elle lutta pour grimper sur la pile de sable, ses tongs dans une main."
"There's awe in his face, the way his lips part ever-so-slightly, and his eyes widen just a little bit.","Il y a de l'admiration sur son visage, la façon dont ses lèvres s'écartent légèrement, et ses yeux s'écarquillent un tout petit peu.","Il a un air d'admiration sur son visage, les lèvres s'écarquillent légèrement, et ses yeux s'écarquillent un peu."
We're so very different from one another.,Nous sommes très différents l'un de l'autre.,Ça fait si longtemps que nous ne sommes plus les mêmes.
"What was the point of all this – of us -  if you can't trust me?""",Quel était le but de tout cela  de nous  si tu ne peux pas me faire confiance ?,Ça faisait quoi  ?  Que valait tout ça  ?  Que valait notre existence  ?  Si tu ne pouvais pas me faire confiance ?
"The way you are with music, that's how he is with beer.","Il est comme toi et la musique, mais avec la bière.","Ça, c'est comme ça qu'il est avec la bière."
"""The eye should make landfall approximately midnight or a little after, depending on whether the storm slows a lot as it moves inland.","""L'œil du cyclone devrait toucher terre vers minuit ou un peu plus tard, en fonction de la vitesse de déplacement de la tempête vers l'intérieur des terres.","Ça devrait toucher le sol vers minuit ou un peu après, selon que la tempête ralentit beaucoup en s'éloignant de la côte."
She moved to look out over the railing and saw the lighted pier lanterns bobbing as the pier swayed and groaned under the weight of the swollen waves.,Elle se déplaça pour regarder par-dessus la balustrade et vit les lanternes allumées de la jetée qui se balançaient tandis que la jetée elle-même se balançait et gémissait sous le poids des vagues déchaînées.,"Ça faisait un moment qu'elle se penchait sur la balustrade et voyait les bouées de proue éclairées par les projecteurs s'avancer et s'avancer et s'avancer, tandis que la jetée s'inclinait et grincait sous le poids des vagues en surcharge."
"To be with me, forever?","Être avec moi, pour toujours ?","Être avec moi, pour toujours ?"
"""It's too soon to tell,"" Devyn said, sighing heavily as he slid the daily report into his coat pocket.","Il est trop tôt pour le dire, soupira Devyn tout en glissant le rapport quotidien dans la poche de son manteau.","Ça fait trop peu de temps pour en juger, dit Devyn en soupirant lourdement et en glissant le rapport dans sa poche."
Big trouble.,De gros ennuis.,Ça va être compliqué.
"Chase pushed Mari off his shoulder and leaped up, his heart throbbing in his throat as a wave of nausea rolled through him.","Chase repoussa Mari de son épaule et se leva d'un bond, le cœur palpitant dans sa gorge, tandis qu'une vague de nausée le traversait.","Chase repoussa Mari des épaules et sauta, son cœur battant dans sa gorge tandis qu'une vague de nausée le roulait."
"""I think I can handle that,"" the man that still hadn't told her what job she was interviewing for murmured.","C'est gérable, marmonna l'homme qui ne lui avait toujours pas dit pour quel poste elle passait un entretien.","Ça me va, murmura l'homme qui n'avait toujours pas dit à la jeune femme pour quel poste elle avait passé un entretien."
"Chase turned toward her, his eyes looking through her.","Chase se tourna vers elle, ses yeux la pénétrant.","Chase se retourna vers elle, ses yeux la traversant."
"I like seeing him like this, so close to the edge so soon.","J'aime le voir comme ça, si proche de craquer, si rapidement.","Ça me plaît de le voir comme ça, si près du bord si tôt."
"""Thanks a lot, man.","Merci beaucoup, mec.","Ça va bien, mon pote."
"""No,"" Devyn bit out as she did a search for nearby hotels and found the one that she was looking for.","Non, dit Devyn en recherchant les hôtels des environs, et en trouvant celui qu'elle cherchait.","Non, dit Devyn alors qu'elle cherchait un hôtel près de là."
"She pressed against him harder, well aware that he couldn't move until the screw was in or the plywood would fall.","Elle se serra plus fort contre lui, consciente qu'il ne pouvait pas bouger tant que la vis n'était pas enfoncée, sous peine de voir le contreplaqué tomber.","Ça lui faisait plaisir, elle se pressait contre lui plus fort, bien consciente qu'il ne pourrait pas bouger tant que la vis n'était pas enfoncée ou le contreplaqué ne tomberait pas."
"""Need a beer or some water or something?""","Tu veux une bière, de l'eau ou autre chose ?",Ça te manque une bière ou de l'eau ou quelque chose comme ça ?
The smile he gives me is stunning.,Le sourire qu'il m'adresse est stupéfiant.,Son sourire est éblouissant.
I've wanted to have my own shop on the beach my whole life.,"Toute ma vie, j'ai voulu avoir ma propre boutique sur la plage.",Ça m'a toujours fait rêver d'avoir mon propre magasin sur la plage.
"I don't know what I was expecting from the residence of a man as talented with his hands as John is, but this isn't it.","J'ignore ce que j'attendais de la résidence d'un homme aussi doué de ses mains que John, mais ce n'est pas ça.",Ça ne ressemble pas à ce que je me suis attendu dans la résidence d'un homme aussi doué avec ses mains que John.
And it could burn down the bar.,Et elle pourrait brûler le bar.,Ça pourrait faire brûler le bar.
"She reached to her throat, but words had dried on her tongue.","Elle porta la main à sa gorge, mais les mots avaient séché sur sa langue.","Elle tendit la main à sa gorge, mais les mots s'étaient asséchés sur sa langue."
And would have killed Chase if she hadn't been there to save him.,Et aurait tué Chase si elle n'avait pas été là pour le sauver.,Ça aurait tué Chase si elle n'avait pas été là pour le sauver.
"A local directory yielded a little info on John Burton, owner of Burton Construction.","Un annuaire local m'a permis d'obtenir quelques informations sur John Burton, propriétaire de Burton Construction.","Un répertoire local m'a donné quelques informations sur John Burton, propriétaire de Burton Construction."
"""Two months!""",Deux mois !,Ça fait deux mois !
"Placid, green oceans filled those same eyes when someone needed a helping hand.",Des océans verts et paisibles remplissaient ces mêmes yeux lorsque quelqu'un avait besoin d'une main secourable.,"Ça faisait des années qu'il avait les yeux verts, comme des océans, lorsqu'il avait besoin d'aide."
"""It's complicated,"" he said, picking up a file only to toss it back on his desk and go still when she blurted out, ""I have to tell you something.""","C'est compliqué, répondit-il, s'emparant d'un dossier pour le reposer aussitôt sur son bureau et de s'immobiliser quand elle lâcha :","Ça va être compliqué, dit-il en prenant un dossier, puis en le jetant sur son bureau et en s'immobilisant lorsqu'elle dit : ""Je dois te dire quelque chose."""
"His eyes blaze in the dark, but I can't make out his expression.","Ses yeux brillent dans l'obscurité, mais je n'arrive pas à distinguer son expression.","Ses yeux brillaient dans l'obscurité, mais je ne pouvais pas déceler son expression."
"But the studios have needed working on for a long time, and I'm glad our last fundraiser was enough to at least start on it.","Mais cela fait longtemps qu'il fallait rénover les studios, et je suis heureux que notre dernière collecte de fonds ait été suffisante pour au moins commencer à le faire.","Ça fait longtemps que les studios n'ont pas besoin d'être rénovés, et je suis heureux que notre dernière levée de fonds ait permis de commencer les travaux."
"""We have nothing but time,"" Andi said, smiling hugely as she placed the colorful sack down at the top of the slide and gestured for him to sit down.","On a tout le temps, dit Andi, avec un grand sourire, en posant le sac coloré en haut du toboggan et en lui faisant signe de s'asseoir.","Ça nous laisse le temps, dit Andi en souriant à pleines dents alors qu'elle posait le sac couleurful au sommet de la rampe et lui faisait signe de s'asseoir."
"When someone tells you they've had it all and done it all, and feel no need for more when you're still reaching for every goddamned thing life can offer, what is there left to say?","Quand quelqu'un vous dit qu'il a tout eu et tout fait, et qu'il ne ressent pas le besoin d'en avoir plus alors que vous cherchez toujours tout ce que la vie peut vous offrir, que reste-t-il à dire ?","Ça fait déjà longtemps que je n'ai plus rien à dire quand quelqu'un me dit qu'il a tout fait et tout acquis, et qu'il n'a plus besoin de rien d'autre quand je suis encore à la recherche de tout ce que la vie peut me proposer."
The waves crashed on the sand and the water pooled near her.,Les vagues s'écrasaient sur le sable et l'eau s'accumulait près d'elle.,Les vagues s'écrasaient sur le sable et l'eau se répandait près d'elle.
"""Frankie,"" John breathes into my wet hair.","Frankie, souffle John dans mes cheveux mouillés.","""Frankie"", soupire John dans mes cheveux mouillés."
"She didn't want this day, no matter how hard the work was, to ever end.","Elle ne voulait pas que cette journée, même si le travail était difficile, se termine un jour.","Ça ne finirait jamais, même si le travail était difficile."
His dimple is just so adorable.,Sa fossette est tellement adorable.,Ça fait si bien.
He lets his eyes skate over me before he turns them back to the room.,Il laisse ses yeux glisser sur moi avant de les tourner de nouveau vers la pièce.,Il fait glisser ses yeux sur moi avant de les retourner vers la pièce.
"Humid, warm air rushed in and filled her lungs, and salty dampness coated her face.","L'air chaud et humide s'engouffra dans ses poumons, et une humidité salée recouvrit son visage.","L'air humide et chaud envahit ses poumons, et la saleté de la mer recouvrait son visage."
"""I'll keep her safe,"" Drew said, making Andi wince as she hung over his shoulder, struggling to keep the terror at bay.","Je la garderai en sécurité, dit Drew, faisant grimacer Andi qui s'accrochait à son épaule, s'efforçant de maintenir la terreur à distance.","Ça va bien aller, dit Drew, faisant froncer les sourcils d'Andi, qui se penchait sur l'épaule de Drew, luttant pour contenir sa terreur."
"Nicki's skin is a deep, rich mahogany that must have been painted on by the hand of God himself, it's so perfect.","La peau de Nicki est d'un acajou riche et profond qui a dû être peint par la main de Dieu lui-même, tant elle est parfaite.","La peau de Nicki est un mahogany profond et riche, qui doit être peinte par la main de Dieu elle-même, elle est si parfaite."
"And I'm sitting here in the bar that was supposed to be both our legacies.""",Et je suis assis ici dans le bar qui était censé être notre héritage à tous les deux.,Ça fait que je suis assis dans le bar qui était censé être notre héritage.
"No dark water surrounding him, just the bright and cold glare of sterility and the smell of bleach.","Il n'y avait plus d'eau sombre autour de lui, juste la froide lumière blafarde d'un endroit stérile et une odeur d'eau de Javel.","Pas d'eau noire l'entourant, juste le clair et le froid de la stérilité et l'odeur de chlorure de sodium."
"That's the best news I've heard in ages.""",C'est la meilleure nouvelle que j'ai entendue depuis longtemps.,Ça fait des années que je n'avais pas de nouvelles aussi bonnes.
"I've done it a thousand times.""",Je l'ai fait des milliers de fois.,Ça m'a déjà fait mille fois.
What a day.,Quelle journée !,Ça a été une journée.
A big part of me wants to pull John into my arms and shield him from everything and everyone that would ever wish him harm.,Une grande partie de moi veut prendre John dans mes bras et le protéger de tout ce qui pourrait lui faire du mal.,Une grande partie de moi veut prendre John dans mes bras et le protéger de tout et de tous ceux qui pourraient lui faire du mal.
"It's me you want, not him.","C'est moi que tu veux, pas lui.","Ça, c'est moi que tu veux, pas lui."
Reds and blues and bright yellows swirled and clashed along the walls.,"Du rouge, du bleu et du jaune vif tourbillonnaient et se mélangeaient le long des murs.","Les rouges, les bleus et les jaunes vifs se mêlaient et s'entrecroisaient sur les murs."
"Merely acquaintances, as far as the world knew.","De simples connaissances, pour autant que le monde le sache.","Ça n'était qu'une connaissance superficielle, pour le monde entier."
It's intangible.,Ce n'est pas tangible.,Ça est intangible.
He was headed directly for them.,Il se dirigeait directement vers eux.,Ça lui faisait plaisir.
"She'd fantasized about sucking him off many times, but it was never this good, this real.","Elle avait souvent fantasmé sur le fait de l'avoir en bouche, mais cela n'avait jamais été aussi bon, aussi vivace.","Ça lui avait souvent passé par la tête de le sucer, mais ça n'avait jamais été aussi bon, aussi réel."
"At first, I assume it's for work or for Lexi but, when I ask, he dodges the question or distracts me with sex.","Au début, je supposais que c'était pour le travail ou pour Lexi, mais quand je lui demande, il esquive la question ou me distrait avec du sexe.","À première vue, je suppose que c'est pour le travail ou pour Lexi, mais quand je lui demande, il me détourne du sujet en me distrayant avec du sexe."
"What a phenomenon.""",Quel phénomène !,Ça faisait une sensation.
"""If I had my way, we'd take out the privateer's whole linewomen too.","Si ça ne tenait qu'à moi, nous aurions éliminé toute la lignée du corsaire, y compris les femmes.","Si je pouvais, je prendrais les femmes de tous les lignages de corsaires."
"Pinching the jacket for Sign O' the Times between two fingers, I ease it off the shelf.","En pinçant la pochette de Sign O' the Times entre deux doigts, je la sors de l'étagère.",Je prends le jacket de Sign O' the Times entre deux doigts et le détache du support.
"""He's covering his ass,"" Devyn said, watching as she returned her attention back to the email and-","Il couvre ses arrières, dit Devyn, en la regardant reporter son attention sur l'e-mail et...","Ça, c'est pour se couvrir la fesse, dit Devyn, observant qu'elle reportait son attention sur l'e-mail et..."
"""Lot's happened in the past couple of days.""",Il s'est passé beaucoup de choses ces deux derniers jours.,Ça a beaucoup changé ces derniers jours.
I frame his face in my hands.,J'encadre son visage dans mes mains.,Je prends son visage dans mes mains.
"""You're going to love the fourth grade,"" Uncle Shawn said, smiling as he picked her up and placed her on the chair as she frantically shook her head, knowing that this wasn't going to end well.","Tu vas adorer le CM1, dit Oncle Shawn en souriant alors qu'il la prenait dans ses bras et la déposait sur la chaise pendant qu'elle secouait frénétiquement la tête, car elle savait que ça n'allait pas bien se finir.","Ça va te plaire, le CM1, dit Oncle Shawn, souriant alors qu'il la soulevait et la plaçait sur le siège, tandis qu'elle secouait la tête en frénésie, sachant que ça ne se terminerait pas bien."
"""You said he changed it,"" Garrett countered.","Tu as dit qu'il l'avait changé, rétorque Garrett.","Ça, c'est ce que tu as dit, dit Garrett."
My voice sounds like I've been chewing on asphalt and my words crumble under the crush of it.,Ma voix sonne comme si j'avais mâché de l'asphalte et mes mots s'effritent sous son poids.,Ça me semble que j'ai mâché de l'asphalte et que mes mots s'effondrent sous le poids de la situation.
"""I'll post guards near the beach,"" her mother said.","Je vais poster des gardes près de la plage, dit sa mère.","Ça, je le ferai, dit sa mère."
"And I'm not gonna lie, I get off on living vicariously through others.","Et je ne vais pas mentir, je prends mon pied en vivant par procuration à travers les autres.",Ça me fait plaisir de vivre vicarieusement par d'autres.
"""Why didn't Christopher stay on land with her?",Pourquoi Christopher n'était-il pas resté sur la terre ferme avec elle ?,Pourquoi Christopher n'était-il pas resté sur le sol avec elle ?
I know you feel the pull to the sea like I do.,"Je sais que tu es attiré par la mer, tout comme moi.",Ça fait que tu ressens l'attrait de la mer comme moi.
"Inna was already on the ropes, scaling like a spider on a web.","Inna était déjà sur l'échelle de cordes, se déplaçant comme une araignée sur une toile.","Inna était déjà sur les cordes, grimpeant comme un araignée sur un filet."
He must see this because he continues.,"Il doit s'en apercevoir, car il continue.","Ça doit le faire, car il continue."
"""I think it made everything better,"" she said, absently tracing his fingers, careful of the cuts.","Je pense que ça a tout amélioré, dit-elle, traçant distraitement le contour de ses doigts, prenant soin de ne pas toucher aux coupures.","Ça a tout changé, dit-elle, traçant ses doigts, en se gardant des coupures."
"He stared into her almond-shaped eyes, then moved his hand and turned away.","Il fixa ses yeux en amande, puis déplaça sa main et se détourna.","Il fixa ses yeux almonds, puis déplaça sa main et se retourna."
"After wiping my mouth with the back of my hand, I slink to the floor by the (blessedly cleanish) toilet, unable to move.","Après m'être essuyé la bouche du revers de la main, je me glisse sur le sol près des toilettes (heureusement propres), incapable de bouger.","Je me suis essuyé la bouche avec la main arrière, puis j'ai m'affaisser sur le sol près de la (mercifully cleanish) toilette, incapable de bouger."
"""Swimming lessons.",Des cours de natation.,Ça faisait partie des cours de natation.
"The more he breathed the decision, the more it became clear that she was meant for him.","Plus il pensait à cette décision, plus il devenait évident qu'elle était faite pour lui.","Plus il respirait la décision, plus il comprenait qu'elle était faite pour lui."
"""Michelle was my first,"" he offers.","Michelle était ma première, explique-t-il.","Ça a été mon premier, lui offre-t-il."
She was supposed to be able to do a hundred different things at once and-,"Elle était censée pouvoir faire une centaine de tâches en même temps, et...",Ça faisait partie de son rôle de faire cent choses à la fois et...
"Dyer smiles, tossing the strap of his messenger bag over his head.","Dyer sourit, jetant la lanière de son sac par-dessus sa tête.","Dyer sourit, passant la bandoulière de son sac à dos sur sa tête."
"I take it back, he needs to stop doing that.","Je retire ce que j'ai dit, il doit arrêter de faire ça.","Ça, je le reprends, il faut qu'il s'arrête."
"Mermaids were often spotted during a stormthat is when sailors needed them, and when they helped humans most.",Les sirènes sont souvent aperçues pendant une tempête  c'est à ce moment-là que les marins ont besoin d'elles et qu'elles aident le plus les humains.,"Les sirènes étaient souvent aperçues lors d'une tempête, c'est-à-dire lorsque les marins en avaient besoin, et lorsque les humains en avaient le plus besoin."
"""Better?"" he asked, surprised at his breathiness.","demanda-t-il, surpris de son essoufflement.",Ça va mieux ?
"My skin is suddenly too tight, and my dick is arguing loudly in Garrett's favor, reminding me that we hadn't had sex in weeks before the end, so it's been - let me count - Jesus, nearly two months since I got laid.","Ma peau est soudain trop tendue, et ma bite plaide vigoureusement en faveur de Garrett, me rappelant que nous n'avions plus fait l'amour depuis des semaines avant la fin de notre histoire.","Ma peau est soudain trop étroite, et ma bite fait une scène en faveur de Garrett, me rappelant que nous n'avons pas eu de sexe depuis des semaines avant la fin, donc il y a - je vais compter - putain, près de deux mois que je ne suis pas allé en train."
It wasn't any different.,Ce n'était pas différent.,Ça n'était pas différent.
"For now, we need to figure out what to do.""","Pour l'instant, nous devons trouver quoi faire.",Ça nous permettra de réfléchir à ce que nous devons faire.
"I mean, fuck.","Je veux dire, putain.",Ça me rend malade.
"The winding path through the rides was mostly clean of sand and debris, and only a few of the rides and sideshow games showed any evidence that a powerful storm had ripped through the night before.","Le chemin sinueux qui traversait les manèges était presque entièrement débarrassé du sable et des débris, et seuls quelques manèges et jeux du parc d'attraction montraient des signes qu'une puissante tempête s'était abattue sur le parc la nuit précédente.","Le chemin sinueux des attractions était le plus part pour du sable et des débris, et seulement quelques attractions et jeux de tir n'étaient pas épargnés par la puissante tempête qui avait déferlé la nuit précédente."
"""Has anyone ever...confronted you?",Est-ce que quelqu'un t'a déjà... confronté ?,Ça a-t-il jamais été question de...
"John's hand, which he's lifted to sift through the hair at my nape, drifts down to cup the back of my neck.","La main de John, qu'il a soulevée pour la glisser dans les cheveux à l'arrière de mon crâne, descend jusqu'à ma nuque.","La main de John, qu'il a levée pour filtrer les cheveux de mon cou, descend pour se poser sur la nuque de mon cou."
"""This is a long series of firsts for me,"" he says, his voice quiet.","C'est une longue série de premières pour moi, dit-il, la voix calme.","Ça fait longtemps que je ne fais pas ça, dit-il, la voix calme."
"""If my calculations are correct, I would say a little over twenty-two billion, forty-seven million, two hundred fifty-seven thousand dollars and eighty-three cents.","Si mes calculs sont corrects, je dirai un peu plus de vingt-deux milliards, quarante-sept millions, deux cent cinquante-sept mille dollars et quatre-vingt-trois centimes.","Si mes calculs sont corrects, je dirais un peu plus de vingt-deux milliards, quatre-vingt-sept millions, deux cent cinquante-sept mille dollars et quatre-vingt-trois centimes."
"My skin is beech with a hint of henna, my wild, black curls have minds of their own.","Ma peau est de la couleur du hêtre avec un soupçon de henné, mes boucles noires et sauvages n'en font qu'à leur tête.","Ma peau est blonde avec un soupçon de henné, mes boucles noires sont sauvages."
"When she stepped, the ground seemed to fall out from under her feet and she stumbled on air.","Lorsqu'elle fit un pas, le sol sembla se dérober sous ses pieds et elle trébucha dans le vide.","Quand elle posa le pied, le sol semblait s'effondrer sous ses pieds et elle s'écarquilla."
"""You too,"" I reply over my shoulder, as he starts his engine.","Toi aussi, répondis-je par-dessus mon épaule, tandis qu'il démarre son moteur.","Ça va te faire plaisir aussi, lui dis-je en passant par-dessus mon épaule, alors qu'il allume son moteur."
Every nerve in her body hummed.,Chaque nerf de son corps frémissait.,Ça faisait vibrer tous ses nerfs.
I smack him on his rock-hard abs.,Je lui donne une claque sur ses abdominaux durs comme la pierre.,"Ça me fait mal, je lui frappe sur ses abdominaux durs comme des rochers."
"The sun warmed the top of his head and his shoulders, and the heated sand toasted his bare feet.","Le soleil lui réchauffait le sommet du crâne et les épaules, et le sable chaud brûlait ses pieds nus.","Le soleil réchauffa le sommet de sa tête et ses épaules, tandis que le sable chaud brûlait ses pieds nus."
"As sure as he was that he couldn't get close to anyone, he longed to feel her touch.","Même s'il était sûr de ne pas pouvoir être proche de quelqu'un, il avait envie de la toucher.","Ça lui arrivait à la tête de ne pouvoir s'approcher de personne, mais il désirait sentir son contact."
It'd sure be handy to talk to himhave him on her side in case the approaching figure turned out to be a menace.,"Ce serait bien pratique de lui parler, de l'avoir à ses côtés au cas où la silhouette qui s'approchait s'avérait être une menace.","Ça serait bien utile de pouvoir parler à lui, avoir son appui en cas de besoin si l'homme qui approchait se révéla être une menace."
We had so much more in common.,Nous avions bien plus en commun.,Ça nous rapprochait beaucoup.
"My cock dribbles nonstop, leaving threads of precome against my stomach.","Ma bite dégouline sans arrêt, laissant des fils de liquide séminal contre mon estomac.","Ma bite dégage une dribure incessante, laissant des fils de précum sur mon estomac."
"""I'm not used to being snuck up on.",Je n'ai pas l'habitude de me faire surprendre.,Ça ne m'est pas habituel.
"He and Luke had loved the birds when they were kids, but after owning the bar, he realized what a nuisance they could be.","Luke et lui avaient adoré les oiseaux lorsqu'ils étaient enfants, mais depuis qu'il était propriétaire du bar, il s'était rendu compte de la nuisance qu'ils pouvaient représenter.","Luke et lui avaient aimé les oiseaux quand ils étaient enfants, mais après avoir pris la bar, il avait réalisé à quel point ils pouvaient être un ennui."
"""Tell me that this is enough.""",Dis-moi que ça suffit.,"Ça suffit, dis-moi."
She paused to see if he was joking.,Elle s'arrêta net pour voir s'il plaisantait.,Elle s'arrêta pour voir s'il se moquait.
Or were they in love?,Ou étaient-ils amoureux ?,Ça veut dire qu'ils étaient amoureux ?
"""I don't know what Lucas has planned, but until I can make sure that you're safe, I need you to stay with your brother,"" Devyn explained as he placed the iPad and laptop in her backpack and handed it to Drew.","J'ignore ce que Lucas a prévu, mais jusqu'à ce que je puisse m'assurer que tu es en sécurité, j'ai besoin que tu restes avec ton frère, expliqua Devyn en plaçant l'iPad et l'ordinateur portable dans le sac à dos d'Andi et en le tendant à Drew.","Ça ne me fait pas de bon, mais jusqu'à ce que je puisse m'assurer de ta sécurité, je te demande de rester avec ton frère, expliqua Devyn en remettant l'iPad et le laptop dans le sac à dos de Drew."
"He turns my head the way he wants it so that he can plunder my mouth, and I take it all.","Il tourne ma tête dans le sens qu'il veut pour pouvoir dévorer ma bouche, et je prends tout.","Ça lui plaît, il tourne ma tête comme il le veut pour pouvoir m'écarter les lèvres et je le laisse faire."
"For the first time in her life, she didn't care that she was in over her head or that she was probably making the biggest mistake of her life, not when he kissed her like this.","Pour la première fois de sa vie, elle ne se souciait pas de savoir qu'elle était dépassée par les événements ou qu'elle commettait probablement la plus grosse erreur de sa vie, pas quand il l'embrassait comme ça.","Ça faisait le premier jour de sa vie qu'elle ne se souciait pas d'être dans l'eau jusqu'au cou ou qu'elle faisait probablement le plus grand malentendu de sa vie, pas quand il l'embrassait comme ça."
"""I heard you sold the bar.",J'ai entendu dire que tu avais vendu le bar.,Ça me semble que tu as vendu le bar.
"""What's this about, Lucas?"" Devyn asked because Lucas was the last person that he wanted to talk about Andi with.","demanda Devyn, parce que Lucas était la dernière personne avec qui il voulait parler d'Andi.","Ça vaudrait quoi, Lucas ? demanda Devyn parce que Lucas était la dernière personne avec laquelle il ne voulait pas parler d'Andi."
"""We want different things, Frankie,"" he'd said, and it hadn't come as a surprise.","""Nous voulons des choses différentes, Frankie"", avait-il dit, et cela n'avait pas été une surprise.","Ça fait longtemps que nous voulons des choses différentes, Frankie, avait-il dit, et ça ne m'a pas surpris."
"I catch him in my arms, taking his weight so that he doesn't face-plant in the middle of the street.","Je l'attrape dans mes bras, supportant son poids pour qu'il ne tombe pas la tête la première au milieu de la rue.","Je le attrape dans mes bras, prenant son poids pour qu'il ne se renverse pas au milieu de la rue."
"I scroll further and stop, not really able to wrap my head around the headlines for these articles.","Je fais défiler la page, puis je m'arrête, n'arrivant pas à comprendre les titres de ces articles.","Je continue de faire défiler et je m'arrête, incapable de comprendre les titres des articles."
"He used to find reasons to stay after school, detention, clubs, anything was better than going back to rundown motels and boarding rooms without heat.","Il avait l'habitude de trouver des raisons de rester après l'école, les heures de colle, les clubs, tout valait mieux que de retourner dans des motels délabrés et des chambres d'internat sans chauffage.","Ça lui permettait de trouver des raisons pour rester après l'école, les détentions, les clubs, tout était mieux que de retourner dans les motels en ruines et les pensionnats sans chauffage."
I'll be his first for everything.,Je serai son premier pour tout.,Ça signifie que je serai le premier pour tout.
He set his glass of water on the coffee table between them.,Il posa son verre d'eau sur la table basse entre eux.,Il posa son verre d'eau sur la table basse entre eux.
"With Hillshire Hotels reorganizing and ready to sell off some of its properties to save itself, they didn't have a lot of time to waste.","Les Hôtels Hillshire étant en train de se réorganiser et prêts à vendre certains de leurs propriétés pour se sauver, ils avaient peu de temps à perdre.",Les Hôtels Hillshire se restructuraient et étaient prêts à vendre certains de leurs hôtels pour sauver leur entreprise.
She'd protect Chase as long as she could.,Elle protégerait Chase aussi longtemps qu'elle le pourrait.,Elle devait protéger Chase autant qu'elle le pouvait.
"""Good intense?"" He asks, hopeful.","demande-t-il, plein d'espoir.",Ça va bien ?
"I arch and shimmy and squirm as waves of pleasure pulse through me, from the soles of my feet to the crown of my head, and I disintegrate, clenching and releasing and clenching again.","Je me cambre, me trémousse et me tortille tandis que des vagues de plaisir me traversent, de la plante des pieds au sommet de la tête, et je me désintègre, me serrant, me relâchant et me serrant à nouveau.","Je me courbe, je me frotte et je me frotte encore, et je me détache, je m'étire et je m'étire encore, et je me détache encore."
"She jumped to the last platform before the door, then stepped up to the landing.","Elle sauta sur la dernière plateforme avant la porte, puis s'avança sur le palier.","Elle sauta sur la dernière plate-forme avant la porte, puis monta sur la rampe."
"There is one double ten-inch I've been after for bloody ages, a rare pressing of The Police's Regatta de Blanc.""","Il y a un double vinyle 10 pouces que je cherche depuis des lustres, un exemplaire rare de Regatta de Blanc de The Police.","Ça y est, il y a un double 33 tours que j'ai cherché depuis des années, une version rare de Regatta de Blanc des Police."
"Family and pirate and all.""","La famille, les pirates et tout le reste.",Ça fait partie de la famille et du pirate.
"She kissed and licked his length, noting the way that it became harder with every touch of her tongue as she wrapped her hand around him and took the tip between her lips and moaned.","Elle embrassa et lécha son membre, notant la façon dont il devenait plus dur à chaque contact de sa langue, puis elle enroula sa main autour de lui, prit le bout entre ses lèvres et gémit.","Elle embrassa et lécha sa longueur, notant la façon dont il devenait plus dur avec chaque contact de sa langue, tandis qu'elle l'entourait de sa main et prit le bout entre ses lèvres, soupirant."
Then I'm everybody's golden boy.,Je deviens alors le prodige de tous.,Ça fait que je suis le garçon d'or de tout le monde.
Are they wider than before?,Sont-elles plus larges qu'avant ?,Êtes-elles plus larges que précédemment ?
"""I've been meaning to go there.",J'avais l'intention d'y aller.,Ça me faisait envie de y aller.
"From the distance, Mari could see Inna's scowl.","De loin, Mari pouvait voir la mine renfrognée d'Inna.","De loin, Mari pouvait voir le regard sournois d'Inna."
Damn birds were loudespecially in the quiet of the post-storm island.,"Ces satanés oiseaux étaient bruyants, surtout dans le calme de l'île après la tempête.","Ça fait chier ces oiseaux, surtout dans le calme de l'île après la tempête."
Of course she wanted to know how the jelly was.,"Bien sûr, qu'elle voulait savoir ce qu'il en était de la méduse.","Ça va, elle voulait savoir comment le gelée était."
But he was wiser now.,Mais il était plus sage maintenant.,Mais il était plus sage maintenant.
The aroma of her coconut soap wafted up to him.,L'arôme de son savon à la noix de coco s'éleva jusqu'à lui.,L'odeur de son savon à la noix de coco se répandit dans l'air.
"Another gust of wind pelted her with prickles of sand, and she wiped her face.",Une nouvelle rafale de vent la bombarda de grains de sable piquants et elle s'essuya le visage.,"Une autre rafale de vent la pénalisait de grains de sable, et elle se frotta le visage."
"I'm a storm girl.""",Je suis une fille d'orage.,Ça fait partie de mon identité.
My uncle took good care of us.,Mon oncle s'est bien occupé de nous.,Mon oncle nous a bien pris en charge.
"""One of the largest on the East Coast.""",C'est l'une des plus grandes de la côte Est.,Ça fait partie des plus grands de la côte Est.
She held up a plate.,Elle brandit une assiette.,"Ça, c'est un plat."
I open my mouth to say come join me when John's phone rings.,"J'ouvre la bouche pour dire ""viens me rejoindre"" quand le téléphone de John sonne.","Je me prépare à dire ""viens-m'y rejoindre"" quand le téléphone de John sonne."
He was leaving and would never see her again.,Il partait et ne la reverrait jamais.,Ça faisait partie du passé et il ne la reverrait jamais.
He dropped off the files that Devyn needed her to go over first thing in the morning and picked them up at night.,Il déposait chez elle les dossiers que Devyn voulait qu'elle examine le matin et venait les récupérer le soir.,Ça lui donnait le temps de se reposer et de se préparer pour le lendemain.
Her legs wobbled as she adjusted to standing on land for the first time in weeks.,Ses jambes vacillèrent tandis qu'elle s'habituait à se tenir sur la terre ferme pour la première fois depuis des semaines.,Ses jambes tremblaient alors qu'elle s'habitua à se tenir debout sur la terre ferme après des semaines de vie en mer.
I also hate the fact that someone will be in my space tonight.,Je déteste aussi le fait qu'une personne soit dans mon espace ce soir.,Ça me dérange aussi que quelqu'un soit dans mon espace ce soir.
I'm too stunned to respond. Too needy.,Je suis trop abasourdi pour répondre.,Ça me rend stupéfait. Je suis trop désespéré pour répondre.
"She smiled and pictured herself as a barista, dressed in a tiny pink skirt and tall heels, no panties.","D'accord, sourit-elle en s'imaginant en barista, vêtue d'une petite jupe rose et de talons hauts, sans culotte.","Ça lui faisait plaisir et elle se représentait comme une barista, vêtue d'un petit skirt rose et de talons hauts, sans sous-vêtements."
Mari put her arms around his waist and lay her head on his back.,Mari passa ses bras autour de sa taille et appuya sa tête contre son dos.,Mari passa ses bras autour de sa taille et posa sa tête sur son dos.
"He filled her completely, unlike any other man she'd been with, not that there'd been many.","Il la remplissait complètement, contrairement à tous les autres hommes qu'elle avait fréquenté, non pas qu'il y en ait eu beaucoup.","Ça la remplissait complètement, comme aucun autre homme qu'elle n'avait rencontré, pas que ce soit beaucoup."
She wiped the last tears from her cheeks.,Elle essuya les dernières larmes sur ses joues.,Elle effaça les derniers larmes de ses joues.
Pursued the ship all over the Caribbean.,Ils l'avaient poursuivi dans tous les Caraïbes.,Ça m'a fait parcourir tout le Caraïbe.
"And good riddance.""",Et bon débarras.,"Ça va bien, dit-il."
"""More than Dyer?""",Plus que Dyer ?,Plus que Dyer ?
"""You're a little neurotic,"" he continues.","Tu es un peu névrosé, poursuit-il.","Ça fait un peu de la neurose, poursuit-il."
"""Dyer recommended we do the chef's tasting.""",Dyer nous a recommandé de prendre la dégustation du chef.,Dyer recommandait de faire le test du chef.
"Inna wouldn't kill his family, would he?","Inna ne tuerait pas sa famille, n'est-ce pas ?","Ça ne tuerait pas sa famille, n'est-ce pas ?"
"""Yeah, though he's down in Florida.""","Oui, mais il est en Floride.","Ça va, mais il est en Floride."
"""Let's go,"" he said, gesturing to the elevators and destroying her last hope of sleeping in her own bed for the first time in a month.","Allons-y, dit-il en faisant un geste vers les ascenseurs et en détruisant son dernier espoir de dormir dans son propre lit pour la première fois depuis un mois.","Ça va, dit-il en faisant signe vers les ascenseurs et en détruisant son dernier espoir de dormir dans son propre lit pour la première fois depuis un mois."
"""Can't you go to a motel or something?""",Tu ne peux pas aller dans un motel ou quelque chose comme ça ?,Ça ne te permettait pas de passer la nuit dans un motel ?
"""I can see that you're off in your own little world now, so I'm going to head back to work now,"" Drew said dryly, not that she was listening since an idea came to her, one that had her absently murmuring, ""Love you, too,"" as she climbed off the bed and grabbed her iPad.","Je vois que tu es dans ton petit monde maintenant, alors je vais retourner au travail, déclara sèchement Drew, non pas qu'elle l'écoutait puisqu'une idée lui était venue, une idée qui la fit distraitement murmurer : ""Moi aussi, je t'aime"", alors qu'elle sortait du lit et attrapait son iPad.","Ça me semble que tu es dans ton monde à présent, alors je vais retourner au travail maintenant, dit Drew avec un air séchant, sans qu'elle ne l'écoute, car une idée lui venait à l'esprit, l'amenant à murmurer distraitement : ""Je t'aime aussi"", tout en descendant du lit et en prenant son iPad."
The glow of moonlight spread across her face like sparkling fairy dust over a summer meadow.,L'éclat de la lune se répandait sur son visage comme une poussière de fée scintillante sur une prairie d'été.,Le clair de lune éclairait son visage comme de la poussière de fée sur un pré d'été.
"I can protect you then.""",Je pourrai alors te protéger.,Ça me protègera alors.
Swimming away wouldn't solve anything and it wouldn't save Chase.,Nager loin ne résoudrait rien et ne sauverait pas Chase.,Ça ne résoudrait rien et ça ne sauverait pas Chase.
"His seems okay now, so I remove my hands from his body and immediately miss the feel of him against my palms.","Il a l'air d'aller bien maintenant, alors j'enlève mes mains de son corps et la sensation  contre mes paumes me manque immédiatement.","Ça va, alors je retire mes mains de son corps et je manque immédiatement le contact avec lui."
"Her hand trembled as she opened the hinged box, and she blew out the breath in a long, slow whistle.","Sa main tremblait lorsqu'elle ouvrit la boîte à charnière, et elle expira dans un long et lent souffle.","Son bras tremblait lorsqu'elle ouvrit la boîte à clous, et elle s'échappa un long soupir."
"""Some things,"" he begins after a long minute.","Certaines choses, commence-t-il après une longue minute.","Ça, c'est quelque chose, commence-t-il après une longue minute de silence."
"Besides, he didn't deserve to be close to anyone anymore.","D'ailleurs, il ne méritait plus d'être proche de qui que ce",Ça n'était pas non plus du tout juste qu'il soit près de quelqu'un.
"""Walk me through how the requests were made.""",Expliquez-moi comment les demandes ont été faites.,"""Décrivez-moi comment les demandes ont été formulées."
"She's mistaken,"" Lucas said, sighing heavily as he gestured for security to show her to the door.","Elle se trompe, dit Lucas, soupirant lourdement et faisant signe aux agents de sécurité de la sortir de la pièce.","Ça ne vaudra rien, dit Lucas, soupirant lourdement en faisant signe à la sécurité pour la faire sortir."
"""Does she live far away or something?",Elle habite loin ou quelque chose du genre ?,Ça veut-il dire qu'elle vit loin ou quelque chose comme ça ?
"""It's my heartbeat,"" Devyn said, turning his hand over so that she could see the new smartwatch that he'd purchased to link his heartbeat to the bear's so that no matter where he was, she would never have to sleep alone again.","C'est mon rythme cardiaque, dit Devyn, en retournant sa main pour qu'elle puisse voir la nouvelle montre connectée qu'il avait achetée pour relier son rythme cardiaque à celui de l'ours, afin que, peu importe où il se trouve, elle n'ait plus jamais à dormir seule.","Ça c'est mon rythme cardiaque, dit Devyn, retournant la main pour qu'elle puisse voir le nouveau smartwatch qu'il avait acheté pour lier son rythme cardiaque à celui de l'ours, de sorte qu'il ne lui serait plus jamais nécessaire de dormir seule, quelle que soit sa position."
Maybe I've earned some leeway.,Peut-être ai-je gagné une certaine marge de manœuvre.,Ça pourrait me donner le droit de faire des concessions.
"They should have deleted the rows instead of just hiding them, but that probably would have alerted the accounting department to the embezzlement sooner.","La personne aurait dû effacer les lignes de compte au lieu de les cacher, mais ça aurait probablement alerté plus tôt le service comptabilité sur le détournement de fonds.","Ça aurait dû les supprimer plutôt que les cacher, mais ça aurait probablement alerté le service comptabilité plus tôt sur le vol."
She put her foot back onto the couch and closed her eyes again.,Elle reposa son pied sur le canapé et ferma à nouveau les yeux.,Elle remit le pied sur le canapé et referma les yeux.
Unless Inna went upstairs to the bar.,À moins qu'Inna ne monte au bar.,"Ça ne change rien, Inna est allée dans le bar."
"And now it's my turn to dispense justice.""","Et maintenant, c'est à mon tour de rendre justice.",Ça m'a fait comprendre que c'était mon tour de faire la loi.
"""I thought that was only a story,"" she said.","Je croyais que ce n'était qu'une histoire, dit-elle.","Ça n'était qu'une histoire, dit-elle."
"He set everything down in a pile, caught the rolling flashlight, and then grabbed the handset.","Il posa tout en tas, attrapa la lampe de poche qui roulait, puis saisit le combiné.","Il posa tout ça en une pile, attrapa la lampe à main, puis la prise téléphonique."
"If I stretched out my arm, I could touch him.","Si je tends le bras, je pourrais le toucher.","Si je tendais l'avant-bras, je pourrais le toucher."
"""What are you doing, can I come over?""","Que fais-tu,  je peux venir ?","Ça va, je peux venir ?"
"Between going through the Hillshire Hotels' files and taking care of him, she was exhausted.","Entre l'examen des dossiers des Hôtels Hillshire et les soins apportés à Devyn, elle était épuisée.","Ça faisait que, entre le parcours des dossiers des Hôtels Hillshire et le soin qu'elle portait à Chase, elle était épuisée."
"""Sorry if I touched a nerve.""",Désolé si j'ai touché un point sensible.,Ça m'a fait plaisir de te voir.
"Inna struggled and the guards shoved him to the ground, face-first.","Inna se débattit et les gardes le poussèrent au sol, la tête la première.","Inna lutta et les gardes le poussèrent au sol, face contre terre."
John's laughter rumbles against my back.,Le rire de John gronde contre mon dos.,Ça fait ricaner John contre mon dos.
"""Plus, we didn't get a lot of sleep last night.","En plus, on n'a pas beaucoup dormi la nuit dernière.","Ça, on n'a pas dormi beaucoup hier soir."
I need to see him.,J'ai besoin de le voir.,Je dois le voir.
"In short, I was the guy sitting on the arm of his boyfriend's chair staring off into space while everyone around him espoused the genius of someone named Lena Dunham.","En bref, j'étais le gars assis sur le bras du fauteuil de son copain, regardant dans le vide pendant que tout le monde autour de lui vantait le génie d'une certaine Lena Dunham.","Ça va vite, je suis le type qui s'asseyait sur le bras du fauteuil de son petit ami, fixant l'infini, tandis que tout le monde autour de lui louait le génie d'une personne nommée Lena Dunham."
"Maybe they were staging a rescue.""",Peut-être qu'ils organisaient un sauvetage.,Ça pourrait être un coup de théâtre.
He needed answers and he couldn't get them from behind a desk.,Il avait besoin de réponses et il ne pouvait pas les obtenir derrière un bureau.,"Ça ne fonctionnait pas, il avait besoin de réponses et il ne pouvait pas les avoir derrière un bureau."
He couldn't protect anyone anymore.,Il ne pouvait plus protéger personne.,Il ne pouvait plus protéger personne.
"""I have to question the logistics of what the report said because I'm not sure how Mrs. Grady would have been able to bend me over her desk with her bad hip and-""","Je dois remettre en question la logistique de ce que dit le rapport, car j'ignore comment Mme Grady aurait pu me pencher sur son bureau avec sa blessure à la  hanche et...",Ça me fait douter des logiques du rapport parce que je ne suis pas sûre que Mme Grady aurait pu me faire pencher sur son bureau avec sa hanche cassée et...
"""And you?""","Et, vous ?",Ça va te plaire ?
"""I wish I could do that, but I don't know how.""","J'aimerai pouvoir le faire, mais je ne sais pas comment.","Ça me ferait plaisir, mais je ne sais pas comment le faire."
It was almost like he was a mood ring with a short-circuiting sensor.,C'était presque comme s'il était une bague d'humeur avec un court-circuit dans ses capteurs.,Ça ressemblait à un anneau qui change de couleur en fonction de l'humour de la personne qui le porte.
"She would go on and on about it, and that wasn't good for either of their anxieties.","Elle n'aurait cessé d'en parler, ce qui n'était pas bon pour leurs angoisses.","Ça lui donnerait envie de parler de ça à tout le monde, et ça ne servait à rien."
"When I was old enough to dress myself, she says I didn't give a shit about girls' clothes or boys' clothes, I liked what I liked.","Quand j'ai eu l'âge de m'habiller seul, elle m'a dit que je me moquais de savoir si c'étaient des vêtements pour filles ou pour garçons, j'aimais ce que j'aimais.","Ça fait longtemps que j'ai l'âge de me vêtir, elle dit que je n'ai jamais donné de merde pour les vêtements des filles ou des garçons, j'aime ce que j'aime."
"A stiff breeze rustles the trees above our heads, blowing my hair into my face.","Une forte brise fait bruisser les arbres au-dessus de nos têtes, soufflant mes cheveux sur mon visage.","Une brise forte agite les arbres au-dessus de notre tête, faisant flotter mes cheveux dans mon visage."
"We don't know what happened.""",Nous ne savons pas ce qui s'est passé.,Ça ne nous dit rien.
"For now, it had to stay hidden.","Pour l'instant, elle devait rester cachée.",Ça devait rester caché pour l'instant.
"As he slipped into the ocean, he shifted into a dark, tentacled beast and slithered into the deeper water.","Alors qu'il s'enfonçait dans l'océan, il se transforma en une bête sombre à tentacules et s'enfonça dans les eaux plus profondes.","Il se glissa dans l'océan, se transforma en une créature noire et tentaculaire et s'enfonça dans les eaux plus profondes."
"Swallowing hard, she watched as he pulled his belt free and dropped it to the floor as he toed off his shoes.","Déglutissant, elle le regarda retirer sa ceinture et la laisser tomber sur le sol en même temps qu'il enlevait ses chaussures.","Il détacha sa ceinture et la laissa tomber au sol, tout en enlevant ses chaussures."
"Well, almost everything.","Enfin, de presque tout.","Ça, presque tout."
"Rows of bungalows lay along the road, empty for now, but each holding a family's memories within its walls.","Des rangées de bungalows s'étendaient le long de la route, vides pour l'instant, mais renfermant chacun les souvenirs d'une famille.","Des bungalows alignés le long de la route s'étendaient à gauche et à droite, vides pour l'instant, mais chacun d'entre eux contenait les souvenirs d'une famille dans ses murs."
"Someone could see you.""",Quelqu'un pourrait te voir.,Ça pourrait arriver que quelqu'un te voie.
"I sound whiny and not at all sure about this, which I'm not.","J'ai l'air pleurnichard et pas du tout sûr de moi, ce qui n'est pas le cas.","Ça me donne l'air de me plaindre et de ne pas être sûr de moi, ce que je ne suis pas."
"""The man in the painting.""",L'homme du tableau.,L'homme du tableau.
"He could barely believe it, as it felt like they'd been boarding up for weeks.","Il avait du mal à le croire, car il avait l'impression que cela faisait des semaines qu'ils fixaient des planches.","Ça lui semblait impossible, comme s'ils avaient été enfermés pendant des semaines."
"When he pulled her fingertips to his lips for a kiss, she giggled.","Lorsqu'il porta le bout de ses doigts à ses lèvres pour l'embrasser, elle gloussa.","Quand il attrapa ses doigts pour un baiser, elle geignit."
"My heartbeat pulses in its tip, and know I'm already wetting the front of my boxer-briefs.",Mon cœur bat à l'extrémité de mon gland et je sais que je mouille déjà le devant de mon boxer.,"Ça bat de la peau, et je sais que je suis déjà mouillé à l'avant de mon boxer."
"He peered down at her, his pupils dilating with need, and evidence of his desire reaching out to her.","Il la regarda, les pupilles dilatées par le besoin, et la preuve de son désir s'étendant jusqu'à elle.","Il la regarda, ses pupilles s'étirant sous l'effet de la passion, et la désir lui faisant apparaître."
"The night would be memorable, one way or another.","La nuit allait être mémorable, d'une manière ou d'une autre.","Ça serait une nuit à ne pas oublier, quel que soit le résultat."
"He loved her, more than anything and he wasn't about to lose her because he'd fucked up and trusted the wrong person.","Il l'aimait, plus que tout, et il n'allait pas la perdre parce qu'il avait merdé et fait confiance à la mauvaise personne.","Ça lui faisait plus de mal que tout, et il n'allait pas la perdre parce qu'il avait fait une bêtise et qu'il avait confié sa vie à la personne qui lui avait fait le plus de mal."
"The words come slowly, as if he's giving me time to process them.","Les mots viennent lentement, comme s'il me donnait le temps de les assimiler.","Les mots arrivent lentement, comme s'il me laissait le temps de les digérer."
"""It's a good place to be quiet and just think.""",C'est un bon endroit pour être tranquille et réfléchir.,Ça fait bon pour être tranquille et penser.
"""No, thanks,"" she said.","Non, merci, dit-elle.","Ça ne me plaît pas, dit-elle."
"She didn't say anything but looked up at him with wild, wide eyes and kiss-swollen lips.","Elle ne dit rien, mais le regarda avec des yeux grands et furieux et des lèvres gonflées par leurs baisers.","Elle ne dit rien, mais regarda dans le vide, les yeux écarquillés, les lèvres gonflées par les baisers."
Almost reserved.,Presque réservée.,Ça faisait presque un réservé.
"He wasn't about to lose everything, not after everything he had to do to get to this point, which meant that he had to stay focused and keep his head in the game.","Il n'allait pas tout perdre, pas après tout ce qu'il avait dû faire pour en arriver là, ce qui signifiait qu'il avait dû rester concentré et garder la tête froide pour rester dans la partie.","Ça ne faisait pas partie du plan, pas après tout ce qu'il avait dû faire pour arriver à ce stade, ce qui signifiait qu'il devait rester concentré et ne pas perdre la tête."
"For a moment, she debated whether or not she should ask, but...","Pendant un instant, elle se demanda si elle devait poser la question ou non, mais...","Pour un moment, elle se demanda si elle devait poser la question, mais..."
"I want to take my time tonight.""",Je veux prendre mon temps ce soir.,Ça me fera plaisir de passer la nuit avec lui.
"It was either that or they got lucky, Andi thought as she thought over everything that they'd learned over the past few months and-","C'était soit ça, soit ils ont eu de la chance, pensa Andi en réfléchissant à tout ce qu'ils avaient appris dans les derniers mois et...","Ça faisait ou qu'ils avaient eu du malchance, pensa Andi en réfléchissant à tout ce qu'ils avaient appris ces derniers mois et..."
"Life isn't always fair.""",La vie n'est pas toujours juste.,Ça n'est pas toujours juste.
"Unfortunately for her, and her bacon addiction, the only restaurant within walking distance that made them closed hours ago.","Malheureusement pour elle, et pour son addiction au bacon, le seul restaurant à proximité qui en faisait avait fermé il y a des heures.","Ça lui était malheureusement, et à cause de son addiction au bacon, le seul restaurant à proximité qui était ouvert depuis des heures."
"""You can't up and leave all you've built here.""","Tu ne peux pas abandonner tout ce que tu as construit ici, continua-t",Ça ne te permet pas de partir tout à coup tout ce que tu as construit ici.
"I wiggle my eyebrows, just to let him know I'm teasing.","ajouté-je tout en remuant les sourcils, juste pour lui faire comprendre que je le taquine","Je fronce les sourcils, juste pour lui faire comprendre que je lui fais une blague."
"You're going to go down there, sit down, and keep your mouth shut while I break the news to the board about the unfortunate circumstances surrounding your impending resignation.","Tu vas t'y rendre, t'asseoir et te taire pendant que j'annonce au conseil les circonstances malheureuses de ta démission imminente.","Ça va falloir que tu descends, que tu te sieds, et que tu gardes le silence pendant que je vais leur dire les circonstances malheureuses qui entourent ta démission imminente."
"I came in at the right time to clean this mess up and keep you distracted, especially since the files were already missing before I was hired, which makes me believe that the angle that Lucas was going for was that I came in after the fact to clean up the mess for a partner, perhaps a boss.","Je suis arrivée au bon moment pour faire le ménage dans ce bazar et vous distraire, d'autant plus que les dossiers avaient déjà disparu avant que je ne sois engagée, ce qui me fait penser que l'angle d'attaque de Lucas était que je suis arrivée après coup pour faire le ménage pour un partenaire, peut-être un patron.","Ça m'a permis de venir à l'heure de la bonne, de nettoyer ce bazar et de te distraire, surtout puisque les fichiers étaient déjà manquants avant que je ne sois engagé, ce qui me fait croire que l'angle que Lucas était en train de prendre était que je suis arrivé après les faits pour nettoyer le bazar pour un partenaire, peut-être un patron."
"""Beer, if you have an IPA.""","De la bière, si tu as une IPA.","Ça va être une bière, si tu as un IPA."
"He poured a small amount of the golden-brown alcohol into his glass, then lifted it and took a whiff.","Il versa une petite quantité de l'alcool brun doré dans son verre, puis le souleva et le huma.","Il versa un peu de l'alcool doré-brun dans son verre, le leva et en respira."
You'll like him.,Tu l'aimerais bien.,Ça va te plaire.
"""Why are you pouting?"" came the question that had Andi releasing a shuddering sigh as she sat there, admittedly pouting, but for good reason.","""Pourquoi fais-tu la tête ?"" entendit Andi qui lâcha un soupir tremblant alors qu'elle était assise là, faisant certes la moue, mais pour une bonne raison.",Ça pourquoi tu fronces les sourcils ?
Chase shifted the small backpack higher on his shoulders.,Chase déplaça le petit sac à dos plus haut sur ses épaules.,Chase releva le petit sac à dos plus haut sur ses épaules.
"I want to see his face when he finds out all about us.""",Je veux voir sa tête quand il apprendra tout sur nous.,Ça m'aide à comprendre pourquoi il est là.
"He winks, and laughs, and something in my chest loosens a bit.","Il fait un clin d'œil et rit, et quelque chose dans ma poitrine se détend","Ça lui fait un clin d'œil, il rit, et quelque chose dans mon cœur se détend un peu."
She didn't scare him.,Elle ne lui faisait pas peur.,Ça ne l'avait pas effrayé.
"""Patrick and I, we could talk about anything and everything.","Patrick et moi, nous pouvions parler de tout et de rien.","Patrick et moi, nous pouvions parler de tout et de rien."
"Christ, he'd never seen her coming, Lucas thought as he considered the small woman that had destroyed everything that he'd worked so hard for before shifting his attention to the black BMW parked only a few yards away.","Bon sang, il ne l'avait pas vue venir, pensa Lucas en considérant la petite femme qui avait détruit tout ce pour quoi il avait travaillé si dur, avant de reporter son attention sur la BMW noire garée à quelques mètres de là.","Ça va être difficile, pensa Lucas en considérant la petite femme qui avait détruit tout ce qu'il avait travaillé si dur pour l'obtenir, avant de reporter son attention sur la BMW noire stationnée à quelques mètres de là."
She'd felt so fucking good in his arms and-,"Cette sensation de bien-être quand elle était dans ses bras, et...",Ça lui avait fait si bien de se trouver dans ses bras et...
Lingering outside in the wind and rain wasn't getting her any closer to her goal.,S'attarder dehors dans le vent et la pluie ne la rapprochait pas de son but.,"Être en dehors, dans le vent et la pluie, ne l'aidait pas à atteindre son but."
"He pushed into his bedroom, navigating the dark space with ease.","Il pénétra dans sa chambre, se frayant un chemin dans l'espace sombre avec aisance.","Il pénétra dans sa chambre, se balançant dans l'obscurité."
Of course it was worth it.,Bien sûr que ça en valait la peine.,Ça valait bien le coup.
"Any other time, I would signal my dining partner to let them know where I was.","À tout autre moment, je ferais signe à mon compagnon de table pour lui indiquer où je me trouve.",Ça n'aurait pas été un problème d'autre part.
I wish my father were still alivehe'd understand.,J'aimerai que mon père soit encore en vie  il comprendrait.,Je souhaiterais que mon père soit encore en vie  il comprendrait.
"When he rode it, he flew.","Lorsqu'il montait dedans, il volait.",Ça lui a donné des ailes lorsqu'il l'a monté.
"""Nothing for me but thanks.""","Rien pour moi, mais merci.",Ça ne me regarde pas.
"""I don't hear the wind howling as much.""",Je n'entends plus le vent hurler autant.,Ça ne me fait pas autant de peur.
She leaned forward and pushed a kiss onto his jeans' fly.,Elle se pencha en avant et déposa un baiser sur la braguette de son jean.,Elle se pencha en avant et déposa un baiser sur sa culotte.
"""I‘m so mad at you,"" I whisper between kisses, gripping his shoulders so hard, I know I'm leaving bruises.","Je suis tellement en colère contre toi, murmuré-je entre deux baisers, en serrant ses épaules si fort que je sais que je laisse des bleus.","Ça me rend si fou, murmuré-je entre deux baisers, saisissant ses épaules si fort que je sais que je lui laisse des empreintes."
Snowed Undercover,La neige sous couverture,Être sous couverture
"Mermaid's Purse is my responsibility, and if it fails, I've got nothing.""","La Bourse de la Sirène est sous ma responsabilité, et si elle tombe en ruine, je n'ai plus rien.","Ça m'est demandé, et si ça échoue, je n'ai plus rien."
He scanned the deck but only reflected moonlight and the remaining bits of debris met his gaze.,"Il balaya le pont du regard, mais seuls le reflet de la lune et les débris restants rencontrèrent son regard.","Il parcourut le pont, mais il ne vit que la lumière de la lune et les derniers morceaux de débris."
"""I have no fucking idea, but I plan on talking to Lucas to see what he thinks,"" Devyn said, taking one last sip of his coffee before placing it back on his nightstand as she found herself wondering how someone who'd been working on a project for almost two years didn't know that it was-","Je n'en ai aucune idée, mais j'ai prévu d'en parler à Lucas pour voir ce qu'il en pense, dit Devyn en buvant une dernière gorgée de son café avant de le reposer sur le chevet alors qu'elle se demandait comment quelqu'un qui avait travaillé sur ce projet pendant presque deux années n'avait pas se rendre compte que c'était","Ça, je n'en ai pas l'idée, mais je vais parler à Lucas pour voir ce qu'il pense, répondit Devyn, buvant la dernière gorgée de son café avant de le replacer sur sa table de nuit, tandis qu'elle se demandait comment quelqu'un qui travaillait sur un projet pendant presque deux ans ne savait pas que c'était..."
"He looks up at me, his eyes so full of pain, a lump forms in my throat.","Il lève les yeux vers moi, ils sont si emplis de douleur qu'une boule se forme dans ma gorge.","Ça lui fait mal, ses yeux sont pleins de douleur, une boule monte dans ma gorge."
Chase would never forgive her if he ever found out.,Chase ne lui pardonnerait jamais s'il le découvrait.,Chase ne l'aurait jamais pardonnée s'il l'avait découvert.
Chapter 11,Chapitre 11,11
"If I lose everything...""",Si je perds tout...,Si je perd tout...
"""It is a lovely hotel,"" Andi murmured in agreement with a solemn nod as she took her time selecting a slice of bacon off the huge platter in front of her.","C'est un bel hôtel, murmura Andi en acquiesçant d'un signe de tête solennel, tout en prenant le temps de choisir une tranche de bacon sur l'immense plateau qui se trouve devant elle.","Ça fait un hôtel magnifique, murmura Andi en s'accordant avec un hochement de tête solennel alors qu'elle prenait le temps de choisir une tranche de bacon sur le grand plat devant elle."
"This morning when he woke up and realized that she wasn't there, he'd realized just how much he liked waking up with her in his arms.","Ce matin, quand, à son réveil, il avait vu qu'elle n'était pas à ses côtés, il avait réalisé à quel point il aimait se réveiller dans ses bras.",Ça faisait moins d'une heure qu'il se réveillait et qu'il s'apercevait qu'elle n'était pas là.
He had bumps and ridges everywhere he should.,Il avait des muscles saillants partout où il le fallait.,Ça lui donnait des bosses et des crêtes partout où il y en avait.
"Well, that was...precise.","Eh bien, c'est... précis.","Ça, c'était... précis."
"After they'd graduated, Lucas's godfather gave him a junior management position at Carta Hotels while Devyn started at the bottom, working the overnight shift as a clerk for a chain of cheap hotels.","Après l'obtention de leurs diplômes, le parrain de Lucas lui avait offert le poste de cadre subalterne chez les Hôtels Carta alors que Devyn avait dû commencer en bas de l'échelle, en commençant à travailler de nuit comme réceptionniste pour une chaîne d'hôtels bon marché.","Après leur diplôme, le parrain de Lucas lui avait donné un poste de responsable de la gestion des ressources humaines dans les Hôtels Carta tandis que Devyn commençait à la base, en tant que commis de nuit dans une chaîne d'hôtels de bas de gamme."
She wasn't happy that he wasn't interested in the job.,Elle n'était pas contente par le fait qu'il n'était pas intéressé par cette tâche.,Ça ne l'avait pas rassurée qu'il n'ait pas d'intérêt pour le poste.
"""Come with me to Kansas.",Viens avec moi au Kansas.,Viens avec moi au Kansas.
"There's day-old snow on the ground, and tiny ice cubes falling from the cloudy sky, but inside is toasty and warm.","Il y a de la neige de la veille sur le sol et de petits flocons qui tombent du ciel nuageux, mais à l'intérieur, il fait chaud et c'est chaleureux.","Ça fait un jour que la neige est tombée, et les petits cubes de glace tombent du ciel gris, mais à l'intérieur, c'est chaud et confortable."
"Blood ran from his cheek, and he swiped and smeared it across his face.","Du sang coulait de sa joue, il l'essuya et l'étala sur son visage.","Le sang coulait de sa joue, et il le répandit et le frotta sur son visage."
She was alive and that's all that mattered.,Elle était en vie et c'est tout ce qui comptait.,Ça faisait partie de sa vie et c'était tout ce qui comptait.
"Chase watched the hem of her shirt ride up again, this time enough to reveal the skin of her back.","Chase regarda l'ourlet de son tee-shirt remonter, cette fois suffisamment pour dévoiler la peau de son dos.","Chase regarda le bout de sa chemise remonter à nouveau, cette fois-ci suffisamment pour révéler la peau de son dos."
"I've never been particularly empathetic, and I barely know the man, but there you have it.","Je n'ai jamais été particulièrement empathique, et je connais à peine cet homme, mais voilà.","Ça ne m'a pas particulièrement touché, et je ne connais pas vraiment l'homme, mais là c'est ça."
"It's delicious, in a perverted, self-destructive sense.","C'est délicieux, dans un sens pervers et autodestructeur.","Ça est délicieux, dans un sens pervers et auto-destructeur."
"We need to get our hands on another iPad and a laptop, log into our accounts and download those files before he gets a chance to alter them or delete them.""","Nous devons mettre la main sur un autre iPad et un ordinateur portable, nous connecter à nos comptes et télécharger ces fichiers avant qu'il n'ait le temps de les modifier ou de les effacer.","Ça nous faut un autre iPad et un ordinateur portable, nous devons nous connecter à nos comptes et télécharger ces fichiers avant qu'il n'ait le temps de les modifier ou de les supprimer."
"""I could ask you the same,"" I say, letting the water wash the soap from my body.","Je pourrais te demander la même chose, dis-je en laissant l'eau rincer le savon de mon corps.","Ça me ferait plaisir de te demander la même chose, dis-je, laissant l'eau écouler pour nettoyer le savon de mon corps."
"When his hands found her breasts, she moved into his touch, the move causing her to be exactly where he needed her.","Lorsque ses mains trouvèrent ses seins, elle se laissa toucher, se plaçant exactement à l'endroit où il avait besoin d'elle.","Quand ses mains trouvèrent ses seins, elle se déplaça, ce qui la fit se trouver exactement où il le voulait."
"""And once you're in a relationship, I find that going out on actual dates just doesn't happen.""","Et une fois qu'on est en couple, je trouve qu'on ne sort plus en amoureux.",Ça ne se passe pas comme ça quand on est en couple.
Many thanks to:,Un grand merci,Merci à :
"There's barely any natural light, so John has off-white, rice-paper lanterns scattered in the corners.","Comme il n'y a pratiquement pas de lumière naturelle, John a placé des lanternes en papier de riz, couleur blanc cassé dans les coins.","Ça fait presque nuit, alors John a placé des lanternes en papier de riz blanches dans les coins."
She loved the way that he gently caressed her cheek with his fingertips as he moaned her name until that wasn't enough.,"Elle aimait la façon de caresser doucement sa joue du bout des doigts en gémissant son nom, jusqu'à ce que ça ne suffise plus.","Elle aimait la façon dont il caressait doucement sa joue avec le bout de ses doigts, tandis qu'il gémissait son nom jusqu'à ce que ça ne suffise plus."
Line-dancing area.,Une piste de danse en ligne.,Ça fait partie de l'espace de danse.
"""If what you say is truewell, it happened a long time ago.","Si ce que tu dis est vrai, c'est arrivé il y a longtemps.","Si ce que tu dis est vrai, c'est qu'il y a longtemps."
A small smile tugs at the corner of his mouth.,Un petit sourire se dessine au coin de sa bouche.,Un petit sourire se dessine au coin de sa bouche.
"""I can't,"" was all he could muster, and even that sounded like the most pathetic excuse.","Tout ce qu'il avait pu dire, c'est ""Je ne peux pas"", et même cette excuse lui avait semblé des plus pathétiques.","Ça ne marche pas, dit-il, et même ça sonnait comme une excuse pathetique."
It takes everything in me not to look away.,Il me faut tout ce que j'ai en moi pour ne pas détourner le regard.,Ça me faut tout ce que j'ai en moi pour ne pas regarder.
"The feel of him, tight around me, is almost too much to bear.","La sensation de son intérieur, serré autour de moi, est presque trop difficile à supporter.","Ça me fait trembler, sa présence, si proche, est presque trop à supporter."
"He pushed the door mostly closed and looked out into the park, a stripe of late-day sunlight highlighting his face.","Il poussa la porte jusqu'à la fermer et regarda vers le parc, un rayon de soleil de fin de journée illuminant son visage.","Il referma la porte à moitié et regarda dans le parc, une bande de soleil tardif mettant en valeur son visage."
"Where else would we hide?""",Où d'autre pourrions-nous nous cacher ?,"Ça, c'est le seul endroit où nous pourrions nous cacher ?"
"I'll hold him all night, if that's what he wants.","Je le tiendrai toute la nuit, si c'est ce qu'il veut.","Ça durera toute la nuit, si c'est ce qu'il veut."
Our time together meant nothing.,Le temps que nous avons passé ensemble ne signifiait rien.,Ça n'a pas eu d'importance.
"I love music,"" he says.","J'aime la musique, dit-il.","Ça me fait rire, dit-il."
"After the often-crushing humidity of summer, fall in Philadelphia is crisp, like a ripe apple you can't wait to sink your teeth into.","Après l'humidité souvent écrasante de l'été, l'automne à Philadelphie est frais, comme une pomme mûre que l'on a hâte de croquer à pleines dents.","L'automne à Philadelphie est frais, comme une pomme qui se détache de son arbre."
"We'll sleep on the couches.""",On dormira sur les canapés.,Ça nous permettra de dormir.
"He'd live in this moment, this night with her, with no promises.","Il vivrait ce moment, cette nuit avec elle, sans rien lui promettre.","Ça durerait, cette nuit avec elle, sans promesse."
"""We were having a difficult time putting the pieces together because of the missing files, but thankfully, Mr. Anderson was kind enough to create a fake hotel for every transfer.","Nous peinions à recoller les morceaux à cause des dossiers manquants, mais heureusement, M. Anderson a eu la gentillesse de créer un faux hôtel pour chaque transfert.","Ça nous a coûté beaucoup de mal de trouver les pièces manquantes à cause des dossiers manquants, mais grâce à la gentillesse de M. Anderson, il a créé un faux hôtel pour chaque transfert."
Even the girls have noticed me slinking around our flat.,Même les filles ont remarqué que je me faufilais dans notre appartement.,Ça a même attiré l'attention des filles.
It never occurred to me that I might be hindering his progress by forcing him to keep quiet.,Il ne m'est jamais venu à l'esprit que je pouvais l'empêcher d'avancer en le forçant à se taire.,Ça ne me vient pas à l'esprit que je pourrais ralentir son avancement en lui faisant garder le silence.
"Chase hefted the plywood and set it against the window, lining up the pilot holes.","Chase souleva le contreplaqué et le plaça contre la fenêtre, alignant les avant-trous.","Chase souleva le contreplaqué et le posa contre la fenêtre, alignant les trous de vis."
"""They changed the schedule.",Ils ont changé les horaires.,Ça a changé le planning.
"""I'll go grab the bags,"" he said, that muscle in his jaw working double-time as he turned around and left, leaving her with no choice but to see this thing through on her own.","Je vais chercher nos bagages, ajouta-t-il, le muscle de sa mâchoire tiquant deux fois plus alors qu'il se retournait et partait, ne laissant pas d'autres choix à la jeune femme que de se débrouiller toute seule.","Ça va falloir que je vais chercher les sacs, dit-il en se retournant et en s'en allant, laissant ainsi Nicholas avec le choix entre les deux."
If Chase ever found out the truth...,Si Chase découvrait la vérité...,Si Chase découvrait la vérité...
"The sun, half-risen and bright, glowed behind her head like an orange halo, outlining the edges of her hair in bright relief.","Le soleil, à moitié levé et brillant, rayonnait derrière sa tête comme un halo orange, soulignant les contours de ses cheveux d'un relief éclatant.","Le soleil, à moitié levant et brillant, se réfléchissait derrière sa tête comme un halo orange, mettant en relief les bords de ses cheveux."
It never lies.,Elle ne ment jamais.,Ça ne ment jamais.
Of course Inna set the fire.,Bien sûr qu'Inna avait mis le feu.,Ça va sans dire que c'est Inna qui a mis le feu.
"But you will find someone.""",Mais tu trouveras quelqu'un.,Ça te donnera envie de trouver quelqu'un.
"It didn't matter what her mother had promised him, or what her father owed him.","Peu importe ce que sa mère lui avait promis, ou ce que son père lui devait.","Ça n'avait pas d'importance de savoir ce que sa mère lui avait promis, ou ce que son père lui devait."
"Not even a little bit, because she had plenty to keep her busy, and honestly, she didn't have time for anything else.","Pas même un peu, car elle avait de quoi s'occuper, et honnêtement, elle n'avait pas le temps pour quoi que ce soit d'autre","Ça ne l'aurait pas aidé, car elle avait beaucoup de choses à faire, et elle n'avait pas le temps de s'occuper de quelque chose d'autre."
The sun is stroking the highlights of John's auburn hair as if it can't keep its fingers out of the wavy locks.,"Le soleil caresse les reflets des cheveux auburn de John, comme s'il ne pouvait pas empêcher ses rayons de toucher ses mèches ondulées.",Le soleil éclaircit les reflets roux de John comme s'il ne pouvait pas tenir les mains à l'écart de ses cheveux ondulants.
"The pier cut out to sea a hundred yards north, and fishermen and tourists alike would always head to his bar for lunch.","La jetée s'enfonçait dans la mer à une centaine de mètres au nord, et les pêcheurs comme les touristes se rendaient toujours à son bar pour déjeuner.","La jetée s'avançait à cent mètres vers la mer, et les pêcheurs et les touristes se rendaient toujours à son bar pour déjeuner."
"She turned to Inna, and the words formed sticky clumps in her mouth.","Elle se tourna vers Inna, et les mots formèrent des amas collants dans sa bouche.","Elle se retourna vers Inna, et les mots se formaient en boules collantes dans sa bouche."
"""It's from the Police, a song called Tea in the Sahara.""","C'est une chanson de Police qui s'appelle ""Tea in the Sahara"".","Ça vient de la police, une chanson appelée ""Thé au Sahara""."
"""If you'd be still, it wouldn't hurt.""","Si tu restais tranquille, tu n'aurais pas mal.","Si tu restais immobile, ça ne te ferait pas de mal."
The storm shutters banged a raging rhythm as the strong winds roared inland.,Les volets claquaient à un rythme endiablé tandis que les vents violents s'engouffraient à l'intérieur des terres.,Les volets de protection de la tempête claquaient à un rythme furieux tandis que les vents violents s'enfonçaient dans l'intérieur des terres.
"I know John was married to a woman, and that the marriage lasted for at least a few years.",Je sais que John était marié à une femme et que ce mariage a duré au moins quelques années.,"Ça fait du moins quelques années que John est marié à une femme, et que le mariage dure."
"""How did she survive, being a woman in that time?","Comment a-t-elle survécu, en tant une femme à cette époque ?","Ça fait qu'elle a survécu, étant une femme dans ce temps ?"
"But John brought color and warmth to it, things I didn't know I'd been missing.","Mais John y a apporté de la couleur et de la chaleur, des choses qui je ne savais pas me manquaient.","Ça a apporté du coloris et du chaleur, des choses que je ne savais pas que je manquais."
"""What?"" My question brings John back to the present.",Ma question ramène John au présent.,Ça ?
"One slides up my neck and into my hair, where he grabs a fistful of my curls, pulling me down into his hungry, greedy kiss.","L'une d'elles remonte le long de mon cou jusqu'à mes cheveux, où il saisit une poignée de mes boucles, m'attirant plus bas dans un baiser affamé et avide.","Un des deux se glisse sur mon cou et dans mes cheveux, où il saisit une boule de ma chevelure, me faisant tomber dans son embrassement vorace."
"I turn away enough to give him some semblance of privacy, quietly putting my things in my backpack, but I stay close.","Je me détourne suffisamment pour lui laisser un semblant d'intimité, en rangeant discrètement mes affaires dans mon sac à dos, mais je reste près de lui.","Je me détourne suffisamment pour lui donner un peu de privé, je mets mes affaires dans mon sac à dos, mais je reste près de lui."
"""I have no idea since you haven't told me what I'm doing exactly.",Je n'en ai aucune idée vu que tu ne m'as pas dit ce que je dois exactement faire.,"Ça me fait rire, mais je ne sais pas quoi dire."
I'm a veritable treasure trove of useless knowledge.,Je suis un véritable puits de connaissances inutiles.,Ça m'a fait un véritable trésor de connaissances inutiles.
She reached for him and touched his arm and his tattoo burned like she'd touched him with a torch.,"Elle s'approcha de lui, toucha son bras et son tatouage le brûla comme si elle l'avait touché avec une torche.","Elle s'approcha de lui, toucha son bras et son tatouage brûlait comme si elle l'avait touché avec un bûcher."
"John makes a sound in the back of his throat, something like a confirmation, and drops his head to his chest.","John émet un grognement, quelque chose comme une confirmation, et baisse la tête vers sa poitrine.","John émet un son au fond de sa gorge, quelque chose comme un signe de confirmation, et baissa la tête sur sa poitrine."
"""Huh?"" Mari sighed as the image of her and Chase vanished.",Mari soupira alors que l'image d'elle et de Chase disparaissait.,Ça ? Mari soupira lorsque l'image de Chase et d'elle disparut.
"I want inside you,"" he practically begs.","Je veux être en toi, supplie-t-il presque.","Ça me fait envie de te pénétrer, il me demande presque de le faire."
"""He's not here,"" Mari whispered.","Il n'est pas là, murmura Mari.","Ça n'est pas lui, murmura Mari."
Lights lit up the room and sickly carnival music blasted from unseen speakers.,Des lumières illuminèrent la pièce et une musique de carnaval discordante sortit de haut-parleurs invisibles.,Les lumières éclairaient la pièce et la musique de fête macabre s'échappait des haut-parleurs cachés.
"He could see more fire than bar, and he knew it was over.","Il voyait plus le feu que son bar, et il savait que c'était fini.","Ça faisait plus de bar qu'un bar, et il savait que ça finissait."
"He doesn't think I'm crazy when I stop, mid-sentence, to point out the song that's playing in the restaurant while we eat.","Il ne me prend pas pour un fou quand je m'arrête, au milieu d'une phrase, pour lui faire remarquer la chanson qui passe dans le restaurant pendant que nous mangeons.","Ça ne le fait pas penser que je suis folle quand je m'arrête, au milieu de ma phrase, pour signaler la chanson qui sonne dans le restaurant pendant que nous mangeons."
Let me try to brace myself halfway.,Laisse-moi essayer de m'arc-bouter à mi-chemin.,Ça me fera plaisir de t'aider à te calmer.
"""I deserve to feel his death.",Je mérite de voir sa mort.,Ça me revient de le sentir.
"The naked woman stood tall, her deep-brown hair reaching to her ankles.","La femme nue se tenait debout, ses cheveux d'un brun profond lui arrivaient aux chevilles.","La femme nue se tenait debout, ses cheveux bruns foncés descendaient jusqu'à ses chevilles."
"Feeling more confident in her movements, she stroked him as she licked and sucked, grasping him firmly.","Plus confiante dans ses mouvements, elle le caressa tout en le léchant et en le suçant, l'empoignant fermement.","Ça lui donnait plus de confiance dans ses mouvements, elle le caresse tandis qu'elle léche et suce, le saisissant fermement."
"So, they tried to scare me off by telling me about all the monsters and the ghosts in the school, how mean the teacher really was, all the gross things the cafeteria lady was putting in the food, and unfortunately, it worked.","Elles ont donc essayé de m'effrayer en me parlant de tous les monstres et fantômes de l'école, de la méchanceté du professeur, de toutes les choses dégoûtantes que la dame de la cafétéria mettait dans la nourriture, et malheureusement, ça a fonctionné.","Ça m'a fait peur de voir tous ces monstres et ces fantômes dans l'école, la méchanceté de la prof, les choses grossières que faisait la dame de la cantine, et malheureusement, ça m'a fait peur."
I hope my voice sounds firm.,J'espère que ma voix est ferme.,Je espère que ma voix sonne ferme.
"""I'm very thorough,"" Andi said, nibbling on a piece of bacon.","Je suis très minutieuse, dit Andi en grignotant un morceau de bacon.","Ça me fait rire, dit Andi en mangant une tranche de bacon."
"After high school, she attended college, worked as a bellhop, fast food cook, and a museum worker until she decided to take an EMT course.","Après le lycée, elle est allée à l'université, a travaillé comme groom, cuisinière dans un fast-food et employée dans un musée, jusqu'à ce qu'elle décide de suivre des cours pour devenir ambulancière.","Après le lycée, elle avait fait des études supérieures, travaillé comme commis hôtelier, cuisinier de fast-food et employée de musée jusqu'à ce qu'elle décide de suivre un cours d'aide-soignant."
"""His baby sister.",Sa petite sœur.,Son petit sœur.
"""Welcome to the Emerald Cove, Mr. MacGregor,"" the clerk said with that warm smile that didn't seem to help the situation as Devyn continued to glare in a way that told her that she was never going to hear the end of this.","Bienvenue à l'Emerald Cove, M. MacGregor, dit la réceptionniste avec un sourire chaleureux qui ne semblait pas arranger la situation, alors que Devyn continuait de la fixer d'une manière qui lui disait qu'elle ne finirait jamais d'en entendre parler.","Bienvenue au Cove Emerald, M. MacGregor, dit l'employé avec un sourire chaleureux qui ne semblait pas aider la situation, tandis que Devyn continuait à jeter des regards noirs, ce qui lui faisait comprendre qu'elle ne l'oublierait jamais."
Was this the end?,Était-ce la fin ?,Ça faisait-il partie de la légende ?
The board would have fired his ass for gross incompetence.,Les membres du conseil d'administration l'auraient licencié pour incompétence grave.,Ça aurait été un licenciement pour grossière incompétence.
To escape.,Pour s'échapper.,Être en fuite.
"We expect landfall not long after midnight at the storm's current speed...""",Nous nous attendons à ce que la tempête touche terre peu après minuit vu sa vitesse actuelle...,Ça ne fera pas longtemps avant que la tempête ne frappe la côte...
I don't want any stray projectiles to catch either one of us unawares.,"Je ne veux pas qu'un projectile perdu nous prenne au dépourvu, l'un ou l'autre.",Ça risque de nous prendre au dépourvu.
"I yank until I free myself, wincing, but the pain calms me down a little.","Je tire jusqu'à me libérer, en grimaçant, mais la douleur me calme","Je tâche jusqu'à me libérer, me grattant la tête, mais la douleur me calme un peu."
He looked out to the dark beach.,Il regarda la plage sombre.,Il regarda la plage sombre.
"You haven't told me how you feel about him.""",Tu ne m'as pas dit ce que tu ressentais pour lui.,Ça ne t'a pas dit à quel point tu étais amoureux de lui.
Serving Chase coffee in bed without his black T-shirt or pants.,"Servir un café à Chase dans son lit, sans son tee-shirt noir ni son pantalon.",Ça faisait un moment qu'il ne portait plus son tee-shirt noir et ses pantalons noirs.
"No going barefoot on the deck today, it wasn't safe.","Pas question d'aller pieds nus sur le pont aujourd'hui, ce n'était pas sûr.","Ça ne faisait pas de bon de marcher pieds nus sur le pont, c'était dangereux."
Lots of little girls with curls hanging to their waists and bright blue eyes...,Beaucoup de petites filles avec des boucles qui leur arriveraient à la taille et des yeux bleu brillant...,Ça fait des années que je n'ai pas vu de petites filles aux cheveux bouclés tombant jusqu'à leur taille et aux yeux bleus...
What he faced now.,Ce qu'il affrontait maintenant.,"Ça, c'est le pire."
She freaking loved quiet time!,Elle adorait le temps calme !,Ça faisait rêver la petite !
"The elevator doors barely had a chance to open when he was moving his ass, heading to his office, praying every step of the way that Andi was there.","Les portes de l'ascenseur avaient à peine eu le temps de s'ouvrir qu'il en sortait, se dirigeant vers son bureau, priant à chaque pas pour qu'Andi soit là.","Les portes de l'ascenseur n'avaient pas eu le temps de s'ouvrir que le jeune homme commençait à marcher, se dirigeant vers son bureau, priant à chaque pas que Andi y soit."
"""God, you'll never know how sorry I am.""","Bordel, tu ne peux pas savoir à quel point je suis désolé.",Ça va te faire plaisir de savoir à quel point je suis désolé.
"""You hate the clutter I make with my records and my gadgets, and my clothing lying about the bedroom.""","Tu détestes le désordre que je crée avec mes disques, mes gadgets et mes vêtements qui traînent dans la chambre.","Ça te dérange le désordre que j'ai avec mes disques et mes gadgets, et mes vêtements qui courent partout dans la chambre."
"""Who is he and what is he to you?""",Qui est-il et que représente-t-il pour toi ?,Ça te dit qui il est et à quoi il t'appartient ?
"""You'll be safer at home.""",Tu seras plus en sécurité à la maison.,Ça te sera plus sûr chez toi.
"Get control, mister.","Contrôlez-vous, monsieur.","Ça va falloir, mon cher."
Not for anyone.,Pour personne.,Ça ne sert à rien.
"I look away, unable to handle the intensity of John's gaze, and stare unseeing at the computer screen.","Je détourne le regard, incapable de supporter l'intensité du regard de John, et je fixe l'écran de l'ordinateur sans le voir.","Je détourne le regard, incapable de supporter l'intensité du regard de John, et j'envisage l'écran de l'ordinateur sans voir."
"She fingered the pearl pendant, twisting it slowly.",Elle toucha le pendentif en perles et le fit tourner lentement.,"Elle toucha le pendant en perles, le faisant tourner lentement."
"Then he reeled backward, almost falling off the platform.","Puis il recula, tombant presque de la plateforme.","Il s'écroula en arrière, presque tombant de la plateforme."
"Every time I come in for my shift, I expect to find a note from Nicki, but she leaves me alone.","Chaque fois que j'arrive pour mon service, je m'attends à trouver un mot de Nicki, mais elle me laisse tranquille.","Ça fait des années que je ne trouve pas de note de Nicki, mais elle ne m'embarrasse pas."
"Breaking off the kiss, Andi reached for that bottle of bodywash and squeezed more into her hand before tossing the empty bottle aside and turning around in his arms, reaching up and pulled him back down to pick up where they left off while she reached between their bodies and-","Rompant le baiser, Andi attrapa la bouteille de gel douche et en pressa davantage dans sa main avant de jeter la bouteille vide de côté et de se retourner dans ses bras, tendant ses bras pour le mettre à son niveau et reprendre là où ils s'étaient arrêtés tandis qu'elle passait la main entre leurs corps et...","Ça suffisait, pensa Andi en arrachant la bouteille de douche corporelle et en la remplissant de plus de gel douche avant de jeter la bouteille vide de côté et de se retourner dans ses bras, s'approchant de lui et..."
"And so damned tight, I start to babble.",Et tellement serré que je commence à bafouiller.,"Ça est tellement bien, que je commence à bafouiller."
"Add the peep show to the grudge and revenge plot, and Inna would kill both of them without hesitation.","Ajoutez le peep-show au projet de vengeance, et Inna les tuerait tous les deux sans hésiter.","Ajouter le spectacle à la vengeance et la rancune, et Inna les tuerait tous les deux sans hésiter."
"It's my fault he's dead.""",C'est ma faute s'il est mort.,Ça c'est ma faute qu'il soit mort.
I've never been like this with anyone.,Je n'ai jamais été comme ça avec personne.,Ça n'a jamais été comme ça avec quelqu'un d'autre.
"Not everyone can make it with a coastal shop.""",Ce n'est pas donné à tout le monde de réussir à s'en sortir avec un magasin en bord de mer.,Ça ne marche pas pour tout le monde avec un magasin de bord de mer.
Inna wouldn't either.,Inna non plus.,Ça ne serait pas la même chose pour Inna.
She tugged more forcefully and moved to take him in her mouth.,Elle tira plus fort et bougea pour le prendre dans sa bouche.,Elle tirait plus fort et se déplaçait pour le prendre dans sa bouche.
"Yes, I am a bit of a music snob, but he shouldn't know that.","Oui, je suis un peu snob en matière de musique, mais il ne devrait pas le savoir.","Ça va, je suis un peu snob en matière de musique, mais il ne devrait pas le savoir."
"""You really want to know?""",Tu veux vraiment savoir ?,Ça te fait vraiment envie de le savoir ?
"Right at this moment, when I'm so raw, I'm bleeding on the inside.","Tout de suite ? En ce moment même, alors que je suis à vif, que je saigne","Ça, c'est à ce moment-là, alors que je suis si vulnérable, que je saisis le moment pour lui dire tout ce que je ressens."
Garrett and I stopped a week or two before our break-up.,Garrett et moi avons arrêté une semaine ou deux avant notre rupture.,Ça a duré une semaine ou deux avant notre séparation.
In public?,En public ?,Ça va dans la rue ?
Starstruck Holidays: A MM Sci-Fi Holiday Romance Anthology,Starstruck Holidays : Une anthologie de romance de vacances MM Sci-Fi,Être ébloui par les vacances : une anthologie de romance de Noël pour les couples mi-homme mi-femme
"John Burton, Walt Whitman High School, Patrick","John Burton, Walt Whitman High School, Patrick","John Burton, Walt Whitman High School, Patrick"
He watched as her focus turned to confusion as she stared down at the light brown teddy bear that had taken him two days to find before her lips pulled up into a beautiful smile.,"Il vit son attention se transformer en confusion lorsqu'elle fixa l'ours en peluche marron clair qu'il avait mis deux jours à trouver, avant que ses lèvres ne se retroussent en un magnifique sourire.","Il la regarda se concentrer, puis se confondre, alors qu'elle fixait le ours brun clair qu'il avait fallu deux jours à trouver avant que ses lèvres ne se sourient en un beau sourire."
It would just take a little longer than she'd planned.,Ça prendrait juste un peu plus de temps que prévu.,Ça prendrait un peu plus de temps qu'elle ne l'avait prévu.
She didn't let it overwhelm or cripple her.,Elle ne la laissait pas l'accabler ou la paralyser.,"Ça ne la dépassait pas, elle ne s'en laissait pas prendre."
"John inspires so much music in me, but I haven't found his song.","John m'inspire tellement de chansons, mais je n'ai pas trouvé sa chanson.","John m'inspire tellement de la musique, mais je n'ai pas trouvé sa chanson."
"She hadn't felt safe and secure in a long time, and her breathing slowed as she relaxed.","Cela faisait longtemps qu'elle ne s'était pas sentie en sécurité, et sa respiration ralentit à mesure qu'elle se détendait.","Ça lui faisait longtemps que des années qu'elle n'était pas en sécurité, et son souffle s'apaisa tandis qu'elle se détendait."
"""We go out all the time.""",Nous sortons tout le temps.,Ça fait longtemps que nous sortons ensemble.
Daydreams and swimming would have to wait.,Les rêveries et les baignades devaient attendre.,Ça ne pouvait pas attendre.
"Who knows what our options will be tomorrow.""",Qui sait quelles seront nos options demain ?,Ça dépend de ce que nous allons trouver demain.
A small chime had Devyn swallowing hard as he looked up and found Andi's phone in the bastard's hand.,Un petit tintement fit déglutir Devyn qui leva les yeux et trouva le téléphone d'Andi dans la main du connard.,Ça lui fit avouer qu'il avait de la peine à déglutir alors qu'il leva les yeux et trouva le téléphone d'Andi dans la main du salaud.
"""Her parents?""",Ses parents ?,Ça fait combien d'années ?
She turned toward the stack of wood so he wouldn't see her blush.,Elle se tourna vers la pile de bois pour qu'il ne la voit pas rougir.,Elle se tourna vers la pile de bois pour qu'il ne la voie pas rougir.
"""I can help you make your selections, though I have to warn you.","Je peux vous aider à faire votre choix, mais je dois vous prévenir.","Je peux te conseiller pour tes choix, mais je dois te prévenir."
"He tossed Mari her sundress, then slid into his jeans and zipped them.","Il lança sa robe d'été à Mari, puis se glissa dans son jean et le ferma.","Il lui jeta son dress, puis se glissa dans son jean et le referma."
Garrett brought a bottle of wine.,Garrett a apporté une bouteille de vin.,Garrett a apporté un bouteille de vin.
"""We don't have all day.""",Nous n'avons pas toute la journée.,Ça ne dure pas toute la journée.
His muscles glistened with rain or seawater; she didn't know which.,"Ses muscles brillaient sous l'effet de la pluie ou de l'eau de mer, elle ne savait pas laquelle.","Ses muscles brillaient sous l'effet de la pluie ou de l'eau de mer, elle ne savait pas quelle."
Her brows furrow.,Ses sourcils se froncent.,Ses sourcils se croisent.
"""Hey, I can't breathe.""","Hé, je n'arrive pas à respirer.","Ça, ça me fait mal."
"""Your turn.""",À ton tour.,Ça te vaudra le tour.
"A shudder passes through me, followed by a lightning bolt of desire that lands right on the tip of my cock.","Un frisson me traverse, suivi d'un éclair de désir qui atterrit directement sur le bout de ma queue.","Un frisson me traverse, suivi d'un éclair de désir qui atterrit sur le bout de mon membre."
"I take in his deep, brown skin and near-white hair, his chiseled cheekbones, and dimpled chin.","Je regarde sa peau brun foncé, ses cheveux presque blancs, ses pommettes ciselées et la fossette sur son menton.","Je regarde sa peau brune foncée et ses cheveux blonds, ses joues sculptées et son menton dentelé."
"Something was going on, and Mari was going to tell him everything.","Il se passait quelque chose, et Mari allait tout lui dire.","Ça faisait un moment, et Mari allait lui dire tout."
"Mari stopped and watched them too, her curvy figure leaning against the walkway railing.","Mari s'arrêta et les observa également, sa silhouette pulpeuse appuyée contre la rambarde de la passerelle.","Mari s'arrêta et les regarda aussi, sa silhouette courbée contre la rambarde de la passerelle."
"I wish you'd stay inside.""",J'aimerais que tu restes à l'intérieur.,Ça me ferait plaisir que tu restes à l'intérieur.
Pleasure struck hard and fast and she cried out as an orgasm slammed into her.,Le plaisir la surprit vite et fort et elle cria lorsqu'un orgasme la frappa de plein fouet.,"Ça lui donnait du plaisir et il arrivait vite et fort, elle criait à cause d'un orgasme qui la frappa."
"The stretch, it burns, and it feels so fucking good.","L'étirement, la brûlure, c'est si bon, putain.","Ça fait mal, et ça sent vraiment très bon."
Wasn't that what people did in times of stress?,N'est-ce pas ce que font les gens en période de stress ?,Ça n'était-ce pas ce que les gens faisaient dans les moments difficiles ?
"His voice is barely above a whisper, and there's such warmth and affection in it, my heart stutters.","Sa voix est à peine plus forte qu'un murmure, et il y a tant de chaleur et elle contient tellement d'affection que mon cœur bat la chamade.","Sa voix est à peine au-dessus d'un murmure, et il y a tant de chaleur et d'affection dans ce qu'il dit que mon cœur s'arrête."
"He turned to her, trying to keep his voice low and firm.","Il se tourna vers elle, essayant de garder une voix basse et ferme.","Il se tourna vers elle, essayant de garder sa voix basse et ferme."
"If he were being honest with himself, he'd admit he would miss the bar and all the long nights of work and music and stories.","S'il était honnête avec lui-même, il admettrait que le bar et les longues nuits de travail, de musique et d'histoires lui manqueraient.","Si il était honnête avec lui-même, il aurait admis qu'il manquerait le bar, les longues nuits de travail, de musique et d'histoires."
Over the past three days...nothing.,Durant les trois derniers jours.,Ça fait trois jours... rien.
"""I might have considered letting Chase move away if you'd asked me nicely.""",J'aurai pu envisager de laisser Chase partir si tu me l'avais demandé gentiment.,Ça m'aurait fait réfléchir à laisser Chase partir si tu l'avais demandé avec politesse.
"She knew he held grudges, but this was ridiculous.","Elle savait qu'il était rancunier, mais là, c'était ridicule.","Ça faisait partie de son caractère, mais ça allait trop loin."
I guess that solves that problem.,Je suppose que cela résout le problème.,Ça résout le problème.
"He'd thought he'd planned it well with plenty of time to get off the island and go a couple hundred miles inland, maybe to Raleigh.","Il pensait avoir bien planifié son départ et avoir suffisamment de temps pour quitter l'île et se rendre à quelques centaines de kilomètres à l'intérieur des terres, peut-être jusqu'à Raleigh.","Ça me semblait bien pensé, avec suffisamment de temps pour quitter l'île et aller à une centaine de kilomètres de là, peut-être à Raleigh."
"""Curiosity, I suppose.""","La curiosité, je suppose.",Ça doit être la curiosité.
"""I guess you think I'm crazy now.",Je suppose que tu penses que je suis fou maintenant.,Ça me fait penser que tu penses que je suis fou maintenant.
"He sighs and slides his fingers against mine, back and forth.","Il soupire et fait glisser ses doigts entre les miens, d'avant en arrière.",Ça va ?
"Besides, it isn't like the rides will be open.""","Et puis, ce n'est pas comme si les manèges étaient ouverts.",Ça n'a rien à voir avec les manèges.
He took care of practically everything.,Il s'occupait pratiquement de tout.,Ça lui avait pris beaucoup de temps.
"I spin some MC5, X, The Noisettes, and Miike Snow.","Je passe MC5, X, The Noisettes et Miike Snow.","Je mets du MC5, X, Les Noisettes et Miike Snow."
"And now, just as things were going well between her and Chase, she might lose him forever.","Et maintenant, alors que les choses allaient bien entre Chase et elle, elle risquait de le perdre pour toujours.","Ça allait bien entre elle et Chase, et maintenant elle risquait de le perdre pour toujours."
I guess it is a normal part of daughters growing up.,Je suppose que c'est une partie normale du processus du passage à l'âge adulte pour les filles.,Ça fait partie du processus de la fille grandir.
"If she didn't know better, she'd say that Inna controlled the weather.","Si elle ne le connaissait pas mieux, elle dirait qu'Inna contrôlait la météo.","Si elle ne savait pas mieux, elle dirait que Inna contrôlait le temps."
"There's only a smattering of trees in my neighborhood, and even those are too young to do more than sprinkle a bit of confetti on the ground, but Bucks County, where the station is – and where John lives - is a fall lover's dream.","Il n'y a que quelques arbres dans mon quartier, et même ceux-là sont trop jeunes pour ne faire plus que répandre un peu de confettis sur le sol, mais le comté de Bucks, où se trouve la station radio et où vit John, est un lieu de rêve pour les amoureux de l'automne.","Ça n'y a que quelques arbres dans mon quartier, et même ceux-ci sont trop jeunes pour faire plus qu'un peu de confettis sur le sol, mais le comté de Bucks, où se trouve la station - et où vit John - est un rêve pour les amoureux de l'automne."
I greet WKMP's general manager as he sets a crate of records on the ground and unlocks his 2012 VW Golf.,Je salue le directeur général de WKMP alors qu'il pose une caisse remplie de disques sur le sol et déverrouille sa Golf 2012.,Je lui fais signe en lui adressant un salut et il pose une boîte de disques sur le sol et déverrouille sa Volkswagen Golf 2012.
Breakfast?,Le dîner ?,Ça fait du déjeuner ?
Like slipping into my favorite pair of sweatpants at the end of a long day.,C'est comme si je me glissais dans mon pantalon de survêtement préféré à la fin d'une longue journée.,Ça me rappelle le moment où je me glisse dans mon pantalon de sport préféré à la fin d'une journée.
"""That depends,"" Andi said, adding a little sniffle at the end there as she continued toying with his fingers while he lay there, unable to take his eyes off her as he thought about the last two days and...","Ça dépend, dit Andi, ajoutant un petit reniflement à la fin de sa phrase tout en continuant à jouer avec les doigts de Devyn resté allongé, incapable de la quitter des yeux alors qu'il pensait aux deux derniers jours et...","Ça dépend, dit Andi, ajoutant un petit clignement de nez à la fin de sa phrase, tout en jouant avec ses doigts alors qu'il restait allongé là, incapable de détacher son regard de la jeune femme alors qu'il réfléchissait aux deux derniers jours et..."
"USA Today bestselling author Kerry Adrienne loves history, science, music, and art.","Kerry Adrienne, autrice de best-sellers USA Today, aime l'histoire, la science, la musique et l'art.","L'auteur à succès du meilleur vendeur USA Today, Kerry Adrienne aime l'histoire, les sciences, la musique et l'art."
"I can't keep my eyes off John, and I'm worried that I'll scratch a record or miss a cue.",Je ne peux pas quitter John des yeux et je crains de rayer un disque ou de rater un signal.,"Je ne peux pas arracher les yeux de John, et j'ai peur de scratcher un disque ou de manquer un signal."
I'm pleased that he seems to like it.,Je suis heureux qu'il semble l'aimer.,Ça me plaît qu'il aime ça.
"The phone lines are blinking, but I'm not taking any more requests.","Les lignes téléphoniques clignotent, mais je ne prends plus de demandes.","Les lignes téléphoniques clignotent, mais je ne prendrai plus de commandes."
"He picked up the pickle spear and sucked on the end, his mouth contracting at the sourness.","Il prit un cornichon et en suça l'extrémité, sa bouche se contractant sous l'effet de l'aigreur.","Il ramassa la lance à la sauce piquante et la suça, sa bouche se contractant sous l'effet de l'acidité."
"""But both my sister and I are pretty good at taking care of ourselves.",Mais ma sœur et moi savons très bien nous occuper de nous-mêmes.,Ça fait que ma sœur et moi sommes assez capables de nous occuper nous-mêmes.
"Not a tangible sense of loss, but an echo of what might have been.","Ce n'était pas un sentiment réel de perte, mais un écho de ce qui aurait pu être.","Ça n'est pas une sensation de perte, mais un écho de ce qui aurait pu être."
He almost reached for her but stopped.,"Il s'approcha presque d'elle, mais s'arrêta.","Il s'apprêtait à lui tendre la main, mais s'arrêta."
"I only let my eyes flit briefly over its welcoming expanse and push any thoughts of us tumbling onto it, limbs entwined and John's big body pressing me into the mattress, right out of my head.","Je ne laisse mes yeux que balayer brièvement son étendue accueillante, et j'écarte de ma tête toute idée de nous y laisser tomber, les membres enlacés et le grand corps de John me pressant contre le matelas.","Je ne fais que jeter un coup d'œil à l'étendue accueillante de la couche et je repousse toute idée de nous tomber dessus, nos membres entrelacés et le corps de John pressant mon corps sur le matelas, de ma tête."
"""What if I told you that I had to leave so that I could send your project to Roman Palms so that they could implement the changes you came up with immediately?"" he asked, smiling against her throat when she went still.",Et si je te disais que je devais partir pour envoyer ton projet à Roman Palms afin qu'ils puissent mettre en œuvre immédiatement les changements que tu as proposés ?,Ça t'aiderait-il si je te disais que j'ai dû partir pour envoyer ton projet à Roman Palms pour qu'ils puissent mettre en œuvre les changements que tu as proposés immédiatement ?
"She'd never been brazen, and her face heated despite her outward boldness.","Elle n'avait jamais été effrontée, et son visage s'échauffa malgré son audace apparente.","Ça ne l'avait jamais fait, et son visage rougit malgré sa bravoure."
"""Stop it, Inna!","Arrête, Inna !","Ça suffit, Inna !"
"""Will it be loud, or can I leave the door open?"" I try to keep my annoyance out of my voice.","Ce sera bruyant, ou je peux laisser la porte ouverte ?","Ça va être bruyant, ou je peux laisser la porte ouverte ?"
"""It's not that bad,"" I swear.","Ce n'est pas si mal, juré-je.","Ça n'est pas si grave, j'en suis sûr."
And never come back to the islandnever contact you.,"Et de ne jamais revenir sur l'île, de ne jamais te contacter.","Ça ne t'a jamais fait de mal, ça ne t'a jamais fait de mal."
"He'd gathered four flashlights from the kitchen, one from behind the bar, and a few pillar candles and matches, when the phone rang.","Il avait rassemblé quatre lampes de poche dans la cuisine, une derrière le bar, quelques bougies et des allumettes, lorsque le téléphone sonna.","Il avait récupéré quatre lampes de poche dans la cuisine, une autre derrière le bar, et quelques bougies et allumettes, lorsqu'un coup de téléphone retentit."
Probably right after his mother died and he'd been forced to live off discounted Halloween candy for a month.,Probablement juste après la mort de sa mère et qu'il avait été forcé de vivre en mangeant des bonbons d'Halloween à prix réduit pendant un mois.,Ça avait probablement changé après la mort de sa mère et qu'il avait dû vivre pendant un mois sur des bonbons Halloween à tarif réduit.
"The fading light cast long, deep shadows over one side of his face and his strong features stood out in contrast.",La lumière déclinante projetait des ombres longues et profondes sur un côté de son visage et ses traits forts se détachaient par contraste.,La lumière faible projetait de longs ombres sur un côté de son visage et ses traits saillirent en contraste.
"In addition to writing books, she's also a college instructor, artist, anime/manga and historical costumer, editor, and bad guitar player.","En plus d'écrire des livres, elle est également enseignante à l'université, artiste, costumière d'anime/manga et d'histoire, rédactrice, et mauvaise joueuse de guitare.","Elle est aussi professeur de collège, artiste, spécialiste d'anime et de manga, costumière historique, rédactrice en chef et mauvaise guitariste."
He landed right on top of her.,Il atterrit juste au-dessus d'elle.,Ça lui avait donné une chute sur elle.
"A small mermaid swam near the tentaclea mermaid with long pale hair, holding a pink starfish.","Une petite sirène nageait près du tentacule, une sirène aux longs cheveux pâles, tenant une étoile de mer rose.","Une petite sirène nageait près du tentacule, une sirène aux cheveux longs et pâles, tenant une étoile de mer rose."
"""No wonder they canceled the ferry.""",Pas étonnant qu'ils aient annulé le ferry.,Ça ne fait pas de doute que le ferry a été annulé.
He had thanked me.,Il m'avait remercié.,Ça m'a fait plaisir.
"Not like we can do anything without electricity.""",Ce n'est pas comme si nous pouvions faire quoi que ce soit sans électricité.,Ça n'a pas de sens de faire quelque chose sans électricité.
"""I can understand that,"" Andi said with a sad shake of her head as she auto-filled her credit card information to hold the room.","Je peux le comprendre, dit Andi en secouant tristement la tête tandis qu'elle remplissait automatiquement les informations de sa carte de crédit pour réserver la chambre.","Ça me comprendre, dit Andi avec un hochement de tête triste en remplissant les informations de sa carte de crédit pour réserver la chambre."
"Yet, if she stayed alone, that punk might hurt her.","Pourtant, si elle restait seule, ce voyou pourrait lui faire du mal.","Ça lui donnait raison, car si elle restait seule, ce punk pourrait la blesser."
"He'd better be glad I didn't get my hands on him.""",Il ferait mieux d'être content que je ne lui ai pas mis la main dessus.,Ça lui faudrait d'être heureux que je n'ai pas pris sa tête.
"""And another for my date.""",Et une autre pour mon rendez-vous.,"Ça, pour mon rendez-vous."
"It's a steady rhythm, and I feel my heartbeat slowing to match it.","C'est un rythme régulier, et je sens les battements de mon cœur ralentir en même temps.","Ça fait un rythme régulier, et je sens mon rythme cardiaque s'adapter à celui-ci."
"His hands found her breasts as he continued alternating between teasing her clit and sliding his tongue inside her, licking her hungrily as she lay there, wondering if she'd ever felt anything this good before.","Ses mains trouvèrent ses seins alors qu'il continuait d'alterner entre taquiner son clitoris et glisser sa langue à l'intérieur d'elle, la léchant avec avidité alors qu'elle était allongée là, se demandant si elle avait déjà ressenti quelque chose d'aussi bon auparavant.","Ses mains trouvèrent ses seins tandis qu'il continuait à alterner entre caresses du clitoris et glissements de sa langue à l'intérieur d'elle, l'engloutissant avec faim alors qu'elle restait allongée là, se demandant s'il avait jamais ressenti quelque chose de si bon avant."
"""2345 divided by 82.""","""2345 divisé par 82.",2345 divisé par 82.
We've been a lot slower this afternoon.,Nous avons été beaucoup plus lents cet après-midi.,Ça a été plus lent cette après-midi.
Without Regret,Sans regret,Sans regret
"I...I googled you a while back.""",Je... j'ai cherché des informations sur toi sur Google il y a un moment.,Ça fait un moment que je te cherche sur Google.
"""I'm not here about the storm, though we'll need to board up in the morning.""","Je ne suis pas là pour la tempête, même si nous devrons installer des planches dans la matinée.","Ça n'a rien à voir avec la tempête, mais nous allons devoir fermer les volets demain matin."
You've been cruel to me.,Tu as été cruelle avec moi.,Ça m'a fait beaucoup de mal.
"I wanted to check the shop door.""",Je voulais vérifier la porte du magasin.,Ça m'a fait penser à la porte de la boutique.
"Her eyes were closed, and she twirled, not once, but three times, before she opened them.","Ses yeux étaient fermés et elle tournoyait, non pas une fois, mais trois fois, avant de les ouvrir.","Ses yeux étaient fermés, et elle se retourna, pas une, mais trois fois, avant d'ouvrir les yeux."
Music is my life.,"La musique, c'est ma vie.","Ça, c'est ma vie."
"""She's...very ill, awake now, but comfortable.","Elle est... très malade, consciente maintenant, mais confortable.","Ça... elle est très malade, elle est réveillée maintenant, mais à l'aise."
Now he'd done what he feared.,Il avait fait ce qu'il craignait.,Ça lui avait fait peur.
"While she did that, Devyn worked on running Carta Hotels, dealing with the board, and doing whatever it took to keep them happy and buy them more time.","Alors qu'elle s'occupait de ça, Devyn continuait de diriger les Hôtels Carta, s'occupant du conseil d'administration, et faisant tout son possible pour les contenter, et ainsi gagner plus de temps.","alors qu'elle faisait ça, Devyn s'occupait de gérer les Hôtels Carta, de se débattre avec le conseil d'administration et de faire tout ce qu'il fallait pour les satisfaire et acheter du temps."
"""Are we high enough here behind the dunes to be safe from that much water?""","Sommes-nous assez haut ici, derrière les dunes pour être à l'abri d'une telle quantité d'eau ?",Êtes-nous assez hauts derrière les dunes pour être en sécurité ?
It wasn't the same.,Ce n'était pas la même chose.,Ça n'était pas la même chose.
Fucking cookies!,Des putain de cookies !,Ça va être un putain de cookie !
"Taller than me, which isn't saying much.","Plus grand que moi, ce qui n'est pas anodin.","Ça ne dit rien, il est plus grand que moi."
"I've had dreams about that, ever since the night at the station when he asked me out.",J'en ai rêvé depuis la nuit où il m'a demandé de sortir avec lui à la radio.,Ça m'a fait rêver depuis la nuit où il m'a invité à dîner à la station.
"""I guess I'm not kissable in the daytime.",Je suppose que je ne suis pas le genre de fille qu'on embrasse en plein jour.,Ça veut dire que je ne suis pas baisable en journée.
"Sliding his hand up her thigh, Devyn pressed his tongue against her clit harder, rubbing the tip of his tongue over her as he slid two fingers beneath her panties and slowly pulled the soft material aside, exposing the neatly trimmed hair protecting the swollen lips that had his cock throbbing painfully.","Faisant glisser sa main le long de sa cuisse, Devyn pressa plus fort sa langue contre son clitoris, frottant le bout de sa langue sur elle alors qu'il glissait deux doigts sous sa culotte et tirait lentement le tissu doux sur le côté, exposant les poils bien taillés protégeant les lèvres gonflées qui faisaient douloureusement palpiter sa queue.","Devyn glissa sa main le long de sa cuisse, pressant sa langue contre son clitoris plus fortement, frottant la pointe de sa langue sur elle tout en passant deux doigts sous sa culotte et en la baissant lentement, exposant la cheveux bien taillés qui protégeaient les lèvres gonflées qui faisaient trembler sa queue."
"For several minutes they lay there, struggling to catch their breath as Devyn pressed a kiss against her forehead, the tip of her nose, and finally, he brushed his lips against hers before he pulled back and met her gaze as he said the three words that she'd never expected to hear.","Pendant plusieurs minutes, ils restèrent allongés, luttant pour reprendre leur souffle tandis que Devyn déposait un baiser sur son front, le bout de son nez, et finalement, il effleura ses lèvres avant de se retirer et de croiser son regard en prononçant les trois mots qu'elle ne s'était jamais attendue à entendre.","elles restèrent allongées, luttant pour reprendre leur souffle alors que Devyn déposa un baiser sur le front de la femme, sur le bout de son nez, et enfin, il effleura ses lèvres avant de se retirer et de croiser son regard avec le sien alors qu'il prononçait les trois mots qu'elle n'attendait pas à entendre."
She'd feel lost if her sister diedand maybe do some crazy things too.,Elle se sentirait perdue si sa sœur mourait  et ferait peut-être des choses folles aussi. Mais son chagrin était bien plus profond qu'une simple perte.,Ça lui ferait peur si sa sœur mourait  et elle pourrait peut-être faire des choses folle aussi.
"She pretended to savor her coffee, eyes in slits as she peeked at Chase while he drank.","Elle fit semblant de savourer son café, les yeux plissés en fente pour observer Chase pendant qu'il buvait.","Ça lui faisait plaisir de s'amuser avec son café, les yeux en larmes de rire alors qu'il buvait."
"""Miss Dawson, if you'll come with me?"" he said absently as he glanced down at her resumé while Andi couldn't help but notice the pitying look the other woman was sending her.","Mlle Dawson, veuillez me suivre, fit-il distraitement en jetant un coup d'œil à son CV, alors qu'Andi ne pouvait s'empêcher de voir le regard rempli de pitié que lui jetait l'autre femme.","Ça va être un plaisir, dit-il distraitement en regardant son CV tout en remarquant le regard pitiéux de la jeune femme."
And about us.,Et pour nous.,Ça va nous faire plaisir.
"After months of wishful thinking, I'm wary.","Après des mois de vœux pieux, je me méfie.","Ça fait des mois que je rêve de lui, mais je suis prudent."
"He kissed her with bruising force, and she cried out.","Il l'embrassa avec une force qui la meurtrit, et elle cria.","Ça lui faisait mal, elle pleurait."
"I don't believe it either, but it's an interesting story.""","Je n'y crois pas non plus, mais c'est une histoire intéressante.",Ça me semble intéressant.
"""I want to make sure it's perfect first.""",Je veux d'abord m'assurer que tout est parfait.,Ça doit être parfait d'abord.
"The tension eased a bit through lunch, as the topic of conversation turned back to music and pop culture in general.","La tension s'est un peu apaisée au cours du déjeuner, le sujet de conversation revenant sur la musique et la culture pop en général.","La tension s'estompa un peu pendant le déjeuner, le sujet du déjeuner se portant sur la musique et la culture populaire en général."
He needs to stop being so goddamned...whatever he's being.,Il doit arrêter d'être si sacrément... peu importe ce qu'il est.,Ça fait trop longtemps qu'il faut qu'il arrête de se comporter comme un...
"An elf, maybe.","Un elfe, peut-être.",Ça pourrait être un elfe.
"He does it with his whole being, holding nothing back.","Il le fait de tout son être, sans aucune retenue.","Ça le fait avec tout son être, sans rien retenir."
"Had he helped Inna hurt other people, too?",Avait-il aidé Inna à blesser d'autres personnes ?,Ça n'arrivait-il pas à d'autres personnes ?
"Well, at least what's been passed down as truth.","Du moins, ce qui a été transmis comme étant la vérité.","Ça, au moins, c'est ce qui a été transmis comme vérité."
"I didn't want to get to know myself, because I was afraid of what I'd find if I looked too closely.","Je ne voulais pas apprendre à me connaître, car j'avais peur de ce que je découvrirais si je regardais de trop près.","Ça m'a fait peur de me connaître, parce que j'étais effrayé de ce que je trouverais si je regardais de près."
And you choose to move away and leave me.,Et tu choisis de t'éloigner et de me quitter.,"Ça, c'est pourquoi tu choisis de te déplacer et de m'abandonner ?"
"His grip is tight, almost painful, and there's a tick in his jaw.","Sa prise est serrée, presque douloureuse, et il y a un tic dans sa mâchoire.","Son étreinte est serrée, presque douloureuse, et il a une mâchoire tendue."
"""'Cause, babe, you can play it down all you want.","Parce que, chéri, tu peux minimiser autant que tu veux.","Ça va te faire plaisir, bébé, mais tu peux le faire comme si de rien n'était."
"""I'm not done with storm prep at the shop.""",Je n'ai pas fini de préparer mon magasin contre la tempête.,Ça ne m'a pas fini de préparer la tempête à la boutique.
"""I've heard Annalise whispering into Nanette's ear more than once about how much better you could do than me.","J'ai entendu Annalise chuchoter à l'oreille de Nanette plus d'une fois que tu pourrais trouver mieux que moi. Et elles ont raison, tu pourrais.",Ça m'a fait rire de voir Annalise murmurer dans l'oreille de Nanette plus d'une fois sur le fait que tu pourrais faire mieux que moi.
"He's a bad person.""",C'est une mauvaise personne.,"Ça fait longtemps que je le connais, il est mauvais."
"And yet there's such a fire in him, behind his eyes.","Et pourtant, il y a un tel feu en lui, dans son regard.","Ça me fait penser à un feu qui brûle en lui, derrière ses yeux."
Many mermaids had shielding capability.,Beaucoup de sirènes avaient des capacités de protection.,Ça n'était pas rare chez les sirènes.
"""Not until he's dead,"" Inna growled.","Pas avant qu'il ne soit mort, grogna Inna.","Ça ne sera pas possible tant qu'il n'est pas mort, grondait Inna."
"If you'd asked me, I'd say he's the most confident person I'd ever met.""","Si tu m'avais posé la question, je t'aurais dit qu'il est la personne la plus sûre d'elle que j'aie jamais rencontrée.","Si tu m'avais demandé, je dirais qu'il est la personne la plus sûre d'elle que j'ai jamais rencontrée."
You look like you've been sucking a lemon.,On dirait que tu as sucé un citron.,Ça vaudrait le coup de dire que tu as le visage d'un citron.
Cling to someone who understood? Someone who cared?,S'accrocher à quelqu'un qui comprenait la situation ?,Êtes-tu attaché à quelqu'un qui comprend ? Qui s'inquiète ?
"For a moment, he lay there staring up at the ceiling and found himself thinking about everything that she did for him over the last few days and...","L'espace d'un instant, il resta allongé, regardant le plafond et repensa à tout ce qu'elle avait fait pour lui ses derniers jours, et...","Ça dura un moment, il resta là à regarder le plafond et se retrouva à penser à tout ce qu'elle lui avait fait pour lui dans les derniers jours et..."
"Listened, or just been quiet, but you...""","Écouter, ou simplement me taire, mais tu...",Ça t'a plu ?
"""I'd forgotten how clear the sky is inside the eye.",J'avais oublié à quel point le ciel est clair à l'intérieur de l'œil.,Ça me faisait oublier à quel point le ciel est clair à l'intérieur de l'œil.
"""You must think I'm really fucking weird.""",Tu dois penser que je suis vraiment bizarre.,Ça fait que tu penses que je suis vraiment bizarre.
The breeze off the ocean rustled her long hair and whipped her sundress around her legs.,La brise de l'océan faisait bruisser ses longs cheveux et agitait sa robe d'été autour de ses jambes.,Le vent de mer agita ses longs cheveux et souleva sa robe.
"""I won't,"" Drew said as he tightened his hold around her legs.","Ça n'arrivera pas, dit Drew en resserrant son emprise sur les jambes de la jeune femme.","Ça ne marchera pas, dit Drew en resserrant sa prise autour de ses jambes."
My music library has gotten me out of a lot of sticky social situations.,Ma bibliothèque musicale m'a permis de me sortir de bien des situations sociales délicates.,Ça m'a sauvé des situations sociales délicates.
"""Don't fucking lie to me again,"" I growl, still angry but so in love with this guy.","Ne me mens plus jamais, grogné-je, toujours en colère mais tellement amoureux de ce type.","Ça ne te faut pas, me dis-je, toujours en colère, mais tellement amoureux de ce type."
"I push myself onto him, and, just as I thought, he slips in easily.","Je me pousse contre lui et, comme je le pensais, il se glisse facilement à l'intérieur.","Je m'approche de lui, et, comme je le pensais, il entre facilement en moi."
"""And I really feel like you should take pity on me and tell me what you know about this hotel,"" he said with a teasing smile that had her returning his smile as she glanced back down at her notes and found herself wondering about something.","Et je pense que tu devrais vraiment avoir pitié de moi et me dire ce que tu sais sur cet hôtel, dit-il avec un sourire taquin qu'elle lui retourna, puis elle regarda ses notes et commença à réfléchir à quelque chose.","Ça me semble que tu devrais m'épargner et me dire ce que tu sais sur cet hôtel, dit-il avec un sourire ironique qui la fit lui retourner un sourire tout en jetant un coup d'œil sur ses notes et en se demandant quelque chose."
That happened to other people.,Cela n'arrivait qu'aux autres.,Ça arrive à d'autres personnes.
"He's the CEO of Carta Hotels,"" the woman said with a polite smile.","C'est le PDG des Hôtels Carta, répondit la femme avec un sourire poli.","Ça fait 10 ans que je suis à la tête des Hôtels Carta, dit-elle avec un sourire poli."
"I mentally kick myself when relief washes over me, but it's quickly followed by a wave of tenderness for this man that knocks the air out of me.","Je me donne une tape mentale lorsque le soulagement m'envahit, mais ce sentiment est rapidement suivi d'une vague de tendresse pour cet homme qui me coupe l'herbe sous le pied.","Je me chut dans la tête lorsque le soulagement me envahit, mais il est rapidement suivi d'une vague de tendresse pour cet homme qui me fait perdre le souffle."
I may not survive this night.,Je ne survivrai peut-être pas à cette nuit.,Ça pourrait me tuer.
"""And Chase doesn't want me,"" she babbled.","Et Chase ne veut pas de moi, bafouilla-t-elle.","Ça ne veut pas moi, dit-elle."
The portrait occupied a prized spot on the bar wallone that would typically be filled by a mirror in most bars.,"Le portrait occupait une place de choix sur le mur du bar, une place qui serait normalement occupée par un miroir dans la plupart des bars.","Le portrait occupait une place privilégiée sur le mur du bar, qui était généralement occupé par un miroir dans la plupart des bars."
You had to be a fool to go out on the oceaneven that close to shoreon a surfboard.,"Il fallait être fou pour aller sur l'océan, même si c'était près du rivage, avec une planche de surf.","Ça fallait être fou de sortir sur l'océan, même si c'était à quelques mètres de la côte, sur un tableau de surf."
He cut through the beach access beside his bar and headed down the boardwalk to the stairs.,Il coupa par l'accès à la plage à côté de son bar et descendit la promenade jusqu'aux escaliers.,"Il traversa la plage et se dirigea vers l'allée d'accès, puis descendit l'escalier."
"As he turned the white disk over, it broke in half in his grip, and dusty fragments spilled into the air and onto the counter.","En retournant le coquillage, ce dernier se brisa en deux dans sa main et des fragments poussiéreux se répandirent dans l'air et sur le comptoir.","Il retourna le disque blanc, qui se brisa sous son emprise, et des fragments poussiéreux s'échappèrent dans l'air et sur le comptoir."
"""Not for a few hours,"" Andi pointed out, shifting anxiously next to him.","Pas avant quelques heures, souligna Andi, se déplaçant anxieusement à côté de lui.","Ça ne durera pas longtemps, souligna Andi, se déplaçant anxieusement à côté de lui."
"""Better sit in the middle.",Mieux vaut s'asseoir au milieu.,Ça va mieux de s'asseoir au milieu.
I don't know what to make of this shift in his mood.,Je ne sais pas quoi penser de ce changement d'humeur.,"Ça me fait peur, je ne sais pas quoi en penser."
"Perched on one elbow, I position my lips over the swollen head of his cock and lift my eyes to his face.","En appui sur un coude, je positionne mes lèvres sur son gland engorgé et je lève les yeux vers son visage.","Je me pose sur un coude, positionne mes lèvres sur la tête gonflée de sa bite et lève les yeux vers son visage."
"""We've been spending a lot of time together, like I said, and it's been...well, it's been fucking incredible.""","Nous avons passé beaucoup de temps ensemble, comme je l'ai dit, et c'est...","Ça a été... bien, incroyable."
Especially nice to be fantasizing about Chase.,Et surtout de fantasmer sur Chase.,Ça fait surtout plaisir de fantasmer sur Chase.
"I swirl my tongue around the tip, exploring every bump and ridge, every dip and curve.","Je fais tourner ma langue autour de son gland, explorant chaque bosse et chaque crête, chaque creux et chaque courbe.","Je fais tourner ma langue autour du bout, explorant chaque bosse et chaque crête, chaque creux et chaque courbure."
And the sex had been amazing.,Et le sexe avait été extraordinaire.,Ça avait été un sexe incroyable.
Too bad they couldn't have spent more time together under different circumstances.,Dommage qu'ils n'aient pas pu passer plus de temps ensemble dans d'autres circonstances.,Ça serait dommage qu'ils n'aient pas pu passer plus de temps ensemble dans des circonstances différentes.
"I can smell the citrus and sandalwood of John's shampoo, or maybe it's his deodorant, and I quietly take it into my lungs.","Je peux sentir les agrumes et le bois de santal du shampoing de John, ou peut-être est-ce l'odeur de son déodorant, et je m'en imprègne en respirant doucement.","Je respire le parfum de citron et de bois de santal du shampooing de John, ou peut-être de son déodorant, et je l'inspire doucement."
"""Tell me about you and Luke at the beach.",Parle-moi de toi et de Luke à la plage.,Parle-moi de toi et de Luke à la plage.
"He smirked. ""That he was a last fling before our marriage.",Qu'il n'était qu'une dernière aventure avant notre mariage.,"Ça, c'était un dernier flirt avant notre mariage."
"Why are you giving in so easily?"" He squinted.",Pourquoi cèdes-tu si facilement ?,Ça vaudrait mieux que tu ne te laisses aller si facilement.
I find the school's directory and look through it for a ‘Patrick.',"Je trouve l'annuaire de l'école et je cherche un ""Patrick"".","Je trouve le répertoire de l'école et j'y cherche un ""Patrick""."
A fantasy.,Un fantasme.,Ça fait du bon fantasme.
He slips a hand up into my curly hair and cups the back of my skull.,Il glisse une main dans mes cheveux bouclés et attrape l'arrière de mon crâne.,Il passe une main dans mes cheveux bouclés et s'accroche à la base de mon crâne.
"Lead the way.""",Montre-moi le chemin.,"Ça va te plaire, dit-il."
I've never seen anyone eat like him.,Je n'ai jamais vu quelqu'un manger comme lui.,Ça me rappelle quelqu'un.
There's a hint of a dimple.,Il a un soupçon de fossettes.,Ça laisse entrevoir un petit dimple.
"""I said stop.","J'ai dit ""stop"".","Ça suffit, j'ai dit arrête."
"You've been Debby Downer for months, now.""",Tu es rabat-joie depuis des mois.,Ça fait des mois que tu es devenue la pire des pessimistes.
"""Maybe think about what you would have done in his place.",Réfléchis à ce que tu aurais fait à sa place.,Ça fait peut-être que tu devrais penser à ce que tu aurais fait dans son cas.
She was naked.,Elle était nue.,Ça faisait chaud.
"""That's not what I hear,"" Nicholas murmured, looking thoughtful.","Ce n'est pas ce que j'ai entendu, murmura Nicholas, l'air pensif.","Ça n'est pas ce que j'entends, murmura Nicholas, l'air pensif."
People think it's strange until we meet up for quiz night at the pub.,Les gens trouvent ça bizarre jusqu'à ce qu'on se retrouve pour une soirée quiz au pub.,Ça semble étrange pour les gens jusqu'à ce que nous nous retrouvions pour une soirée de quiz au pub.
"The brunette has wrapped her arms around his waist, and I want to scratch her eyes out.",La brune a enroulé ses bras autour de sa taille et j'ai envie de lui arracher les yeux.,"La brune a enroulé ses bras autour de la taille de l'homme, et je veux lui arracher les yeux."
"I'm smart enough not to take risks.""",Je suis assez intelligente pour ne pas prendre de risques.,Ça fait que je suis assez intelligent pour ne pas prendre de risques.
I turn to see who's uttered the filthy slur.,Je me retourne pour voir qui a proféré l'immonde injure.,Ça me fait tourner pour voir qui a lancé ce mot de chien.
"""Goodnight, G.""","Bonne nuit, G.","Bonne nuit, G."
He dabbed at the leaking ice pack again.,Il tamponna à nouveau la poche de glace qui fuyait.,Il s'essuya à nouveau la bouteille de glace qui levaient.
Chase watched it soar out over the beach.,Chase la regarda s'envoler au-dessus de la plage.,Chase le regarda s'élever au-dessus de la plage.
"I'm gonna check the weather again, then I'll join you.","Je vais encore vérifier la météo, puis je te rejoins.","Ça fait un moment que je vérifie le temps, puis je vais rejoindre tes côtés."
"""We have a problem,"" Lucas said, grabbing a thick manilla folder from his bag and tossed it on the small table in front of him.","Nous avons un problème, dit Lucas en sortant de son sac un épais dossier en papier kraft qu'il jeta sur la petite table devant lui.","Ça fait un problème, dit Lucas en prenant un dossier en carton manilla de son sac et en le jetant sur la petite table devant lui."
"It starts off sweetly enough, but then, holy fuck, he's really going for it.","Ça commence doucement, mais ensuite, il y va à fond.","Ça commence bien, mais alors, putain, il va vraiment pour le coup."
"""I don't like the dark.""",Je n'aime pas l'obscurité.,Ça me fait peur.
"He had to, as it might be his only chance, ever.","Il le fallait, car c'était peut-être sa seule chance.","Ça lui fallait, car c'était peut-être sa seule chance, jamais."
"The warmth spread over him like a summer tide and memories engulfed him, good memories of happy times.",Une chaleur se répandit en lui comme une marée d'été et les souvenirs le submergèrent de bons souvenirs des temps heureux.,Ça lui donnait une sensation de chaleur qui s'étendait comme une marée d'été et les souvenirs heureux lui envahissaient l'esprit.
"Only two more, and he'd be standing on the beachnear the water.","Plus que deux, et il serait sur la plage, près de l'eau.","Ça ne restait plus qu'à deux, et il serait debout sur la plage, près de l'eau."
"""What do you want, Franklin?""","Que veux-tu, Franklin ?","Ça te plaît, Franklin ?"
"It was a dumb fucking move, but one that he couldn't regret, not when being with her made him happy for the first time in years.","C'était une décision stupide, mais qu'il ne pouvait pas regretter, pas quand être avec elle le rendait heureux pour la première fois depuis des années.","Ça n'était pas une bonne idée, mais il ne pouvait pas se repentir, pas quand elle lui faisait plaisir pour la première fois depuis des années."
I wait until he meets my eyes.,J'attends qu'il croise mon regard.,Je attends qu'il croise mon regard.
"It's like heroin, or at least how I imagine the opiate would feel hitting your bloodstream at a million decibels.","C'est comme de l'héroïne, ou du moins ce que j'imagine être la sensation de l'opiacé quand il coule dans nos veines à un million de décibels.","Ça ressemble à de l'héroïne, ou du moins à l'image que j'en ai de l'effet d'un opiac sur le sang."
"Hot and wet, with just the right amount of pressure to melt my brain.","Le baiser est chaud et humide, avec juste ce qu'il faut de pression pour me faire perdre la tête.","Ça me faisait chaud et mouillé, avec juste le bon niveau de pression pour faire fondre mon cerveau."
"She needed a change, Andi reminded herself as she plastered a polite smile on her face and stood up only to frown when the man that had been watching her since she sat down pushed away from the wall and moved to join them.","Andi se remémora qu'elle avait besoin de changement alors qu'elle affichait un sourire poli sur ses lèvres et se levait, mais elle fronça les sourcils quand l'homme qui l'observait, depuis qu'elle s'était assise, s'écarta du mur et vint les rejoindre.","Ça lui faisait du bien de changer, se rappela Andi en collant un sourire poli sur son visage et en se levant, mais elle fronça les sourcils quand l'homme qui l'avait regardée depuis qu'elle s'était assise s'éloigna du mur et se dirigea vers eux."
The sound of steel teeth parting fills the gaps between my breathless panting as he eases my zipper down.,"Le son des dents d'acier qui s'écartent remplit les intervalles entre mes halètements, tandis qu'il abaisse ma fermeture éclair.",Le bruit de dents de métal se séparant remplit les interstices entre mes souffles désespérés alors qu'il abaisse ma fermeture.
"He pressed a kiss against her lips, his eyes locking with hers as he slid his arms beneath her legs and his hands found hers.","Il déposa un baiser sur ses lèvres, ses yeux s'accrochèrent aux siens, il glissa ses bras sous ses jambes et ses mains trouvèrent les siennes.","Il pressa un baiser contre ses lèvres, les yeux s'accrochant les uns aux autres tandis qu'il passait ses bras sous ses jambes et que ses mains trouvaient les siennes."
"She ignored him and kept walking, kicking at the sand in defiance with every step.","Elle l'ignora et continua à marcher, donnant des coups de pied dans le sable en signe de défi à chaque pas.","Elle l'ignora et continua à marcher, donnant un coup de pied au sable à chaque pas."
"""As long as you're careful, I would say you have until your contract is up to turn this fucking mess around, which is really fucked-up since this wasn't your mistake,"" Lucas said, ramming his fingers through his hair.","Tant que tu fais attention, je dirais que tu as jusqu'à la fin de ton contrat pour régler ce merdier ce qui est vraiment tordu puisque ce n'était pas ta faute, dit Lucas en passant ses doigts dans ses cheveux.","Ça durera jusqu'à la fin de ton contrat, mais tu as le temps de te remettre en forme, même si ce n'est pas ta faute, dit Lucas en passant les doigts dans ses cheveux."
"Our thirst for learning, our drive to reach the kids under our charge.""","Notre soif d'apprendre, notre volonté de faire progresser les enfants dont nous avions la charge.","Notre soif de connaissances, notre envie de réussir avec nos élèves."
"He knew these were the right words to say to comfort her, but the words did anything but ease his anxiety.","Il savait que c'était les bons mots à dire pour la réconforter, mais ces mots ne servaient qu'à rien d'autre qu'à apaiser son anxiété.","Ça n'était pas le bon moment pour lui dire ça, mais il savait que c'était la chose à faire pour la calmer."
"He needed to hurry, or there would be nothing left to save.","Il devait se dépêcher, sinon il n'y aurait plus rien à sauver.","Ça faisait urgence, ou il n'y aurait plus rien à sauver."
"Look at you, so ready for me.""","Regarde-toi, si prêt à m'accueillir.","Ça te regarde, prêt pour moi."
Nothing would be left after she told Chase she didn't love him.,Il ne resterait plus rien après qu'elle ait dit à Chase qu'elle ne l'aimait pas.,Ça ne resterait plus rien après qu'elle aura dit à Chase qu'elle ne l'aimait pas.
"""You don't do requests,"" Dyer states, frowning.","Tu ne réponds pas aux demandes, déclare Dyer en fronçant les sourcils.","Ça ne se fait pas, dit Dyer, fronçant les sourcils."
"They'd had absolutely nothing in common, but they'd hit if off almost immediately.",Ils n'avaient rien en commun mais le courant était passé immédiatement.,"elles n'avaient rien en commun, mais elles s'étaient compli très vite."
He put the flashlights in a straight line from shortest to tallest.,"Il plaça les lampes de poche en ligne droite, de la plus courte à la plus grande.","Il les plaça en ligne droite, du plus petit au plus grand."
"""You didn't have to walk me home,"" Andi said as she came to a stop in front of a door with an Eeyore sticker above the peephole.","Vous n'étiez pas obligé de me raccompagner, dit-elle en s'arrêtant devant la porte dont le judas était orné d'un autocollant Bourriquet.","Ça n'était pas nécessaire de me ramener à la maison, dit Andi alors qu'elle s'arrêtait devant une porte avec un sticker de Winnie l'ourson au-dessus de la trappe."
"It was love.""",C'était de l'amour.,Ça faisait partie du jeu.
"""You know I'm moving away from the ocean.",Tu sais que je vais m'éloigner de l'océan.,Ça te dit que je me déplace loin de l'océan.
"I'm sure he didn't know who he could trust.""",Je suis sûr qu'il ne savait pas à qui il pouvait faire confiance.,Ça me semble évident qu'il ne savait pas qui pouvait être confié.
"""Are you really going to mess us up over stupid shit?""",Tu vas vraiment nous faire tourner en bourrique pour des conneries ?,Êtes-vous vraiment prêt à nous faire chier pour de la merde ?
"""She doesn't have a company phone,"" Devyn pointed out.","Elle ne dispose pas de téléphone professionnel, fit remarquer Devyn.","Ça n'est pas un téléphone de bureau, fit remarquer Devyn."
"""I want you,"" I say, which probably sounds crazy to him because we're both spent, our cocks still twitching.","J'ai envie de toi, dis-je, ce qui doit lui paraître fou parce que nous sommes tous les deux épuisés, nos bites tressautant encore.","Ça me plaît, dis-je, ce qui lui semble probablement fou parce que nous sommes tous les deux épuisés, nos membres encore frémissants."
The sun brightened and Mari shielded her eyes.,Le soleil s'était mis à briller et Mari se protégea les yeux.,Le soleil se révéla et Mari se protégea les yeux.
"You zipped up right after I told you about the mermaid.""",Tu t'es tu juste après que j'ai parlé de la sirène.,Ça t'a fermé le moment où je t'ai dit que j'avais vu une sirène.
A few drops of rain dotted her cheeks like tears.,Quelques gouttes de pluie parsemaient ses joues comme des larmes.,Un peu de pluie tombait sur ses joues comme des larmes.
"I don't know if he's seen what I'd been doing online, but I figure there's no reason for me to lie, at least.","Je ne sais pas s'il a vu ce que j'ai fait en ligne, mais je me dis qu'il n'y a pas de raison que je mente, au moins.","Ça ne m'a pas fait de mal, mais je ne vois pas pourquoi je devrais mentir."
"""We'll ditch him in the fun house.""",On le sèmera dans le palais du rire.,"Ça, on le laissera dans le palais du rire."
"Here, where we vacationed as we grew up, and everywhere I look, I see him.","Ici, où nous avons passé nos vacances en grandissant, et où que je regarde, je le vois.","Ça me rappelle les vacances que Luke et moi avons passées ici, et je le vois partout."
"His muscles twitched as she touched him, and he let out a small gasp.","Ses muscles se contractèrent lorsqu'elle le toucha, et il laissa échapper un petit halètement.","Ses muscles se tordirent lorsqu'elle le toucha, et il poussa un petit soupir."
"""Please, don't let me hurt you.""","S'il te plaît, ne me laisse pas te faire du mal.",Ça te fait mal ?
"""How?"" He asks, leaning forward to place his elbows on his knees.","demande-t-il, se penchant en avant pour poser ses coudes sur ses genoux.",Ça vaudrait quoi ?
"She rubbed her arms and looked toward the door, her eyes widening.","Elle se frotta les bras et regarda vers la porte, les yeux écarquillés.","Elle se frotta les bras et regarda la porte, ses yeux s'écarquillant."
