sources,references,translations
The lights flickered.,Les lumières clignotèrent.,Les lumières vacillaient.
"It's not safe near shore right now, but I know the area well,"" Mesa said.","Il n'est pas prudent de s'approcher du rivage pour l'instant, mais je connais bien la région, dit Mesa.","Ça n'est pas sûr près des côtes pour l'instant, mais je connais bien l'endroit, répondit Mesa."
Chapter 10,Chapitre 10,10
"Still, only two broken windows in the whole place seemed like a miracle, given the strength of the storm.","Cependant, le fait que seules deux fenêtres aient été brisées dans toute la structure était proche du miracle, compte tenu de la force de la tempête.","Ça faisait encore deux fenêtres cassées dans tout l'endroit, ce qui semblait un miracle, compte tenu de la force de la tempête."
"If things were different, he would have asked her on a date or three.","Si les choses avaient été différentes, il l'aurait invitée à un ou deux rendez-vous.","Si les choses étaient différentes, il l'aurait invitée en date ou trois."
John rolls me to my stomach with an ease that surprises me.,John me fait rouler sur le ventre avec une facilité qui me surprend.,John me fait tomber sur mon ventre avec une facilité qui me surprend.
"Though we could imagine there's a Ferris wheel in Paris, we could call it the Eiffel Tower.""","On pourrait imaginer qu'il y a une grande roue à Paris, on pourrait l'appeler la Tour Eiffel.","Ça aurait pu être l'Éiffel, même si nous pouvions imaginer qu'il y ait une grande roue à Paris."
"""I know the area you are talking about.",Je connais le coin dont tu parles.,Je connais l'endroit que tu parles.
"The words come out on a shuddering breath because John lowers his head to my skin, lips brushing over the ink.","Les mots sortent dans un souffle tremblant parce que John baisse la tête contre ma peau, ses lèvres effleurant l'encre de mon tatouage.","Les mots sortent sous un soupir lorsque John baissa la tête sur ma peau, les lèvres effleurant l'encre."
"You're not usually on Saturdays.""",Tu ne travailles pas généralement le samedi.,Ça ne te fait pas habituellement les samedis.
"When he pulled back, he rolled his hips slower, taking her with slow strokes so that he could savor every slide back inside her.","Lorsqu'il se retira, il fit rouler ses hanches plus lentement, la prenant avec des coups lents afin de pouvoir savourer chaque glissement à l'intérieur d'elle.","Quand il se retira, il fit rouler ses hanches plus lentement, la prenant avec des coups de bâtonnet lents pour pouvoir savourer chaque retour à l'intérieur d'elle."
"""You don't owe me an explanation, John.""","Tu ne me dois pas d'explications,","Tu ne m'obliges pas à t'expliquer, John."
They had nothing to gain.,Ils n'avaient rien à y gagner.,Ça ne leur apportait rien.
"I was grateful in the beginning that he'd gone out of his way not to be a distraction during my shifts, but I'm now I'm feeling a bit left out.","Au début, j'étais reconnaissant qu'il fasse tout son possible pour ne pas être une distraction pendant mes heures de travail, mais maintenant, je me sens un peu exclu.","Ça m'a fait plaisir au début qu'il ait fait le possible pour ne pas être une distraction pendant mes déplacements, mais maintenant je me sens un peu à l'écart."
"Wood cracked and splinteredthough he couldn't see it, he knew the bar roof was close to stripping away, shingles probably flying everywhere.","Le bois cognait et se brisait  bien qu'il ne puisse pas le voir, il savait que le toit du bar était sur le point de s'arracher, et que les bardeaux volaient probablement dans tous les sens.","Le bois craqua et se brisa, même s'il ne pouvait pas le voir, il savait que le toit du bar était très proche de s'envoler, les tuiles volant probablement partout."
"Make sure that she takes her meds, takes it easy, and changes her bandage.""","Assure toi qu'elle prenne ses médicaments, qu'elle se ménage et qu'elle change son bandage.","Assure-toi qu'elle prenne ses médicaments, qu'elle se calme et qu'elle change son pansement."
"""Get out of here, Mari,"" Chase yelled.","Sors d'ici, Mari, cria Chase.","Ça suffit, Mari, cria Chase."
And he wasn't going to get away with stalking anyone either.,Et il n'allait pas non plus s'en tirer en harcelant qui que ce,Ça ne lui permettrait pas non plus de poursuivre quelqu'un.
"I'm so open to him, so eager to receive him.","Je suis tellement ouvert à lui, tellement désireux de le recevoir.","Je suis si ouvert à lui, si désireux de le recevoir."
It's a déjà vu moment if I've ever had one.,C'est un moment de déjà-vu.,Ça ressemble à un déjà-vu si j'en ai eu un.
"When I'm with someone, I want to share the good and the bad.","Quand je suis avec quelqu'un, je veux partager les bons et les mauvais moments.","Quand je suis avec quelqu'un, je veux partager le bon et le mauvais."
"""You have a lot of eighties music here,"" John observes.","Tu as beaucoup de musique des années 80, observe John.","Ça y a beaucoup de musique des années 80, remarque John."
"I can escape with little effort.""",Je peux m'échapper sans trop d'efforts.,Je peux m'échapper avec peu d'efforts.
"At some spots, the island was so narrow you could throw a stone from the sound side to the waves.","À certains endroits, l'île était si étroite que l'on pouvait jeter une pierre sur les vagues du rivage et elle atterrirait dans les profondeurs.","À certains endroits, l'île était si étroite que l'on pouvait lancer une pierre du côté du son vers les vagues."
"""When I finish up here.",Quand j'aurai fini ici.,Quand je finirai ici.
How could her mother ever expect her to marry someone like Inna?,Comment sa mère avait-t-elle pu s'attendre à ce qu'elle épouse quelqu'un comme Inna ?,Ça aurait fallu qu'elle ait l'esprit d'un homme pour espérer qu'elle se marie avec quelqu'un comme Inna.
A real kiss.,Un vrai baiser.,"Ça, c'était un vrai baiser."
It also got me my gig as a disc jockey.,C'est aussi ce qui m'a permis de devenir disc-jockey.,Ça m'a aussi permis d'obtenir mon poste de disc jockey.
"""No!"" came the hysterical reply that had him sighing heavily as he reached down and grabbed hold of the comforter and slowly pulled it off the woman that refused to leave the hotel.","une pointe d'hystérie dans la voix, ce qui le fit soupirer lourdement en attrapant la couette et en la retirant lentement à la femme qui refusait de quitter l'hôtel","Non ! répondit-elle hystériquement, ce qui le fit soupirer lourdement alors qu'il descendait et attrapait la couette et la retirait lentement de la femme qui refusait de quitter l'hôtel."
The wind and rain had been scarier than she'd ever experienced.,Le vent et la pluie avaient été plus effrayants qu'ils ne lui étaient jamais apparus.,Le vent et la pluie avaient été plus effrayants qu'elle n'en avait jamais expérimenté.
He'd been there that day when she had come upon the divers.,Il était là ce jour-là quand elle avait rencontré les plongeurs.,Ça avait été le jour où elle avait rencontré les plongeurs.
"""Amelia never remarried but lived on the bounty Christopher had stored and hidden on the island.",Amelia ne s'est jamais remariée mais a vécu grâce à la prime que Christopher avait stockée et cachée sur l'île.,"Amelia ne s'est jamais remariée, mais elle a vécu grâce à la provision que Christopher avait stockée et cachée sur l'île."
"""Only bloody thing they ever gave me,"" I murmur.","C'est la seule chose qu'ils m'aient jamais donnée , murmuré-je.","Ça, c'est la seule chose qu'ils m'aient jamais donnée, murmulé-je."
"""Tell me you didn't, please!""","Dis-moi que tu ne l'as pas fait, s'il te plaît !","Dis-moi que tu n'as pas fait ça, s'il te plaît !"
"The wind whipped by, catching the hem of his T-shirt in a flutter, exposing his firm abdomen for a too-brief moment.","Le vent soufflait en trombe, faisant voltiger l'ourlet de son tee-shirt, dévoilant son abdomen ferme pendant un trop bref instant.","Le vent passait, attrapant le bas de son tee-shirt dans un mouvement de pli, exposant son abdomen ferme pendant un instant trop court."
"You never would.""",Tu ne le ferais jamais.,Ça ne te serait jamais passé à la tête.
Then they were separatedpossibly foreverto save her life.,Puis ils ont été séparés  peut-être pour toujours  afin de lui sauver la vie.,"Ça les avait séparés, peut-être pour toujours, pour sauver sa vie."
"""I would probably quake in fear for the rest of my life at the mere mention of your name,"" Devyn said dryly as he watched her return to glaring at him as she hastily toed off her slippers and kicked them aside, determined to make sure that he was properly terrified.","Je tremblerais probablement de peur pour le reste de ma vie à la simple mention de ton nom, dit Devyn d'un ton moqueur en la regardant se remettre à le fixer du regard tandis qu'elle enlevait précipitamment ses pantoufles et les écartait d'un coup de pied, bien décidée à s'assurer qu'il était bien terrifié.","Ça me ferait probablement trembler de peur pour le reste de ma vie à la simple mention de ton nom, dit Devyn sèchement en la regardant retourner à lui glacer le regard alors qu'elle retirait rapidement ses chaussons et les jetait de côté, déterminée à s'assurer que je sois bien terrifié."
"It was water, nothing more.","C'était de l'eau, rien de plus.","Ça n'était qu'un peu d'eau, rien de plus."
"""Probably.""",Probablement.,Ça va probablement.
"""Well, I don't think your brother would approve of you picking up and leaving the bar and everything you built here together.",Je ne pense pas que ton frère approuverait que tu prennes tes affaires et que tu quittes le bar et tout ce que vous avez construit ici ensemble.,Ça ne me semble pas que ton frère approuverait que tu quittes le bar et tout ce que tu as construit ici ensemble.
"Let's start tonight.""",Commençons ce soir.,Ça commencera ce soir.
"I claim the right.""",Je revendique ce droit.,Je revendique mon droit.
"In the new sunlight, he saw her body jerk and twitch.","Dans la nouvelle lumière du soleil, il vit son corps tressaillir et se contracter.","Dans la nouvelle lumière du soleil, il vit son corps se soulever et se contorsionner."
"She was by the ocean, making her own way, despite her mother.","Elle était au bord de l'océan, traçant son propre chemin, malgré sa mère.","Ça faisait déjà un an qu'elle était à l'océan, qu'elle faisait ce qu'elle voulait, malgré sa mère."
"""No, I'm not because I'm not going,"" Andi said with a firm nod as Uncle Shawn placed her back on her chair as she did her best to ignore the curious stares being sent her way by the kids that never seemed to appreciate her efforts to teach them the fundamentals of advanced algebra.","Non, parce que je n'irai pas en CM1, dit Andi en hochant fermement la tête alors qu'Oncle Shawn l'asseyait sur une chaise et qu'elle faisait son possible pour ignorer les regards curieux que lui lançaient les enfants qui n'appréciaient jamais ses efforts pour leur enseigner les bases en calcul avancé.","Non, je ne suis pas, car je ne vais pas y aller, répondit Andi avec un hochement de tête ferme alors que Oncle Shawn la remettait sur son fauteuil alors qu'elle faisait de son mieux pour ignorer les regards curieux envoyés sa direction par les enfants qui ne semblaient jamais apprécier ses efforts pour leur enseigner les fondamentaux de l'algèbre avancée."
"Air whooshes out of my lungs and the fuzzy feeling in my head, which I hadn't even noticed, fades.","L'air s'échappe de mes poumons et la sensation de flou dans ma tête, que je n'avais même pas remarquée, s'estompe.","L'air s'échappe de mes poumons et la sensation floue dans ma tête, que je n'avais même pas remarquée, s'estompe."
"""I was thinking,"" he says, rolling to his back after we catch our breath.","J'étais en train de réfléchir, dit-il en se mettant sur le dos après que nous ayons repris notre souffle.","Ça m'a fait penser, dit-il en se retournant sur le dos après que nous ayons repris notre souffle."
"""I left the candle on the vanity, and there's a lighter beside it.""","J'ai laissé la bougie sur le meuble, et il y a un briquet à côté.",Je suis restée la bougie sur la commode et il y a une allumette à côté.
"""This way I get some time between school and the work I do for you guys at the station.""","...Comme ça, j'ai un peu de temps entre l'école et le travail que je fais pour vous à la station radio.",Ça me donne du temps entre l'école et le travail que je fais pour vous au poste.
I hope that you enjoyed reading Devyn and Andi's story as much as I enjoyed writing it.,J'espère que vous avez pris autant de plaisir à lire l'histoire de Devyn et Andi que j'ai eu à l'écrire.,Je espère que tu as apprécié lire l'histoire de Devyn et Andi autant que je l'ai apprécié d'écrire.
Your mother sent me.,C'est ta mère qui m'envoie.,Ça vient de ta mère.
Like he's been comfortable in the pool but is ready to step into the ocean.,Comme s'il était assez à l'aise dans la piscine et qu'il était prêt à aller dans l'océan.,"Comme s'il était à l'aise dans la piscine, mais qu'il était prêt à entrer dans l'océan."
She stared at the flickering candles.,Elle fixa les bougies vacillantes.,Elle fixa les bougies qui s'éteignaient et s'allumaient.
"I feel the stinging pressure of his teeth on the hardening nub before he sits back, running his hands along my chest and abdomen.","Je sens la morsure cuisante de ses dents sur mon téton qui durcit avant qu'il ne s'assoie, passant ses mains le long de ma poitrine et de mon abdomen.","Je sens la pression douloureuse de ses dents sur le bouton durci avant qu'il ne se redresse, passant ses mains sur mon torse et mon abdomen."
John leans back in his chair and takes a swig of his beer.,John s'adosse à sa chaise et boit une gorgée de sa bière.,John se penche en arrière dans son fauteuil et boit une gorgée de sa bière.
"""I thought we were more,"" he said.","Je pensais que nous étions plus que ça, dit-il.","Ça m'a semblé plus, dit-il."
She was crawling on top of him and laying her head on his chest with a soft sigh as he wrapped his arms around her and couldn't help but feel like she was exactly where she belonged.,"Elle se glissa sur lui et posa sa tête sur sa poitrine en soupirant doucement, tandis qu'il l'entourait de ses bras et ne pouvait s'empêcher de penser qu'elle était exactement à sa place.",Elle se déplaçait sur lui et posait sa tête sur son torse avec un soupir doux alors qu'il l'entourait de ses bras et ne pouvait s'empêcher de sentir qu'elle était exactement où elle devait être.
I have to jog to catch up.,Je dois trottiner pour le rattraper.,Je dois courir pour rattraper le temps perdu.
"If we don't hurry, we're going to get caught in the dark.""","Si on ne se dépêche pas, on va se faire surprendre par l'obscurité.","Si nous ne nous déplaçons pas rapidement, nous allons être pris au piège dans l'obscurité."
Mari's tail twitched in excitement.,La queue de Mari s'agita sous l'effet de l'excitation.,La queue de Mari se balança de joie.
Were better left forgotten.,Il vaut mieux les oublier.,Êtaient mieux oubliés.
"I should've told you about Inna, but I didn't expect to see him here on the islandnot after the storm, and certainly not while I was with you.","J'aurais dû te parler d'Inna, mais je ne m'attendais pas à le voir ici sur l'île  pas après la tempête, et certainement pas pendant que j'étais avec toi. Je ne l'épouserai pas, quoi qu'il arrive.","Ça aurait dû être dit, mais je n'avais pas prévu de le voir ici sur l'île, pas après la tempête, et certainement pas alors que je te suis."
"""Yeah?"" I'm logging my playlist, trying to keep my focus off our proximity to one another.","J'enregistre ma playlist, en essayant de ne pas me concentrer sur notre proximité.",Ça va ?
"By the time enough merfolk had gathered to save her, the pirate ship was gone, harbored somewhere, no doubt.","Le temps que suffisamment d'habitants des mers se rassemblent pour la sauver, le bateau pirate avait disparu, sans doute caché quelque part.","Quand assez de créatures marines s'étaient rassemblées pour la sauver, le navire pirate était déjà parti, abrité quelque part, sans doute."
Did her mother know about the revenge plot?,Sa mère était-elle au courant du projet de vengeance ?,Sa mère savait-elle que l'on avait organisé une vengeance ?
"""You don't know that,"" came the sadly mumbled reply that had his lips twitching.","Tu n'en sais rien, marmonnant tristement la jeune femme entre ses lèvres, ce qui le fit sourire","Ça ne t'est pas connu, répondit-il tristement, ce qui fit trembler ses lèvres."
"He'd never understood why Devyn didn't play the same game, probably never would, and now that he knew about Andi...","Il n'avait jamais compris pourquoi Devyn ne jouait pas le même jeu, pourquoi il ne le ferait probablement jamais, et maintenant qu'il savait pour Andi...","Il n'avait jamais compris pourquoi Devyn ne jouait pas le même jeu, probablement jamais le ferait, et maintenant qu'il savait que c'était Andi..."
The urge to possess her thrummed through him to the point he could barely think.,L'envie de la posséder l'envahissait à tel point qu'il avait du mal à réfléchir.,L'envie de la posséder le traverse à tel point qu'il ne pouvait plus penser.
"""You should check the supply closet.""",Tu devrais vérifier le placard à fournitures.,Ça te faut vérifier le fourneau.
I'm telling you what I need.,Je te dis ce dont j'ai besoin.,"Ça, c'est ce que je veux."
Want to get to know you.,Je veux apprendre à te connaître.,Ça veut dire que je veux te connaître.
His face brightens.,Son visage s'éclaire.,Son visage s'éclaire.
Why would he risk that for either of them?,Pourquoi risquerait-il cela pour l'un ou l'autre ?,Pourquoi risquerait-il ça pour l'un ou l'autre ?
Best not to think about that at all.,Mieux valait ne pas y penser.,Ça ne valait pas la peine de penser à ça.
"There are several articles about the football team, one about the debate team.","Il y a plusieurs articles sur l'équipe de football, un sur l'équipe de débat.","Il y a plusieurs articles sur l'équipe de football, un sur l'équipe de débat."
"He didn't move, his gaze fixed on the bar ceiling.","Il ne bougea pas, le regard fixé sur le plafond du bar.","Il ne bougea pas, son regard étant fixé sur le plafond du bar."
I spit this out like some jilted lover.,Je crache ça comme un amoureux éconduit.,Ça ressemble à ce qu'un amant délaissé aurait dit.
"I've paired it with a soft pair of black corduroys that he hasn't seen yet, but I thank him for the compliment.","Je l'ai associé à un pantalon en velours côtelé noir qu'il n'a pas encore vu, mais je le remercie pour le compliment.","Ça va avec un pantalon de velours noir que je n'a pas encore montré à son père, mais je lui remercie de son compliment."
"He was so sure.""",Il en était si sûr.,Ça lui était si sûr.
"To his credit, he slaps a hand over his mouth.","À sa décharge, il porte une main sur sa bouche.","Ça lui vaut du crédit, il pose la main sur sa bouche."
Would he ever get control of the rage inside him?,Parviendra-t-il un jour à contrôler la rage qui l'habitait ?,Être-il jamais capable de maîtriser la colère qui le dévore ?
His stomach knotted at the doubt that swirled around him.,Son estomac se noua devant le doute qui l'envahissait.,Son estomac se noua face au doute qui l'entourait.
She should slip under and swim away.,Elle devrait se glisser sous l'eau et s'enfuir à la nage.,Ça lui fallait de se glisser sous l'eau et de nager loin.
"""Well, surely he had it painted before he died.""",Il l'a sûrement fait peindre avant de mourir.,Ça doit sûrement avoir été peint avant sa mort.
Talking about my childhood illicits foreign sensations.,Parler de mon enfance provoque des sensations étranges.,Parler de mon enfance me fait ressentir des sensations étrangères.
"He wasn't sure what hurt more, his head or his ribs, but at that moment, he wished the asshole that attacked him had finished the fucking job and put him out of his misery.","Mais, à cet instant, il aurait aimé que le connard qui l'avait agressé ait fini le boulot et mette fin à ses souffrances.","Il n'était pas sûr de savoir ce qui lui faisait le plus de mal, sa tête ou ses côtes, mais à ce moment-là, il souhaitait que l'assassin qui l'avait attaqué ait fini le travail et l'ait mis fin à ses souffrances."
He tasted the zinc that his mother had insisted he put on his nose and that always melted and dribbled down into his mouth.,Il goûta la crème solaire que sa mère insistait pour qu'il mette sur son nez et qui finissait par fondre et couler dans sa bouche.,Il goûtait le zinc que sa mère lui avait imposé de mettre sur le nez et qui se fondait et coulait dans sa bouche.
She stood between him and the ocean like a lifeguard station or lighthouse.,"Elle se tenait entre lui et l'océan, comme un poste de sauvetage ou un phare.",Elle se tenait entre lui et l'océan comme une station de sauvetage ou une tour de guet.
"""Nothing is stopping you from moving the carpentry to part-time, maybe on the weekends or something.""","Rien ne t'empêche de passer la menuiserie à temps partiel, peut-être le week-end ou quelque chose comme ça.","Ça ne te fait pas obstacle de passer la menuiserie à temps partiel, peut-être les week-ends ou quelque chose du genre."
That really would have been too much to take.,Cela aurait été vraiment trop dur à supporter.,Ça aurait été trop pour supporter.
"""No,"" he says, grabbing my hand.","Non, dit-il en m'attrapant la main.","Non, dit-il en prenant ma main."
I plaster on a smile and move away from them as he hands me a pint glass filled with a golden liquid.,J'esquisse un sourire et m'éloigne d'elles tandis qu'il me tend un verre rempli d'un liquide doré.,Je collage un sourire et m'éloigne d'eux alors qu'il me tend un verre rempli d'un liquide doré.
Chase had told her they would get through the storm togetherthat was the sweet and protective man she loved.,Chase lui avait dit qu'ils traverseraient la tempête ensemble  c'était l'homme doux et protecteur qu'elle aimait.,Chase lui avait dit qu'ils allaient traverser la tempête ensemble  c'était l'homme doux et protecteur qu'elle aimait.
Mine is practically immobilized inside his grasp.,La mienne est pratiquement immobilisée dans son emprise.,Ma main est pratiquement immobilisée dans sa griffe.
"After a last look around, she flipped off the shop's main lights.","Après avoir jeté un dernier coup d'œil autour d'elle, elle éteignit les lumières principales de la boutique.","Après un dernier tour d'œil, elle éteignit les lumières principales de la boutique."
He wanted to hold her close and listen to her laughter and share in her happiness.,"Il voulait la serrer contre lui, écouter ses rires et partager son bonheur.","Il voulait la tenir près de lui et écouter son rire, partager son bonheur."
"She stepped up into the cart, tipping it forward and setting it swaying and creaking.","Elle monta dans la cabine, la faisant basculer vers l'avant et la faisant osciller et grincer.","Elle monta dans la charrette, la faisant avancer et la faisant vaciller et craquer."
"And your mother is holding up his end of the bargain, as she should.","Et ta mère tient sa part du marché, comme il se doit.","Et ta mère tient sa part du marché, comme elle devrait le faire."
"""Did I mention that I really need to use the bathroom?"" she asked, sending the bathroom a hopeful look.",Ai-je mentionné que j'ai vraiment besoin d'aller aux toilettes ?,"Ça m'a échappé de dire que je dois vraiment aller aux toilettes, dit-elle en jetant un regard espérant vers la salle de bain."
I let you rescue him.,Je t'ai laissé le sauver.,Ça m'a sauvé.
But he's looking at me like it's the first time.,Mais il me regarde comme si c'était la première fois.,Ça lui fait comme si c'était la première fois.
"I have better things to do than to waste my time worrying about what other people think.""",J'ai mieux à faire que de perdre mon temps à savoir ce que pensent les autres.,Je peux faire mieux que de perdre mon temps à me soucier de ce que pensent les autres.
The smile he gives me leaves me uncharacteristically breathless.,Le sourire qu'il m'adresse me laisse sans voix.,Le sourire qu'il m'adresse me fait perdre l'air.
"I can totally picture John Burton as a teacher, he has the personality for it.","Je peux tout à fait imaginer John Burton comme professeur, il a la personnalité qu'il faut.","Je peux totalement imaginer John Burton en professeur, il a le caractère pour ça."
"""We'll have a big party before I close for good.",Nous ferons une grande fête avant de fermer pour de bon.,Ça va être une grande fête avant que je ne ferme pour de bon.
Hurricane Giselle was nothing to fool around with.,L'ouragan Giselle n'était pas à prendre à la légère.,L'ouragan Giselle ne fallait pas être pris au jeu.
"Oh, that couldn't be good, she thought when she saw the puddle forming on the floor around her.","Oh, ça ne présageait rien de bon, pensa-t-elle en voyant la flaque qui se formait sur le sol autour d'elle.","Ça ne pouvait pas être bon, pensa-t-elle lorsqu'elle vit la boue se former autour d'elle."
"We can duck out for a little while, yeah?""","On peut s'éclipser un moment, d'accord ?","Ça nous permet de nous cacher un peu, oui ?"
"I have to make sure the bar's safe first.""",Je dois d'abord m'assurer que le bar est sécurisé.,Je dois d'abord m'assurer que le bar est en sécurité.
No more...anything.,Plus rien.,Ça suffit...
"Maybe some Joy Division, a little Sigur Ros, a bit of Bilal, definitely James Blake.","Peut-être un peu de Joy Division, un peu de Sigur Ros, un peu de Bilal, certainement du James Blake.","Ça pourrait être du Joy Division, un peu de Sigur Ros, un peu de Bilal, définitivement James Blake."
Want to know how those wine-stained lips of yours might taste.,Connaître le goût de tes lèvres colorées par le vin.,Ça te fait envie de savoir quel est le goût de tes lèvres tachées de vin.
"In the peace and calm of the eye of life's ever-growing hurricane, they'd found a moment.","Dans la paix et le calme de l'œil de l'ouragan de la vie, ils avaient trouvé un moment.","Dans la paix et la tranquillité du centre de la tempête de vie qui ne cessait de grandir, ils avaient trouvé un moment."
"At least she had everything that she needed, Andi thought as she reached down and grabbed her iPad and the notebook that she'd been working on along with a carefully select assortment of pens that she'd helped herself to from the supply closet at work, only to realize that she'd left her phone at home.","Au moins, elle avait tout ce dont elle avait besoin, pensa Andi en se penchant pour attraper son iPad et le carnet sur lequel elle travaillait, ainsi qu'un assortiment de stylos soigneusement sélectionnés qu'elle s'était procuré dans le placard à fournitures du bureau, avant de réaliser qu'elle avait laissé son téléphone à la maison.","Ça ne faisait pas mal, pensa Andi alors qu'elle tendait la main pour attraper son iPad et son carnet de notes qu'elle avait travaillé sur, ainsi qu'une sélection soigneusement choisie de stylo qu'elle s'était approprié dans le placard des fournitures à l'entreprise, avant de se rendre compte qu'elle avait laissé son téléphone à la maison."
It wasn't going to stop him from making sure that the little bastard paid for what he did to Andi.,Ça ne l'empêcherait pas de s'assurer que ce petit salaud paie pour ce qu'il a fait à Andi.,Ça ne l'empêcherait pas de s'assurer que ce petit salaud payait pour ce qu'il avait fait à Andi.
"""I'm going to run and see if I can get the fire department.",Je vais courir et voir si je peux appeler les pompiers.,Je vais courir pour voir si je peux appeler les pompiers.
It's suddenly the most important thing in the world.,C'est soudain la chose la plus importante au monde.,Ça devient soudain la chose la plus importante au monde.
It's been a rough twenty-four hours.,Les dernières vingt-quatre heures ont été difficiles.,Ça a été une journée difficile.
"The shop was the first thing she could truly call her own, and now it was at risk.","Le magasin était la première chose qu'elle pouvait vraiment appeler la sienne, et maintenant il était en danger.","La boutique était la première chose qu'elle pouvait vraiment appeler la sienne, et maintenant elle était en danger."
She would certainly bear Chase's kids.,Elle porterait certainement les enfants de Chase.,Ça ne serait pas un problème pour elle d'accoucher de l'enfant de Chase.
"""It's going to be very cold out there, Miss Dawson,"" Devyn said, watching as his favorite place on earth was slowly revealed.","Il va faire très froid dehors, Mlle Dawson, dit Devyn, en regardant son endroit préféré sur Terre se dévoiler progressivement.","Ça va être très froid dehors, Mlle Dawson, dit Devyn en regardant son endroit préféré sur la Terre se révéler lentement."
"She drew her knees up and circled them with her arms, squeezing as tight as she could.","Elle remonta ses genoux et les entoura de ses bras, serrant aussi fort qu'elle le pouvait.","Elle fit monter ses genoux et les cercla de ses bras, pressant autant qu'elle le pouvait."
This stops me mid-chew.,Cela m'arrête en plein milieu de  ma mastication.,Ça me fait arrêter en pleine mastication.
The sea beckoned her.,La mer l‘appelait.,Le large lui faisait signe.
"I'm shaking, held up by John, who doesn't seem to have full control over his body either.","Je tremble, soutenu par John qui, lui non plus, ne semble pas avoir le contrôle total de son corps.","Je tremble, soutenu par John, qui ne semble pas avoir le contrôle total de son corps."
My breath leaves me.,Mon souffle me quitte.,Mon souffle me quitte.
"He wasn't muscular in the same way as Chase, but thick and solid.","Il n'était pas aussi musclé que Chase, mais il était fort et massif.","Ça ne l'était pas dans le même sens que Chase, mais épais et solide."
"What I'm about to do is invasive, I know, but...","Ce que je vais faire est invasif, je le sais, mais...","Ça va être invasif, je le sais, mais..."
"""I see,"" Devyn murmured, applying the last bandage.","Je vois, murmura Devyn en appliquant le dernier bandage.","Ça va, murmura Devyn en appliquant le dernier bandage."
"""Let me talk.""",Laisse-moi parler.,Laisse-moi parler.
"""Look at the domain.",Regarde le nom de domaine.,Regarde le domaine.
"He took a deep breath, focusing on the inhale, and then the exhale.","Il inspira profondément, se concentrant sur l'inspiration, puis sur l'expiration.","Il respira profondément, se concentrant sur l'inspiration, puis sur l'expiration."
"I stretch out beside him, draw his leg up and drape it over mine.","Je m'étire à côté de lui, remonte sa jambe et la fait  passer par-dessus la mienne.","Je m'allonge à côté de lui, élève son genou et le plie sur le mien."
"""They're mostly in awe of you,"" he says, his voice taking on that honeyed timber he'd had when he asked me out on this date.","Ils sont surtout en admiration devant toi, dit-il, sa voix prenant ce timbre mielleux qu'il avait lorsqu'il m'a demandé de sortir avec lui.","Ça fait surtout qu'ils soient émerveillés par toi, dit-il, la voix prenant l'accent doux qu'elle avait lorsqu'il m'avait demandé de sortir avec lui ce soir."
"My style could be called dormitory chic, my flat furnished with a collection of mismatched pieces acquired over the life of my residency.","Mon style pourrait être qualifié de dortoir chic, mon appartement étant meublé d'une collection de pièces dépareillées acquises depuis que j'ai signé le bail.","Mon style pourrait être qualifié de chic des résidences étudiantes, mon appartement meublé avec une collection de meubles incohérents achetés au cours de ma résidence."
"""Yes, daughter.","Oui, ma fille.","Oui, fille."
"My ass, my thighs, the muscles of my back melt under John's ministrations.","Mon cul, mes cuisses, les muscles de mon dos fondent sous les doigts de John.","Mon cul, mes cuisses, les muscles de mon dos fondent sous les soins de John."
"He is so fucking beautiful, my heart hurts.","Il est si beau, putain, que j'en ai mal au cœur.","Ça fait tellement de mal à mon cœur, il est si beau."
"""You're gorgeous,"" John breathes, leaning forward.","Tu es magnifique, souffle John en se penchant en avant.","Ça te fait du bien, dit John en se penchant en avant."
This is why I'm not cut out for relationships.,Voilà pourquoi je ne suis pas fait pour les relations.,Ça explique pourquoi je ne suis pas fait pour les relations.
"""How the hell did we miss that?""",Comment diable avons-nous pu rater ça,Ça nous a échappé comment ?
"She began to sob gently, covering her face with her hands.","Elle se mit à sangloter doucement, se couvrant le visage de ses mains.","Elle commença à pleurer doucement, en recouvrant son visage de ses mains."
If he got stranded on the island during the storm...,S'il se retrouvait bloqué sur l'île pendant la tempête...,Si il était coincé sur l'île pendant la tempête...
Not to accept that he can see me so clearly.,De ne pas accepter qu'il lise en moi si clairement.,Ça ne veut pas accepter qu'il puisse me voir si clairement.
His fingers were sore and stiff from the wood's rough assault.,Ses doigts étaient endoloris et raides à cause de la rugosité du bois.,Ses doigts étaient douloureux et rigides à cause de l'assaut rude du bois.
"You should have been paying attention to the news.""",Tu aurais dû faire attention aux informations.,Ça aurait dû te faire prendre en compte les nouvelles.
"""Yes,"" he bit out, watching as her lips twitched.","Oui, dit-il sèchement en regardant les lèvres de la jeune femme se contracter.","Oui, dit-il en regardant ses lèvres se plisser."
I laugh and shake my head.,Je ris et secoue la tête.,Je ris et secoue la tête.
"But anyway, Amelia's country sent a team to murder her and her human lover.""","Mais de toute façon, le pays d'Amelia a envoyé une équipe pour l'assassiner, elle et son amant humain.","Ça n'a pas d'importance, le pays d'Amelia a envoyé une équipe pour la tuer et son amant humain."
This open.,Aussi ouvert.,"Ça, c'est ouvert."
"What's the bad news?""",Quelle est la mauvaise nouvelle ?,Ça ne va pas ?
"The lot is crowded, but we get lucky with a spot close to the entrance.","Ce dernier est bondé, mais nous avons la chance d'avoir une place près de l'entrée.","Ça fait chaud, mais nous sommes chanceux de trouver un parking près de l'entrée."
It's also the reason why we're here.,C'est aussi la raison pour laquelle nous sommes ici.,Ça est aussi la raison pour laquelle nous sommes ici.
I thought we had a chance to make this work.,Je pensais que nous avions une chance de faire en sorte que ça marche.,Ça m'avait semblé qu'il y avait une chance que ça marche.
"""I'm not saying what he did was right, it's ten different flavors of wrong, but...""","Je ne dis pas que ce qu'il a fait est bien, le mal peut prendre plusieurs formes, mais...","Ça ne veut pas dire que ce qu'il a fait était juste, il y a dix goûts de faux, mais..."
"The kid is so grateful to John, it's heartwarming.",Le jeune homme est si reconnaissant envers John que cela fait chaud au cœur.,Ça fait chaud le fait que le garçon soit si reconnaissant envers John.
"The smoke billowed and curved like a dark, beastly creature and Chase blinked back tears as it stung his eyes.","La fumée ondulait et se courbait comme une créature sombre et bestiale, et Chase essuya ses larmes quand elle lui piqua les yeux.","Le fumier s'élançait et se courbait comme une créature sombre et bestiale, et Chase se défendit contre les larmes alors qu'il lui piquait les yeux."
He could finally breathe.,Il pourrait finalement respirer.,Il pouvait enfin respirer.
A total loss for sure.,"Une perte totale, c'était sûr.",Ça ne valait pas la peine.
"He shouldn't have given in to his desires, and he was mad at himself.","Il n'aurait pas dû céder à ses désirs, et il s'en voulait.","Ça ne devait pas lui faire céder à ses désirs, et il était en colère contre lui."
"""Medical bills.""",Des factures d'hôpital à payer.,Ça s'appelle les factures médicales.
"""You didn't answer your cell.",Tu n'as pas répondu à ton téléphone portable.,Tu n'as pas répondu à ton portable.
"""We've become family to each other.",... Nous sommes devenus une famille l'un pour l'autre.,Nous sommes devenus une famille pour nous.
People would still buy.,Les gens achèteraient quand même.,Ça ne les empêcherait pas d'acheter.
"He'd fight it, fight for her.","Il se battrait, se battrait pour elle.","Il la combattrait, il combattrait pour elle."
It was none of her business why and where he went.,Ce n'était pas ses affaires de savoir pourquoi et où il allait.,Ça ne lui importait pas pourquoi et où il allait.
"""Burton,"" he corrects me, but his eyes are liquid.","Burton, me corrige-t-il, mais ses yeux sont liquides.","Burton, me corrige-t-il, mais ses yeux sont liquides."
"His fingers are a little calloused, though less than I would have thought for a man that worked with his hands.","Ses doigts sont un peu calleux, mais moins que je ne l'aurais cru pour un homme qui travaille avec ses mains.","Ses doigts sont un peu rugueux, mais moins que je ne l'aurais pensé pour un homme qui travaille avec ses mains."
"""She's mad at you.""",Elle est en colère contre toi.,Ça lui en veut.
"She'd sit on the bar's deck, pretending to read and watching the patrons.","Elle s'asseyait à la terrasse du bar, faisant semblant de lire et observant les clients.","Elle se poserait sur le pont du bar, feignant de lire et observant les clients."
That's what hurts – so much.,C'est ce qui fait mal  tellement mal.,"Ça fait mal, tellement."
"My mood has improved dramatically since he told me he was coming, and I'm smiling already.","Mon humeur s'est considérablement améliorée depuis qu'il m'a dit qu'il venait, et je souris déjà.","Mon humeur s'est améliorée de manière spectaculaire depuis qu'il m'a dit qu'il venait, et je suis déjà en train de sourire."
"She pressed her body against his, and heat tingled in his abdomen.","Elle pressa son corps contre le sien, et sa chaleur lui picota l'abdomen.",Elle appuya son corps contre le sien et une chaleur frissonnante se répandit dans son abdomen.
"For the first time since the storm, he was glad the electricity was out.","Pour la première fois depuis l'orage, il était content que l'électricité soit coupée.","Pour la première fois depuis la tempête, il était heureux que l'électricité soit coupée."
"That all happened when she was diagnosed with myeloma, bone marrow cancer.","Tout cela est arrivé quand on lui a diagnostiqué un myélome, un cancer de la moelle osseuse.","Ça s'est passé quand elle a été diagnostiquée de myélome, un cancer du moelle osseuse."
"""Go change those wet clothes before you catch a cold.""",Va changer ces vêtements mouillés avant d'attraper froid.,Va changer tes vêtements mouillés avant de prendre un froid.
Check flashlight batteries?,Vérifier les piles de la lampe de poche ?,Être sûr que les batteries de la lampe de poche sont bonnes ?
"Surprising she could read and write, given the times.""","Il est surprenant qu'elle ait su lire et écrire, compte tenu de l'époque.","Ça était surprenant qu'elle puisse lire et écrire, compte tenu des temps."
"""So much so, that I want you to do the same thing for the rest of Carta Hotels.""",À tel point que je veux que tu fasses la même chose pour le reste des hôtels Carta.,Ça m'a si bien plu que je veux que tu fasses la même chose pour le reste des Hôtels Carta.
"""Better figure it out soon.""",Tu ferais mieux de t'en rendre-compte rapidement.,Ça faut qu'il s'en aille vite.
We made it through the storm with minimal damage.,Nous avons traversé la tempête avec un minimum de dégâts.,Nous avons survécu à la tempête avec des dégâts minimes.
"Sharing with a mate from uni, who has since moved.",Je partageais le logement avec un ami de l'université qui a déménagé depuis.,"Ça a été partagé avec un camarade d'université, qui a depuis déménagé."
Come Undone: Romance Stories Inspired by the Music of Duran Duran,Come Undone : Histoires d'amour inspirées par la musique de Duran Duran,Ça se détend : histoires romantiques inspirées par la musique de Duran Duran
And now he was planning to leave her behind and farm some dry land somewhere a million miles away.,"Et maintenant, il prévoyait de la laisser derrière lui et de cultiver une terre aride quelque part à un million de kilomètres d'ici.","Et maintenant, il avait l'intention de la laisser derrière lui et de cultiver une terre sèche quelque part à un million de kilomètres de là."
"I squirt a generous amount over my fingers and slick his cock, encouraging him to pump into my hand.","J'en verse une quantité généreuse sur mes doigts et j'enduis sa bite, l'encourageant à pomper dans ma main.","Je verse une quantité généreuse sur mes doigts et je lubrifie sa queue, l'encourageant à pomper dans ma main."
Inna might have her already.,Inna l'avait peut-être déjà attrapé.,Inna l'avait déjà.
"The first time that he'd heard her humming, he'd squeezed his eyes shut and waited for the pain to explode in his head, only to have the soft, hypnotic sound slowly lull him to sleep.","La première fois qu'il l'avait entendu, il avait fermé ses yeux et attendu que la douleur explose dans sa tête, mais ce fut le contraire.","La première fois qu'il l'avait entendu chuchoter, il avait fermé les yeux et attendu que la douleur explose dans sa tête, mais il avait été lentement lullé par le son doux et hypnotique."
Towering clouds formed a barricade of weather that was bound to bring a lot of wind and rain to the little island.,Des nuages imposants formaient une enceinte climatique qui allait certainement apporter beaucoup de vent et de pluie sur la petite île.,Les nuages énormes formaient un barricade de météo qui devait apporter beaucoup de vent et de pluie sur l'île.
She turned the page and found herself frowning as she went through the rest of the list and decided that perhaps she should just get started when she realized that there was a third page.,Elle décida qu'elle ferait mieux de commencer lorsqu'elle réalisa qu'il y avait une troisième page.,Elle tourna la page et se mit à froncer les sourcils en parcourant le reste de la liste et en décidant qu'elle devrait peut-être commencer quand elle réalisa qu'il y avait une troisième page.
His heart sped as he realized the potential that hung heavily in the moment.,Son cœur s'accéléra lorsqu'il réalisa le potentiel qui planait sur ce moment.,Son cœur battait plus vite lorsqu'il réalisa le potentiel qui pendait lourdement dans le moment.
"Tears flowed down Mari's cheeks, mixed with the rainfall and the seawater.","Les larmes coulaient sur les joues de Mari, se mêlant à la pluie et à l'eau de mer.","Les larmes coulèrent sur les joues de Mari, mêlées à la pluie et à l'eau de mer."
"You're foolish to try.""",C'est idiot d'essayer.,Ça te fait du mal de t'essayer.
"""I want to take you somewhere you've been dying to go.",Je veux te faire plaisir et t'emmener dans un endroit où tu meurs d'envie d'aller.,Je veux te mener où tu as envie de t'y rendre.
"He's been eye-fucking me since the moment he walked in the door, and I'm finding it harder and harder to resist him with every pull from my glass.","Il me fait de l'œil depuis qu'il a franchi la porte, et j'ai de plus en plus de mal à lui résister à chaque fois que je bois un verre.","Ça fait des mois qu'il me regarde comme ça, et je trouve de plus en plus difficile de le résister avec chaque verre que je bois."
"""The only room I can stand to be in, really, is my bedroom.""","La seule pièce que je peux supporter, c'est ma chambre à coucher.","Le seul endroit où je peux supporter d'être, en vérité, c'est ma chambre."
She owes me and she knows it.,Elle me doit quelque chose et elle le sait.,Ça lui doit et elle le sait.
His expression is sober.,Son expression est sérieuse.,Son expression est sérieuse.
Though the hostage thing might work.,Bien que la prise d'otage semblât être une bonne idée.,Ça pourrait fonctionner.
"His eyes lock on the place where our bodies join, his expression positively feral.","Ses yeux se fixent sur l'endroit où nos corps se rejoignent, son expression est positivement féroce.","Son regard se fixe sur le point où nos corps se rejoignent, son expression est positivement sauvage."
"Hopefully, the repair wouldn't delay closing on the bar's sale.","Avec un peu de chance, la réparation ne retarderait pas la conclusion de la vente du bar.",Ça ne retarderait pas la vente du bar.
"He didn't know how long they sat on the couch holding each other, but it felt like forever.","Il ne savait pas combien de temps ils étaient restés assis sur le canapé à se serrer l'un contre l'autre, mais cela lui a semblé une éternité.","Il ignorait combien de temps ils avaient passé sur le canapé en s'étreignant, mais cela semblait durer pour toujours."
He had to be at work in a few hours.,Il devait être au travail dans quelques heures.,Il devait être au travail dans quelques heures.
"He rubbed his arm, trying to stop the itching that suddenly overtook his skin.","Il se frotta le bras, essayant d'arrêter les démangeaisons qui envahissaient soudain sa peau.","Il se frotta le bras, essayant d'arrêter l'épiderme qui lui itchait soudain."
"I hadn't even known he'd been paying attention, since he'd been distracted then too.","Je ne savais même pas qu'il était attentif, puisqu'il avait été distrait à ce moment-là aussi.","Ça ne m'avait même pas fait savoir qu'il avait pris garde, car il était aussi distrait à l'époque."
It was honestly the perfect job for her.,"Pour être honnête, c'était le travail idéal pour elle.",Ça était vraiment le travail idéal pour elle.
He stumbled across the room and put his palms against the wooden door.,Il traversa la pièce en titubant et posa ses paumes contre la porte en bois.,Il s'échappa dans la pièce et posa ses mains contre la porte en bois.
"She'd worked hard making the Mermaid's Purse a success, and it wasn't fair that her work was threatened both by a hurricane and by Chase's demonsat the same time.","Elle avait travaillé dur pour faire de la Bourse de la Sirène un succès, et il n'était pas juste que son travail soit menacé à la fois par un ouragan et par les démons de Chase, en même temps.",Ça ne faisait pas de bon que son travail soit menacé à la fois par un ouragan et par les démons de Chase.
"""Sorry, I wasn't thinking.","Désolé, je n'ai pas réfléchi.","Désolé, je ne pensais pas."
"He nibbled at her earlobe, his hot breath sending shivers down her torso and into her legs.","Il lui mordilla le lobe de l'oreille, son souffle chaud faisant frissonner sa poitrine et ses jambes.","Il mordilla son pavillon, son souffle chaud lui donnant des frissons dans le torse et dans les jambes."
"By diver man's family.""",Par la famille du plongeur.,Ça fait dire que la famille du plongeur est impliquée.
"I feel his body jolt beneath mine, muscles going rigid.","Je sens son corps tressaillir sous le mien, ses muscles se raidissent.","Je sens son corps se tordre sous le mien, ses muscles se rigider."
"""And I'm sure that there was a good reason why you didn't contact my office,"" Devyn said, moving to return his attention to the woman that hadn't been happy when she'd discovered that he'd planned on doing this audit in person.","Et je suis sûr qu'il y a une bonne raison pour laquelle vous n'avez pas contacté mon bureau, dit Devyn, reportant son attention sur la femme qui n'avait pas été heureuse d'apprendre qu'il avait prévu de faire cet audit en personne.","Ça m'a certainement semblé que tu avais une bonne raison de ne pas m'avoir contacté, dit Devyn en retournant son attention vers la femme qui n'avait pas été heureuse de découvrir qu'il avait prévu de faire cet audit en personne."
He'd showered and his damp hair stood in spikes.,Il s'était douché et ses cheveux humides se dressaient en épis.,Il avait pris une douche et ses cheveux étaient humides et dressés.
"This is my kingdom, my domain.","C'est mon royaume, mon domaine.","Ça fait partie de mon royaume, de mon domaine."
"Maybe you can reach me.""",Tu pourras peut-être m'atteindre.,Ça pourrait être possible.
"""When she finally shows up, tell her that Devyn MacGregor, CEO of Carta Hotels, is here to do an inspection,"" Devyn said evenly.","Lorsqu'elle se présentera enfin, dites-lui que Devyn MacGregor, PDG des Hôtels Carta, est ici pour une inspection, dit Devyn d'un ton calme.","Quand elle arrivera enfin, dis-lui que Devyn MacGregor, PDG des Hôtels Carta, est là pour faire une inspection, dit Devyn d'une voix calme."
"""I wish we could've evacuated.""",J'aurai aimé qu'on évacue.,Je regrette que nous n'ayons pas pu évacuer.
"As in, people actually have some.","En fait, les gens ont des attentes, tout simplement.",Ça veut dire que les gens en ont.
"I follow him back to the booth, where I'd been in the middle of setting up my next block of songs.","Je le suis jusqu'au studio, où j'étais en train d'installer mon prochain bloc de chansons.","Je le suis jusqu'au studio, où j'étais en train de mettre en place le prochain bloc de chansons."
"This time, I can't stop the shiver that races down my spine.","Cette fois, je ne peux pas arrêter le frisson qui me parcourt l'échine.","Ça ne me sert à rien, je ne peux pas arrêter le frisson qui descend le long de ma colonne vertébrale."
"""Practice like this?""",S'entraîner comme ça ?,Ça s'appelle pratiquer comme ça ?
"She moaned, then tipped her head back to give him access, her tongue tangling with his larger one.","Elle gémit, puis bascula sa tête en arrière pour lui donner un accès total, sa langue s'emmêlant avec celle plus imposante de Chase.","Elle gémit, puis pencha la tête en arrière pour lui donner accès, sa langue se tanglant avec la sienne plus grande."
"His ears are turning red, and his hands flutter a bit when he reaches for the pita bread.",Ses oreilles rougissent et ses mains s'agitent un peu lorsqu'il attrape le pain pita.,Ses oreilles sont rouges et ses mains tremblent un peu lorsqu'il attrape le pain pita.
"His name is Inna.""",Il s'appelle Inna.,Son nom est Inna.
"""This must have cost a fortune,"" I tell him, pouring another glass.","Cela a dû coûter une fortune, lui dis-je en me versant un autre verre.","Ça doit avoir coûté une fortune, lui dis-je en remplissant un autre verre."
He's a good teacher.,C'est un bon professeur.,Ça fait du bien de l'avoir comme professeur.
She leaned over the railing and pretended to look at the dune.,Elle se pencha sur la balustrade et fit semblant de regarder la dune.,Elle se pencha sur la balustrade et simula de regarder la dune.
"The puppies were adorable,"" Andi said with a solemn nod, making him chuckle as she handed the chocolate bar over to him so that she could grab the notebook that he wasn't allowed to touch after he'd made the mistake of marking a page by folding a corner so that he could come back to it later.","Les chiots étaient adorables, déclara Andi avec un hochement de tête solennel, le faisant rire alors qu'elle lui tendait la barre de chocolat afin de pouvoir saisir le carnet qu'il n'avait pas le droit de toucher après avoir commis l'erreur de marquer une page en pliant un coin pour pouvoir y revenir plus tard.","Les chiottes étaient adorables, dit Andi avec un hochement de tête sérieux, ce qui le fit rire alors qu'elle lui remettait le barreau de chocolat pour qu'il puisse prendre la note sur laquelle il avait fait l'erreur de marquer une page en pliant un coin pour pouvoir y revenir plus tard."
Wouldn't that make leaving much easier for him?,Cela ne rendrait-il pas son départ plus facile ?,Ça ne le rendrait-il pas plus facile de partir ?
"Her face didn't hide the pain in her heart, the pain he hadn't noticed before.","Son visage ne cachait pas la douleur au fond de son cœur, une douleur qu'il n'avait pas remarquée auparavant.","Son visage ne cachait pas la douleur dans son cœur, la douleur qu'il n'avait pas remarquée auparavant."
"""Before the transfer finished coming through, they attempted to authorize a transfer, but the authorization for the transfer came into question and our accounting department flagged it.""","Avant que le transfert ne soit terminé, ils ont tenté d'autoriser un transfert, mais l'autorisation a été remise en question et notre service comptable l'a signalé.","Avant que le transfert ne soit terminé, ils ont tenté d'autoriser un transfert, mais l'autorisation du transfert a été remise en question et notre service comptable l'a signalé."
"A few drops of water from the structure over them rained down at the motion and she ducked her head, laughing.",Quelques gouttes d'eau provenant de la structure qui les surplombait tombèrent à cause du mouvement et elle baissa la tête en riant.,"Quelques gouttes d'eau de la structure sur eux tombèrent à la moindre vibration et elle baissa la tête, riant."
"""We...don't really talk.""",Nous... ne nous parlons pas vraiment.,Ça... nous... nous ne parlons pas vraiment.
I get out and jog around the car to grab his hands.,Je sors et contourne la voiture pour lui prendre les mains.,Je sort et cours autour de la voiture pour attraper ses mains.
And it isn't something I've ever shared with anyone else.,Et ce n'est pas un secret que je n'ai jamais partagé avec quelqu'un d'autre.,"Ça, je n'ai jamais partagé avec personne d'autre."
Her head swam and she struggled to keep herself under control.,Sa tête s'était mise à tourner et elle luttait pour garder le contrôle.,Son cerveau tournait et elle lutta pour rester en contrôle.
"My cock bobs eagerly between us, and John's perks up to say hello.","Ma bite oscille entre nous avec impatience, et celle de John se réveille pour dire bonjour.","Mon coche se déplace avec impatience entre nous, et celui de John se redresse pour saluer."
And I mean he really listens as the singer promises not to let him drown in whatever is troubling him.,"Et, par-là, j'entends qu'il écoute vraiment, car le chanteur lui promet de ne pas le laisser se noyer dans ce qui le trouble.","Ça veut dire qu'il écoute vraiment, alors que le chanteur promet de ne pas le laisser noyer dans ce qui le trouble."
"His back is to me, shoulders scrunched up to his ears.","Il me tourne le dos, les épaules haussées jusqu'aux oreilles.","Son dos est tourné vers moi, ses épaules sont en l'air jusqu'à ses oreilles."
A fucking hurricane was outside his window and he was thinking about getting laid?,Un putain d'ouragan était derrière sa fenêtre et il pensait à s'envoyer en l'air,Ça faisait un putain de hurricane dehors sa fenêtre et il pensait à se faire baiser ?
"He needed to stay focused, he kept reminding himself as he lay there, staring up at the ceiling as he thought about everything that was at stake, the list of hotels that they still needed to take a closer look at, and going over everything he had to do today, anything to stop thinking about the woman in the other room.","Il devait rester concentré, ne cessait-il de se rappeler alors qu'il était allongé, fixant le plafond en pensant à tout ce qui était en jeu, à la liste des hôtels qu'ils devaient encore examiner de plus près, et en passant en revue tout ce qu'il devait faire aujourd'hui, tout était bon pour cesser de penser à la femme dans l'autre pièce.","Il devait rester concentré, se disait-il en étant allongé là, regardant le plafond en pensant à tout ce qui était en jeu, à la liste des hôtels qu'ils devaient encore examiner de plus près, et en repassant en tête tout ce qu'il avait à faire aujourd'hui, n'importe quoi pour ne pas penser à la femme dans l'autre pièce."
"""Tell my mother I'll be home soon.",Dis à ma mère que je serai bientôt à la maison.,Dis à ma mère que je reviendrai bientôt.
He'd managed to negotiate a contract that benefitted them both.,Il avait réussi à négocier un contrat qui convenait aux deux parties.,Il avait réussi à négocier un contrat qui leur était avantageux.
"But I'm sure...""",Mais je suis sûr...,Ça m'est sûr...
"""But you came for another reason.""","Mais, tu es venue pour une autre raison.",Mais tu es venu pour une autre raison.
"Grinning, I queue up Coldplay's Always in My Head.","En souriant, je mets en file d'attente Always in My Head de Coldplay.",Je me mets à jouer Always in My Head de Coldplay en souriant.
"""He's here,"" Dyer's voice trails off.","Il est là, dit Dyer d'une voix étouffée.","Ça y est, dit Dyer."
"""Only when I talk to you,"" she said, blinking up at him before following that up with, ""What did you do for Christmas?""","Seulement quand je te parle, dit-elle, clignant des cils avant de poursuivre :","Ça ne se passe que quand je te parle, dit-elle en clignant des yeux avant de poursuivre :"
I know he'll leave marks on my skin.,Je sais qu'il laissera des marques sur ma peau.,Je sais qu'il laissera des traces sur ma peau.
Anything you fucking want!,"Tout ce que tu veux, putain !","Ça, tu veux !"
"I always have these harebrained schemes that seem like great ideas...at the time.""",J'ai toujours ces projets farfelus qui semblent être de bonnes idées... sur le moment.,Ça m'arrive toujours de me mettre des idées dans la tête qui semblent être des bonnes idées... à l'époque.
"But there isn't much of a demand for them anymore.""",Mais il n'y a plus beaucoup d'offres pour ce métier.,Ça n'y a plus beaucoup de demande.
He and the unpowered wheel were both broken by storms.,Lui et la roue sans moteur avaient tous deux étés brisés par les tempêtes.,Ça avait été brisé par les tempêtes.
They'd be lucky to have power by morning if the storm held true to predictions.,Ils auront de la chance d'avoir de l'électricité le matin si la tempête se maintient.,Ça leur serait bien arrivé d'avoir de l'électricité le matin si la tempête se conformait aux prévisions.
"But with John, I want the circle of his strong arms around me.","Mais avec John, je veux le cercle de ses bras forts autour de moi.","Mais avec John, je veux que le cercle de ses bras forts m'entoure."
It's the first genuine laugh I've had all week.,C'est le premier vrai rire que j'ai eu de toute la semaine.,Ça fait la première fois que je ris depuis le début de la semaine.
"I know she'd take me up on any offer I made her, and she knows I know.","Je sais qu'elle accepterait n'importe quelle offre que je lui ferai, et elle sait que je le sais.","Ça me dit qu'elle accepterait tout ce que je lui proposerais, et elle sait que je sais."
"""Sorry you're stuck spending the night with me.""","Désolée que tu sois coincé ici, obligé de passer la nuit avec moi.",Ça te déplaît d'être obligé de passer la nuit avec moi.
"Might be the last hot meal you get for a while.""",C'est peut-être le dernier repas chaud que tu auras avant longtemps.,Ça pourrait être le dernier repas chaud que tu auras pendant un certain temps.
"""Is that a hint of jealousy I see?""",Est-ce une pointe de jalousie que je sens ?,"Ça, c'est un soupçon de jalousie que je vois ?"
I suck the tip of his index finger into my mouth and run my tongue over it.,J'aspire le bout de son index dans ma bouche et passe ma langue dessus.,"Je suis à l'extrémité de son index et je le suis dans ma bouche, puis je le traîne avec ma langue."
A little pain would divert the fear in his gut.,Un peu de douleur détournerait la peur qui le tenaillait.,Ça lui donnerait un peu de douleur pour détourner la peur qui se trouvait dans son estomac.
"One of his denim-clad legs is folded beneath him, the other stretched toward me.","L'une de ses jambes vêtue de denim est repliée sous lui, l'autre tendue vers moi.","Un de ses jambes en denim est pliée sous lui, l'autre est tendue vers moi."
You'd think I'd never been touched before.,On pourrait croire que je n'ai jamais été touché auparavant.,Ça me ferait croire que je n'avais jamais été touché.
"She met his tongue with her own, wishing to tell him everything she'd kept secret from him.","Elle rencontra sa langue avec la sienne, souhaitant lui dire tout ce qu'elle avait gardé secret.","Elle rencontra sa langue avec la sienne, souhaitant lui dire tout ce qu'elle avait gardé secrète à son égard."
"""I know plenty about you,"" he assured her as he swiped to the next email.","Je sais beaucoup de choses sur vous, lui assura-t-il alors qu'il passait à l'e-mail suivant.","Ça m'est bien connu, lui dit-elle en passant à l'e-mail suivant."
"""I need to get back,"" John says, abruptly.","Je dois rentrer, dit John brusquement.","Je dois rentrer, dit John, soudain."
As always.,Comme toujours,Ça a toujours été ainsi.
"""Yes,"" Andi murmured, snuggling in closer until he took the hint and carefully wrapped his arm around her and pulled her closer.","Oui, murmura Andi, se blottissant plus près jusqu'à ce qu'il comprenne l'allusion et l'entoure soigneusement de son bras pour l'attirer plus près de lui.","Oui, murmura Andi, se rapprochant de lui jusqu'à ce qu'il prenne le bâton et qu'il l'enveloppe avec précaution de son bras et la rapproche."
"It's been weeks.""",Ça fait des semaines.,Ça fait des semaines.
Nothing he'd like better than to lay her down and make love to her again and again.,Rien ne lui plairait plus que de l'allonger et de lui faire l'amour encore et encore.,Ça ne lui plairait pas mieux que de la mettre à terre et de l'aimer à nouveau et à nouveau.
"""As long as the surge doesn't get too much bigger than they predict, we'll be okay.","Tant que l'onde de tempête n'est pas plus forte que ce qu'ils prévoient, tout ira bien.",Ça ne sera pas grave tant que le tsunami ne sera pas trop plus grand que ce qu'ils prévoyaient.
"I can tell, just listening to him, how much teaching there meant to John.","Je peux dire, rien qu'en l'écoutant, à quel point l'enseignement a compté pour John.","Ça me dit, en l'écoutant, à quel point l'enseignement avait été important pour John."
"""So, about dinner...""","Alors, à propos du dîner...",Ça fait donc pour le dîner...
Flames licked at the pre-dawn sky and heat radiated from the structure.,Les flammes léchaient le ciel d'avant l'aube et la chaleur irradiait de la structure.,Les flammes se léchaient sur le ciel avant l'aube et la chaleur s'échappait de la structure.
"She'd never been through a tornado, if that's what it was, and she never wanted to experience it again.","Elle n'avait jamais traversé de tornade, si c'était bien de cela qu'il s'agissait, et elle ne voulait plus jamais en faire l'expérience.","Elle n'avait jamais vécu un tornade, si c'était ça, et elle ne voulait pas l'expérimenter à nouveau."
"Once she and Chase were married, of course, and his mom was her mother-in-law.","Une fois qu'elle et Chase seraient mariés, bien sûr, et que sa mère serait sa belle-mère.",Ça serait bien sûr une fois qu'ils seraient mariés et que sa mère serait sa belle-mère.
"As long as you know it isn't accurate.""",Tant que tu sais que ce n'est pas vrai.,"Ça t'intéresse, tant que tu sais qu'il n'est pas exact."
I'm not ever marrying you.,Je ne me marierai jamais avec toi.,Je ne te marierai jamais.
"""Do you want me to stop, or do you want more?"" I'm pressing in, even as I ask the question.",Tu veux que je m'arrête ou tu veux plus ?,"Ça me faut-il pour que je m'arrête, ou veux-tu plus ?"
"Nodding absently, Andi returned her attention to the bear and-","Hochant la tête distraitement, Andi reporta son attention sur l'ours et...","Acquiesçant distraitement, Andi redonna son attention au ours et..."
"""I'm taking you to dinner, Miss Dawson,"" Devyn said, smiling as he slowly brushed his lips against hers one last time before he stood up as she sent a panicked gaze at the window and-","Je vous emmène dîner, Mlle Dawson, dit Devyn en souriant et en effleurant lentement ses lèvres une dernière fois avant de se lever, alors qu'elle jetait un regard paniqué vers la fenêtre et...","Ça fait longtemps que je ne vous ai pas invité à dîner, Mlle Dawson, dit Devyn en souriant alors qu'il frôlait lentement ses lèvres avec les siens une dernière fois avant de se lever alors qu'elle envoyait un regard paniqué à la fenêtre et..."
"""It's been called that for as long as I remember.""",On l'appelle ainsi depuis aussi longtemps que je m'en souvienne.,Ça s'appelle ça depuis que je me souviens.
"His expression is so open, so vulnerable, and it brushes up against a tender spot near my heart.","Son expression est si ouverte, si vulnérable, et elle effleure un point sensible près de mon cœur.","Son expression est si ouverte, si vulnérable, et elle touche à un point tendre près de mon cœur."
Kill me now.,Tuez-moi sur le champ !,Ça me tue maintenant.
"He was still incredibly handsome, Andi thought as she debated pointing out that he should be back in bed.","Il était toujours très beau, se dit Andi tout en se demandant si elle devait lui dire de retourner au lit.","Ça faisait toujours un homme incroyablement beau, pensa Andi alors qu'elle hésitait à lui dire qu'il devrait être de retour au lit."
"""You're a child of the eighties, aren't you?""","Tu es un enfant des années quatre-vingt, n'est-ce pas ?","Ça fait dire que tu es un enfant des années 80, n'est-ce pas ?"
"He blamed himself for Luke's death, and the passage of time hadn't lessened his feelings in the least.","Il se sentait responsable de la mort de Luke, et le temps qui passait n'avait en rien atténué ses sentiments.","Il se blâmait pour la mort de Luke, et le temps n'avait pas atténué ses sentiments."
"After what happened with Luke, then the mess with Kelly.","Après ce qui s'est passé avec Luke, puis avec Kelly","Ça fait déjà un moment que Luke est parti, puis il y a eu le bazar avec Kelly."
"I'm a little peeved at the orphaned butterfly that flutters in my stomach when I see his photo on my screen, shirtless and glistening by the pool.","Je suis un peu fâché par le papillon solitaire qui palpite dans mon estomac quand je vois sa photo sur mon écran, torse nu et luisant au bord de la piscine.","Ça me dérange un peu le papillon orphelin qui flotte dans mon estomac lorsque je vois sa photo sur mon écran, sans chemise et brillant autour de la piscine."
"Then, they'd bring those skills back to North Carolina and run a bar and, with the proceeds, eventually open a diving school for civilians.","Ensuite, ils ramèneraient leurs compétences en Caroline du Nord, tiendraient un bar et, avec les bénéfices, ouvriraient éventuellement une école de plongée pour les civils.","Ça aurait été une bonne idée, mais ils l'ont abandonnée."
"I feel myself opening already, anticipating him.","Je me sens déjà en train de m'ouvrir, je l'attends.","Je me sens déjà ouvrir, l'anticipant."
Anthologies:,Anthologies :,Anthologies :
"At least, for now.",Du moins pour l'instant,"Ça dit, pour l'instant."
"John was right when he said the man was handsome, but he doesn't hold a candle to my brawny lad.","John avait raison quand il a dit que l'homme était beau, mais il n'arrive pas à la cheville de mon mec musclé.","John avait raison quand il disait que l'homme était beau, mais il n'est pas aussi beau que mon garçon."
"She ran her gaze from the small bandage covering the cut on his temple that was probably going to leave a small scar down to the dark bruise that ran from his temple to his jaw, absently noting that it was beginning to fade.","Elle promena son regard sur lui, allant du bandage qui recouvrait sa coupure à la tempe et qui allait sûrement laisser une cicatrice, à l'ecchymose sombre qui courait de sa tempe à sa mâchoire.","Elle balaya son regard du petit bandage recouvrant la blessure sur son front qui allait probablement laisser une petite cicatrice jusqu'au grand brûlure qui s'étendait de son front à sa mâchoire, remarquant distraitement qu'il commençait à s'évanouir."
"""Maybe a few shingleshard to tell.""","Peut-être quelques bardeaux, c'est difficile à dire.",Ça pourrait être un peu difficile à dire.
"Then again, none of this made any sense.","En même temps, rien de tout ceci n'avait aucun sens.",Ça ne faisait pas non plus de sens.
"I think it's the one thing I was put on this earth to do.""",Je pense que c'est la seule chose pour laquelle j'ai été mis sur cette terre.,Ça est la seule chose pour laquelle j'ai été mis sur la terre.
"""You're gorgeous, successful, grounded...""","Tu es magnifique, tu as du succès, tu as les pieds sur terre...","Ça fait du bien, tu es magnifique, tu es une femme de succès, tu es bien ancrée..."
And then I'm out like a spent match.,Et puis je m'éteins comme une allumette usée.,"Et puis, je suis comme une allumette éteinte."
"I'm not in love with him, but I still love him.","Je ne suis pas amoureux de lui, mais je l'aime toujours.","Je ne suis pas amoureux de lui, mais je l'aime toujours."
He's a jolly sort. A kind of Sicilian Santa Claus.,Une sorte de Père Noël sicilien.,Ça fait rire.
"I'll stay a few days and visit, as long as my shop is still fine.","Je resterai quelques jours pour visiter, tant que mon magasin va bien.","Je resterai quelques jours et visiterai, tant que mon magasin sera en bon état."
"""I'm cautiously optimistic,"" he hedged, taking a sip of apple juice as he pulled his phone back out of his pocket.","Je suis prudemment optimiste, nuança-t-il avant de prendre une gorgée de jus de pomme et de reprendre son téléphone.","Ça fait un peu de l'optimisme, mais avec précaution, dit-il en buvant une gorgée de jus de pomme alors qu'il retirait son téléphone de sa poche."
They almost reached the beach stairs when he stopped.,Ils avaient presque atteint les escaliers de la plage lorsqu'il s'arrêta.,Ils étaient presque arrivés à la marche menant à la plage quand il s'arrêta.
"When Devyn only glared, Lucas said, ""That's why.""","Comme Devyn se contenta de lui jeter un regard noir, Lucas dit : ""Voilà pourquoi.""","Ça, c'est pourquoi."
"It hasn't been that long.""",Ça ne fait pas si longtemps.,Ça n'a pas été si long.
What the hell would he think if he found her talking to a naked man?,Que penserait-il s'il la surprenait en train de parler à un homme nu ?,Ça lui ferait quoi si il la trouvait en train de parler à un homme nu ?
"For a moment, he considered trying to make his way back to his room so that he could pass back out on his bed, but the thought of soaking in a hot bath sounded really fucking good at the moment.","Pendant un instant, il envisagea l'idée de retourner dans sa chambre et de s'évanouir encore une fois dans son lit, mais l'idée d'un bon bain chaud était tout aussi tentante à cet instant.","Il envisagea de retourner dans sa chambre pour s'endormir sur son lit, mais l'idée de se baigner dans une baignoire chaude lui semblait vraiment très bonne à l'instant."
They spring out of my head in Medusa spirals that I pretend to control in the morning.,Elles jaillissent de ma tête en spirales comme Méduse que je fais semblant de contrôler le matin.,Ça sort de ma tête en spirales de Méduse que je m'efforce de contrôler le matin.
"""Let's simply say your father made a bet and lost.",Disons simplement que ton père a fait un pari et qu'il a perdu.,On pourrait dire simplement que ton père a fait un pari et a perdu.
"Tied up, or of his own free will.","Attaché, ou de son plein gré.",Être attaché ou de son propre gré.
The woman who'd pledged her life to me.,La femme qui m'avait juré de m'aimer toute ma vie.,La femme qui avait promis sa vie à moi.
Every fiber of his heart wanted to reach in and claim those lips.,Toutes les fibres de son cœur voulaient s'approcher et s'emparer de ces lèvres.,Tous les fibres de son cœur voulaient s'engouffrer et revendiquer ces lèvres.
"""Neither of us knew what we were doing.""",Aucun de nous ne savait ce qu'il faisait.,Ni moi ni elle ne savions ce que nous faisions.
"Something is really eating at the man, and I wish I knew him well enough for me to be able to ask.","Quelque chose le ronge vraiment, et j'aimerais le connaître assez pour pouvoir le lui demander.","Ça lui fait vraiment mal, et je souhaiterais le connaître suffisamment pour pouvoir lui poser la question."
"""Please don't make this more difficult than it already is.""","S'il te plaît, ne rends pas les choses plus difficiles qu'elles ne le sont déjà.",Je te prie de ne pas rendre cette situation plus difficile qu'elle ne l'est déjà.
"""Do I have a choice?""",Ai-je le choix ?,Êtes-vous sûr que j'ai le choix ?
"""I'll tell you about that oil portrait hanging over the bar.",Je vais te parler de cette peinture à l'huile accrochée au-dessus du bar.,Ça m'a fait penser à ce portrait en huile qui pend au-dessus du bar.
"He'd led her on, knowing he couldn't give her what she really needed.",Il avait couché avec elle sachant qu'il ne pouvait pas lui donner ce dont elle avait vraiment besoin.,"Il l'avait menée à croire qu'il pouvait lui donner ce qu'elle voulait, alors qu'il savait qu'il ne pouvait pas lui donner ce qu'elle vraiment avait besoin."
"He's smiling, despite the uncertainty in his eyes.","Il sourit, malgré l'incertitude dans ses yeux.","Ça lui fait plaisir, malgré l'incertitude dans ses yeux."
It occurs to me that it's been over a month since I got laid.,Je me rends compte que cela fait plus d'un mois que je ne me suis pas envoyé en l'air.,Ça me vient à l'esprit que c'est plus d'un mois que je ne suis pas allé à la bouchée.
"""Did you step on any glass?""",As-tu marché sur du verre ?,Êtes-vous tombé sur du verre ?
"Are you going to leave me here and run away?""",Qu'est-ce que tu vas faire ? Tu vas me laisser ici et t'enfuir ?,Êtes-vous venu pour me laisser ici et fuir ?
Chase took a bite of his sandwich then set it down.,Chase croqua une bouchée de son sandwich puis le reposa.,"Chase prit une bouchée de son sandwich, puis le posa."
"I know she's doing what she thinks is best.""",Je sais qu'elle fait ce qu'elle pense être le mieux.,Ça veut dire qu'elle fait ce qu'elle croit être le meilleur.
"In a split second, she threw her arms around his neck and craned to kiss him, giving him a peck beneath his chin.","En une fraction de seconde, elle lui passa les bras autour du cou et se pencha pour l'embrasser, lui faisant un petit bisou sous le menton.","En un clin d'œil, elle l'entoura de ses bras et se pencha pour l'embrasser, lui donnant un baiser sous son menton."
He liked falling asleep with her in his arms more than he should.,"Il aimait, beaucoup plus qu'il ne devait, s'endormir avec elle dans ses bras.",Il aimait mieux s'endormir avec elle dans ses bras qu'il ne le devrait.
"Better grab a candle or two.""",Je ferais mieux de prendre une ou deux bougies.,Ça faudrait prendre une bougie ou deux.
"The mentholated cream soothed his skin as he rubbed, though he was careful not to lather near the cut.","La crème mentholée apaisa sa peau lorsqu'il frotta, bien qu'il fît attention à ne pas faire mousser la crème près de la coupure.","Le crème mentholée apaisait sa peau lorsqu'il la frottait, mais il s'était bien gardé de lécher à la blessure."
"""This is no time to be afraid of the ocean.",Ce n'est pas le moment d'avoir peur de l'océan.,Ça ne fait pas de bon moment d'être peureux à l'égard de l'océan.
"When the backs of his knees hit it, I release him, and he tumbles down.","Lorsque l'arrière de ses genoux le touche, je le libère et il se tomber.","Quand les genoux de son dos y frappent, je le lâche et il tombe."
"The crash of waves onto the sand echoed against the dunes, and the darkened skeletal remains of the pier jagged from the water.","Le fracas des vagues sur le sable résonnait contre les dunes, et les vestiges squelettiques de la jetée se détachaient de l'eau.","Les vagues s'écrasaient sur le sable, et les restes squelettiques sombres de la jetée se détachaient de l'eau."
"""What do you think?"" Andi asked as she waited for Drew, her twin brother, best friend, and the man that she was counting on to tell her that she wasn't making a mistake to say something.","demanda Andi en attendant que Drew, son frère jumeau, son meilleur ami et l'homme sur qui elle comptait pour lui dire qu'elle n'était pas en train de commettre une erreur, dise quelque chose.",Ça te plaît ?
"No one would have ever put bets on finding a buyer that fast.""",Personne n'aurait jamais parié sur le fait de trouver un acheteur aussi rapidement.,personne n'aurait jamais parié pour trouver un acheteur aussi vite.
Like Inna said.,Comme l'avait dit Inna.,Ça ressemble à ce que Inna a dit.
"Sniffing my shirt, maybe?","Il renifle mon t-shirt, peut-être ?","Ça pourrait être le cas, peut-être ?"
I've never seen it before.,Je ne l'avais jamais vue auparavant.,Ça m'a jamais été vu.
"""He'll see me if I move it.",Il me verra si je la bouge.,Ça le verra s'il le déplace.
"""You called me your date.""",Tu as dit que j'étais ton rendez-vous.,Ça veut dire que tu m'as appelé ton compagnon.
"Now that the storm brought them back to reality, she could sense him tightening again with worry.","Maintenant que la tempête les ramenait à la réalité, elle sentait qu'il se crispait à nouveau d'inquiétude.","Maintenant que la tempête les avait rappelés à la réalité, elle pouvait sentir qu'il se resserrait à nouveau à cause de la préoccupation."
"""You like him.""",Tu l'aimes bien.,Ça vous plaît.
"He knew that he was taking a chance by spending the last month on the road, but he didn't have a choice.","Il savait qu'il prenait un risque en passant le dernier mois sur la route, mais il n'avait pas le choix.","Il savait qu'il prenait un risque en passant le dernier mois sur la route, mais il n'avait pas d'autre choix."
"That couldn't be good, Andi thought even as she followed the mystery man that commandeered her interview, curious to see where this was going.","Ça ne présageait rien de bon, pensa Andi même si elle suivait l'homme mystérieux qui la convoquait pour un entretien afin de voir où tout ça la menait.","Ça ne pouvait pas être bon, pensa Andi alors qu'elle suivait l'homme mystérieux qui commandait son entretien, curieuse de voir où ça allait."
"She kept her face buried in the couch, her ass high in the air.","Elle gardait le visage enfoui dans le canapé, les fesses en l'air.","Elle garda son visage enfoui dans le canapé, son cul en l'air."
I say this to John when he gives me his mood for the night.,C'est ce que je dis à John lorsqu'il me fait part de son humeur du soir.,"Ça, je le dis à John lorsqu'il m'annonce son humeur pour la soirée."
Damn the bad memories and damn his chivalry.,Au diable les mauvais souvenirs et au diable sa galanterie.,Ça fait mal aux mauvais souvenirs et ça fait mal à sa chevalerie.
"Biting back a disappointed sigh, Andi reluctantly stood up and followed him to the door, hoping that he'd change his mind.","Réprimant un soupir de déception, Andi se leva à contrecœur et le suivit jusqu'à la porte, espérant qu'il changerait d'avis.","S'efforçant de ne pas pousser un soupir de déception, Andi se leva et le suivit jusqu'à la porte, espérant qu'il changerait d'avis."
"She leaned against him, his body damp with sweat and warm.","Elle s'appuya contre lui, son corps humide de sueur et chaud.","Elle s'appuya contre lui, son corps étant trempé de sueur et chaud."
"""Not me, my, uh, niece.","Pas moi, ma, euh... nièce.","Ça ne m'intéresse pas, c'est ma, uh, nièce."
"He tried to back up, but he slid, his feet not gaining any traction on the shifting mess.","Il essaya de reculer, mais il glissa, ses pieds n'ayant aucune prise sur le sable mouvant.","Il essaya de reculer, mais il glissa, ses pieds ne trouvant aucune prise sur le désordre en mouvement."
"If only she knew how to ease his grief about his brotherthen, she might be able to get his attention on other things, like living.","Si seulement elle savait comment soulager son chagrin à propos de son frère, elle pourrait alors attirer son attention sur d'autres choses, comme vivre.","Si seulement elle savait comment soulager sa tristesse à propos de son frère, alors, elle pourrait peut-être attirer son attention sur d'autres choses, comme la vie."
But she was old enough and independent enough to do this on her own.,Mais elle était assez âgée et indépendante pour le faire toute seule.,Ça faisait assez longtemps qu'elle était assez âgée et assez indépendante pour faire ça seule.
"""John, please, oh please, tell me you've had sex in the last eight years.""","John, s'il te plaît, oh s'il te plaît, dis-moi que tu as fait l'amour au cours des huit dernières années.","John, s'il te plaît, oh s'il te plaît, dis-moi que tu as eu des rapports sexuels dans les huit dernières années."
Focus on the ropes and climbing.,Elle se concentra sur les cordes et sur l'escalade.,Focaliser sur les cordes et l'escalade.
"""I'm glad you did,"" I admit, still shaky.","Je suis content que tu l'aies fait, admets-je, encore tremblant.","Ça m'a plu, je l'admets, encore tremblant."
"It also didn't hurt that she was always early, worked hard, never bitched or complained when he asked her to do something, didn't bother kissing his ass, and, of course, he hadn't found her curled up in the fetal position underneath her desk yet.","À ça, il fallait rajouter qu'elle arrivait toujours tôt, travaillait dur, ne se plaignait jamais quand il lui demandait de faire quelque chose, elle ne lui léchait pas les bottes, et bien sûr, il ne l'avait pas trouvé en position fœtale sous son bureau pour l'instant.","Ça ne faisait pas non plus de mal qu'elle soit toujours en retard, qu'elle travaillait dur, qu'elle ne se plaindrait jamais quand il lui demandait de faire quelque chose, qu'elle ne se fatiguait pas à embrasser son cul, et, bien sûr, il n'avait pas encore trouvé sa petite fille en position fœtale sous son bureau."
"Still don't, but it's thick and silky as the pads of my fingers slide along the waves.","Je ne le sais toujours pas, mais ils sont épais et soyeux lorsque la pulpe de mes doigts glisse dans ses cheveux ondulés.","Ça n'est pas encore le cas, mais il est épais et silky comme mes doigts glissent sur les vagues."
"He'd offered to put this deal on hold until after she had the twins, but she'd been determined to see this thing through to the end and-","Il lui avait proposé de mettre cette affaire en suspens jusqu'à ce qu'elle ait accouché des jumeaux, mais elle était déterminée à aller jusqu'au bout et...","Il avait proposé de mettre en attente ce contrat jusqu'après qu'elle ait accouché des jumeaux, mais elle avait été déterminée à voir ce projet jusqu'au bout et..."
"Silence stretches on between us, and I feel vindicated.",Le silence s'étire entre nous et je me sens validé.,Le silence s'étend entre nous et je me sens justifié.
"""Chase will be back soon.",Chase sera bientôt de retour.,Chase reviendra bientôt.
The bar was covered with lit candles and Mari was whistling some unknown song and twirling around.,Le bar était couvert de bougies allumées et Mari sifflait une chanson inconnue en tournant sur elle-même.,Le bar était recouvert de bougies allumées et Mari s'entretint d'une chanson inconnue qu'elle ne cessait de répéter et de tourner en rond.
"""Yes, when he left her, she was carrying his child.""","Oui, quand il l'a quittée, elle portait son enfant.","Oui, quand il l'a quittée, elle était enceinte de lui."
"It probably wouldn't have been so bad if she'd been allowed to focus on one thing at a time, but apparently, that wasn't an option.","Elle s'en serait probablement sortie s'il lui avait permis de se concentrer sur une seule tâche à la fois, mais apparemment, c'était impossible.","Ça aurait probablement été moins mauvais si elle avait pu se concentrer sur une chose à la fois, mais apparemment, c'était impossible."
It wasn't too late.,Il n'était pas trop tard.,Ça n'était pas trop tard.
That should be enough water.,Il devrait y avoir assez d'eau.,Ça devrait suffire.
"""I...it's just so wrong not having you with me,"" he groans.","Je... ça fait tellement mal de ne pas t'avoir avec moi, gémit-il.","Ça... c'est tellement faux de ne pas avoir de toi avec moi, gémit-il."
"""Let me get you a towel,"" he said in his forced calm and hopefully nice voice.","Je vais te chercher une serviette, dit-il de sa voix calme et, espérait-il, agréable.","Permets-moi de te procurer une serviette, dit-il dans sa calme forcée et espérant qu'il parle doucement."
"""I know, I'm too awesome to be single forever.""","Je sais, je suis trop génial pour rester célibataire toute ma vie.","Ça me dit, je suis trop cool pour être célibataire à jamais."
Clearly his body and mind weren't on the same page.,"Manifestement, son corps et son esprit n'étaient pas sur la même longueur d'onde.",Ça faisait clairement que son corps et son esprit n'étaient pas d'accord.
"If Chase left, she'd have to marry Inna, or run away and live in a hidden cove somewhere her tribe couldn't find her.","Si Chase partait, elle devrait épouser Inna, ou s'enfuir et vivre dans une crique cachée, quelque part où sa famille ne pourrait pas la trouver.","Si Chase partait, elle devrait épouser Inna, ou s'enfuir et vivre dans une baie cachée où son peuple ne la trouverait pas."
Twitter: @kerryadrienne,Twitter : @kerryadrienne,Twitter : @kerryadrienne
"When she'd come to shore, she'd left behind everything she'd ever known to make it on her own and sometimes the weight of that choice caused her a pang of indecision.","Lorsqu'elle était arrivée sur la terre ferme, elle avait laissé derrière elle tout ce qu'elle avait connu pour se débrouiller seule et, parfois, le poids de ce choix lui causait un sentiment de doute.","Quand elle était arrivée à terre, elle avait laissé derrière elle tout ce qu'elle avait connu pour se faire une place et parfois le poids de cette choix lui donnait des doutes."
"I know this fun house.""",Je connais ce palais du rire.,Je connais ce palais du rire.
Andi Dawson.,Andi Dawson,Andi Dawson.
"Too many to count, and yet not enough to satisfy.","Trop pour les compter, et pourtant pas assez pour les satisfaire.","Ça faisait trop pour être compté, et pourtant pas assez pour être satisfait."
And arranged marriages aren't always a bad thing.,Et les mariages arrangés ne sont pas toujours une mauvaise chose.,Les mariages arrangés ne sont pas toujours mauvais.
"When she came out of the bathroom, she scanned the empty bar.","En sortant de la salle de bains, elle balaya du regard le bar vide.","Quand elle sortit de la salle de bain, elle balaya le bar vide."
"Since he'd been standing at the railing, clouds had filled most of the sky over the ocean and crept toward the shore.","Depuis qu'il se tenait à la balustrade, les nuages avaient envahi la majeure partie du ciel au-dessus de l'océan et s'étaient rapprochés du rivage.","Depuis qu'il était debout à la balustrade, les nuages avaient rempli la plupart du ciel sur l'océan et avançaient vers la côte."
"She peeked to see what he was doing, and he held his hands up and wiggled his fingers.","Elle jeta un coup d'œil pour voir ce qu'il faisait, et il leva les mains et remua les doigts.","Elle jeta un coup d'œil pour voir ce qu'il faisait, et il lève les mains et balança les doigts."
"I moan, and suck, and lick, and nibble, and give John Burton's cock every bit of pleasure I can dream up.","Je gémis, je suce, je lèche, je mordille et je donne à la queue de John Burton tout le plaisir que je peux imaginer.","Je gémis, suce, lèche, mâche et donne à la queue de John Burton tout le plaisir que je peux imaginer."
"""Come on, Chase, it'll be a nice break from being cooped up in here.""","Viens, Chase, ce sera une bonne pause après avoir été enfermés ici.",Ça va être une bonne pause de ne pas être enfermée ici.
"My patience with you is...gone.""",Ma patience en ce qui te concerne est... épuisée.,Mon patience avec toi est...disparue.
The merpeople were incensed at Amelia's departure and hunted down the ship.,Les habitants des mers étaient furieux du départ d'Amelia et avaient pris le bateau en chasse.,Les habitants des mers étaient en colère à cause du départ d'Amelia et poursuivaient le navire.
"God, he wasn't ready for it to end yet.","Bon sang, il n'était pas encore prêt à ce que ça se termine.","Ça, il ne l'avait pas prévu."
"Right now, family isn't one of the positives.""","En ce moment, ma famille ne fait pas partie des choses positives.",Ça ne fait pas partie des positifs pour l'instant.
"""My shop will be a complete loss.",Mon magasin est totalement foutu.,Ma boutique sera un total perdu.
"""I wasn't planning on going,"" Devyn said, knowing better than to waste any time on bullshit, not when he only had four months to clean this mess.","Je n'avais pas prévu d'y aller, dit Devyn qui avait mieux à faire que de perdre son temps dans ces bêtises alors qu'il n'avait que quatre mois pour tout arranger.","Ça ne m'intéressait pas, dit Devyn, connaissant mieux que personne qu'il ne fallait pas perdre de temps sur des choses inutiles, alors qu'il n'avait que quatre mois pour nettoyer ce désordre."
"A small, tight eye meant a strong, well-organized storm.",Un oeil de cyclone de petite taille était synonyme d'une tempête forte et rigoureuse.,Un petit œil fermé indiquait une forte et bien organisée tempête.
This has been a sore spot for us ever since the beginning.,"Depuis le début, c'est un point sensible entre nous.",Ça a été un point sensible pour nous dès le début.
What kind of relationship would that be?,Quel genre de relation cela serait-il ?,"Ça serait quoi, un genre de relation ?"
"Right now, I watch John float back to earth.","Pour l'instant, je regarde John revenir sur terre.","Ça, je le regarde faire flotter vers la terre."
Desperately.,Désespérément.,Desperément.
"I prefer to remain anonymous online.""",Je préfère rester anonyme en ligne.,Je préfère rester anonyme en ligne.
"Overbearing, sometimes.","Trop autoritaire, parfois.","Ça pouvait être surprotecteur, parfois."
"You've mentioned it a few times.""",Tu l'as mentionné plusieurs fois.,Ça a été mentionné à plusieurs reprises.
"John looks over my head, and the scent of falafel fills my nose as the waiter reaches around me and sets our lunch orders on the table.",John regarde par-dessus ma tête et l'odeur des falafels m'emplit le nez lorsque le serveur me contourne et dépose nos commandes sur la table.,"John regarde au-dessus de mon tête, et le parfum de falafel remplit mon nez lorsque le serveur se penche autour de moi et pose nos commandes de déjeuner sur la table."
Plenty of stuff in the kitchen.,Il y a plein de choses dans la cuisine.,Ça y avait beaucoup de choses dans la cuisine.
She had to make sure that wouldn't happen.,Elle devait s'assurer que cela n'arriverait pas.,Elle devait s'assurer que ça ne se produirait pas.
"At first, he thought it was some kind of sick joke played on him when he was drunk, and he'd tried to scrub it off, thinking it might be ink pen.","Au début, il avait cru qu'il s'agissait d'une mauvaise blague qu'on lui avait faite lorsqu'il était ivre, et il avait essayé de l'effacer en pensant qu'il s'agissait peut-être d'encre de stylo.","À première vue, il avait cru qu'il s'agissait d'un genre de blague maladive jouée sur lui lorsqu'il était ivre, et il avait essayé de l'effacer, pensant qu'il s'agissait d'un stylo à bille."
"He really got into the Artic Monkeys.""",Il a vraiment aimé les Arctic Monkeys.,Ça lui a vraiment plu les Arctic Monkeys.
"She wanted to memorize his every move, capture every touch and preserve the moments when they came together as one.","Elle voulait mémoriser chacun de ses mouvements, capturer chaque contact et immortaliser les moments où ils ne faisaient qu'un.","Elle voulait mémoriser chaque de ses mouvements, capturer chaque contact et préserver les moments où ils se sont unis en un seul être."
He couldn't let her get him more upset.,Il ne pouvait pas la laisser l'énerver davantage.,Il ne pouvait pas la laisser se mettre plus en colère.
"""I'm not ready yet,"" she said.","Je ne suis pas encore prête, dit-elle.","Ça ne me plaît pas, dit-elle."
"Not really caring how it got there, Andi grabbed her bag and-","Sans se soucier de la façon dont il était arrivé là, Andi l'attrapa et...","Ça ne l'intéressait pas trop de savoir comment elle s'était retrouvée là, Andi saisit son sac et..."
"I've only turned on two of the lamps in my living room, and the walls merely glow softly around us.","Je n'ai allumé que deux des lampes de mon salon, et les murs se contentent de diffuser une douce lueur autour de nous.",Je n'ai allumé que deux lampes dans mon salon et les murs ne luminescent que doucement autour de nous.
I'm only half-serious.,Je ne suis qu'à moitié sérieux.,Ça ne fait que moitié de sérieux.
"She scampered after him, her flip-flops squeaking on the floor as she tried to run through the mirrored maze without tripping or falling or knocking over mirrors.","Elle lui emboita le pas, ses tongs crissant sur le sol alors qu'elle essayait de courir à travers le labyrinthe de miroirs sans trébucher, tomber ou renverser les miroirs.","Elle le poursuivit, ses claquettes s'entrechoquant sur le sol alors qu'elle essayait de courir sans tomber, sans se tromper, sans casser les miroirs."
"""Music speaks to me,"" I find myself saying.","La musique me parle, me trouvé-je à dire.","La musique me parle, me dis-je."
Nicki takes a sudden interest in the papers on her desk.,Nicki s'intéresse soudain aux papiers posés sur son bureau.,Nicki s'intéresse brusquement aux papiers sur son bureau.
"""That's better, now drink this.""","C'est mieux, maintenant bois ça.","Ça va mieux, bois ça maintenant."
"""I don't think I've heard it,"" John admits.","Je ne pense pas l'avoir entendu, admet John.","Ça ne m'a pas été dit, avoue John."
"So far, the only thing that they knew was that whoever was behind it had access, which meant that every member of the board and several high-ranking executives at the company was a suspect.","Jusqu'à présent, la seule chose qu'ils savaient, c'était que la personne qui était derrière tout ça avait un accès à la gestion des Hôtels Carta, ce qui signifiait que tous les membres du conseil d'administration et plusieurs cadres supérieurs de l'entreprise étaient suspects.","Ça ne leur avait donné qu'une chose : celui qui était derrière cela avait accès, ce qui signifiait que tous les membres du conseil d'administration et plusieurs cadres supérieurs de la société étaient suspects."
"""I don't know,"" he yelled.","Je ne sais pas, cria-t-il.","Ça ne me dit rien, cria-t-il."
Chapter 19,Chapitre 19,19
But she knew what she didn't want.,"Mais, elle savait ce dont elle ne voulait pas.",Elle savait ce qu'elle ne voulait pas.
"I'll tell you about the painting later.""",Je te parlerai du tableau plus tard.,Je te parlerai plus tard du tableau.
"There's nothing here for you anymore.""",Il n'y a plus rien ici pour toi.,Ça ne te sert plus de rien.
"""Nothing changed, except maybe my ability to deny the truth.","Rien n'a changé, sauf peut-être ma capacité à nier la vérité.","Ça n'a pas changé, à part peut-être ma capacité à nier la vérité."
"The water, cool for September, pushed and pulled at her until she was over waist deep.","L'eau, fraîche pour un mois de septembre, la poussait et la tirait jusqu'à ce qu'elle ait dépassé sa taille.","L'eau, fraîche pour septembre, la poussait et la tirait jusqu'à ce qu'elle soit au-dessus de la taille."
"The moon is nearly full, waxing or waning I don't know, but it's bright.","La lune est presque pleine, je ne sais pas si elle est croissante ou décroissante, mais elle est brillante.","La lune est presque pleine, je ne sais pas si elle est en croissance ou en décroissance, mais elle est lumineuse."
"When the wet heat of John's mouth surrounds me for the first time, I know that I'm going to embarrass myself.","Lorsque la chaleur humide de la bouche de John m'entoure pour la première fois, je sais que je vais me ridiculiser.","Quand la chaleur humide de la bouche de John m'entoure pour la première fois, je sais que je vais me faire honte."
"He must have figured out where we went.""",Il a dû comprendre où on était allés.,Ça doit lui avoir été clair où nous étions allés.
"""I promise I won't let anything happen to you.""",Je te promets que je ne laisserai rien t'arriver.,Je promets de ne rien laisser arriver à toi.
And I'm a little tongue-tied when he leans down and leaves a soft kiss on my cheek before he sits in the chair across from me.,Et je reste muet lorsqu'il se penche et dépose un doux baiser sur ma joue avant de s'asseoir sur la chaise en face de moi.,Ça me fait un peu perdre la tête lorsqu'il se penche et dépose un baiser doux sur ma joue avant de s'asseoir sur le fauteuil en face de moi.
He'd be on a boat. On the water.,Il serait sur un bateau.,Ça veut dire qu'il serait sur un bateau. Sur l'eau.
"""I'll see you before I leave tomorrow.""","On se verra demain, avant mon départ.",Je te verrai avant de partir demain.
"His other arm boasted some type of navy diver tattoo, faded and smudged.","Son autre bras arborait une sorte de tatouage de plongeur de la Marine, délavé et abîmé.","Son autre bras portait un tatouage de plongeur de la marine, effacé et taché."
"""We have more important things to discuss,"" Devyn said with a pointed look at the files in his hands as he placed them on the coffee table.","Nous avons des choses plus importantes à discuter, déclara Devyn avec un regard appuyé sur les dossiers entre ses mains alors qu'il les posait sur la table basse.","Nous avons des choses plus importantes à discuter, dit Devyn en jetant un regard sur les dossiers qu'il posa sur la table basse."
"We can clean tomorrow.""",Nous pourrons nettoyer demain.,On peut nettoyer demain.
Old-time pirates scared her.,Les pirates d'antan lui faisaient peur.,Les pirates du passé la faisaient peur.
"Maybe this wouldn't be so bad, Andi tried telling herself as she glanced back at the door to find Uncle Shawn standing there, shooting her a wink and a reassuring smile that was supposed to make this better.","Peut-être que ça ne sera pas si mal, se dit Andi alors qu'elle jetait un œil à l'embrasure de la porte où se tenait Oncle Shawn, lui lançant un clin d'œil et un sourire rassurant censés rendre les choses plus agréables.","Ça ne serait peut-être pas si mauvais, essaya de lui dire Andi en jetant un coup d'œil à la porte pour trouver Oncle Shawn debout là, lui faisant un clin d'œil et un sourire réconfortant qui devait rendre les choses meilleures."
"I stare up at John's sad, popcorn ceiling until I drift off into an exhausted, dreamless sleep.",Je fixe le triste plafond en crépi de John jusqu'à ce que je sombre dans un sommeil épuisant et sans rêve.,"Je regarde le plafond en carton de John, triste, jusqu'à ce que je me laisse aller dans un sommeil épuisé, sans rêve."
"Before I realize what I've done, my hands are on his shoulders.","Avant que je ne réalise ce que j'ai fait, mes mains sont sur ses épaules.","Avant que je ne m'en rende compte, mes mains sont sur ses épaules."
"""Yeah, maybe, but the whole arranged marriage thing sounds a little crazy.","Oui, peut-être, mais cette histoire de mariage arrangé me semble un peu folle.","Ça pourrait être possible, mais l'idée d'un mariage arrangé semble un peu folle."
If he knew her fantasies.,Si seulement il connaissait ses fantasmes.,Si il connaissait ses fantasmes.
"She keeps every door open, as if inviting partygoers to slip away and indulge in whatever they might fancy.","Elle laisse toutes les portes ouvertes, comme si elle invitait les fêtards à s'éclipser et à se laisser aller à leurs envies.","Elle laisse toutes les portes ouvertes, comme si elle invitait les convives à s'échapper et à se laisser aller à ce qu'ils auraient envie."
"""Did you come out before you moved here or after?""",As-tu fait ton coming out avant d'emménager ici ou après ?,Êtes-vous sorti avant de venir ici ou après ?
"When I run a slick fingertip around his hole, he loses the battle, surging up and into the back of my throat.","Lorsque je passe le bout d'un doigt luisant sur le pourtour de son anus, il perd la bataille, s'arc-boutant  et s'enfonçant au fond de ma gorge.","Quand je fais tourner un doigt humide autour de son trou, il perd la bataille, se précipitant et dans le fond de ma gorge."
"""Remember, this is a story.",N'oublie pas que c'est une histoire.,Ça ne fait pas partie de la réalité.
As far-fetched as the story the merfolk told?,Était-elle aussi farfelue que l'histoire racontée par le peuple des mers ?,Être aussi improbable que l'histoire racontée par les habitants des mers ?
"""And no rule says we have to meet up for lunch.""",Et aucune règle ne dit que nous devons nous retrouver pour déjeuner.,Ça ne dit pas que nous devons se rencontrer pour le déjeuner.
"""I know it's a tattoo, silly mermaid.","Je sais que c'est un tatouage, stupide sirène.","Ça est un tatouage, ma sotte sirène."
"And had given me the sweetest, softest kiss.",Et il m'avait donné le plus doux des baisers.,Et m'avait donné le plus doux et le plus tendre baiser.
"Relieved that this was finally over, Devyn reached for his pen and-","Soulagé d'en finir, Devyn saisit son stylo et...","Relié que ça enfin était fini, Devyn s'approcha de son stylo et..."
"For the most part, the scene is still.","La plupart du temps, la scène est immobile.","En général, la scène est calme."
He rubbed his arms to silence the tingling she'd caused.,Il se frotta les bras pour faire taire les picotements qu'elle avait provoqués.,Il se frotta les bras pour taire le frisson qu'elle lui avait causé.
"When she hesitated, he looked up and met her gaze as he said, ""Please,"" and found herself lying down as she noted the pained expression in his beautiful eyes.","Lorsqu'elle hésita, il leva les yeux et croisa son regard en disant : ""S'il te plaît"", et elle se retrouva allongée en remarquant l'expression de douleur dans ses beaux yeux.","Quand elle hésita, il leva les yeux et rencontra son regard en disant ""S'il te plaît"", et se retrouva allongée alors qu'elle remarquait l'expression de douleur dans ses beaux yeux."
"I'm nearing six feet, but John Burton's got a good five inches on me, at least.","J'approche le mètre quatre-vingt-dix, mais John Burton fait au moins cinq centimètres de plus que moi.","Je suis à la portée de six pieds, mais John Burton a au moins cinq centimètres de plus que moi."
"""Let's enjoy this evening together, okay?","Profitons de cette soirée ensemble, d'accord ?","Ça fait plaisir de passer ce soir ensemble, n'est-ce pas ?"
"As long as it's been, I'm still sad when I think about him.","Malgré tout le temps passé, je suis toujours triste quand je pense à lui.","Ça fait longtemps que je ne l'ai pas vu, mais je suis toujours triste quand je le pense."
As if she didn't already have enough problems.,Comme si elle n'avait pas déjà assez de problèmes.,Ça faisait comme si elle n'avait pas déjà assez de problèmes.
"I sit up, feeling like I've been hit by a cement lorry.","Je me redresse, avec l'impression d'avoir été renversé par un camion benne.","Je me redresse, me sentant comme si j'avais été frappé par un camion de béton."
"""You owe me more of an explanation.""",Tu me dois plus d'explications.,Ça te doit une explication plus précise.
"It's slow and sweet and almost makes me miss my next cue, but I wouldn't have stopped the kiss if he hadn't pulled away.","C'est lent et doux, me faisant presque rater la chanson suivante à préparer, mais je n'aurai pas arrêté le baiser s'il ne s'était pas éloigné.","Ça est lent et doux et presque me fait manquer mon prochain coup, mais je n'aurais pas arrêté le baiser s'il n'avait pas cessé."
"""Make no mistake, if you run, I will chase you.","Ne te méprends pas, si tu t'enfuis, je te poursuivrai.","Ne te trompes pas, si tu cours, je te poursuivrai."
He grabbed her hand and half dragged her as he took off running.,Il lui prit la main et la traîna à moitié pendant qu'il se mettait à courir.,Il lui prit la main et la traîna à moitié en s'envolant à courre.
"For most of her life, she'd felt lost, but when she was in Devyn's arms, she felt like she was exactly where she was supposed to be and that scared her.","Pendant la majeure partie de sa vie, elle s'était sentie perdue, mais lorsqu'elle était dans les bras de Devyn, elle avait l'impression d'être exactement là où elle devait être et ça l'effrayait.","Pour la majeure partie de sa vie, elle s'était sentie perdue, mais quand elle était dans les bras de Devyn, elle s'était sentie exactement où elle devait être, et cela la terrifiait."
"""John,"" I say after I set up the first block of songs for the night.",dis-je après avoir lancé le premier bloc de chansons de la soirée.,"John, dis-je après avoir mis en place le premier bloc de chansons pour la soirée."
"Like, when his parents announced they were getting divorced.",Comme lorsque ses parents ont annoncé qu'ils divorçaient.,"Ça ressemblait à ça, quand ses parents avaient annoncé qu'ils divorçaient."
I set the paper aside and look at the bottle of lube.,Je mets le papier de côté et regarde la bouteille de lubrifiant.,Je dépose le journal et regarde la bouteille de lubrifiant.
I need to steer us toward safer ground.,J'ai besoin de nous diriger vers un terrain plus sûr.,Je dois nous diriger vers un terrain plus sûr.
"You'll get a formal letter asking you to vacate, but I thought I'd stop in and tell you personally.","Tu recevras une lettre officielle te demandant de quitter les lieux, mais j'ai pensé que c'était mieux de passer te le dire personnellement.","Ça te parviendra par lettre formelle pour te demander de quitter les lieux, mais je pensais que je te dirais ça personnellement."
"""They fell in love.""",Ils sont tombés amoureux.,Ça a fait tomber les deux en amour.
"""It's not exactly appropriate for a restaurant,"" Andi mumbled sadly, because she would actually love to go to dinner with him.","Ce n'est pas vraiment approprié pour un restaurant, marmonna Andi avec tristesse, parce qu'elle aurait vraiment aimé aller dîner avec lui.","Ça n'est pas exactement approprié pour un restaurant, marmonna tristement Andi, car elle aurait vraiment aimé dîner avec lui."
The deck railing creaked as he grasped it.,La rambarde du pont grinça lorsqu'il la saisit.,Le parapet du pont craqua lorsqu'il le saisit.
"""He's the guy that's made you so happy, your entire body language has changed.",C'est lui qui t'a rendu si heureux que ton langage corporel a changé.,"Ça fait que tu es si heureuse, ton comportement a totalement changé."
"What's wrong with my couch?""",Qu'est-ce qui ne va pas avec mon canapé ?,"Ça y est, qu'est-ce qui ne va pas avec mon canapé ?"
John is handling this much better than I am.,John gère cela beaucoup mieux que moi.,John gère cette situation beaucoup mieux que moi.
"They settle on my hips, and he squeezes hard.",Elles se posent sur mes hanches et il serre fort.,Ça se pose sur mes hanches et il me presse fort.
She pushed her hair over her shoulders and headed to the beach walkway so she could see the pier up close and inspect the damage.,Elle repoussa ses cheveux sur ses épaules et se dirigea vers la promenade de la plage afin de voir la jetée de plus près et d'inspecter les dégâts.,Elle repoussa ses cheveux sur ses épaules et se dirigea vers la promenade de la plage pour pouvoir voir la jetée de près et inspecter les dégâts.
"Even when you're not being real, there's still a truth behind everything you do and say.""","Même quand tu te caches, il y a toujours une vérité derrière tout ce que tu fais et dis.","même quand tu n'es pas vrai, il y a toujours une vérité derrière tout ce que tu fais et dis."
"I'd give it to him, I'm sure, regardless.","Je le lui donnerais, j'en suis sûr, peu importe ce que c'est.","Ça me serait donné, je suis sûr, même sans ça."
"He turned away, sure that his cheeks had flamed at the sight.","Il se détourna, certain que ses joues s'étaient enflammées à cette vue.","Il se détourna, sûr que ses joues avaient rougi à la vue."
"""I told you, he hates this.""","Je te l'ai dit, il déteste tout ça.","Ça te disais, il déteste ça."
"""The renovations are moving along.",Les rénovations avancent.,Les travaux d'aménagement avancent.
If only Chase knew who watched out for whom.,Si seulement Chase savait qui surveillait qui.,Si seulement Chase savait qui gardait un œil sur qui.
"""Am I too loud?"" John looks so guilty I feel like I should be apologizing.",John paraît tellement coupable que j'ai l'impression que c'est moi qui devrais m'excuser.,Êtes-je trop bruyant ?
"She looked small against the vast ocean, like a grain of sand on the beach.","Elle paraissait si petite face à l'immensité de l'océan, comme un grain de sable sur la plage.","Elle paraissait petite face à l'océan immense, comme un grain de sable sur la plage."
"He snatched his hand away, blood rushing to his face at the thought she'd caught him fondling her while she was asleep.","Il retira sa main, le sang lui montant au visage à l'idée qu'elle l'ait surpris en train de la caresser pendant qu'elle dormait.","Il retira sa main, le sang s'envahissant dans son visage à l'idée qu'elle l'avait surpris en train de caresser sa femme alors qu'elle dormait."
He couldn't be more confusing if he tried.,Il ne pouvait  pas être plus déroutant même s'il essayait.,Ça ne pouvait pas être plus confus s'il en avait essayé.
"Luke had always preferred the whale, and they'd passed up a turn on the wheel numerous times to wait for the blue cart to come available.","Luke avait toujours préféré ""la baleine"", et ils avaient renoncé plusieurs fois à un tour de roue pour attendre que la cabine bleue se libère.","Luke avait toujours préféré le baleine, et ils avaient renoncé à leur tour à la roue à plusieurs reprises pour attendre que le chariot bleu soit disponible."
He shrugged and set the last glass ornament in the box.,Il haussa les épaules et déposa le dernier ornement en verre dans la boîte.,Il haussa les épaules et posa le dernier ornement de verre dans la boîte.
"""Something like that.""",Quelque chose comme ça.,Ça ressemble à ça.
"The queen shielded her eyes and looked to the bar, now simmering and smoking.","La reine se protégea les yeux et regarda le bar, maintenant réduit en un tas frémissant et fumant.","La reine se protégea les yeux et regarda le bar, maintenant en fumée et en ébullition."
"Smoke hadn't filled the bedroom, but something was burning somewhere in the bar.","La fumée n'avait pas envahi la chambre, mais quelque chose brûlait quelque part dans le bar.","Le fumier n'avait pas envahi la chambre, mais quelque chose brûlait quelque part dans le bar."
The number of times I've fantasized about this very moment is incalculable.,Le nombre de fois où j'ai fantasmé sur ce moment précis est incalculable.,Ça fait des années que je me suis fantasmatisé sur ce moment-là.
"""Next week,"" Chase said.","La semaine prochaine, dit Chase.","Ça sera la semaine prochaine, dit Chase."
"they didn't have time for another round of sex, even if he thought it was a good idea, which it wasn't.","Il ne pouvait pas s'impliquer et ils n'avaient pas le temps pour une autre partie de jambes en l'air, même s'il pensait que c'était une bonne idée; ce qui n'était pas le cas.","elles n'avaient pas le temps de faire l'amour une autre fois, même si il pensait que c'était une bonne idée, ce qui n'était pas le cas."
"""I'm sorry, Devyn,"" Andi said, wishing that she'd never brought it up.","Je suis désolée, Devyn, déclara Andi, souhaitant n'avoir jamais abordé le sujet.","Je suis désolée, Devyn, dit Andi, souhaitant qu'elle n'ait jamais parlé de ça."
He's a self-talker.,Il se parle à lui-même.,Ça fait un parleur.
"""Five times?"" he asked as they headed down a side street towards the long line of apartment complexes that lined the street.",reprit-il alors qu'ils se dirigeaient vers une rangée d'appartements qui bordait un des côtés de la rue dans laquelle ils se trouvaient.,Ça fait cinq fois ?
He eyes the crowd of reporters like he wants to tear them apart with his bare hands.,Il regarde la foule des journalistes comme s'il voulait les déchiqueter à mains nues.,Il regarde la foule de journalistes comme s'il voulait les déchiqueter à mains nues.
Time to choose the future.,Il était temps de choisir l'avenir.,Ça était temps de choisir son avenir.
"""Is that a bad thing?"" he asked as they slowly made their way past the reason why they'd been stuck on the highway for the past two hours as the road crew pulled back the orange cones.",demanda-t-il alors qu'ils dépassaient lentement la raison pour laquelle ils étaient restés bloqués sur l'autoroute depuis deux heures alors que l'équipe de sécurité routière retirait les cônes orange.,Ça veut dire qu'il y a un problème ?
"""Don't think about all that stuff right now,"" she said.","Ne pense pas à tout cela pour l'instant, dit-elle.","Ne pense pas à tout ça pour l'instant, dit-elle."
"Instead, he'd left the clothes and shoes strewn about and his books and magazines piled around the room.","Au lieu de cela, il avait laissé les vêtements et les chaussures éparpillés, les livres et les magazines empilés dans la pièce.","Au lieu de cela, il avait laissé ses vêtements et ses chaussures par terre et ses livres et ses magazines en tas dans la pièce."
"""Hey, mister,"" she said.","Hé, monsieur, dit-elle.","Ça va, monsieur, dit-elle."
"It took time to figure out how to turn my love of music into a career.""",Il m'a fallu du temps pour comprendre comment transformer mon amour de la musique en carrière.,Ça a fallu du temps pour comprendre comment transformer mon amour de la musique en une carrière.
"Reluctantly, hands shaking so badly I can barely get them to do my bidding, I click.","À contrecœur, les mains tremblant à tel point que j'ai du mal à les faire fonctionner, je clique.","Reluctamment, les mains tremblant à tel point que je ne peux presque pas les faire obéir, je clique."
"He was on a sunny beach, and the wind was light, hugging.","Il se trouvait sur une plage ensoleillée, et le vent était léger, enveloppant.","Il était sur une plage ensoleillée, et le vent était doux et caressant."
The duvet was high-quality cotton and cool to the touch in the muggy room.,La couette était en coton de haute qualité et fraîche au toucher dans la pièce moite.,La couette était en coton de qualité et froide à la touche dans la pièce en proie à la chaleur.
"""That porn you were going to tell me about?""","Alors, ce porno dont tu allais me parler ?","Ça, le porno que tu allais me dire ?"
"Worth your forgiveness.""",S'il vaut la peine que tu lui pardonnes.,Ça vaut ta pardon.
"Numbness flowed through him like molasses, and he clenched his biceps.",Une sensation d'engourdissement le traversa comme de la mélasse et il serra les biceps.,"L'insensibilité le traversa comme de la mélasse, et il serrit ses biceps."
She'd use whatever she could to get him to stick around long enough to fall in love.,Elle ferait tout ce qu'elle pourrait pour qu'il reste assez longtemps pour tomber amoureux.,Elle utiliserait tout ce qu'elle pouvait pour qu'il reste suffisamment longtemps pour tomber amoureux.
"He set the glass of water in front of her, then drew up a tall beer for himself.","Il posa le verre d'eau devant elle, puis se servit une grande bière.","Il posa la tasse d'eau devant elle, puis se procura une bière."
They started following her.,Ils ont commencé à la suivre.,Ça a commencé à la suivre.
"I don't want to fall this fast, but I don't know how to stop the slide.","Je ne veux pas tomber amoureux aussi vite, mais je ne sais pas comment arrêter la chute.","Je ne veux pas tomber si vite, mais je ne sais pas comment arrêter la chute."
Local teacher fired after claims he seduced a student.,Un enseignant local licencié après avoir été accusé d'avoir séduit un élève.,Un professeur local a été licencié après des accusations de l'avoir séduit.
John is at the podium now.,John est maintenant sur le podium.,John est maintenant au podium.
"""Michael John Dalton is innocent,"" the older woman begins.","""Michael John Dalton est innocent"", commence la femme la plus âgée.","Michael John Dalton est innocent, commence la femme plus âgée."
Maybe he'd reach someone who could help in time.,Peut-être qu'il aurait pu joindre quelqu'un qui pourrait l'aider à temps.,Ça pourrait arriver qu'il atteigne quelqu'un qui pourrait l'aider à temps.
The positive.,Les choses positives.,Ça veut dire que c'est positif.
"""He's trying to get up.""",Il essaie de se lever.,Ça tente de se lever.
This is a tiny lie.,C'est un petit mensonge.,Ça fait un petit mensonge.
"But yours isn't much better.""",Mais le tien n'est pas beaucoup mieux.,Ça ne te sert pas de rien.
"""Welcome to the Emerald Cove.",Bienvenue à Emerald Cove.,Bienvenue à l'Emeraude Cove.
"""Do you have a problem with long hours?""",Est-ce que les grandes amplitudes horaires vous posent un problème ?,Êtes-vous en conflit avec les heures de travail longues ?
He thinks he can bully me into marriage.,Il pense qu'il peut faire pression pour que je me marie.,Il croit pouvoir me faire épouser par la force.
"""I need to get the painting of Christopher.",Je dois récupérer le tableau de Christopher.,Je dois obtenir le tableau de Christopher.
"""You need to let him explain.",Tu dois le laisser s'expliquer.,Il faut que tu le laisses expliquer.
No point in hearing the same thing over and over.,Ce n'est pas la peine d'entendre la même chose encore et encore.,Ça ne servait à rien d'entendre la même chose à chaque fois.
"""2356 multiplied by 23.""","""2356 multiplié par 23.",2356 multiplié par 23.
"He ran his tongue lightly over her soft lips, tasting her again and again.","ll passa légèrement sa langue sur ses lèvres douces, la goûtant encore et encore.","Il passa légèrement sa langue sur ses lèvres douces, la goûtant à nouveau et à nouveau."
"Most of the people I know are cynics, or reformed cynics.","La plupart des gens que je connais sont des cyniques, ou des cyniques repentis.",La plupart des gens que je connais sont des cyniques ou des cyniques réformés.
He spat on the ground.,Il cracha sur le sol.,Il expectora sur le sol.
"He should be losing his fucking mind trying to figure out how he was going to fix this in time, but right now, all he felt was relief.","Il aurait dû être en train de péter les plombs en essayant d'arranger ce merdier, mais au lieu de ça, il se sentait soulagé.","Ça devrait le faire perdre la tête en essayant de savoir comment il allait réparer ça à temps, mais pour l'instant, il ne ressentait que du soulagement."
"I'll drag his ass out there and show him what power I have, and then I'll let him feel what it's like to die because you can't breathe.","Je vais le traîner là-bas et lui montrer le pouvoir que j'ai, puis je lui ferai sentir ce que c'est que de mourir parce qu'on ne peut plus respirer.","Je lui montrerai ce que je peux faire, puis je lui laisserai ressentir ce que c'est que de mourir parce que vous ne pouvez pas respirer."
"God, she really didn't want to be the one to tell him.","Bon sang, elle ne voulait vraiment pas être celle qui le lui annoncerait.","Ça, elle ne voulait pas être celle qui lui le dirait."
The last few hours of listening to Chase talk had been a delicious distraction from both the storm and Inna's revelation.,Les dernières heures passées à écouter Chase avaient été une délicieuse distraction par rapport à la tempête et à la révélation d'Inna.,Les dernières heures pendant lesquelles Chase parlait avaient été un délicieux divertissement pour échapper à la tempête et à la révélation d'Inna.
"Side note, Prince is infinitely better on vinyl.",À noter que Prince est infiniment meilleur sur vinyle.,"Remarque à part, Prince est infiniment meilleur en vinyle."
"Andi found herself wondering as she reluctantly turned around, resigning herself to never knowing the joy of making a snow angel and decided that this moment deserved a heartfelt sigh.","en se retournant à contrecœur, se résignant à ne jamais connaître la joie de faire un ange de neige et décidant que ce moment méritait un soupir sincère.","Andi se demandait ce qu'il se passait alors qu'elle tournait de force, se résignant à ne jamais connaître le plaisir de faire un ange de neige et décida que ce moment méritait un soupir sincère."
"I don't pine after straight men, but I sure as fuck don't mind looking.","Je ne me languis pas des hommes hétérosexuels, mais ça ne me dérange pas de les regarder.","Je ne suis pas amoureux des hommes hétérosexuels, mais je ne me plains pas de les regarder."
It's there in the tremble of his hands as they ghost over my thighs.,"C'est là, dans le tremblement de ses mains qui se promènent sur mes cuisses.",Ça se voit dans le tremblement de ses mains lorsqu'elles passent sur mes cuisses.
"We had our time, but..."" He exhales.","Nous avons eu notre temps, mais... Il lâche un soupir.","Ça a duré, mais... Il expire."
"""Well, you're good at it.""","Eh bien, tu es doué pour ça.","Ça va, tu y es bien."
"Cradling her face in his hands, Devyn slowly breathed into her mouth.","Prenant délicatement son visage entre ses mains, Devyn inspira lentement dans sa bouche.",Devyn la cueillit dans ses mains et respira lentement dans sa bouche.
"""Let's move over to the couch where it's more comfortable.","Allons-nous installer sur le canapé, c'est plus confortable.","Allons nous assoir sur le canapé, où il y a plus de confort."
"Giving his gorgeous dick one last lick, I climb up his body.",Je lèche une dernière fois sa superbe queue et  grimpe le long de son corps.,"Je donne une dernière lèche à sa magnifique queue, puis je gravis son corps."
"""I told you to take care of her and you fucking left her there!"" Devyn shouted, slamming him back against the wall.","Je t'ai dit de prendre soin d'elle et putain, tu l'as laissée là-bas !",Ça m'a dit de la prendre en charge et tu l'as laissée là !
"You're still here because of him, aren't you?""","C'est à cause de lui que tu es encore là, n'est-ce pas ?","Ça veut dire que tu es encore là grâce à lui, n'est-ce pas ?"
"I let my head drop to my chest as he works my glutes, my cock twitching already.","Je laisse ma tête retomber contre ma poitrine pendant qu'il frotte mon fessier, ma bite tressaillant déjà.","Je laisse tomber ma tête sur mon torse pendant qu'il travaille mes fesses, ma queue se tord déjà."
"They are in the way of my mission.""",Elle m'empêche d'accomplir ma mission.,Ça me gêne dans ma mission.
"""I don't want to work in accounting,"" she reminded him.","Je ne veux pas travailler à la comptabilité, lui rappela-t","Ça ne veut pas dire que je veux travailler dans le service des comptes, lui rappela-t-elle."
"""Thank you for saving me the trouble,"" Lucas said smoothly as he clicked to the next slide.","Merci de m'avoir épargné cette peine, dit Lucas d'une voix doucereuse en cliquant sur la diapositive suivante.","Ça m'a épargné le délai, dit Lucas avec une voix lisse en passant à la diapositive suivante."
"I stroke my thumb over the fabric of his tee, wishing like hell it were bare skin.","Je passe mon pouce sur le tissu de son T-shirt, souhaitant ardemment que ce soit de la peau nue.","Je passe mon pouce sur le tissu de son tee-shirt, souhaitant que ce soit de la peau nue."
"""I told you, the family, they can't...""","Je te l'ai dit, sa famille ne peut pas...","Ça, je t'ai dit, la famille, elle ne peut pas..."
The ocean breeze lifted her sundress and sent it flapping against her thigh and it was all he could do to keep from reaching for her.,"La brise de l'océan soulevait sa robe d'été et l'envoyait battre contre sa cuisse, et il fit tout son possible pour ne pas tendre la main vers elle.","L'air de l'océan soulevait sa robe de plage et la faisait flotter contre sa cuisse, et c'est tout ce qu'il pouvait faire pour ne pas s'approcher d'elle."
"""Most of the restaurant stuff is staying with the bar.""",La plupart du matériel du restaurant ainsi que le bar restent.,La plupart des équipements du restaurant restent avec le bar.
"I feel him take a deep breath, and then he sighs sweetly.","Je le sens prendre une profonde inspiration, puis soupirer doucement.","Je le sens prendre une profonde inspiration, puis il soupire doucement."
"Things could have been much worse, for sure.","Les choses auraient pu être bien pires, c'est certain.","Ça aurait pu être bien pire, c'est sûr."
And he's back to avoiding eye contact.,Et il recommence à éviter le contact visuel.,Ça reprend à l'évidence.
Of course.,Évidemment.,Ça va.
"I've fallen silent again because I'm trying to be present for him, but he's probably misinterpreting things.","Je me tais à nouveau car j'essaie d'être présent pour lui, mais il interprète probablement mal les choses car il continue.","Ça fait que je suis de nouveau silencieux parce que j'essaie d'être présent pour lui, mais il interprète probablement mal les choses."
"""Then I guess I should give this to someone else,"" came the softly murmured words that had her swallowing hard as she looked up and found Devyn standing in her doorway.","Alors, je devrais donner ça à quelqu'un d'autre, les mots doucement murmurés qui la firent déglutir alors qu'elle levait les yeux et trouvait Devyn dans l'embrasure de sa porte.","Ça veut dire que je devrais donner cela à quelqu'un d'autre, dit-il doucement, ce qui la fit avaleur difficilement alors qu'elle levait les yeux et découvrait Devyn debout dans son portail."
"I reach up and slide a hand into his hair, run my other fingers along the dips and curves of his back.","Je me lève et glisse une main dans ses cheveux, je passe mes autres doigts le long des creux et des courbes de son dos.","Je lève les bras et glisse une main dans ses cheveux, je traverse les creux et les courbes de son dos avec les autres doigts."
"""Let the human go.""",Laisse partir l'humain.,Lâchez l'humain.
"""Why did it have to be Luke?",Pourquoi fallait-il que ce soit Luke ?,Pourquoi Luke ?
"The beach lay in darkness, and Inna could lurk anywhere among the dunes or pier remains.","La plage était plongée dans l'obscurité, et Inna pouvait se cacher n'importe où parmi les dunes ou les vestiges de la jetée.","La plage était dans l'obscurité, et Inna pouvait se cacher n'importe où parmi les dunes ou les restes de la jetée."
Chapter 34,Chapitre 34,34
"His fingers tweak one of my nipples, and I moan into yet another kiss.",Ses doigts titillent l'un de mes mamelons et je gémis dans un nouveau baiser.,Ses doigts attrapent un de mes mamelons et je gémis dans un autre baiser.
"God, that felt so fucking good.","Mon Dieu, que ça faisait du bien.",Ça sentait tellement bon.
But he wasn't good at that kind of thing.,Mais il n'était pas doué pour ce genre de choses.,Ça ne lui convenait pas.
"I don't only mean the millions of songs in the digital archive, someone in the station's history had hoarded vinyl like it was going out of style.","Je ne parle pas seulement des millions de chansons contenues dans les archives numériques, mais du fait qu'une personne, dans l'histoire de la station, ait accumulé des vinyles comme si c'était démodé.","Ça ne veux pas dire que je ne parle que des millions de chansons dans l'archive numérique, il y a eu quelqu'un dans l'histoire de la station qui a rassemblé des disques vinyle comme si c'était à la mode."
"After maneuvering around a few tables, he laid her on the corner couch.","Après avoir contourné quelques tables, il l'allongea sur le canapé du coin.","En manœuvrant autour de quelques tables, il la posa sur le canapé à coin."
I hum the line to him and search his face for recognition.,Je lui fredonne le morceau et cherche sur son visage pour voir s'il a reconnu la mélodie.,Je lui chante la ligne et j'examine son visage à la recherche de reconnaissance.
"""Do you think it will ever go away?",Penses-tu que cela disparaîtra un jour ?,Ça ira-t-il jamais s'en aller ?
"Any other day, his eye contact would be filed in the fantasy category called ""replay.""","N'importe quel autre jour, son contact visuel aurait été catalogué dans l'esprit de Mari dans la catégorie des fantasmes appelée ""replay"".","D'habitude, son contact visuel serait classé dans la catégorie des fantasmes appelée ""replay""."
"""Such a cynic, you are.""",Tu es un vrai cynique.,Ça fait un tel cynique que tu es.
Too relieved to be inside the circle of his embrace again to fight it.,Je suis trop soulagé d'être à nouveau dans le cercle de son étreinte pour lutter.,Relié de l'intérieur du cercle de son bras pour le combattre.
Not my John.,Pas mon John.,Pas mon John.
"I debate driving back down to Philly, even though it's not a good idea in my current frame of mind.","J'envisage de retourner à Philadelphie en voiture, même si ce n'est pas une bonne idée dans l'état d'esprit où je me trouve.","Je débats de m'en aller à Philadelphie, même si c'est une idée mal pensée dans mon état d'esprit actuel."
"And even though the sea held darkness, the land did too.","Et même si la mer contenait des ténèbres, la terre en contenait aussi.","Et même si la mer était sombre, la terre l'était aussi."
"But you all don't care about that, you have a juicy story for your ratings and your newspapers.","Mais vous vous en moquez tous, vous avez une histoire juteuse pour vos audiences et vos journaux.","Ça ne vous importe pas, vous avez une histoire à raconter pour augmenter vos audiences et vos ventes de journaux."
"Sunset was near, though it was impossible to tell with the blossoming of dark clouds across the sky.","Le coucher du soleil était proche, même s'il était impossible de le deviner avec l'éclosion de nuages sombres dans le ciel.","L'aube était proche, mais il était impossible de le dire avec l'apparition de nuages sombres dans le ciel."
"And besides, pirates didn't have coffee with cream and sugar.","Et puis, les pirates ne prenaient pas de café avec de la crème et du sucre.",Ça ne comptait pas pour les pirates qui ne buvaient pas du café avec de la crème et du sucre.
She dropped her clothes on the sand and placed a rock on them to keep them from blowing away then glanced at Inna.,"Elle laissa tomber ses vêtements sur le sable et posa une pierre dessus pour les empêcher de s'envoler, puis jeta un coup d'œil à Inna.","Elle déposa ses vêtements sur le sable et posa une pierre dessus pour les empêcher de s'envoler, puis jeta un coup d'œil à Inna."
"He wraps his arms around me, one across my collar and one around my chest, and it feels so damned good.","Il m'entoure de ses bras, l'un autour de mon cou et l'autre autour de ma poitrine, et c'est tellement bon.","Il m'entoure de ses bras, l'un sur mon col et l'autre autour de mon torse, et cela me donne tellement de bonheur."
He pulls out a Steely Dan.,Il sort un vinyle de Steely Dan.,Il sort un Steely Dan.
"He'd used her weakness against her, something that she would not forget.",Il avait utilisé sa faiblesse contre elle ;,"Il avait utilisé sa faiblesse contre elle, quelque chose qu'elle ne oublierait pas."
Quivering like a pair of virgin teenagers.,Frémissant comme deux ados puceaux.,Ça tremblait comme deux jeunes filles vierges.
The rain was picking up and it wouldn't be long until it was constant.,La pluie s'intensifia et ne tardera pas à devenir continue.,La pluie s'intensifiait et il ne serait pas longtemps avant qu'elle ne soit constante.
The dune grass bent almost horizontally to the ground and clouds of sand rolled down the beach like tumbleweeds.,L'herbe des dunes se courbaient presque horizontalement vers le sol et des nuages de sable roulaient sur la plage comme des chenilles.,L'herbe des dunes était presque horizontale au sol et des nuages de sable roulaient sur la plage comme des touffes de chanvre.
"Mesa turned to walk away, then stopped and looked back.","Mesa se tourna pour s'éloigner, puis s'arrêta et se retourna.","Mesa se retourna pour s'éloigner, puis s'arrêta et regarda en arrière."
"""It's a great offer,"" he added.","C'est une excellente offre, ajouta-t-il.","Ça fait une offre très intéressante, ajouta-t-il."
"I watch him through the double-paned glass of the booth, and I can hear him through the open door.",Je le regarde à travers le double vitrage de la cabine et je l'entends par la porte ouverte.,Je le regarde à travers le double vitrage de la cabine et je le sens à travers la porte ouverte.
"""I have a reservation for Andi Dawson,"" Andi said with a satisfied sigh as she reached for her credit card only to end up grumbling when Devyn narrowed his eyes on her until she put it away.","J'ai une réservation au nom d'Andi Dawson, dit Andi avec un soupir de satisfaction en tendant sa carte de crédit, mais elle finit par grommeler quand Devyn la fixa, les yeux plissés  jusqu'à ce qu'elle la range.","Ça fait du bien, dit Andi avec un soupir satisfait alors qu'elle tendait sa carte de crédit, mais elle finit par grommeler lorsque Devyn la fixa de son regard jusqu'à ce qu'elle la mette de côté."
"The sooner they could find out what condition the island was in, the sooner he could leave.","Plus vite ils sauraient dans quel état se trouvait l'île, plus vite il pourrait partir.","Plus vite ils pourraient découvrir l'état de l'île, plus vite il pourrait partir."
"Today is Sunday, and Nicki has invited everyone to a celebratory brunch at Rick's Pub.",Nous sommes dimanche et Nicki a invité tout le monde à un brunch de célébration au Rick's Pub.,"Ça fait un dimanche, et Nicki a invité tout le monde à un déjeuner de fête au Rick's Pub."
"It had taken being disavowed in a very public, painful way to get Dyer to walk away from the two years he'd invested.",Il a fallu qu'il soit désavoué de manière très publique et douloureuse pour que Dyer abandonne les deux années qu'il avait investi dans cette relation.,Ça avait fallu qu'il soit dénoncé de façon très publique et très douloureuse pour qu'il se détache des deux ans qu'il avait investis.
Was this what being a grown-up was like?,"Était-ce ça, être adulte ?","Ça, c'était ce que c'était que d'être un adulte ?"
No telling what the tide pushed up near the shore.,On ne sait pas ce que la marée poussait près du rivage.,Ça ne faisait pas de doute que la marée avait poussé des débris sur la plage.
It rubs over my raw nerves and makes my heart ache.,Elle gratte mes nerfs à vif et me fait mal au cœur.,Ça froisse mes nerfs cruels et fait mal à mon cœur.
Inna kicked at the floor planks with his bare foot.,Inna donna un coup de pied sur les planches du sol avec son pied nu.,Inna donnait des coups de pied aux planches du sol avec son pied nu.
Was Christopher the pirate who killed Inna's great-great-something-grandmother?,Christopher était-il le pirate qui avait tué l'arrière-arrière-grand-mère d'Inna ?,Ça faisait-il Christopher le pirate qui avait tué la grand-mère de sa grand-mère ?
"John's erection is thicker than mine, though shorter.","L'érection de John est plus épaisse que la mienne, bien que plus courte.","L'érection de John est plus épaisse que la mienne, mais plus courte."
"He scanned the beach, looking for Inna.","Il balaya la plage du regard, à la recherche d'Inna.",Il balaya la plage à la recherche d'Inna.
"The water here is still and silent, green with algae and moss, and brackish in my nostrils.","Ici, l'eau est calme et silencieuse, verte avec des algues et de la mousse, et saumâtre dans mes narines.","L'eau ici est calme et silencieuse, verte à cause des algues et des mousses, et salée dans mes narines."
"He's so big and so solid, I can't help but feel safe with him.",Il est si grand et si solide que je ne peux m'empêcher de me sentir en sécurité avec lui.,Ça est si grand et si solide que je ne peux m'empêcher de me sentir en sécurité avec lui.
You've built a great little business here and you should be proud.,Tu as créé une belle petite affaire et tu peux en être fière.,Ça fait un bon petit business et tu devrais être fier.
"A light breeze hit her, pushing away the sticky humidity for a moment, and she gulped the fresh airso clean.","Une légère brise l'atteignit, chassant un instant l'humidité poisseuse, et elle avala l'air frais, si pur.","Une légère brise la frappa, chassant la humidité visqueuse pendant un moment, et elle buvait l'air frais."
"""And that film is still your birthright.""",Et ce film fait partie de ton patrimoine !,Et ce film est toujours le tien.
"""What's complicated about it?",Qu'est-ce qui est compliqué ?,Ça n'est pas compliqué ?
"""Super helpful,"" Andi mumbled as she tossed it aside and grabbed another one.","Super utile, marmonna Andi en le jetant de côté et en prenant un autre.","Ça a été très utile, marmonna Andi en l'envoie de côté et en attrapant une autre."
He opened his eyes and reached for a glass to pour some of his favorite Scotch into.,Il ouvrit les yeux et attrapa un verre pour y verser son scotch préféré.,Il ouvrit les yeux et se saisit d'un verre pour y verser une partie de son scotch préféré.
"""Really, Franklin?""","Vraiment, Franklin ?","Vraiment, Franklin ?"
"Well, that wasn't entirely true because Ben had been more than happy to make sure that she didn't have any reason to come back to the office, call, text, or even send an email.","Enfin, ce n'était pas tout à fait vrai parce que Ben avait été plus qu'heureux de s'assurer qu'elle n'avait aucune raison de revenir au bureau, d'appeler, d'envoyer un message ou même d'envoyer un e-mail.","Ça n'était pas tout à fait vrai car Ben avait été plus que content de s'assurer qu'elle n'avait aucune raison de revenir au bureau, de téléphoner, de texter ou même d'envoyer un e-mail."
There are some things I can't share.,Il y a des choses que je ne peux pas partager.,Ça y a des choses que je ne peux pas partager.
"""And if my sister wasn't already lost in whatever the hell you just gave her, she'd remember her manners and introduce us.","Et si ma sœur n'était pas déjà perdue dans ce que tu viens de lui donner, elle se souviendrait de ses bonnes manières et nous présenterait.","Et si ma sœur n'était déjà perdue dans ce que tu viens de lui donner, elle se souviendrait de ses manières et nous présenterait."
"That's one thing I'll miss when I movefresh seafood.""",C'est une chose qui me manquera quand je déménagerai : les fruits de mer frais.,Ça est une chose que je regretterai quand je déménagerai  du poisson frais.
"Then a long nap to forget the weather, the bar, Mari.","Puis une longue sieste pour oublier le temps qu'il faisait, le bar, Mari.","Ça lui fallait un long sommeil pour oublier le temps, le bar, Mari."
"That's the third or fourth time I've seen him hauling records out of here.""",C'est la troisième ou quatrième fois que je le vois sortir des disques d'ici pour leur donner.,Ça fait le troisième ou le quatrième fois que je le vois sortir des disques.
"After one last look at The Charlton, Devyn climbed back in the car with a murmured, ""The Mason.""","Après avoir jeté un dernier coup d'œil au Charlton, Devyn remonta dans la voiture en murmurant : ""Le Mason"".","Devyn regarda une dernière fois le Charlton, puis remonta dans la voiture en murmurant : ""Le Mason""."
During a storm.,Pendant une tempête.,Ça a été pendant une tempête.
"One afternoon he'll choose, and another I will.","Un après-midi, c'est lui qui choisit le lieu, et l'après-midi suivant, c'est moi.","Un après-midi, il choisira, et un autre, moi."
"In fact, it was the only option left.","En fait, c'était la seule option qui lui restait.",Ça faisait en fait partie des seules options restantes.
"""I've been fascinated by fairs, amusement parks, and Ferris wheels since Luke and I were little.","Je suis fasciné par les foires, les parcs d'attractions et les grandes roues depuis que Luke et moi sommes petits.","J'ai toujours été fasciné par les foires, les parcs d'attractions et les grandes roues depuis que Luke et moi sommes petits."
"In the pack, with the water, and a cell phone with no signal.""","Dans le sac, avec l'eau et un téléphone portable sans signal.","Ça fait un peu de temps que je suis parti, avec le sac, l'eau et un téléphone portable sans signal."
"""Dyer doesn't do domestic,"" he deadpans before he spins in his rainbow Chuck Taylors and scurries off.","Dyer ne fait pas le ménage, dit-il avant de tourner les talons dans ses Chuck Taylors arc-en-ciel et de s'enfuir en courant.","Dyer ne fait pas de ménage, dit-il sans expression avant de faire un tour dans ses chaussures arc-en-ciel et de s'enfuir."
"""If you need anything, don't bother calling the front desk.","Si vous avez besoin de quoi que ce soit, n'appelez pas la réception.","Si tu as besoin de quelque chose, n'hésite pas à appeler la réception."
I had a client up from the city.,J'avais un client qui venait de la ville.,Ça faisait un moment que j'avais un client de la ville.
She dove under to swim to him.,Elle plongea pour nager jusqu'à lui.,Elle plongea pour nager jusqu'à lui.
You can tell me.,Tu peux me le dire.,"Ça te fait peur, mais tu peux me le dire."
He'd seen himit wasn't his imagination.,"Il l'avait vu, ce n'était pas son imagination.","Ça l'avait vu, ce n'était pas son imagination."
"And that may be, but I'm not made for you.","C'est possible, mais je ne suis pas fait pour toi.","Ça peut être, mais je ne suis pas fait pour toi."
"He caught his breath, then moved closer to the pier ruins where she stood.","Il reprit son souffle, puis se rapprocha des ruines de la jetée où elle se tenait.","Il respira, puis se rapprocha des ruines de la jetée où elle se tenait."
I don't like the waterespecially the ocean.,"Je n'aime pas l'eau, surtout l'océan.","Je n'aime pas l'eau, surtout l'océan."
"""Of course, it won two Grammys,"" I tell him.","Bien sûr, ils ont gagné deux Grammys avec cet album, lui dis-je.","Ça a gagné deux Grammys, lui dis-je."
"Dad was a fisherman, and Mom liked to be near the water.",Papa était pêcheur et maman aimait être près de l'eau.,Dad était pêcheur et Mom aimait être près de l'eau.
"""After I graduated, I started at the bottom, took every shift I could get my hands on, read every book that I could find that I thought would help, and worked my way up to the top and when I heard about the position at Carta Hotels, I went after it, knowing that if I could pull it off that it would be enough","Après avoir obtenu mon diplôme, j'ai commencé au bas de l'échelle, j'ai pris tous les postes qui me tombaient sous la main, j'ai lu tous les livres que j'ai pu trouver et qui pouvaient m'aider.","Après avoir obtenu mon diplôme, j'ai commencé à la base, j'ai accepté tous les postes que j'ai pu obtenir, j'ai lu tous les livres que j'ai pu trouver qui m'auraient semblé utiles et j'ai gravi les échelons jusqu'au sommet, et quand j'ai entendu parler du poste aux Hôtels Carta, j'ai fait tout mon possible pour l'obtenir, sachant que si je pouvais le faire, cela ser"
"""If you've never been, you don't know if Kansas is better.""","Si tu n'y es jamais allée, tu ne sais pas si le Kansas est mieux ou pas.","Si tu n'y es jamais allé, tu ne sais pas si le Kansas est mieux."
"I think Interpol has a file.""",Je pense qu'Interpol a un dossier sur le sujet.,Ça dit Interpol a un dossier.
All muscles and strength.,Tout en muscles et en force.,Musclé et fort.
"""Sorry, been prepping for the storm.""","Désolé, je me préparais à la tempête.","Désolé, j'étais en train de préparer la tempête."
"Still, he wasn't a lost cause.","Pourtant, ce n'était pas une cause perdue.",Ça ne signifiait pas qu'il était perdu.
"""The stubborn little pain in the ass has gone into labor,"" came the words that had her opening her mouth, only to close it with a grumble since she really couldn't argue with that.","La petite enquiquineuse bornée a commencé le travail, furent les mots qui lui firent ouvrir la bouche, avant de la refermer avec un grognement, car elle ne pouvait vraiment pas contester cette information.","Ça fait que la petite putain a commencé à accoucher, dit-il, ce qui la fit ouvrir la bouche, puis la fermer avec un grognement, car elle ne pouvait pas s'opposer à ça."
"You know the significance of that tattoo.""",Tu connais la signification de ce tatouage.,Ça te dit quel est le sens de ce tatouage.
"Her sister never had issuessing a song, snag a man.","Sa sœur n'avait jamais eu de problème  une chanson, un homme. Du moins, c'est ce qu'il lui semblait.","Sa sœur n'avait jamais de problèmes  à écrire une chanson, à attraper un homme."
"""God, I love bacon,"" his new assistant murmured with a happy little sigh as she nibbled on what looked like an egg sandwich with an unhealthy amount of bacon while Devyn stood there, wondering why his new assistant was sitting outside at six-thirty in the morning.","murmura sa nouvelle assistante avec un petit soupir heureux alors qu'elle grignotait ce qui ressemblait à un sandwich aux œufs avec une quantité astronomique de bacon, alors que Devyn était planté là à se demander ce que sa nouvelle assistante faisait à l'extérieur du bâtiment à six heures et demie du matin.","Ça, je l'adore, murmura son assistante avec un petit soupir heureux alors qu'elle mâchait ce qui ressemblait à un sandwich d'œuf avec une quantité excessive de bacon alors que Devyn restait là, se demandant pourquoi sa nouvelle assistante était assise dehors à six heures du matin."
I hadn't done anything but sit and hold him for a while.,Je n'ai rien fait d'autre que de m'asseoir et de le tenir dans mes bras pendant un moment.,Ça n'avait rien fait que de m'asseoir et de le tenir pendant un moment.
It was only months later that he realized Kelly had been lonely.,Ce n'était que des mois plus tard qu'il avait compris que Kelly se sentait seule.,C'est seulement des mois plus tard qu'il réalisa que Kelly était seule.
"I'm peripherally aware of the heads turning and the looks that trail his trip toward me, but my focus is entirely on him.","Je suis conscient des têtes qui se tournent et des regards qui suivent son chemin vers moi, mais je me concentre entièrement sur lui.","Je suis conscient des têtes qui se tournent et des regards qui suivent son chemin vers moi, mais mon attention est entièrement tournée vers lui."
And I will catch you.,Et je t'attraperai.,Ça va me prendre.
"I guess I have two things, then.",Je suppose donc que j'ai deux choses à moi.,"Ça fait donc deux choses, alors."
Andi rushed to explain as she threw a panicked look at the large security guard reaching for her and-,Andi se dépêchait de s'expliquer en jetant un regard paniqué à l'énorme agent de sécurité qui s'approchait et...,Andi se précipita pour expliquer alors qu'elle jetait un regard paniqué vers le garde du corps imposant qui s'approchait d'elle et...
"""He has been very busy working behind the scenes, arranging transfers, intercepting audits, and doing everything that he could to keep us distracted.""","Il a été très occupé à travailler dans les coulisses, à organiser des transferts, à intercepter des audits et à faire tout ce qu'il pouvait pour nous distraire.","Ça a été très occupé à travailler à l'arrière-scène, à organiser les transferts, à intercepter les audits, et à faire tout ce qu'il pouvait pour nous distraire."
That hadn't been enough to annul thingstoo much riding on the union of the tribes.,Cela n'avait pas suffi à annuler les promesses  trop de choses dépendaient de l'union de leurs deux tribus.,Ça n'avait pas été suffisant pour annuler les choses  trop était en jeu avec l'union des tribus.
"Of course, this wasn't Hawaii, but up near the point was some darn good East Coast surfing.","Bien sûr, ce n'était pas Hawaï, mais près de la pointe, il y avait de sacrés bons coins pour surfer sur la côte Est.","Ça n'était pas Hawaii, mais près du cap, il y avait une bonne surf."
"""I'll be back,"" he says, breathless.","Je reviens, dit-il, essoufflé.","Ça va repartir, dit-il, à souffle court."
She pointed to the bar.,Elle désigna le bar.,Elle fit un geste vers le bar.
It was his dream too.,C'était aussi son rêve.,Ça était aussi son rêve.
"She didn't look like she was trying to kill him, Devyn thought, taking a sip of the large caramel coffee that he was forced to grab from the employee cafeteria when it became painfully obvious that his new assistant didn't know how to make coffee.","Elle n'avait pourtant pas l'air de vouloir le tuer, se dit Devyn en buvant une gorgée du café au caramel qu'il avait dû prendre à la cafétéria des employés quand il était devenu évident que sa nouvelle assistante ignorait comment faire du café.","Ça n'avait pas l'air qu'elle essayait de le tuer, pensa Devyn en buvant une gorgée du grand café au caramel qu'il avait dû attraper dans la cantine des employés lorsque son nouveau assistant n'avait pas su faire du café."
She stretched out her legs and laid her head on the couch pillow and softly whistled some nondescript '80s pop song.,"Elle étendit ses jambes, posa sa tête sur le coussin du canapé et siffla doucement une chanson pop des années 80.",Elle étendit les jambes et posa sa tête sur un oreiller du canapé et siffla doucement une chanson pop des années 80 sans nom.
Gayle pauses when she reaches the door and looks at me like I'm out of my head.,Gayle s'arrête au niveau de la porte et me regarde comme si j'avais perdu la tête.,Gayle fait une pause lorsqu'elle atteint la porte et me regarde comme si je n'étais pas dans mon droit.
"""I don't want to be fair, I want you here.""","Je ne veux pas être juste, je veux que tu sois là.","Je ne veux pas être équitable, je veux que tu sois ici."
"Once he was gone, Devyn sat down on the couch and watched Andi, still amazed by how quickly her mind worked as she went through the files that he'd brought.","Une fois qu'il fut parti, Devyn s'assit sur le canapé et observa Andi, toujours étonné par la rapidité avec laquelle son esprit travaillait alors qu'elle parcourait les dossiers qu'il avait apportés.","Une fois qu'il était parti, Devyn s'assit sur le canapé et regarda Andi, toujours étonné de la rapidité avec laquelle son esprit fonctionnait alors qu'elle parcourait les dossiers qu'il avait apportés."
It's easy to picture John in front of a classroom.,C'est facile d'imaginer John dans une salle de classe.,Ça est facile de se représenter John devant une classe.
"I've always known, even before he came back to his flat that night and found that I'd learned the truth about him.","Je l'ai toujours su, même avant qu'il ne revienne à son appartement cette nuit-là et qu'il découvre que j'avais appris la vérité à son sujet.","Ça m'a toujours été clair, même avant qu'il ne revienne dans son appartement cette nuit-là et ne découvre que j'avais appris la vérité sur lui."
And it's clear he looks up to him.,Et il est clair qu'il l'admire.,Ça est clair qu'il le respecte.
"As a boy, he'd relished that meditative quality that grew where the water met the land and the sun blanketed everything in a golden warmth that lingered in the soul forever.","Enfant, il avait savouré cette faculté méditative qui naissait là où l'eau rencontrait la terre et où le soleil recouvrait tout d'une chaleur dorée qui s'attardait dans l'âme","Enfant, il avait apprécié cette qualité méditative qui se développe à la rencontre de l'eau et de la terre, et où le soleil recouvrait tout d'une chaleur dorée qui restait dans l'âme pour toujours."
"""He likes the classics.",Il aime les classiques.,Ça lui plaît les classiques.
She had Chase now.,Elle avait Chase maintenant.,Ça lui avait donné Chase.
"""I love the warmth of the sun on my skin, and the brush of a cool breeze, and the clarity of music on land.""","J'aime la chaleur du soleil sur ma peau, le frôlement d'une brise fraîche et la clarté de la musique sur la terre ferme.","Je trouve que le soleil chaud sur ma peau, la brise fraîche et la clarté de la musique sur terre sont magnifiques."
Then I look up at him.,Puis je lève les yeux vers lui.,Je lève les yeux vers lui.
"Do your thing, I'll be tuning in.""","Fais opérer ta magie, je serai à l'écoute.","Fais ce que tu veux, je serai en train de regarder."
Fall into her arms again.,Tomber à nouveau dans ses bras.,Tomber à nouveau dans ses bras.
"But he flashes his blinding smile, and the woman grins, blushing as she ushers her kidlet into the restaurant.","Mais il affiche son sourire aveuglant et la femme sourit, rougissant en faisant entrer son enfant dans le restaurant.","Mais il lance son sourire aveuglant et la femme sourit, rougissant en amenant son enfant dans le restaurant."
She rose on her elbows and watched him pull his T-shirt over his head.,Elle se redressa sur ses coudes et le regarda passer son tee-shirt par-dessus sa tête.,Elle se redressa sur les coudes et le regarda retirer son tee-shirt sur la tête.
"He didn't move away, and she leaned in close.","Il ne bougea pas, et elle se rapprocha.","Il ne se déplaça pas, et elle s'approcha."
"You know, the one where the Ex brings the stuff you've left at their place and vice versa.","Vous savez, cet échange où l'ex apporte les affaires que tu as laissées chez lui et vice versa.","Ça, le moment où l'ex rapporte les affaires que tu as laissées chez lui et inversement."
"""It's only an hour and a half.",Ce n'est qu'à une heure et demie de trajet.,Ça ne fait qu'une heure et demie.
"""It's a beautiful country.""",C'est un pays magnifique.,Ça fait un pays magnifique.
I could automate my entire set.,Je pourrais automatiser l'ensemble de mon travail.,Je pourrais automatiser mon entière scène.
"God, just thinking about the burnt, cold, creamy, grainy concoction...","Mon Dieu, rien que de repenser à cette mixture granuleuse, froide et avec un goût de brûlé...","Ça me fait peur, juste à l'idée de cette purée brûlante, froide, crèmeuse et granuleuse..."
"""I already have that,"" Andi pointed out with a disappointed sigh and a sad shake of her head as she glanced back at Nicholas.","Je l'ai déjà ça, dit Andi avec un soupir déçu et un triste hochement de tête en regardant Nicholas.","Ça m'est déjà arrivé, fit remarquer Andi avec un soupir déçu et un secouement de la tête triste en regardant Nicholas."
"""So, all the stories I heard about Christopher and Amelia...""","Alors, toutes les histoires que j'ai entendues sur Christopher et Amelia...",Ça veut dire que toutes les histoires que j'ai entendues sur Christopher et Amelia...
"""Yeah,"" I agree, and trail off myself because John could leave anyone speechless, but especially me.","Oui, dis-je en signe d'acceptation, et je m'interromps parce que John peut laisser n'importe qui sans voix, mais surtout moi.","Ça va, je suis d'accord, et je me tais moi-même parce que John pouvait rendre silencieux tout le monde, mais surtout moi."
"They'd be stupid to fire him, Andi reminded herself, repeating the words that had gotten her through the last ten hours.","Ils seraient stupides de le licencier, se rappela Andi, répétant les mots qui l'avaient aidée à traverser les dix dernières heures.","Ça serait stupide de le licencier, se rappela Andi en répétant les mots qui lui avaient permis de passer les dix dernières heures."
"The faint smell of burning wood reaches my nose, and I inhale deeply.",L'odeur légère du bois brûlé parvient à mon nez et j'inspire profondément.,Je respire profondément pour sentir le faible odeur de bois brûlant.
"I just don't know whether I'd end up in the warm embrace of his impossibly long arms, or if my heart would smash into bits on some outcropping of rocks that I can't see but know are probably there.","J'ignore si je finirais dans l'étreinte chaleureuse de ses bras incroyablement longs, ou si mon cœur se briserait en mille morceaux sur un affleurement de rochers que je ne peux pas voir mais dont je devine la présence.","Ça me fait peur de ne pas savoir si je finirai dans l'embrasse-chaud de ses bras impossiblement longs, ou si mon cœur se brisera en morceaux sur une roche qui ne me fait pas peur, mais que je sais probablement être là."
"And I refuse to believe she can't sing, not with a tone like that.","Et je refuse de croire qu'elle ne sait pas chanter, pas avec un tel timbre.","Je refuse de croire qu'elle ne peut pas chanter, pas avec un ton comme ça."
And what was he supposed to do with a crying woman?,Et qu'était-il censé faire avec une femme qui pleurait ?,Et qu'est-ce qu'il devait faire d'une femme qui pleurait ?
"""It was an observation.""",C'était juste une remarque.,Ça était une observation.
"""You knew killed my brother and you didn't tell me?""",Tu savais que mon frère avait été tué et tu ne me l'as pas dit ?,Ça t'a tué ?
A lovely lunch made by Chase.,Un délicieux déjeuner préparé par Chase.,Un déjeuner délicieux préparé par Chase.
"""Wow, you are lucky to have a family record from that far back.",Tu as de la chance d'avoir des objets de famille aussi anciens.,"Ça fait du bien, tu es chanceuse d'avoir un registre de famille depuis si longtemps."
I'm weighing my options - Melrose Diner for its proximity or Broad Street Diner for its superior batter - when the phone rings.,"Je pèse mes options : le Melrose Dinner pour sa proximité ou le Broad Street Diner pour sa pâte supérieure, lorsque le téléphone sonne.","Je pèse mes options : le Melrose Diner pour sa proximité ou le Broad Street Diner pour sa batterie supérieure, quand le téléphone sonne."
"I shiver with pleasure and shake my head hard, wrenching his hand away from my needy flesh.","Je frissonne de plaisir et secoue la tête avec force, éloignant sa main de ma chair en manque ""Stop !""","Je frémit de plaisir et secouai violemment la tête, détachant sa main de ma chair exigeante."
"""You won't think so once you know the truth.""",Tu ne le penseras plus quand tu connaîtras la vérité.,Ça ne te semblera pas une fois que tu connaîtras la vérité.
"Did she know him, or had they just met?",Le connaissait-elle ou venaient-ils de se rencontrer ?,"Ça la connaissait-elle, ou avaient-ils simplement rencontré ?"
He would not win.,Il ne gagnerait pas.,Il ne gagnerait pas.
Or cancel the contract.,Ou annuler le contrat.,Ça veut dire qu'il faut annuler le contrat.
"""For sixty-seven days?""",Depuis soixante-sept jours ?,67 jours ?
The moonlight streaks John's hair with gold.,"Au clair de lune, les cheveux de John se teintent d'or.",La lumière de la lune teinte les cheveux de John d'or.
"I'm supposed to be putting you to sleep with my droning.""",Je suis censé t'endormir avec mon histoire barbante.,"Ça me fait rire, je suis censé te faire dormir avec mon bourdonnement."
"That's beyond crazy, it's creepy.""","C'est plus que fou, c'est effrayant.","Ça dépasse le cadre de la folie, c'est effrayant."
"""I thought you wanted to go to the park.",Je croyais que tu voulais aller au parc.,Je pensais que tu voulais aller au parc.
"And Christopher loved her enough to sacrifice everything for her.""",Et Christopher l'aimait suffisamment pour tout sacrifier pour elle.,Ça veut dire que Christopher l'aimait assez pour sacrifier tout pour elle.
"What the hell are you doing under my desk?""","Que faites-vous sous mon bureau, bon sang ?","Ça va, qu'est-ce que tu fais sous mon bureau ?"
It wouldn't be the same.,Ce ne serait pas la même chose.,Ça ne serait pas le même.
"Naturally, a young mother with her toddler wanders into the area just as those delightful words leave Dyer's mouth.","Naturellement, une jeune mère et son bambin entrent dans le restaurant juste au moment où ces mots charmants sortent de la bouche de Dyer.","Ça ne fait pas de doute, une jeune mère avec son petit enfant s'aventure dans la zone juste après que ces mots si délicieux sont sortis de la bouche de Dyer."
"We found out about the child, but no record of Amelia.""","Nous avons découvert l'enfant, mais aucune trace d'Amelia.","Ça a été découvert pour le bébé, mais pas pour Amelia."
"Or to a place you really love.""",Ou dans un endroit que tu aimes vraiment.,Ça pourrait être un endroit où tu aimes vraiment.
"It's Saturday again, and I've invited John to go with me to a giant record fair in Cherry Hill, New Jersey.","Nous sommes samedi, et j'ai invité John à m'accompagner à une gigantesque foire aux disques à Cherry Hill, dans le New Jersey.","Ça fait encore un samedi, et j'ai invité John à venir avec moi à une foire aux disques à Cherry Hill, dans le New Jersey."
"""Give me a minute,"" he mumbled, and small sobs wracked his body, sending visible tremors through his shoulders.","Donne-moi une minute, marmonna-t-il, et de petits sanglots secouèrent son corps, provoquant des tremblements visibles dans ses épaules.","Donne-moi une minute, marmonna-t-il, et de petits sanglots secouèrent son corps, provoquant des tremblements visibles sur ses épaules."
"The sun glints in his snowy, blonde hair.",Le soleil brille dans ses cheveux blonds comme la neige.,Le soleil se reflète dans ses cheveux blancs et blonds.
Then...not so much.,Ensuite... plus vraiment.,Ça a changé...
"""Lexi is the sister of the boy that...?""",Lexi est la sœur du garçon qui... ?,Lexi est la sœur du garçon qui... ?
"I don't know why I'm so nervous, except that I have no idea what's going on between us.","Je ne sais pas pourquoi je suis si nerveux, mis à part que je n'ai aucune idée de ce qui se passe entre nous.","Je ne sais pas pourquoi je suis si nerveux, sauf que je n'ai aucune idée de ce qui se passe entre nous."
"I can blame the pirate in the painting for all my troubles.""",Je peux blâmer le pirate du tableau pour tous mes problèmes.,Je peux blâmer le pirate du tableau pour toutes mes peines.
She'd never forget the perfection of the moment.,Elle n'oublierait jamais la perfection de ce moment.,Elle ne oublierait jamais la perfection du moment.
"""I would have killed your diver man that day toobut you were there.","J'aurais tué ton plongeur ce jour-là aussi, mais tu étais là.","Ça aurait pu être mon diver qui aurait été tué ce jour-là, mais tu étais là."
She needed an antacid more than dinner.,Elle avait plus besoin d'un antiacide que d'un dîner.,Ça lui fallait un antacide plutôt qu'un dîner.
He leaned forward and buried his face in his hands.,Il se pencha en avant et enfouit son visage dans ses mains.,Il se pencha et enfouit son visage dans ses mains.
"It's just that he seems so lost, at the moment.","C'est juste qu'il semble si perdu, en ce moment.","Ça, c'est juste qu'il semble si perdu, pour l'instant."
Tangy warmth filled her mouth and her taste buds opened up.,La chaleur acidulée emplit sa bouche et ses papilles gustatives se réveillèrent.,Une chaleur acide remplit sa bouche et ses papilles s'ouvrirent.
"""Before we could decide exactly what we were going to do, a large wave washed over the jelly.""","Avant que nous ayons pu décider exactement ce que nous allions faire, une grande vague s'était abattue sur la méduse.","Avant que nous ne puissions décider exactement ce que nous allions faire, une grande vague s'abatta sur la méduse."
He couldn't help but smile back.,Il ne put s'empêcher de sourire à son tour.,Il ne pouvait s'empêcher de sourire à son tour.
"He hasn't seen me yet, which is a both a blessing and a curse.","Il ne m'a pas encore vu, ce qui est à la fois une bénédiction et une malédiction.","Ça lui a permis de ne pas me voir, ce qui est à la fois une bénédiction et une malédiction."
"""Roman Palms is our highest earner,"" Devyn said, watching as she scrolled to a financial report.","Roman Palms est l'hôtel qui nous rapporte le plus, dit Devyn, en la regardant faire défiler un rapport financier.","Roman Palms est notre employé le mieux payé, dit Devyn en la regardant faire défiler un rapport financier."
It's become our thing.,C'est devenu notre truc.,Ça est devenu notre chose.
I hear rustling and know he's settling in for a conversation I don't know I want to have with him.,J'entends des bruits de mouvements et je sais qu'il s'installe pour une conversation que je ne suis pas sûr d'avoir envie d'entamer avec lui.,Je entends des bruits et je sais qu'il s'installe pour une conversation dont je ne sais pas si je veux avoir avec lui.
"She ought to tell him the whole story, and that Inna was after him toobut she was tired and emotionally drained.","Elle devrait lui raconter toute l'histoire, et lui dire qu'Inna lui en voulait à lui aussi, mais elle était fatiguée et à bout de nerfs.","Ça lui fallait de dire l'histoire entière, et qu'Inna était après lui, mais elle était fatiguée et émotionnellement épuisée."
"I know that I could get you an interview,"" Drew said with a sympathetic smile.","Je sais que je peux t'obtenir un entretien, dit Drew avec un sourire compatissant.","Ça m'est arrivé de te faire une interview, dit Drew avec un sourire sympathique."
It's a lot to swallow.,C'est beaucoup à avaler.,Ça fait mal à la gorge.
"His eyes open, half-lidded with lust, and I lick my bottom lip, sucking it into my mouth and biting it before I stretch my tongue out to taste him.","Ses yeux s'ouvrent, mi-clos de désir, et je lèche ma lèvre inférieure, l'aspirant dans ma bouche et la mordillant avant d'étirer ma langue pour le goûter.","Ses yeux s'ouvrent, demi-clos par la volupté, et je lèche ma lèvre inférieure, la suçant dans ma bouche et la mordant avant de tendre ma langue pour le goûter."
"""And your glorious fucking arse.""",Et ton putain de cul glorieux.,Et ton cul magnifique.
His t-shirt rides up to reveal a flat stomach covered in a light dusting of strawberry blonde hair.,Son t-shirt remonte et révèle un ventre plat recouvert d'une légère couche de poils blond vénitien.,Son tee-shirt monte pour révéler un ventre plat recouvert d'une légère poussière de cheveux blonds à la couleur de fraise.
"And the rent was cheaper, too.",Et le loyer était moins cher.,"Ça coûtait moins cher, aussi."
"""Yes, you did,"" Devyn murmured in agreement with a pointed look at the notes that Andi made last night.","Oui, vous l'avez fait, murmura Devyn en signe d'accord avec le regard pointé sur les notes qu'Andi avait prises la nuit précédente.","Ça a été le cas, murmura Devyn en accord avec un regard pointé vers les notes que Andi avait prises la veille."
Good thing her fantasies didn't beam out of the top of her head and project onto the ceiling.,Heureusement que ses fantasmes ne sortaient pas de sa tête pour se projeter au plafond.,Ça lui aurait été bien plus difficile si ses fantasmes sortaient de son crâne et se projetaient sur le plafond.
And then he withdrew.,Et puis il s'est éloigné.,Et puis il se retira.
"""Yes, since you set me up with nightly play dates.""","Oui, puisque tu m'as arrangé des créneaux de rendez-vous nocturnes pour que je m'amuse.","Oui, depuis que tu m'as mis en couple avec des rendez-vous nocturnes."
The wind gusted and showered them with a spray of misty rain.,Le vent souffla en rafales et les aspergea d'une pluie fine.,Le vent s'élança et les arrosa d'une brume de pluie.
"""I don't think he's a guard.",Je ne pense pas que ce soit un gardien.,Je ne pense pas qu'il soit un gardien.
"""You can't dive in Kansas unless you're planning on diving corn plants.""","On ne peut pas plonger au Kansas, à moins d'avoir l'intention de plonger dans des champs de maïs.",On ne peut pas plonger au Kansas s'il n'y a pas l'intention de plonger dans les maïs.
"Mari climbed the stairs, disappearing for a moment on the other side of the dunes.","Mari monta les escaliers, disparaissant un instant de l'autre côté des dunes.","Mari grimpa les escaliers, disparaissant pendant un moment de l'autre côté des dunes."
His attention had been on her and no one else.,Son attention s'était portée sur elle et sur personne d'autre.,Son attention était restée sur elle et nul ne l'avait distrait.
"?"" He asks.",demande-il.,"Ça, dit-il."
"For a moment, Devyn considered taking a look at the notebook on the couch next to her to find out what she was working on, only to decide against it since that would probably end with him feeling like the biggest asshole alive when that bottom lip started trembling and she sadly mumbled, ""My notebook.""","Pendant un instant, Devyn envisagea de jeter un coup d'œil au carnet posé sur le canapé à côté d'elle pour savoir sur quoi elle travaillait, mais il décida de ne pas le faire parce qu'il finirait probablement par se sentir comme le plus grand connard lorsque sa lèvre inférieure se mettrait à trembler et qu'elle marmonnerait tristement : ""mon carnet.""","Devyn envisagea de jeter un coup d'œil au cahier sur le canapé à côté d'elle pour voir ce qu'elle travaillait, mais il décida finalement de ne pas le faire car ça finirait probablement par le rendre le plus grand con d'humanité du monde lorsque sa lèvre inférieure commença à trembler et qu'elle marmonna tristement :"
"""I didn't know you made a habit of riding out storms.""",Je ne savais pas que tu avais l'habitude de traverser les tempêtes.,Je ne savais pas que tu faisais l'habitude de résister aux tempêtes.
"""I don't know,"" she said, raising her voice over the sound of the water.","Je ne sais pas, dit-elle en élevant la voix au-dessus du bruit de l'eau.","Ça, je ne sais pas, dit-elle en élevant la voix au-dessus du bruit de l'eau."
"""Then you should probably answer quickly,"" he said, not really looking all that concerned that she was about to create a memory that neither one of them would ever forget.","Alors, tu devrais probablement répondre rapidement, dit-il, ne semblant pas vraiment préoccupé par le fait qu'elle était sur le point de créer un souvenir que ni l'un ni l'autre n'oublierait jamais.","Ça veut dire que tu devrais probablement répondre rapidement, dit-il, sans paraître vraiment inquiet qu'elle créât une mémoire qu'ils ne oublieront jamais."
"""I'd just found out my little sister has cancer!"" The teen screams, startling the room.",Je viens d'apprendre que ma petite sœur a un cancer !,Je viens de découvrir que ma petite sœur a le cancer !
Dyer is unreasonably handsome.,Dyer est d'une beauté démesurée.,Dyer est trop beau.
"Hoping that this would be quick, Andi opened the door only to find a large man standing in the hallway.","En espérant que ce serait rapide, Andi ouvrit la porte et trouva un homme imposant qui se tenait dans le couloir.","Espérant que ce soit rapide, Andi ouvrit la porte pour découvrir un homme de taille imposante dans le couloir."
"""If you stay, I do too.","Si tu restes, je reste aussi.","Si tu restes, je le ferai aussi."
"He swipes at it, but another soon takes its place.","Il l'essuie, mais une autre prend rapidement sa place.","Il l'écarte, mais une autre se met rapidement à sa place."
"Besides, it gives me time to think.","Et puis, ça me laisse le temps de réfléchir.",Ça m'offre du temps pour réfléchir.
"His grip on me is light, but it burns hot.","Son emprise sur moi est légère, mais elle est brûlante.","Son étreinte est légère, mais elle brûle vivement."
"""You have to admit, it was a smart move to blame me.",Tu dois admettre que c'était une bonne idée de m'accuser.,Ça faut admettre que c'était une bonne idée de m'accuser.
"When I first landed on America's shores, I'd had high hopes of becoming a music journalist.","Lorsque j'ai débarqué sur le sol américain, j'avais le grand espoir de devenir journaliste musical.","Quand j'ai débarqué sur les côtes américaines, j'avais de grandes espérances de devenir journaliste musical."
"I snatch up the rest of my things, and then I walk out of  John's bedroom.",Je ramasse le reste de mes affaires et je sors de la chambre de John.,"Je ramasse le reste de mes affaires, puis je quitte la chambre de John."
"But if he does, then he'll see how desperately I want him to do just that.","Mais s'il le fait, il verra à quel point j'ai désespérément envie qu'il le fasse.","Mais s'il le fait, il verra à quel point je veux qu'il le fasse."
"He's such a sweetheart, so tender and gentle, and yet so powerful.","Il est si gentil, si tendre et si doux, et pourtant si puissant.","Ça fait si bien, il est si tendre et si doux, et pourtant si puissant."
He remembered how much he loved the ocean before the accident.,Il se souvient à quel point il aimait l'océan avant l'accident.,Il se souvenait de l'amour qu'il portait à l'océan avant l'accident.
You would have been collateral damage if I hadn't been able to rescue you.,Tu aurais été un dommage collatéral si je n'avais pas pu te sauver.,Ça aurait été un dommage collatéral si je n'avais pas pu te sauver.
"They look rather cozy, actually.","Ils ont l'air plutôt sympathiques, en fait.","Ça a l'air assez confortable, en fait."
Like he's using me to test waters he's been afraid to swim in for whatever reason.,Comme s'il m'utilisait pour tester des eaux dans lesquelles il a peur de nager pour une raison ou une autre.,Comme s'il m'utilisait pour tester les eaux qu'il avait peur de nager.
Her mouth barely moved as she spoke.,Sa bouche bougeait à peine lorsqu'elle parla.,Son bouche ne bougeait que très peu lorsqu'elle parlait.
"""Right now, Roman Palms is renting their ballroom space for the Winter Wonderland and a few other low attendance events at a fraction of the price because it's easier, but it's costing them in the long run,"" Andi explained as he took the iPad from her and swiped through the file, taking a closer look at the numbers.","En ce moment, Roman Palms loue sa salle de bal pour le Winter Wonderland et quelques autres événements peu fréquentés à une fraction du prix normal parce que c'est plus facile, mais ça leur coûte cher à long terme, expliqua Andi en lui prenant l'iPad et en parcourant le fichier, examinant les chiffres de plus près.","Ça leur coûte au final, car ils ont perdu des clients, expliqua Andi alors qu'il prenait l'iPad à elle et parcourait le dossier, en s'attardant sur les chiffres."
I don't have complete control over my body at the moment.,Je n'ai pas le contrôle total de mon corps en ce moment.,Je n'ai pas le contrôle complet de mon corps en ce moment.
"You act like you know him.""",Tu agis comme si tu le connaissais.,Ça donne l'impression que tu le connaisses.
The Hollywood Hearts Series:,La série Hollywood Hearts :,La série Hollywood Hearts :
"The room fills up rapidly around us, its dark walnut tables wobbling under the weight of glasses, dishes, and errant elbows.","La salle se remplit rapidement autour de nous, les tables en noyer sombre vacillent sous le poids des verres, de la vaisselle et des coups de coude.","La pièce se remplit rapidement autour de nous, ses tables en noyer sombres tremblant sous le poids de verres, de plats et d'épaulettes errantes."
But she didn't say that.,Mais elle n'avait pas dit ça.,Mais elle ne l'a pas dit.
"Of course, he'd keep it all for himself.","Bien sûr, il garderait tout pour lui.","Ça lui appartenait, il le garderait pour lui."
"""Yeah,"" he grunts into my neck.","Oui, grogne-t-il dans mon cou.","Ça va, murmure-t-il dans mon cou."
It was all you could do when the air ran out.,C'est tout ce qu'on peut faire quand il n'y a plus d'air.,Ça était tout ce que l'on pouvait faire quand l'air s'échappait.
And then he's racked by a choking sob that takes him to his knees.,Puis un sanglot étouffé le fait tomber à genoux.,Et puis il est frappé par un sanglot qui le fait tomber à genoux.
"Maybe tomorrow if there isn't much damage from the weather.""",Peut-être demain s'il n'y a pas trop de dégâts,Ça pourrait être demain si les dégâts causés par le temps ne sont pas trop importants.
I'll take him as a faux pirate since the real ones need baths and a dentist anyway.,Je le considérerai comme un faux pirate puisque les vrais ont de toute façon besoin d'un bain et d'un dentiste.,"Ça fait un vrai pirate, car les vrais en ont besoin d'une baignade et d'un dentiste."
"Wait until my mother hears about you trying to kill me.""",Attends que ma mère apprenne que tu as essayé de me tuer.,Attends que ma mère entende parler de ton tentative de me tuer.
"He'd gone years without touching a woman, but the thought of going even one day without touching her...","Il avait passé des années sans toucher une femme, mais l'idée de passer ne serait-ce qu'un jour sans la toucher...","Il avait passé des années sans toucher une femme, mais l'idée de passer un jour sans la toucher..."
"His are dark, darker than I've ever seen them, the pupils completely blown.","Les siens sont sombres, plus sombres que je ne les ai jamais vus, les pupilles complètement dilatées.","Ça fait longtemps que je ne les ai pas vus aussi sombres, les pupilles complètement dilatées."
"I've never ordered your pimento cheese, but it tastes different than what I've had before.""","Je n'ai jamais commandé ton fromage pimenté, mais il a un goût différent de ceux que j'ai déjà mangé.","Je n'ai jamais commandé ton fromage au piment, mais il a un goût différent de ce que j'ai déjà goûté."
It's the question glaring at me from the top of my screen.,C'est la question qui m'interpelle en haut de mon écran.,Ça est la question qui me regarde du haut de mon écran.
"""Why do I have a feeling that this is about more than just a job?""",Pourquoi ai-je l'impression qu'il s'agit de bien plus qu'un simple travail,Ça me donne l'impression que ce n'est pas seulement un travail.
"""Let's get the last window on this side done.",Nous allons terminer la dernière fenêtre de ce côté.,Allons-y pour le dernier vitrage de ce côté.
"A flash of a distant transformer going, and then memories burned in his stomach like a whirlpool.","Un éclair venant d'un transformateur lointain qui se mettait en marche, puis des souvenirs brûlèrent dans son l'estomac comme un tourbillon.","Un éclair de transformateur lointain qui s'allume, puis des souvenirs brûlent dans son estomac comme un tourbillon."
"The strong flame flickered in his sight, the remnants of his tears making halo rainbows around the flame.","La forte flamme vacilla sous ses yeux, les restes de ses larmes formant des arcs-en-ciel autour de la flamme.","Le feu puissant flambait dans son regard, les restes de ses larmes formant des arcs-en-ciel autour du feu."
"""Luke was about seven, I think.","Luke avait environ sept ans, je crois.","Luke avait environ sept ans, je crois."
"The little place felt more like a home than anywhere she'd lived, and she wasn't ready to leave it behind.","Ce petit endroit ressemblait plus à un foyer que n'importe quel autre endroit où elle avait vécu, et elle n'était pas prête à le laisser derrière elle.","Le petit appartement lui semblait plus comme une maison qu'ailleurs où elle avait vécu, et elle n'était pas prête à l'abandonner."
"""I didn't want to delay the project,"" she mumbled sadly only to open her eyes and glare at the man who'd quickly become like a big brother to her over the past year and seemed to really enjoy tormenting her when he muttered, ""Pain in the ass.""","Je ne voulais pas retarder le projet, marmonna-t-elle tristement, avant d'ouvrir les yeux et de fixer l'homme qui était rapidement devenu un grand frère pour elle au cours de l'année écoulée et qui prenait plaisir à la tourmenter en marmonnant : ""Casse-pieds"".","Ça m'a fait du mal de retarder le projet, marmonna-t-elle tristement avant d'ouvrir les yeux et de jeter un regard acariâtre à l'homme qui avait rapidement devenu comme un grand frère pour elle au cours de l'année écoulée et qui semblait vraiment apprécier de la tormenter lorsqu'il marmonna :"
"""That's not really an answer,"" Andi said as she carefully slipped her feet back into her shoes.","Ce n'est pas vraiment une réponse, dit Andi alors qu'elle remettait avec précaution ses chaussures.","Ça n'est pas vraiment une réponse, dit Andi en remettant prudemment ses pieds dans ses chaussures."
Where were all the birds?,Où étaient tous les oiseaux ?,Ça faisait trop longtemps qu'il n'y avait plus de vols de papillons.
"I'm very, very busy, you know.","Je suis très, très occupé, tu sais.","Ça fait très, très longtemps que je suis très, très occupé."
It was going to be an easy cleanup with no water damage to contend with.,Le nettoyage allait être facile et il n'y aurait pas de dégâts des eaux à déplorer.,Ça allait être un nettoyage facile sans dommages causés par l'eau à gérer.
John and I?,John et moi ?,John et moi ?
My parents already thought I was obsessed.,Mes parents pensaient déjà que j'étais obsédé.,Mes parents pensaient déjà que je suis obsédé.
A cool wave slid over her feet and her tail throbbed.,Une vague fraîche glissa sur ses pieds et sa queue palpita.,Une vague fraîche glissa sur ses pieds et sa queue battait.
"She leaned into him, relishing the warmth and safety of his hug.","Elle se pencha vers lui, savourant la chaleur et la sécurité de son étreinte.","Elle s'inclina vers lui, jouissant de la chaleur et de la sécurité de son bras."
"""But of course you'd be a butterfly.""",Mais bien sûr que tu deviendras un papillon.,"Mais bien sûr, tu serais une papillon."
"Before I know it, I've closed the door and grabbed him from behind.","Avant même de m'en rendre compte, j'ai refermé la porte et je l'ai attrapé par derrière.","Je ne sais pas comment, mais j'ai fermé la porte et l'ai saisi par derrière."
I was busy boarding up the windows and closing the storm shutters.,J'étais occupé à barricader les fenêtres et à fermer les volets.,Je me trouvais occupé à fermer les volets et à verrouiller les fenêtres.
"He's clearly educated, and I've seen his patience in action.",Il est manifestement instruit et j'ai vu sa patience à l'œuvre.,Ça est clair qu'il est éduqué et que je l'ai vu patienter.
"He looked so stressed, Andi thought as she lay there, watching Devyn as he worked on the couch that he'd dragged in here to keep an eye on her because apparently, he had trust issues and-","Il paraissait tellement stressé, pensa Andi alors qu'elle était allongée là, regardant Devyn travailler sur le canapé qu'il avait traîné ici pour garder un œil sur elle parce qu'apparemment, il avait des problèmes de confiance et...","Ça lui faisait tellement peur, pensa Andi en se reposant, en regardant Devyn travailler sur le canapé qu'il avait ramené ici pour garder un œil sur elle, car il semblait avoir des problèmes de confiance et..."
Gulls shrieked warnings in the distance.,Des goélands criaient des avertissements au loin.,Des goélands criaient des avertissements à l'horizon.
"She's strong in her convictions, anyone with eyes can see it.","Elle est tient droite dans ses bottes, n'importe qui avec des yeux peut le voir.","Ça fait que sa conviction est forte, et tout le monde peut le voir."
The men didn't need to cross paths.,Les deux hommes n'avaient pas besoin de se croiser.,Les hommes n'avaient pas besoin de se croiser.
It's romantic.,C'est romantique.,Ça est romantique.
"After handing the keys to the valet, Devyn, who kept sending her accusing glares, led her inside the incredibly beautiful hotel lobby.","Après avoir remis les clés au voiturier, Devyn, qui ne cessait de lui lancer des regards accusateurs, la conduisit à l'intérieur du hall de l'hôtel, d'une beauté incroyable.","Après avoir remis les clés au concierge, Devyn, qui continuait à lui jeter des regards accusateurs, la mena à l'intérieur de l'hôtel, dont l'entrée était incroyablement belle."
Maybe this Patrick was the reason.,Peut-être que ce Patrick en était la raison.,Ça pourrait être la raison pour laquelle.
"""I thought you were resting.",Je croyais que tu te reposais.,Je pensais que tu reposais.
"He took her mouth in his, taking in the sweetness of her breath and the yielding fullness of her lips.","Il prit sa bouche dans la sienne, profitant de la douceur de son souffle et de la souplesse de ses lèvres.","Il prit sa bouche dans la sienne, respirant la douceur de son souffle et la pleine souplesse de ses lèvres."
"He should give her one last kiss goodbye and head for the door, but...","Il devrait lui donner un dernier baiser d'adieu et se diriger vers la porte, mais...","Il devrait lui donner un dernier baiser et se diriger vers la porte, mais..."
"I can't describe the noise I make, part newborn kitten, part whiny toddler.","Je ne peux décrire le bruit que je fais, on dirait à la fois un chaton nouveau-né et un enfant pleurnichard.","Je ne peux pas décrire le bruit que je fais, un miaulement de chaton nouveau-né, un gémissement de petit enfant."
"""Are you ready to tell me what happened between you two?""",Es-tu prêt à me dire ce qui s'est passé entre vous deux ?,Êtes-vous prêt à me dire ce qui s'est passé entre vous ?
Pterodactyls take up residence in my gut.,Des ptérodactyles s'installent dans mes tripes.,Les ptérodactyles s'installent dans mon intestin.
"Dizzied, she couldn't separate Chase's licks from his nibbles, and she fell over the edge in one frantic shout.","Étourdie, elle n'arrivait pas à distinguer les coups de langue de Chase de ses mordillements, et elle tomba dans le vide en poussant un cri frénétique.","Elle se débattit, ne pouvant pas séparer les lèvres de Chase de ses morsures, et elle tomba dans l'abîme en un cri frénétique."
"Who has time to bake bread anymore?""",Qui a encore le temps de faire du pain ?,Ça fait si longtemps que l'on ne fait plus de pain ?
"I hold up a hand, hating the fact that it wobbles.","Je lève une main, détestant le fait qu'elle tremble.","Je lève la main, me détestant pour ce qu'elle tremble."
"LPs, CDs, and rare box sets, both vinyl and digital.","Des vinyles, des CD et des coffrets rares, tant en vinyle qu'en numérique.","Des LP, des CD et des boîtes spéciales rares, en vinyle et en numérique."
"""This is Frankie L, and I'm here to take you on a journey.",Je suis Frankie L. et je suis là pour vous faire voyager.,Ça s'appelle Frankie L et je suis là pour vous emmener sur un voyage.
"""While I was taking a look at Roman Palms Hotel's files, I got curious about a few things, mostly about their off-months,"" she began as he took the hint and sat up only to release a small grunt when she climbed between his legs and grabbed the iPad back out of his hands so that she could take over.","Pendant que je jetais un coup d'œil aux dossiers de l'hôtel Roman Palms, j'ai été curieuse de certaines choses, surtout à propos de leurs mois creux, commença-t-elle.","Ça m'a fait sourire, je suis allée voir les dossiers de l'hôtel Roman Palms et j'ai été curieuse de quelques choses, surtout de leurs mois de fermeture, a commencé-t-elle alors qu'il prenait le boulot et s'assit pour se détendre, mais il sortit un petit grognement lorsqu'elle grimpa entre ses jambes et repoussa l'iPad de ses mains pour prendre le relais."
"But yeah, I'm pretty sure we're going to end up naked.","Mais oui, je suis presque sûr que nous allons finir nus.","Ça va, je suis presque sûr que nous allons finir nu."
"She'd gotten a little sad, mostly because she'd never known her dad.","Elle s'était sentie un peu triste, surtout parce qu'elle n'avait jamais connu son père.","Ça l'avait un peu fait triste, surtout parce qu'elle n'avait jamais connu son père."
"How'd you get through high school?""",Comment as-tu fait pour survivre les années lycée ?,Ça t'a bien passé au lycée ?
"""Give me what I want, Frankie,"" John growls.","Donne-moi ce que je veux, Frankie, grogne John.","Donne-moi ce que je veux, Frankie, grogne John."
"""That's not what I'm focusing on right now,"" I mutter.","Ce n'est pas ce sur quoi je me concentre en ce moment, murmuré-je.","Ça n'est pas ce que je me concentre sur le moment, murmuré-je."
"He hopped off the barstool and grabbed all the dishes with the finesse of a longtime waiter, stacking everything on his forearm and parading to the kitchen door.","Il sauta du tabouret et attrapa toute la vaisselle avec la dextérité d'un serveur expérimenté, empilant le tout sur son avant-bras et se dirigeant vers la porte de la cuisine.","Il sauta du tabouret et attrapa tous les plats avec la finesse d'un serveur expérimenté, les empilant sur son avant-bras et faisant une promenade jusqu'à la porte de la cuisine."
"""Forgot we don't have lights.",J'ai oublié que nous n'avions pas de lumière.,Ôblié que nous n'avons pas de lumières.
"""I'll..."" I try to swallow and end up coughing.",J'essaie d'avaler ma salive et je finis par tousser.,Je tente de déglutir et je finis par m'éternuer.
"Looks like you're done.""",On dirait que tu as fini.,Ça semble que tu aies fini.
Doing hurricane prep.,Je prépare l'arrivée de l'ouragan.,Ça fait partie des préparatifs pour les ouragans.
"""I..."" I shake my head, trying to laugh off this, whatever it is.","Je secoue la tête, essayant de rire de tout ça, peu importe ce que c'est.","Ça... je secoue la tête, essayant de rire à l'idée."
He's practically dead on his feet tonight.,Il est pratiquement mort de fatigue ce soir.,Ça fait presque un mort sur les pieds ce soir.
He had to stay strong for her.,Il devait rester fort pour elle.,Il devait rester fort pour elle.
"""Trust me, there's nothing wrong with this deal.","Fais-moi confiance, il n'y a rien qui cloche avec ce contrat.","Ça fait confiance, il n'y a rien de mal à ce contrat."
"At the first gush of his warm breath on me, I buck hard.","À la première bouffée de son souffle chaud sur moi, je me cabre.","À la première vague de son souffle chaud sur moi, je me renverse."
"""So?"" She turned to look over the sound at the sun slung low in the sky.",Alors... Elle se tourna pour regarder le soleil bas dans le ciel.,Ça suffit ? Elle tourna la tête pour regarder le soleil qui se balançait bas dans le ciel.
"When John frowns, I continue.","Devant le froncement de sourcils de John, je poursuis.","Quand John fronce les sourcils, je continue."
It's a distraction.,C'est une sacrée distraction.,Ça sert de distraction.
"He's not looking at me, his eyes are trained on the ceiling.","Il ne me regarde pas, ses yeux sont rivés au plafond.","Ça ne me regarde pas, ses yeux sont tournés vers le plafond."
"They walked without talking, Mari whistling what sounded like a mash-up of Jingle Bells and America, the Beautiful, and Chase trying to keep up with her brisk pace.","Ils marchaient sans parler, Mari sifflant ce qui ressemblait à un mélange de Jingle Bells et d'America, the Beautiful, et Chase essayant de suivre son rythme rapide.","Ça marchait sans qu'ils ne parlent, Mari s'entendant à la chanson qui ressemblait à un mash-up entre Jingle Bells et America, the Beautiful, et Chase essayant de suivre son rythme rapide."
"He's been up all night, and it shows.",Il n'a pas dormi de la nuit et cela se voit.,"Ça fait un long moment qu'il n'a pas dormi, et ça le montre."
We've never even exchanged contact information.,Nous n'avons jamais échangé nos coordonnées.,Ça n'a jamais été question de nous échanger nos informations de contact.
"It is a lie.""",C'est un mensonge.,Ça fait une bêtise.
"""Hey, John, good to see you again.""","Hé, John, content de te revoir !","Ça va, John, c'est bon de te revoir."
"He set the dishes on the counter, then headed to the bar.",Il posa les plats sur le comptoir et se dirigea vers le bar.,"Il posa les assiettes sur le comptoir, puis se dirigea vers le bar."
Blood dripped onto his shirt.,Du sang coulait sur son tee-shirt.,Le sang tombait sur sa chemise.
"If Amelia had survived, then there were lots of part-mer, part-humans out there on Chase's family tree.","Si Amelia avait survécu, c'est qu'il y avait beaucoup de métis de sirènes et d'humains dans l'arbre généalogique de Chase.","Si Amelia avait survécu, il y avait beaucoup de demi-sirenes, de demi-humains dans l'arbre généalogique de la famille Chase."
"""Oh, no,"" he says, and his laugh is...not bitter, it's a laugh of disbelief.","Oh, non ! dit-il, et son rire n'est pas amer, c'est un rire d'incrédulité.","Non, dit-il, et son rire n'est pas amer, c'est un rire de désespoir."
I often wonder if she's got hidden cameras.,Je me demande souvent si elle a des caméras cachées.,Je me demande souvent si elle a des caméras cachées.
"So much wind.""",Il y a tellement de vent.,Ça fait si fort le vent.
"""I was almost killed by a tourist attraction.""",J'ai failli être tuée par une attraction touristique.,"Ça m'a presque tué, une attraction touristique."
"Within seconds, his gaze went from panicked to determined.","En quelques secondes, son regard passa de la panique à la détermination.","Dans quelques secondes, son regard passa de panique à détermination."
"In fact, he looks like he hasn't slept since primary school.","En fait, on dirait qu'il n'a pas dormi depuis l'école primaire.","En fait, il a l'air de ne pas avoir dormi depuis l'école primaire."
"""Sure, there's a balcony just off the guest bedroom.""","Bien sûr, il y a un balcon dans la chambre d'amis.","Ça y est, il y a un balcon juste à côté de la chambre des invités."
"In the meantime, I try to stick to mornings at the school district.""","En attendant, j'essaie de m'en tenir aux matinées à l'école...","Dans l'intervalle, j'essaie de rester fidèle aux matins au district scolaire."
"Step by step, he drew closer.","Pas à pas, il se rapprocha.","Pas à pas, il s'approchait."
"There are stars behind my eyes, and a whirring sound in my ears, followed by pounding in my ribcage.","J'ai des étoiles derrière les yeux et un bourdonnement dans les oreilles, suivi d'un martèlement dans la cage thoracique.","Ça y est, il y a des étoiles derrière mes yeux, un bruit de tourbillon dans mes oreilles, suivi d'un battement dans ma poitrine."
Wasn't that the legend?,N'est-ce pas ce que disait la légende ?,Ça n'était-il pas la légende ?
"""I enjoy those things,"" he says, a frown over his beautiful eyes.","J'aime ces instants-là, dit-il en fronçant les sourcils.","Ça me plaît, dit-il, un froncement de sourcils sur ses beaux yeux."
"""So, I couldn't help but notice that there was a lovely hotel on the way here,"" Andi pointed out, already reaching for her phone.","Je n'ai pas pu m'empêcher de remarquer qu'il y avait un bel hôtel sur le chemin, souligna Andi, en attrapant déjà son téléphone.","Ça m'a donc fait plaisir de remarquer qu'il y avait un hôtel très agréable sur le chemin, dit Andi en tendant déjà la main vers son téléphone."
"""I did,"" he readily agreed as he began caressing the back of her hand with his thumb.","C'est vrai, reconnut-il volontiers en commençant à caresser le dos de sa main avec son pouce.","Ça a été le cas, lui répondit-il tout de suite en commençant à caresser le dos de sa main avec son pouce."
She peered out the window and whistled Jingle Bells under her breath.,Elle jeta un coup d'œil par la fenêtre et siffla doucement Jingle Bells.,"Elle regarda par la fenêtre et s'adonna à un air de Noël, Jingle Bells."
"John toes out of his Skechers and lifts, first one leg, then the other as I strip him of his jeans.","John enlève ses Skechers et soulève d'abord une jambe, puis l'autre, tandis que je le débarrasse de son jean.","John enlève ses Skechers et soulève, d'abord une jambe, puis l'autre, tandis que je lui enlève son jean."
"""I'm going to try,"" Nicholas said, his lips twitching with amusement as he helped himself to another slice of bacon.","Je vais essayer, dit Nicholas, ses lèvres se tordant d'amusement tandis qu'il se servait une autre tranche de bacon.","Ça va être difficile, dit Nicholas, les lèvres se plissant de rire alors qu'il prenait une autre tranche de bacon."
"Amelia swam into the still waters, and when she saw Christopher, she lifted her arms like she wanted to board the ship.","Amelia avait nagé dans les eaux calmes, et quand elle avait vu Christopher, elle avait levé les bras comme si elle voulait monter à bord.","Amelia nagea dans les eaux calmes, et lorsqu'elle vit Christopher, elle leva les bras comme si elle voulait monter à bord du navire."
"""...wasn't a homophobic asshat?",... n'était pas un connard homophobe ?,Ça ne faisait pas un connard homophobe ?
"""I'll leave you to negotiate that with John,"" Gayle answers as she gathers her things to go.","J'te laisse négocier ça 'vec John, répond Gayle en rassemblant ses affaires pour partir.","Je laisse John négocier ça avec toi, répond Gayle en rassemblant ses affaires pour partir."
That look has me trembling.,Ce regard me fait trembler.,Ça me fait trembler.
"Besides, if anything happens, I'll be right there to keep you safe,"" Travis said as she forced herself to look away from Devyn, wondering what the hell was wrong with her.","De plus, si quelque chose devait arriver, je serai là pour vous protéger, déclara Travis alors qu'elle s'efforçait de détourner le regard de Devyn, se demandant ce qui n'allait pas chez elle.","Ça ne fait rien, si quelque chose arrive, je serai là pour te protéger, dit Travis alors qu'elle se forçait à ne pas regarder Devyn, se demandant ce qu'il lui arrivait."
I don't have to tell him twice.,Je n'ai pas besoin de le lui dire deux fois.,Je ne dois pas lui le dire deux fois.
"Thunder echoed in the distance and stalks of bright lightning dropped out of the sky near the horizon, momentarily lighting up the surface of the ocean like polished silver.","Le tonnerre résonnait au loin et des éclairs brillants tombaient du ciel près de l'horizon, illuminant momentanément la surface de l'océan comme de l'argent poli.","Le tonnerre retentit à l'horizon et des éclairs lumineux s'abattaient sur le ciel, éclairant momentanément la surface de l'océan comme de l'argent poli."
Seemed like baseball was always on lately.,On aurait dit que le baseball était toujours à l'écran ces derniers temps.,Ça semblait que le baseball était toujours diffusé récemment.
"I hear the tell-tale snick of the cap of a bottle, and then cold liquid drips down my crease.","J'entends le bruit caractéristique du bouchon de bouteille qu'on ouvre, puis un liquide froid coule le long de mon pli.","Je entends le cliquetis de la bouchon d'une bouteille, puis une liquide froide coule le long de ma cheville."
"Before she could finish the sentence that promised to break the perfection of the moment, he tipped her chin higher and grazed her lips with his.","Avant qu'elle ne puisse terminer la phrase qui promettait de briser la perfection du moment, il lui fit relever le menton et effleura ses lèvres.","Avant qu'elle ne puisse terminer la phrase qui promettait de rompre la perfection du moment, il lava son menton et effleura ses lèvres avec les siens."
"The setting sun streamed across the park, casting long shadows of rides onto the empty beach like an invading army of giant insects.","Le soleil couchant traversa le parc, projetant de longues ombres de manèges sur la plage vide, telle une armée envahissante d'insectes géants.","Le soleil couchant traverse le parc, projetant des ombres longues des attractions sur la plage déserte comme une armée envahissante de gros insectes."
She loved the way the light streaked across his angry eyes like a flash of lightning over a dark sea.,"Elle aimait la façon dont la lumière traversait ses yeux en colère, comme un éclair sur une mer sombre.","Elle aimait la façon dont la lumière se déversait dans ses yeux en colère, comme une éclair de tonnerre sur une mer sombre."
"I'm fuller than I've ever been, stretched and aching with a pleasure I can barely process.","Je n'ai jamais été aussi rempli, étiré et endolori par un plaisir que j'ai du mal à assimiler.","Je suis plus rempli que jamais, étiré et affaissé par un plaisir que je peux difficilement assimiler."
"""I'm sorry you had to leave a job you loved, the place you grew up,"" I say, and I mean it.","Je suis désolé que tu aies dû quitter un travail que tu aimais, l'endroit où tu as grandi, dis-je, et je le pense vraiment.","Je suis désolé que tu aies dû quitter un travail que tu aimais, le lieu où tu as grandi, dis-je, et je le dis avec sincérité."
"It's the least I can do.""",C'est le moins que je puisse faire.,Ça fait le moins que je puisse faire.
Her heart thumped and she whistled the Imperial March from Star Wars.,Son cœur battait la chamade et elle siffla la Marche impériale de La Guerre des étoiles.,Son cœur battait et elle siffla la marche impériale de Star Wars.
"He lifted her chin and kissed her, his lips pressing against hers in fervent desire.","Il lui souleva le menton et l'embrassa, ses lèvres se pressant contre les siennes dans un désir fervent.","Il souleva son menton et l'embrassa, ses lèvres s'accrochant à celles d'Elizabeth avec un désir fervent."
"""I love seeing you wearing that necklace,"" he murmured.","J'aime te voir porter ce collier, murmura-t-il.","Ça me plaît de te voir porter ce collier, murmura-t-il."
"""So, I think I figured it out,"" Andi said, already completely fucking lost in whatever was on the iPad that she'd managed to get her hands on as she rolled onto her back.","Ah, j'ai trouvé, dit Andi, déjà complètement perdue dans ce qu'il y avait sur l'iPad sur lequel elle avait réussi à mettre la main, alors qu'elle se roulait sur le dos.","Ça veut dire que je pense avoir compris, dit Andi, déjà complètement perdue dans ce qui était sur l'iPad qu'elle avait réussi à obtenir, alors qu'elle se retournait sur le dos."
"""We'd better get to work.""",Nous ferions mieux de nous mettre au travail.,Ça nous faut mieux travailler.
His voice pours over me like melted chocolate.,Sa voix se déverse sur moi comme du chocolat fondu.,Sa voix me coule comme du chocolat fondu.
"I'm sure they made the best decision, given the conditions.""","Je suis sûre qu'ils ont pris la meilleure décision, compte tenu des conditions.","Ça m'est sûr qu'ils ont pris la meilleure décision, compte tenu des conditions."
"I don't know how long we stand in my doorway, but I eventually slip out of his arms and lead him over to the couch.","Je ne sais pas combien de temps nous sommes restés sur le seuil de ma porte, mais j'ai fini par me défaire de son étreinte et je le conduis jusqu'au canapé.","Je ne sais pas combien de temps nous restons dans mon portique, mais je finis par m'échapper de ses bras et le conduis à la canapé."
"""I can't give you what you need.",Je ne peux pas te donner ce dont tu as besoin.,Je ne peux pas t'offrir ce que tu veux.
"""I guess you weren't kidding about the whole birthright thing.""",Je suppose que tu ne plaisantais pas à propos de l'héritage culturel.,Ça veut dire que tu n'as pas joué sur le fait que tu sois le héritier.
"I have the overwhelming urge to kiss him there, and so I do.","J'ai une envie irrésistible de l'embrasser à cet endroit, et c'est ce que je fais.","Je ressens un désir irrépressible de l'embrasser là-bas, et je le fais."
"Whether she had hidden it, or he hadn't looked closely enough to see it, he didn't know.","Qu'elle l'ait cachée ou qu'il ne l'ait pas regardée d'assez près pour la voir, il ne le savait pas.","Si elle l'avait caché, ou s'il n'avait pas regardé de près pour la voir, il ne le savait pas."
I don't think I've ever met anyone so ready to experience joy.,Je crois que je n'ai jamais rencontré quelqu'un d'aussi enclin à éprouver de la joie.,Je ne pense pas avoir jamais rencontré quelqu'un aussi prêt à vivre le bonheur.
Mari leaned over to see.,Mari se pencha pour voir.,Mari se pencha pour voir.
She was always at the hospital.,Elle était toujours à l'hôpital.,Ça faisait toujours partie de son quotidien.
It probably saved me.,Elle m'a probablement sauvé.,Ça m'a probablement sauvé.
"A bit worried about the storm, yeah.""","Je suis un peu inquiète à cause de la tempête, c'est tout.","Ça fait un peu peur pour la tempête, oui."
No sign of Inna anywhere.,Aucune trace d'Inna.,Pas de signe d'Inna nulle part.
"He's blinking up at the ceiling, and he's gone quiet.","Il cligne des yeux en regardant le plafond, et il est devenu silencieux.",Il est en train de cligner les yeux vers le plafond et il est tombé dans le silence.
"""I'd go for a swim if I didn't worry about all the debris in the water.""",J'irai bien nager si je ne m'inquiétais pas de tous les débris dans l'eau.,Je me baignerais si je ne me préoccupais pas de tous les débris dans l'eau.
"Can't you get out of the contract?""",Tu ne peux pas rompre ce contrat ?,Ça ne te coûte pas de sortir du contrat ?
"Determined to ignore it, she cleared her throat, slapped a smile on her face and watched as Devyn's eyes narrowed on her as he reached over and plucked the phone out of her hand.","Déterminée à l'ignorer, elle se racla la gorge, afficha un sourire et regarda Devyn qui, les yeux rivés sur elle, s'approcha et lui enleva le téléphone des mains.","Determinée à l'ignorer, elle se frotta la gorge, colla un sourire sur son visage et regarda Devyn qui fixa ses yeux alors qu'il tendait la main pour lui retirer le téléphone."
"""More,"" he responds.","Plus, répond-il.","Ça suffit, dit-il."
"""Oh yes, we'll be married.","Oh oui, nous nous marierons.","Oh, oui, nous serons mariés."
Will there be?,Y en aura-t-il ?,Ça y sera ?
He winced as a streak of pain shot through his face at her touch.,Il grimaça lorsqu'un trait de douleur traversa son visage à son contact.,Il frémit lorsqu'une vague de douleur traversa son visage à son contact.
"It only takes one breach, and there'll be water and mess all over the bar.""",Il suffit d'une brèche pour qu'il y ait de l'eau et des dégâts partout dans le bar.,Ça suffit d'une fuite pour qu'il y ait de l'eau et du brouillard partout dans le bar.
"It's a necessity.""",C'est une nécessité.,Ça est une nécessité.
My focus is on the Big Plates section of the menu until John's voice rumbles across the table.,Je me concentre sur la catégorie des grandes assiettes sur le menu jusqu'à ce que la voix de John retentisse à l'autre bout de la table.,Je suis concentré sur la section des Plats Géants du menu jusqu'à ce que la voix de John traverse la table.
"""We talked about that,"" Andi pointed out as she googled Hillshire Hotels to see how they were holding up after yesterday, only to swallow hard when she saw the first headline.","Nous en avions déjà parlé, fit-elle remarquer, tout en cherchant sur Google ""Hôtels Hillshire"" pour voir comment ils s'en sortaient depuis la veille","Ça a été abordé, dit Andi en cherchant les Hôtels Hillshire sur Google pour voir comment ils se portaient après hier, avant de gargariser difficilement lorsqu'elle a vu le premier titre."
"He'd never made promises, never offered more than he could give, and it was never anything that he couldn't live without, but God help him, he knew that he'd lose his fucking mind if he had to live without this.","Il n'avait jamais fait de promesses, n'avait jamais offert plus que ce qu'il pouvait donner, et ce n'était jamais quelque chose dont il ne pouvait pas se passer, mais que Dieu lui vienne en aide, il savait qu'il perdrait la tête s'il devait se passer de ça.","Il n'avait jamais fait de promesses, il n'avait jamais donné plus qu'il ne pouvait donner, et ce n'était jamais quelque chose qu'il ne pouvait pas vivre sans, mais Dieu l'aide, il savait qu'il perdrait sa tête s'il devait vivre sans ça."
"He reached up and took down the mermaid sun catcher, then set it gently into the box, surrounding it with packing material.","Il tendit le bras et décrocha l'attrape-soleil en forme de sirène, puis le déposa délicatement dans la boîte, en l'entourant de papier bulle.","Il tendit la main et enleva la pendante en forme de sirène, puis la plaça doucement dans la boîte, l'entourant de matériel de remplissage."
Never knew what I was missing until now.,Je n'ai jamais su ce qui me manquait jusqu'à présent.,Je ne savais pas ce que je manquais jusqu'à présent.
"Good-looking, hard-working, and sensitive, he was all that.","Beau, travailleur et sensible, il était tout cela.","Ça lui arrivait de faire des bêtises, mais il était beau, travailleur et sensible."
"He grinned and lowered himself to her, his warm skin setting her afire more.","Il sourit et s'approcha d'elle, sa peau déjà chaude s'enflammant encore plus.","Il se souriait et s'approchait d'elle, sa peau chaude la mettant en flamme encore plus."
"""I really don't think that I can do this,"" Andi stressed as she continued taking in the room that they were expected to stay in.","Je ne pense vraiment pas que je puisse le faire, souligna Andi en continuant d'observer la pièce dans laquelle ils sont censés séjourner.","Ça ne me semble pas possible, insista Andi en continuant à regarder la pièce où ils devaient rester."
"""You like me when I'm hard,"" he says, laughing.","Tu aimes quand je suis dur, réplique-t-il en riant.","Ça te plaît quand je suis dur, dit-il en riant."
I need to know what's going through that enigmatic head of his.,J'ai besoin de savoir ce qui se passe dans sa tête énigmatique.,Je dois savoir ce qui passe dans son cerveau enigmatique.
"""Are you worried you won't get off the island before the storm hits?""",Tu as peur de ne pas pouvoir quitter l'île avant la tempête ?,Êtes-vous inquiet de ne pas quitter l'île avant que la tempête ne frappe ?
"She'd saved him from death, for goodness sake.","Elle l'avait sauvé de la mort, pour l'amour du ciel.","Ça ne faisait pas qu'elle l'ait sauvé de la mort, pour le ciel."
"""Which is why I contacted Hillshire Hotels and asked them to send the files again when I let them know that you weren't going to be able to make it to New York to meet with their CEO.",C'est pourquoi j'ai contacté les Hôtels Hillshire pour qu'ils me renvoient une copie des dossiers et leur dire que vous ne pourriez pas vous rendre à New York pour rencontrer leurs PDG.,Ça explique pourquoi j'ai contacté les Hôtels Hillshire et j'ai demandé qu'ils envoient à nouveau les fichiers lorsque j'ai appris que tu ne pourrais pas arriver à New York pour rencontrer le PDG des Hôtels Hillshire.
"He had a good crew.""",Il avait un bon équipage.,Ça faisait bon de travailler avec sa bande.
She could swim another day.,Elle pourrait nager un autre jour.,Elle pourrait nager un autre jour.
"""It is and it isn't,"" she said, worrying her bottom lip between her teeth, wondering why she couldn't seem to figure out what she wanted.","Ça l'est et ça ne l'est pas, dit-elle, mordillant sa lèvre inférieure entre ses dents, se demandant pourquoi elle n'arrivait pas à comprendre ce qu'elle voulait","Ça l'est et ça ne l'est pas, dit-elle en mordillant sa lèvre inférieure, se demandant pourquoi elle ne parvenait pas à comprendre ce qu'elle voulait."
And it's pretty far-fetched.,Et elle est assez farfelue.,Ça n'est pas très crédible.
"Seize this moment and hold it tight because we never know what the next moment's going to bring.""",Saisir ce moment et le serrer fort parce qu'on ne sait jamais ce que le moment suivant va nous apporter.,Saisir ce moment et le garder fermement parce que nous ne savons jamais qu'apportera le prochain.
"Until that terrible day, he'd always been able to protect his younger brother.","Jusqu'à ce jour terrible, il avait toujours été capable de protéger son jeune frère.","Jusqu'à ce terrible jour, il avait toujours pu protéger son frère aîné."
Looks like it started with Christopher.,On dirait que ça a commencé avec Christopher.,Ça semble que ça a commencé avec Christopher.
She didn't want him feeling bound to her because she'd saved him or because he was physically attracted to her.,Elle ne voulait pas qu'il se sente lié à elle parce qu'elle l'avait sauvé ou parce qu'il était physiquement attiré par elle.,Elle ne voulait pas qu'il se sente lié à elle parce qu'elle l'avait sauvé ou parce qu'il était physiquement attiré par elle.
"I'm fucking Johnny like an animal, getting closer to God, using the rhythm of the music to drive us both insane.","Je baise Johnny comme un animal, me rapprochant de Dieu, utilisant le rythme de la musique pour nous rendre tous les deux fous.","Je suis un animal, je baisse Johnny comme un animal, je me rapproche de Dieu, j'utilise le rythme de la musique pour nous rendre tous les deux fous."
"Inna was waiting, and he didn't like to wait.","Inna attendait, et il n'aimait pas attendre.","Inna attendait, et il ne supportait pas attendre."
"She was surely tired too, but she hadn't complained a bit.","Elle aussi devait sûrement être fatiguée, mais elle ne s'était pas plainte.","Ça lui avait certainement fait fatigue, mais elle n'avait pas fait la moindre plainte."
"He bent his head, and her lips met his with a slow kiss.",Il pencha la tête et ses lèvres rencontrèrent les siennes dans un lent baiser.,Il pencha la tête et ses lèvres se rencontrèrent les siennes avec un baiser lent.
A large percentage of guests going to the Winter Wonderland in January are only going to kill time and the others are locals just going so that their children can go on the ice slides.,Une grande partie des visiteurs qui se rendent au Winter Wonderland en janvier n'y vont que pour tuer le temps et les autres sont des locaux qui viennent juste pour que leurs enfants puissent faire des glissades sur la glace.,Un grand pourcentage des invités du Winter Wonderland en janvier vont seulement passer du temps et les autres sont des habitants qui vont simplement pour que leurs enfants puissent glisser sur les glissades de glace.
I can't believe I hadn't noticed when the music stopped.,Je ne peux pas croire que je n'ai pas remarqué que la musique s'était arrêtée.,Ça me fait rire de ne pas m'être aperçu quand la musique s'était arrêtée.
"And although John isn't technically a virgin, I can't help but feel like I'm about to deflower him.","Et bien que John ne soit pas techniquement vierge, je ne peux m'empêcher de penser que je suis sur le point de le déflorer.","John n'est pas vraiment un vierge, mais je ne peux m'empêcher de me sentir comme s'il allait le déflorer."
"""Why can't you leave us all alone?",Pourquoi ne pouvez-vous pas nous laisser tranquilles ?,Pourquoi ne peux-tu pas nous laisser en paix ?
"Again, with the stupid.","Encore une fois, c'est stupide.",Ça fait encore une fois de la bêtise.
"He believed me for years.""",Il m'a cru pendant des années.,Ça m'a cru pendant des années.
"The only thing I hear is my pounding heart, our mingled breaths, and the snick-snick-snick of...","La seule chose que j'entends, c'est mon cœur qui bat la chamade, nos respirations qui se mélangent et le bruit de...","Ça ne me fait entendre que mon cœur qui bat la chamade, nos souffles mélangés et le cliquetis de..."
"Sure, he'd enjoyed swimming in the oceanspent a couple years diving on WWII wrecks for the US Navy.","Bien sûr, il avait aimé nager dans l'océan  il avait passé quelques années à plonger à l'intérieur d'épaves de la Seconde Guerre mondiale pour l'US Navy.","Ça lui avait bien plu de nager dans les océans, il avait passé quelques années à plonger sur les épaves de la Seconde Guerre mondiale pour la Marine américaine."
"""Doesn't look like she got the message,"" Lucas said, sounding amused.","On dirait bien qu'elle ne l'a pas compris, rétorqua Lucas avec amusement.","Ça ne semble pas qu'elle ait compris le message, dit Lucas, avec un air amusé."
"""I think some of the other guys plan to come by the bar to help, so I don't have to have you here, but there'll be work if you want it.""","Je pense que d'autres gars ont prévu de venir au bar pour aider, donc tu n'es pas obligé de venir, mais il y aura du travail si tu le veux.","Ça semble que certains des autres viennent au bar pour aider, alors je ne dois pas avoir besoin de toi, mais il y aura du travail si tu le veux."
She shielded her eyes from the bright sun and strained to see if she recognized the dark figure approaching from the northern section of the beach.,Elle se protégea les yeux du soleil et s'efforça de reconnaître la silhouette sombre qui s'approchait de la partie nord de la plage.,Elle se protégea des rayons du soleil et s'efforça de voir si elle reconnaissait la silhouette sombre qui approchait depuis la partie nord de la plage.
"Did you know the 1893 fair in Chicago was the celebration of four hundred years since Columbus landed?""",Savais-tu que la foire de 1893 à Chicago célébrait les quatre cents ans du débarquement de Christophe Colomb ?,Ça te dit que l'Exposition universelle de 1893 à Chicago était une célébration des quatre cents ans depuis que Columbus avait débarqué ?
"Against his mates' recommendations, he threw the rope ladder over the side and she came aboard.","Contre les recommandations de ses compagnons, il avait jeté l'échelle de corde par-dessus bord et elle était montée à bord.","Contre les recommandations de ses camarades, il jeta l'échelle de secours par-dessus bord et elle monta à bord."
"""Carta Hotels' board has decided after careful consideration that it might be in their best interest to find someone who shares their vision,"" Devyn said, looking lost in thought as he absently drummed his fingertips against the armrest.","Les membres du conseil d'administration des Hôtels Carta ont décidé, après mûre réflexion, qu'il était dans leur intérêt de chercher quelqu'un qui partageait leur vision, dit Devyn semblant perdu dans ses pensées alors que ses doigts pianotaient distraitement sur le l'accoudoir du canapé.","Le conseil d'administration des Hôtels Carta a décidé, après une réflexion soigneuse, qu'il pourrait être dans leur meilleur intérêt de trouver quelqu'un qui partage leur vision, dit Devyn, le regard perdu dans les pensées alors qu'il battait distraitement ses doigts contre le dossier de l'appui-bras."
"""I quit!"" she managed to get out before returning to mumbling, ""We're going to die!"" over and over again as she released the cutest fucking sniffles while he did his best to stop fucking smiling.","Elle réussit à dire : ""Je démissionne !"" avant de se remettre à marmonner : ""On va mourir !», encore et encore, en lâchant un reniflement des plus mignons, tandis qu'il faisait de son mieux pour arrêter de sourire.",Ça suffit !
"How would he tell her that he wanted to stay on the island, wanted to take a chance with her?","Comment allait-il lui dire qu'il voulait rester sur l'île, qu'il voulait tenter sa chance avec elle ?","Ça lui serait difficile de lui dire qu'il voulait rester sur l'île, qu'il voulait prendre le risque avec elle ?"
"John...I don't know what he's doing, but he is looking at me, and suddenly I feel exposed.","je ne sais pas ce qu'il fait, mais il me regarde, et soudain, je me sens exposé.","John... je ne sais pas ce qu'il fait, mais il me regarde, et soudain je me sens exposé."
"I also found the emails and letters from Hillshire Hotels to the fake account that Mr. Anderson set up, informing him of the hotel's dire situation.","J'ai également trouvé les e-mails et les lettres envoyés par les Hôtels Hillshire au faux compte créé par M. Anderson, l'informant de la situation désastreuse de l'hôtel.","Je suis aussi parvenu à trouver les e-mails et les lettres des Hôtels Hillshire à l'adresse fausse que M. Anderson avait créée, pour lui informer de la situation désastreuse du hôtel."
"We'd sometimes grab a bite to eat afterward.""",Nous allions parfois manger un morceau après.,Ça arrivait parfois qu'on prenne un petit déjeuner après.
"""I assume he felt obligated to finish out his contract as privateer.",Je suppose qu'il s'était senti obligé de terminer son contrat de corsaire.,Je suppose qu'il se sentait obligé de terminer son contrat de corsaire.
Of course she could read.,"Bien sûr, qu'elle savait lire.",Ça allait sans dire qu'elle pouvait lire.
Too bad diverboy hadn't shown any instalove back.,Dommage que le plongeur n'ait pas eu le coup de foudre en retour.,Ça faisait mal que diverboy n'ait pas montré d'instalove.
Is that heat in his voice?,Y a-t-il de la chaleur dans sa voix ?,"Ça y est, il y a de la chaleur dans sa voix ?"
"It's a hot day, but inevitably cooler up here than it would be in the city.","Il fait chaud, mais il fait indéniablement plus frais ici qu'en ville.","Ça fait chaud, mais il est inévitablement plus frais ici qu'à la ville."
"""Well, this was fun,"" Andi said brightly with a satisfied sigh as she made her way back to the elevator.","Eh bien, c'était amusant, dit Andi avec un soupir de satisfaction en retournant vers l'ascenseur.","Ça a été amusant, dit Andi avec une voix éclatante et un soupir satisfait en retournant vers l'ascenseur."
"""I like you too much, I think.""","Je t'aime trop, je crois.","Ça me plaît trop, je pense."
Even more unusual up in New Bromley.,C'est encore plus rare à New Bromley.,Ça était encore plus inhabituel à New Bromley.
"""We're well equipped for dark, then.""","Nous sommes bien équipés pour la nuit, alors.","Ça nous suffit pour le noir, alors."
"He poked at it with a piece of driftwood, trying to see if it had tentacles, but all that was left were stubsmost had been sheared off as the tide brought the jellyfish to shore.""","Il la toucha avec un morceau de bois flotté, essayant de voir si elle avait des tentacules, mais il ne restait que des bouts  la plupart avaient été arrachés quand la marée avait ramené la méduse sur le rivage.","Il la piqua avec une branche de bois flottant, essayant de voir s'il y avait des tentacules, mais il ne restait plus que des écailles  la plupart avaient été arrachées lorsque la marée avait amené les méduses sur la plage."
Chase had taken the money and built the bar.,Chase avait pris l'argent et construit le bar.,Chase avait pris l'argent et construit le bar.
"As long as I'm with you, everything will be fine.""","Tant que je serai avec toi, tout ira bien.","Tant que je serai avec toi, tout ira bien."
"""I'll have your name added to the list,"" he promised, making a mental note to put her name on the list if she was still here at the end of the week.","Je ferais ajouter votre nom à la liste, promit-il, en le notant dans un coin de sa tête au cas où elle travaillait encore là d'ici la fin de la semaine.","Je mettrai ton nom sur la liste, promit-il, en se disant qu'il mettrait son nom sur la liste s'il était encore là à la fin de la semaine."
"""Looks like he passed out,"" the guard said.","On dirait qu'il s'est évanoui, dit le garde.","Ça semble qu'il ait perdu connaissance, dit le gardien."
"Not enough places to hide.""",Il n'y a pas assez d'endroits où se cacher.,Ça n'y avait pas assez de lieux pour se cacher.
"""You'd be surprised.",Tu pourrais être surpris.,Ça te surprendrait.
John nudges my shoulder when one woman tells me she earned her bachelor's degree listening to me while she studied.,John me donne un coup d'épaule lorsqu'une femme me dit qu'elle a obtenu sa licence en m'écoutant pendant qu'elle étudiait.,John me pousse le coude dans l'épaule lorsqu'une femme me dit qu'elle a obtenu son bac en écoutant mes conférences pendant qu'elle étudiait.
Or no shirt.,Ou sans chemise aussi.,Ça pourrait aussi être un manque de chemise.
"It's as if all the weeks and months of wanting him or trying not to want him, have coalesced into an incessant need.",C'est comme si toutes les semaines et les mois passés à le désirer ou à essayer de ne pas le désirer s'étaient transformés en un besoin incessant.,"Ça semble comme si toutes les semaines et les mois pendant lesquelles je l'avais désiré ou que je l'avais essayé de ne pas désirer, avaient coalescé en un besoin incessant."
Too close.,Trop proche.,Ça fait trop près.
I'll hide in the dune grassI want to hear you break his heart.,"Je me cacherai dans les dunes, je veux t'entendre lui briser le cœur.",Je me cacherai dans l'herbe des dunes  Je veux te voir casser son cœur.
"He was her boss and she was a complication that he didn't need right now, Devyn reminded himself only to realize that he didn't care.","Il était son patron et elle était une complication dont il n'avait pas besoin en ce moment, se rappela Devyn juste pour se rendre compte qu'il s'en fichait.","Ça faisait partie de son travail et elle était une complication qu'il ne pouvait pas se permettre en ce moment, se rappela Devyn, avant de réaliser qu'il ne s'en souciait pas."
"""Saturday works.""","Samedi, ça marche.",Ça marche samedi.
He pulled out his razor and cream.,Il sortit son rasoir et sa crème de rasage.,Il sortit son rasoir et son crème.
Appreciate it.,L'apprécier.,Ça te plaît.
"Making a mental note about that for later, he set it aside only to frown when he saw the financial report beneath it.","Il le nota mentalement pour plus tard et la mit de côté, mais fronça les sourcils en voyant le rapport financier qui se trouvait en dessous.","Il se dit qu'il s'en occuperait plus tard, puis le déposa de côté pour froncer les sourcils lorsqu'il vit le rapport financier sous le document."
Inna's head snapped up.,La tête d'Inna se releva d'un coup.,Inna leva la tête.
The picture was a total diversion.,Le tableau était une véritable diversion.,L'image était un total de détournement.
"""Careful,"" he says as I step over the edge.","Attention, dit-il alors que j'enjambe le bord.","Ça va, dit-il alors que je passe à l'autre bord."
"You've taken that thing a million times.""",Tu l'as pris un million de fois.,"Ça, tu l'as pris un million de fois."
"""Just ignore him,"" she said with a conspiratorial wink and smile.","Ignorez-le simplement, dit-elle avec un clin d'œil complice et un sourire.","Ignore-le, dit-elle avec un clin d'œil et un sourire conspirateurs."
All Mine Series:,Série All Mine :,La série All Mine :
How could he consider this?,Comment pouvait-il envisager cela ?,Ça lui était possible ?
"""Since I was the one that introduced you, yes.""","Oui, puisque c'est moi qui vous ai présenté.","Ça fait que je suis le seul à avoir introduit les deux, oui."
"""Me too,"" he says and kisses me gently.","Moi aussi, dit-il en m'embrassant doucement.","Ça m'a aussi touché, dit-il en m'embrassant doucement."
"And I don't see him again until the air starts to cool, and the leaves begin to change color.",Et je ne l'ai plus revu jusqu'à ce que l'air commence à se rafraîchir et que les feuilles commencent à changer de couleur.,Je ne le vois plus jusqu'à ce que l'air se refroidisse et que les feuilles commencent à changer de couleur.
"""It's a lot of work.""",C'est beaucoup de travail.,Ça fait beaucoup de travail.
"""Clearly, it likes you too.""","Manifestement, tu lui plais aussi.",Ça t'aime aussi.
"In real life, he was better than any fantasy, and things were simply too perfect.","Dans la vraie vie, il était mieux que dans n'importe quel fantasme, et les choses étaient tout simplement trop parfaites.","Ça faisait trop parfait, et il était meilleur que tout fantasme."
"""You mean your room,"" Lucas pointed out as Devyn sat there, clenching his jaw as he met his best friend's gaze head-on.","Tu veux dire ta chambre, fit remarquer Lucas alors que Devyn s'asseyait, serrant la mâchoire alors qu'il croisait le regard de son meilleur ami.","Ça veut dire ta chambre, fit remarquer Lucas alors que Devyn s'asseyait là, serrant sa mâchoire alors qu'il rencontrait le regard de son meilleur ami."
My patience is thin.,Ma patience a atteint ses limites.,Mon patience est mince.
"Oh gods, how long had he been watching?","Mon Dieu, depuis combien de temps regardait","Oh, les dieux, combien de temps avait-il regardé ?"
"""And we don't know when the portrait was paintedwhether it was before he disappeared, or afterward, on Amelia's direction.","Et nous ne savons pas quand le portrait a été peint, si c'était avant sa disparition, ou après, sur les instructions d'Amelia.","Et nous ne savons pas quand le portrait a été peint, soit avant qu'il disparaisse, soit après, à la demande d'Amelia."
"He raised his gaze to meet hers, and for a moment, ""spend the night"" took on a whole new meaning.","Il leva son regard pour rencontrer le sien et, pendant un instant, ""passer la nuit"" prit une toute nouvelle signification.","Il leva le regard pour le croiser, et pendant un moment, ""passer la nuit"" prit un sens tout nouveau."
"""You can spend next Christmas with my family,"" she said with a firm nod as though that settled everything.","Tu peux venir passer le prochain Noël avec ma famille, dit-elle avec un hochement de tête ferme, comme si ça réglait tout.","Tu pourras passer Noël prochain avec ma famille, dit-elle avec un hochement de tête ferme, comme si ça réglementait tout."
"""Ditch the shoes,"" Chase said.","Enlève tes chaussures, dit Chase.","Laisse tomber les chaussures, dit Chase."
He pulled her farther under him.,Il l'attira plus loin sous lui.,Il la fit avancer sous lui.
"""The park, silly.","Le parc, idiot.","Ça, le parc, c'est trop simple."
"Christ, out of all the women that he'd sent to lure the bastard, the secretaries, assistants, and that fucking hooker, and the woman that had finally brought him to his knees was a small woman who had no fucking idea what she was getting herself into.","Bon sang, parmi toutes les femmes qu'il avait envoyé pour appâter ce salaud, les secrétaires, les assistantes, et cette putain de prostituée, celle qui l'avait finalement mis à genoux était une petite femme qui n'avait aucune putain d'idée de ce dans quoi elle s'engageait.","Ça, c'est un putain de merde, la femme qui l'a finalement mis à genoux était une petite femme qui n'avait aucune idée de ce qu'elle se mettait à faire."
"That looked confident, didn't it?","Elle avait l'air sûre d'elle, n'est-ce pas ?","Ça avait l'air confiant, n'est-ce pas ?"
"""I'll walk you out.""",Je vais te raccompagner.,Ça me fera plaisir de te faire sortir.
"I want to engage him, to bring back the cheeky inquisitive guy that used to grab lunch with me every other day.","Je veux le faire parler, faire revenir le curieux insolent qui avait l'habitude de déjeuner avec moi tous les deux jours.","Je veux l'engager, ramener le garçon curieux et insolent qui m'emmenait déjeuner tous les deux jours."
My skin there is on fire.,"Ma peau, à cet endroit, est en feu.",Ma peau est en feu.
"""I try to get the early classes, so I can be done by early afternoon.""",J'essaie de prendre les premiers cours pour pouvoir terminer en début d'après-midi.,"Je tente d'avoir les cours du matin, pour être terminé dès l'après-midi."
"A butterscotch leather jacket hangs off his frame like it was made for him, and the burgundy button-down he has on underneath makes the copper and red highlights in his beard pop.","Une veste en cuir caramel lui colle à la peau comme si elle avait été conçue pour lui, et la chemise bordeaux qu'il porte en dessous fait ressortir les reflets cuivrés et rouges de sa barbe.","Un gilet en cuir brun-orange se trouve sous son pull, et les reflets rouges et orangés de sa barbe se mettent en valeur."
Then sing her heart out.,Puis chanter à tue-tête.,"Alors, chante à fond la bouche."
At least I try to.,"Du moins, j'essaie.",Ça fait du moins l'effort.
"Too many times, he'd stopped himself.","Trop de fois, il s'en était empêché.",Ça lui était arrivé trop souvent.
"It's not my smile, so I tamp down my jealousy.","Ce n'est pas mon sourire, alors j'étouffe ma jalousie.","Ça n'est pas mon sourire, alors je réprime ma jalousie."
"Oh, and you make soup.","Oh, et tu fais de la soupe.",Ça fait aussi partie de ton métier.
"Dyer rolls his lips inward as I eye him, and I can't help but poke at him.","Les lèvres de Dyer se retroussent quand je le regarde, et je ne peux pas m'empêcher d'insister.","Dyer plisse ses lèvres en m'observant, et je ne peux m'empêcher de le piquer."
"Clearing his throat uncomfortably, Thomas Brandon, assistant manager of the Carta Castle Hotel, said, ""He quit.""","Se raclant la gorge, Thomas Brandon, directeur adjoint de l'hôtel Carta Castle, déclara :","Ça fait mal, dit Thomas Brandon, le directeur adjoint de l'Hôtel Carta Castle, en clairant sa gorge :"
"""As soon as possible.""",Dès que possible.,Ça serait le plus vite possible.
His eyes no doubt follow John around the room just as mine do.,"Ses yeux suivent sans doute John dans la pièce, tout comme les miens.","Son regard suit sans doute John dans la pièce, comme le mien le fait."
"Based on what they'd said, he'd been hoping that she would be able to quickly adapt to her new role, but so far, it wasn't working out.","En se basant sur ce qui lui avait été dit, il espérait qu'Andi s'adapterait rapidement à son nouveau poste ;","Selon ce qu'ils avaient dit, il avait espéré qu'elle pourrait rapidement s'adapter à son nouveau rôle, mais jusqu'à présent, cela ne fonctionnait pas."
"""Analog is so much warmer than digital,"" I say.","L'analogique est tellement plus chaleureux que le numérique, dis-je.","L'analogique est beaucoup plus chaud que le numérique, dis-je."
"""I loved my mother.",J'aimais ma mère.,Je m'étais bien aimé de ma mère.
That had been met with a horrified look and a slight trembling of her bottom lip that had him quickly promising never to touch her notebook again.,Ça lui avait valu un regard horrifié et un léger tremblement de sa lèvre inférieure qui avait rapidement fait promettre à Devyn de ne plus jamais y toucher.,Ça avait été rencontré par un regard horrifié et une légère tremblure de sa lèvre inférieure qui l'avait poussé à promettre de ne plus toucher son carnet.
"He'd been given two years to turn this mess around, and so far, he'd been able to surpass every expectation, but now that his contract was set to expire in a few months, Devyn was having a hell of a time getting anything done with every assistant that he hired quitting and making his life a hell of a lot harder than it needed to be.","mais maintenant que son contrat allait expirer d'ici quelques mois, Devyn peinait beaucoup à faire avancer les choses, toutes ses assistantes qui démissionnaient lui rendait la vie beaucoup plus difficile qu'elle n'aurait dû l'être.","Il avait été donné deux ans pour redresser la situation, et jusqu'à présent, il avait réussi à dépasser toutes les attentes, mais maintenant que son contrat expirait dans quelques mois, Devyn avait du mal à faire quelque chose, car toutes les assistantes qu'il embauchait quittaient et rendaient sa vie bien plus difficile qu'elle ne devait l'être."
Better to get the evening over with and worry about the bar tomorrow.,Il valait mieux en finir avec cette soirée et se préoccuper du bar demain.,Ça valait mieux que le soir se termine et qu'on se préoccupe du bar demain.
"The slightest of pulls from his hand on my nape has me leaning down to him, but he stops my descent before I can touch my lips to his.","La moindre traction de sa main sur ma nuque me fait me pencher vers lui, mais il arrête ma descente avant que je ne puisse toucher ses lèvres.","Le moindre effort de son bras sur ma nuque me fait pencher vers lui, mais il arrête mon mouvement avant que je ne puisse toucher mes lèvres à ses."
"Dyer's right, I haven't spoken to him, or anyone, about what's happening between John and me.","Dyer a raison, je ne lui ai pas parlé  ni à personne d'ailleurs  de ce qui se passe entre John et moi.","Ça va, Dyer a raison, je n'ai pas parlé à John, ni à personne d'autre, de ce qui se passe entre nous."
"""And you have to tell him you don't love himnever did.""","Et tu dois lui dire que tu ne l'aimes pas, que tu ne l'as jamais aimé.","Ça veut dire que tu dois lui dire que tu ne l'aimes pas, jamais."
"Slowly, I turn my head.","Lentement, je tourne la tête.",Je tourne lentement la tête.
"John's words should make me feel better, but they don't.","Les mots de John devraient me rassurer, mais ce n'est pas le cas.","Les mots de John devraient me faire mieux, mais ils ne le font pas."
"She'd wanted to ask him why he'd gotten it, since she first saw it after Luke's death, but it seemed like such an intimate question.","Elle avait voulu lui demander pourquoi il se l'était fait faire, depuis qu'elle l'avait vu pour la première fois après la mort de Luke, mais la question lui avait semblé si intime.","Elle avait voulu lui demander pourquoi il l'avait acheté, car elle l'avait vu pour la première fois après la mort de Luke, mais il semblait si intime."
Quiet time?,Du temps calme ?,Ça fait du temps ?
Anger darkens the green of his eyes from emerald to forest.,La colère assombrit le vert de ses yeux qui passent de l'émeraude à la forêt.,L'anger sombre le vert de ses yeux d'émeraude à celui du bois.
He didn't know.,Il ne savait pas.,Ça ne lui disait rien.
"""Don't speak to my daughter with disrespect.",Ne manqua pas de respect à ma fille.,Ne parle pas à ma fille avec un ton dédaigneux.
Nine Inch Nails fills my head.,Nine Inch Nails remplit ma tête.,Les Nine Inch Nails remplissent mon esprit.
"I feel the flood of warmth and wet surround my cock as I pulse, spilling into the condom.","Je sens le flot de chaleur et d'humidité entourer ma bite alors que je pulse, me déversant dans le préservatif.","Je sens la chaleur et l'humidité envahir mon membre alors que je pulsé, déversant mon sperme dans le préservatif."
This wasn't just about sex.,Il ne s'agissait pas seulement de sexe.,Ça n'était pas juste du sexe.
"Instead, he fucked off to God knows where.","Au lieu de cela, il s'est barré Dieu sait où.","Au lieu de cela, il s'était enfui quelque part."
"He'd better switch to the cheaper stuff soon, or he'd regret drinking up his reserve stash.","Il ferait mieux de passer bientôt aux bouteilles moins chères, sinon il regretterait d'avoir épuisé sa réserve.","Il devait passer à l'alcool moins cher bientôt, sinon il regretterait d'avoir bu sa réserve."
But it's a peaceful walk that not many people know about.,Mais c'est une promenade paisible que peu de gens connaissent.,Ça fait une promenade calme que peu de gens connaissent.
You got a fucking virgin!,Tu as un putain de puceau !,Ça te fait un putain de vierge !
"Swallowing hard, he listened as Andi quietly tiptoed throughout the small apartment, shutting lights off as she went and then-","Déglutissant, il écouta Andi marcher sur la pointe des pieds dans le petit appartement, éteignant les lumières au fur et à mesure, puis...","Il déglutit difficilement, écouta Andi se déplacer en silence dans l'appartement, éteignant les lumières au fur et à mesure qu'elle le faisait, puis..."
"Wherever you go, I'll be watching you.","Où que tu ailles, je te surveille.","Quoi qu'il arrive, je te suivrai."
"""Right now, I'm occupied with these eight.""","Pour l'instant, je suis occupé par ces vingt centimètres là.","Ça, pour l'instant, m'occupe."
"He slammed her against the covered window, pressing his body against the length of hers.","Il la plaqua contre la fenêtre barricadée, pressant tout son corps contre le sien.","Il la frappa contre la fenêtre couverte, pressant son corps contre la longueur de la sienne."
That's worth celebrating.,Cela vaut la peine d'être célébré.,Ça vaut la fête.
The tattoo that marked her as mermaid.,Le tatouage qui la marquait comme sirène.,Le tatouage qui la marquait comme une sirène.
The deep-blue sky burst with hints of orange where the sun hung low in the west.,Le ciel d'un bleu profond se teintait d'orange là où le soleil était bas à l'ouest.,Le ciel bleu profond était ponctué d'oranges où le soleil se posait bas à l'ouest.
Like they had a connection beyond the present.,Comme s'ils avaient une connexion au-delà du présent.,Comme ils avaient une connexion au-delà du présent.
I scroll down and find one story that has a video.,Je fais défiler l'écran et trouve un article avec une vidéo.,Je descends et trouve un article qui contient un vidéo.
"The muscle tenses under my palm, and I drop my arm to my side, sighing inwardly.",Le muscle se crispe sous ma paume et je laisse tomber mon bras sur le côté en soupirant intérieurement.,"Le muscle se tend sous ma paume et je laisse tomber mon bras à mon côté, soupirant à l'intérieur."
"""I need one more thing,"" Chase said.","J'ai besoin d'une dernière chose, dit Chase.","Ça me manque d'un peu de chose, dit Chase."
"Their cousins, the Sirens, sang a song and trapped a man.","Leurs cousines, les harpies, chantaient une chanson pour piéger les hommes.",Les cousines des Sirènes avaient chanté une chanson et piégé un homme.
"""Look at me, Mari,"" he said, squeezing her knee.","Regarde-moi, Mari, dit-il en lui pressant le genou.","Regarde-moi, Mari, dit-il en pressant sa cuisse."
One thing was for certain.,Une chose était sûre.,Ça était sûr.
"""No, the regular had a family emergency.""","Non, le DJ habituel a eu une urgence familiale.","Non, le régulier avait un problème familial."
Who in the twenty-first century doesn't Google someone after meeting them?,"Qui, au vingt-et-unième siècle, ne cherche pas quelqu'un sur Google après l'avoir rencontré ?","Ça ne se passe pas au XXIe siècle, on Googles quelqu'un après l'avoir rencontré."
"Unless there's a ghost tattoo artist around the island, I swear I don't know where these tattoos keep coming from.""","A moins qu'il n'y ait un tatoueur fantôme sur l'île, je jure que je ne sais pas d'où viennent ces tatouages.","Ça ne peut pas être un tatoueur fantôme qui se promène sur l'île, je jure que je ne sais pas d'où viennent ces tatouages."
"I can't move, don't want to, and John seems content to have me covering him.","Je ne peux pas bouger, je n'en ai pas envie, et John semble satisfait que je sois sur lui.","Je ne peux pas bouger, je ne veux pas le faire, et John semble satisfait d'avoir une couverture."
"As his skin heats, his earthy musk hits my senses, making my mouth water.","Au fur et à mesure que sa peau se réchauffe, son odeur de musc et de terre s'impose à mes sens et me met l'eau à la bouche.","Quand sa peau se chauffe, son odeur terreuse fait trembler mes sens, me faisant saliver."
"I was unhappy.""",J'étais malheureux.,Ça m'avait rendu malheureux.
LOCAL HIGH SCHOOL TEACHER ARRESTED ON SUSPICION OF SEX WITH STUDENT,UN ENSEIGNANT D'UN LYCÉE LOCAL ARRÊTÉ POUR SUSPICION DE RELATIONS SEXUELLES AVEC UNE ÉLÈVE,Un professeur d'un lycée local a été arrêté sur suspicion de relations sexuelles avec un élève.
"""What's this?"" I ask, removing the paper, though I already know.","demandé-je en retirant le papier, bien que je le sache déjà.","Ça, qu'est-ce ?"
"""Oh, you mean he'd tell you his moods.",Tu veux dire qu'il te disait son humeur.,Ça veut dire qu'il te dirait ses humeurs.
"When I call Dyer and ask him to sit in on my shift, he only hesitates for a moment before agreeing.","Lorsque j'appelle Dyer pour lui demander de me remplacer, il hésite un instant avant d'accepter.","Quand je téléphone à Dyer et lui demande de venir travailler avec moi, il hésite un moment avant d'accepter."
"He stood, dabbing his eye with the ice pack.",Il se leva et se tamponna l'œil avec la poche de glace.,"Il se leva, se secoua l'œil avec la bouteille de gel."
"Why is it suddenly hot out here, has summer returned in the last hour or so?","Pourquoi fait-il soudain chaud ici, l'été serait-il revenu depuis une heure ?","Ça fait soudain chaud dehors, l'été est-il revenu dans les dernires heures ?"
"This time, Travis led her through the large hole in the side of the ship, making her smile as she watched yellow, orange, and blue fish race out the other side, following Travis as he made his way back up to the surface and-","Cette fois, Travis la fit passer à travers le grand trou sur le flanc du navire, la faisant sourire en regardant des poissons jaunes, oranges et bleus sortir de l'autre côté, suivant Travis alors qu'il remontait à la surface et...","Ça faisait un moment qu'il était parti, mais cette fois, Travis l'avait amenée à travers la grande brèche dans le côté du navire, lui faisant sourire en la regardant les poissons jaunes, oranges et bleus qui sortaient de l'autre côté, suivant Travis qui se dirigeait vers la surface et..."
"He follows them down to the floor and helps me step out of, first my Vans sneakers, and then the denim.","Il le suit jusqu'au sol et m'aide à enlever d'abord mes baskets Vans, puis le jean.","Il les suit jusqu'au sol et m'aide à enlever, d'abord mes chaussures de skateboard, puis mon jean."
"""Shut up, woman.""","Tais-toi, femme.","Ça suffit, femme."
"She was going to spend the rest of her life telling herself that it was good enough, she thought, deciding that definitely earned another heartfelt sigh.","Elle allait passer le reste de sa vie à se dire que c'était suffisant, pensa-t-elle, décidant que ça valait bien un autre soupir du fond du cœur.","Ça allait suffire, pensait-elle, décidant qu'il méritait un autre soupir sincère."
"And then, after finally accepting the painful realization that I'll never see the man again, it sure is a shock to the system when he walks into Nicki's house during her annual fall mixer.","Et puis, après avoir finalement accepté la dure réalité que je ne reverrai jamais cet homme, ça m'a fait un vrai choc lorsqu'il entre dans la maison de Nicki lors de sa soirée annuelle d'automne.","Et puis, après avoir enfin accepté la réalisation douloureuse que je ne verrai plus jamais l'homme, c'est vraiment un choc pour le système quand il entre dans la maison de Nicki lors de son annuel cocktail d'automne."
He spoke her thoughts aloud.,Il exprima ses pensées à voix haute.,Il disait haut et fort ce qu'il pensait.
He'd thought about that a lot and just how badly he wanted to do it again.,Il avait souvent repensé à cela et à quel point il avait envie de le refaire.,Ça lui avait beaucoup fait envie et il avait pensé à ce qu'il lui fallait pour le faire.
"And this nightmare will be over.""",Et ce cauchemar sera terminé.,Ça signifie que ce cauchemar va prendre fin.
"She stared at him as he tried to maneuver partway down the sand-covered stairs, and his pulse raced at the scrutiny.","Elle le dévisagea alors qu'il tentait de descendre les marches couvertes de sable, et son pouls s'accéléra à l'examen minutieux de la situation.","Elle le regarda alors qu'il essayait de descendre à mi-chemin des marches recouvertes de sable, et son pouls s'accéléra sous son regard."
"Still, I can't say I'm not disappointed that we won't be strolling hand-in-hand through the fair.","Pourtant, je ne peux pas dire que je ne suis pas déçu que nous ne nous promenions pas main dans la main à travers la foire.","Ça dit, je ne peux pas dire que je ne suis pas déçu de ne pas pouvoir promener la main dans la main à travers la foire."
The day had been a cacophony of noises from wind to Inna to rain to cheesy music.,"La journée avait été une cacophonie de bruits, du vent à Inna, de la pluie à la musique ringarde.","Le jour avait été un cacophonie de bruits, du vent à Inna à la pluie à la musique câline."
"Aren't those reasons enough?""",Ces raisons ne sont-elles pas suffisantes ?,Ça ne suffit-il pas ?
Inna wasn't going to mess things up with Chase.,Inna n'allait pas tout gâcher avec Chase.,Inna ne voulait pas compromettre les choses avec Chase.
"Now, there was no chance of saving Chase from Inna's angerhe had every mer-legal right to kill the man who'd seduced his betrothed.","Maintenant, il n'y avait plus aucune chance de sauver Chase de la colère d'Inna  il avait tous les droits légaux de tuer l'homme qui avait séduit sa promise.","Ça ne faisait plus de sens de tenter de sauver Chase de la colère d'Inna, il avait le droit de tuer l'homme qui avait séduit sa fiancée."
He looks so happy.,Il a l'air si heureux.,Ça lui fait si bien le plaisir.
Another romp with him would drown out any fears she had.,Une autre partie de jambes en l'air avec lui noierait toutes les craintes qu'elle avait.,Un autre plaisir avec lui effacerait tous ses craintes.
"""I should get back to...""",Je devrais retourner à...,Ça me faut pour...
"Not too much, too soon.","Pas trop, pas trop tôt.","Ça ne devait pas être trop, trop tôt."
"He's a good guy, and I enjoy talking to him.""","C'est un bon gars, et j'aime bien lui parler.",Ça fait plaisir de parler avec lui.
"""My mom loves me, Chase.","Ma mère m'aime, Chase.","Ma mère m'aime, Chase."
"""You're from Scotland?"" He asks, his eyes following the flight of a bird from one treetop to the next.","me demande-t-il, ses yeux suivant le vol d'un oiseau d'une cime à une autre.",Ça veut dire que tu es écossais ?
"It didn't help that she'd been afraid to close her eyes, terrified that if she closed them for even a minute that something would happen to him.","La peur qu'il lui arrive quelque chose si elle fermait les yeux, ne serait-ce","Ça ne l'avait pas aidé qu'elle ait peur de fermer les yeux, terrifiée par l'idée qu'il se passerait quelque chose s'il la fermait même une minute."
"""I really don't, though,"" Andi said, sniffling at the end there as she once again found herself heading towards another long night of searching through files and trying to come up with a way to improve the hotel's bottom line as she kept an eye out for anything that could help them figure out who the mysterious James Jamerson was.","Je ne sais vraiment pas, dit Andi, en reniflant à la fin, alors qu'elle se dirigeait une fois de plus vers une longue nuit de recherche dans les dossiers et de tentatives pour trouver un moyen d'améliorer les résultats de l'hôtel, tout en gardant un œil sur tout ce qui pourrait les aider à découvrir qui était le mystérieux James Jamerson.","Ça ne l'est pas vraiment, dit Andi en s'évanouissant à la fin alors qu'elle se retrouvait à nouveau à la tête d'une longue nuit de recherche de fichiers et d'essais pour trouver une façon de faire baisser les coûts du hôtel tout en gardant un œil sur tout ce qui pourrait les aider à comprendre qui était le mystérieux James Jamerson."
"I nod, reaching up to hold his face in my hands.","J'acquiesce, en levant les bras pour prendre son visage dans mes mains.",Je hoche la tête et lève les mains pour prendre son visage dans mes mains.
"This is the best news ever.""",C'est la meilleure nouvelle qui soit.,Ça fait le meilleur cadeau de Noël.
"""I like listening to you.""",J'aime t'écouter.,Ça me plaît de t'écouter.
"We also discovered the responsible party, James Jamerson,"" Devyn explained, making Harold frown in confusion.","Nous avons également découvert le responsable, James Jamerson, expliqua Devyn, ce qui fit froncer les sourcils de Harold, confus.","Nous avons aussi découvert la personne responsable, James Jamerson, expliqua Devyn, ce qui fit froncer les sourcils de Harold en signe de confusion."
"""But, really, I tend to go along with whatever.","Mais, en fait, j'ai tendance à me laisser faire.","Ça fait vraiment plaisir, je suis prête à tout accepter."
He set his plate beside hers.,Il posa son assiette à côté de la sienne.,Il posa son assiette à côté d'elle.
"When she deepened the kiss, he wished she were on a bed where he could press harder against her, feeling every contour of her soft body beneath his.","Lorsqu'elle approfondit le baiser, il souhaita qu'elle soit dans un lit où il pourrait se presser plus fort contre elle, sentant chaque contour de son corps doux sous le sien.","Quand elle profonde le baiser, il souhaitait qu'elle soit sur un lit où il pourrait la presser plus fort, sentant tous les contours de son corps doux sous lui."
"God, if he only knew how wanted he was.",Si seulement il savait à quel point il est désiré.,"Ça, il ne le savait pas."
"Mari dipped under the water as a large wave washed over her, then came back up, slicking her hair away from her face.","Mari plongea sous l'eau lorsqu'une grosse vague la submergea, puis remonta, écartant ses cheveux de son visage.","Mari plongea sous l'eau lorsqu'une grande vague la balaya, puis remonta à la surface, écartant ses cheveux de son visage."
"A mermaid has no business on land, and now look what's happened.","Une sirène n'a rien à faire sur terre, et regarde ce qui s'est passé.","Ça ne fait rien à une sirène de se trouver sur terre, et voilà ce qui est arrivé."
"I glance over at Dyer, and he's studying me.","Je jette un coup d'œil à Dyer, et il m'étudie.","Je jette un coup d'œil à Dyer, qui me regarde."
Until John Burton.,Jusqu'à John Burton.,Jusqu'à John Burton.
One way or another.,D'une manière ou d'une autre.,Ça va de soi.
"He could face her now, find out exactly what the man meant by ""engaged.""","Il pouvait l'affronter maintenant, découvrir exactement ce que l'homme entendait par ""fiancé"".","Il pouvait la regarder maintenant, découvrir exactement ce que le mari avait entendu par ""engagé""."
"Or what's left of it.""",Ou ce qu'il en reste.,"Ça, ou ce qui en reste."
"She struggled to climb the pile of sand, her flip-flops in one hand.","Elle s'efforça de grimper sur le tas de sable, ses tongs dans une main.","Elle luttait pour grimper sur la pile de sable, ses chaussons-bottes dans une main."
"There's awe in his face, the way his lips part ever-so-slightly, and his eyes widen just a little bit.","Il y a de l'admiration sur son visage, la façon dont ses lèvres s'écartent légèrement, et ses yeux s'écarquillent un tout petit peu.","Il y a un air d'admiration sur son visage, la façon dont ses lèvres se séparent très légèrement, et ses yeux s'élargissent un peu."
We're so very different from one another.,Nous sommes très différents l'un de l'autre.,Nous sommes si différents l'un de l'autre.
"What was the point of all this – of us -  if you can't trust me?""",Quel était le but de tout cela  de nous  si tu ne peux pas me faire confiance ?,"Ça servait à quoi tout ça, nous, si tu ne pouvais pas m'aimer ?"
"The way you are with music, that's how he is with beer.","Il est comme toi et la musique, mais avec la bière.","Ça ressemble à ça, c'est comme ça qu'il est avec la bière."
"""The eye should make landfall approximately midnight or a little after, depending on whether the storm slows a lot as it moves inland.","""L'œil du cyclone devrait toucher terre vers minuit ou un peu plus tard, en fonction de la vitesse de déplacement de la tempête vers l'intérieur des terres.","L'œil devrait toucher le sol vers minuit ou un peu plus tard, selon que la tempête ralentit beaucoup lorsqu'elle se déplace vers l'intérieur des terres."
She moved to look out over the railing and saw the lighted pier lanterns bobbing as the pier swayed and groaned under the weight of the swollen waves.,Elle se déplaça pour regarder par-dessus la balustrade et vit les lanternes allumées de la jetée qui se balançaient tandis que la jetée elle-même se balançait et gémissait sous le poids des vagues déchaînées.,Elle se pencha pour regarder par-dessus la balustrade et vit les lanternes de la jetée se balancer tandis que la jetée se balançait et gémissait sous le poids des vagues gonflées.
"To be with me, forever?","Être avec moi, pour toujours ?","Être avec moi, pour toujours ?"
"""It's too soon to tell,"" Devyn said, sighing heavily as he slid the daily report into his coat pocket.","Il est trop tôt pour le dire, soupira Devyn tout en glissant le rapport quotidien dans la poche de son manteau.","Ça fait trop peu de temps pour dire, dit Devyn en soupirant lourdement en plaçant le rapport de la journée dans sa poche."
Big trouble.,De gros ennuis.,Ça faisait grand mal.
"Chase pushed Mari off his shoulder and leaped up, his heart throbbing in his throat as a wave of nausea rolled through him.","Chase repoussa Mari de son épaule et se leva d'un bond, le cœur palpitant dans sa gorge, tandis qu'une vague de nausée le traversait.","Chase poussa Mari de son épaule et sauta, son cœur battant dans sa gorge alors qu'une vague de nausée le traversait."
"""I think I can handle that,"" the man that still hadn't told her what job she was interviewing for murmured.","C'est gérable, marmonna l'homme qui ne lui avait toujours pas dit pour quel poste elle passait un entretien.","Ça me semble gérable, murmura l'homme qui n'avait toujours pas dit à quelle fonction elle était candidate."
"Chase turned toward her, his eyes looking through her.","Chase se tourna vers elle, ses yeux la pénétrant.","Chase se retourna vers elle, les yeux qui la traversaient."
"I like seeing him like this, so close to the edge so soon.","J'aime le voir comme ça, si proche de craquer, si rapidement.","Ça me plaît de le voir ainsi, si proche du bord si tôt."
"""Thanks a lot, man.","Merci beaucoup, mec.","Ça va, mon ami."
"""No,"" Devyn bit out as she did a search for nearby hotels and found the one that she was looking for.","Non, dit Devyn en recherchant les hôtels des environs, et en trouvant celui qu'elle cherchait.","Non, dit Devyn alors qu'elle effectuait une recherche sur les hôtels à proximité et trouvait celui qu'elle cherchait."
"She pressed against him harder, well aware that he couldn't move until the screw was in or the plywood would fall.","Elle se serra plus fort contre lui, consciente qu'il ne pouvait pas bouger tant que la vis n'était pas enfoncée, sous peine de voir le contreplaqué tomber.","Elle s'accrocha plus fort contre lui, bien consciente qu'il ne pouvait pas bouger tant que le visage n'était pas fixé, sinon le contreplaqué tomberait."
"""Need a beer or some water or something?""","Tu veux une bière, de l'eau ou autre chose ?",Ça te faut une bière ou de l'eau ou quelque chose ?
The smile he gives me is stunning.,Le sourire qu'il m'adresse est stupéfiant.,Le sourire qu'il m'adresse est éblouissant.
I've wanted to have my own shop on the beach my whole life.,"Toute ma vie, j'ai voulu avoir ma propre boutique sur la plage.",Je voulais avoir mon propre magasin sur la plage toute ma vie.
"I don't know what I was expecting from the residence of a man as talented with his hands as John is, but this isn't it.","J'ignore ce que j'attendais de la résidence d'un homme aussi doué de ses mains que John, mais ce n'est pas ça.","Je ne sais pas ce que je m'attendais à la résidence d'un homme aussi doué avec ses mains que John, mais ce n'est pas ça."
And it could burn down the bar.,Et elle pourrait brûler le bar.,Ça pouvait faire brûler le bar.
"She reached to her throat, but words had dried on her tongue.","Elle porta la main à sa gorge, mais les mots avaient séché sur sa langue.","Elle tendit la main vers sa gorge, mais les mots s'étaient asséchés sur sa langue."
And would have killed Chase if she hadn't been there to save him.,Et aurait tué Chase si elle n'avait pas été là pour le sauver.,Ça aurait tué Chase s'il n'avait pas été là pour le sauver.
"A local directory yielded a little info on John Burton, owner of Burton Construction.","Un annuaire local m'a permis d'obtenir quelques informations sur John Burton, propriétaire de Burton Construction.","Un répertoire local a fourni quelques informations sur John Burton, le propriétaire de Burton Construction."
"""Two months!""",Deux mois !,Ça fait deux mois !
"Placid, green oceans filled those same eyes when someone needed a helping hand.",Des océans verts et paisibles remplissaient ces mêmes yeux lorsque quelqu'un avait besoin d'une main secourable.,Les mêmes yeux étaient remplis d'océans verts et calmes lorsqu'une main venait en aide à quelqu'un.
"""It's complicated,"" he said, picking up a file only to toss it back on his desk and go still when she blurted out, ""I have to tell you something.""","C'est compliqué, répondit-il, s'emparant d'un dossier pour le reposer aussitôt sur son bureau et de s'immobiliser quand elle lâcha :","Ça est compliqué, dit-il en levant un dossier pour le jeter ensuite sur son bureau et en restant immobile lorsqu'elle dit : ""J'ai quelque chose à te dire""."
"His eyes blaze in the dark, but I can't make out his expression.","Ses yeux brillent dans l'obscurité, mais je n'arrive pas à distinguer son expression.","Ses yeux brillent dans les ténèbres, mais je ne peux pas déchiffrer son expression."
"But the studios have needed working on for a long time, and I'm glad our last fundraiser was enough to at least start on it.","Mais cela fait longtemps qu'il fallait rénover les studios, et je suis heureux que notre dernière collecte de fonds ait été suffisante pour au moins commencer à le faire.","Ça a fallu longtemps que les studios soient en état de fonctionner, et je suis heureux que notre dernier événement de collecte de fonds ait suffi pour commencer les travaux."
"""We have nothing but time,"" Andi said, smiling hugely as she placed the colorful sack down at the top of the slide and gestured for him to sit down.","On a tout le temps, dit Andi, avec un grand sourire, en posant le sac coloré en haut du toboggan et en lui faisant signe de s'asseoir.","Ça nous reste du temps, dit Andi en souriant et en posant le sac coloré au sommet de la glissade, avant de lui faire signe de s'asseoir."
"When someone tells you they've had it all and done it all, and feel no need for more when you're still reaching for every goddamned thing life can offer, what is there left to say?","Quand quelqu'un vous dit qu'il a tout eu et tout fait, et qu'il ne ressent pas le besoin d'en avoir plus alors que vous cherchez toujours tout ce que la vie peut vous offrir, que reste-t-il à dire ?","Quand quelqu'un te dit qu'il a tout eu et tout fait, et qu'il n'a pas besoin de plus alors que tu continues à chercher tout ce que la vie peut offrir, qu'y a-t-il encore à dire ?"
The waves crashed on the sand and the water pooled near her.,Les vagues s'écrasaient sur le sable et l'eau s'accumulait près d'elle.,Les vagues s'écrasaient sur le sable et l'eau se réunissait près d'elle.
"""Frankie,"" John breathes into my wet hair.","Frankie, souffle John dans mes cheveux mouillés.","Frankie, soupire John dans mes cheveux humides."
"She didn't want this day, no matter how hard the work was, to ever end.","Elle ne voulait pas que cette journée, même si le travail était difficile, se termine un jour.","Ça ne devait jamais se terminer, même si le travail était difficile."
His dimple is just so adorable.,Sa fossette est tellement adorable.,Son rein est si adorable.
He lets his eyes skate over me before he turns them back to the room.,Il laisse ses yeux glisser sur moi avant de les tourner de nouveau vers la pièce.,Il fait glisser ses yeux sur moi avant de les retourner dans la pièce.
"Humid, warm air rushed in and filled her lungs, and salty dampness coated her face.","L'air chaud et humide s'engouffra dans ses poumons, et une humidité salée recouvrit son visage.","L'air humide et chaud s'engouffra et remplit ses poumons, tandis que la saleté et l'humidité recouvraient son visage."
"""I'll keep her safe,"" Drew said, making Andi wince as she hung over his shoulder, struggling to keep the terror at bay.","Je la garderai en sécurité, dit Drew, faisant grimacer Andi qui s'accrochait à son épaule, s'efforçant de maintenir la terreur à distance.","Je la protégerai, dit Drew, ce qui fit grimacer Andi alors qu'elle se penchait sur son épaule, luttant pour contenir la terreur."
"Nicki's skin is a deep, rich mahogany that must have been painted on by the hand of God himself, it's so perfect.","La peau de Nicki est d'un acajou riche et profond qui a dû être peint par la main de Dieu lui-même, tant elle est parfaite.","La peau de Nicki est un mahogany profond et riche qui doit avoir été peint par la main de Dieu lui-même, car il est si parfait."
"And I'm sitting here in the bar that was supposed to be both our legacies.""",Et je suis assis ici dans le bar qui était censé être notre héritage à tous les deux.,Ça fait que je suis assis ici dans le bar qui était censé être notre héritage.
"No dark water surrounding him, just the bright and cold glare of sterility and the smell of bleach.","Il n'y avait plus d'eau sombre autour de lui, juste la froide lumière blafarde d'un endroit stérile et une odeur d'eau de Javel.","Pas d'eau noire autour de lui, juste le regard brillant et le froid de la stérilité et l'odeur de chlorure."
"That's the best news I've heard in ages.""",C'est la meilleure nouvelle que j'ai entendue depuis longtemps.,Ça est la meilleure nouvelle que j'ai entendue depuis des années.
"I've done it a thousand times.""",Je l'ai fait des milliers de fois.,"Ça, je l'ai fait mille fois."
What a day.,Quelle journée !,Ça a été une journée.
A big part of me wants to pull John into my arms and shield him from everything and everyone that would ever wish him harm.,Une grande partie de moi veut prendre John dans mes bras et le protéger de tout ce qui pourrait lui faire du mal.,Une grande partie de moi veut embrasser John dans mes bras et le protéger de tout et de tout le monde qui lui ferait du mal.
"It's me you want, not him.","C'est moi que tu veux, pas lui.","Ça, c'est moi que tu veux, pas lui."
Reds and blues and bright yellows swirled and clashed along the walls.,"Du rouge, du bleu et du jaune vif tourbillonnaient et se mélangeaient le long des murs.","Les rouges, les bleus et les jaunes vifs se mêlaient et s'entrechoquaient le long des murs."
"Merely acquaintances, as far as the world knew.","De simples connaissances, pour autant que le monde le sache.",Ça ne signifiait rien pour le monde.
It's intangible.,Ce n'est pas tangible.,Ça est intangible.
He was headed directly for them.,Il se dirigeait directement vers eux.,Il se dirigeait directement vers eux.
"She'd fantasized about sucking him off many times, but it was never this good, this real.","Elle avait souvent fantasmé sur le fait de l'avoir en bouche, mais cela n'avait jamais été aussi bon, aussi vivace.","Elle s'était fantasmatisée sur le fait de le sucer de nombreuses fois, mais ça n'avait jamais été aussi bon, aussi réel."
"At first, I assume it's for work or for Lexi but, when I ask, he dodges the question or distracts me with sex.","Au début, je supposais que c'était pour le travail ou pour Lexi, mais quand je lui demande, il esquive la question ou me distrait avec du sexe.","À première vue, je suppose qu'il s'agit d'un travail ou de Lexi, mais quand je lui demande, il évite la question ou me distrait avec du sexe."
"What a phenomenon.""",Quel phénomène !,Ça fait un phénomène.
"""If I had my way, we'd take out the privateer's whole linewomen too.","Si ça ne tenait qu'à moi, nous aurions éliminé toute la lignée du corsaire, y compris les femmes.","Si j'avais la main, nous enleverions les filles de la ligne du pirate aussi."
"Pinching the jacket for Sign O' the Times between two fingers, I ease it off the shelf.","En pinçant la pochette de Sign O' the Times entre deux doigts, je la sors de l'étagère.",Je prends le jacket de Sign O' the Times entre deux doigts et le retire du rayon.
"""He's covering his ass,"" Devyn said, watching as she returned her attention back to the email and-","Il couvre ses arrières, dit Devyn, en la regardant reporter son attention sur l'e-mail et...","Ça, c'est pour se couvrir la queue, dit Devyn en la regardant retourner son attention vers l'e-mail et..."
"""Lot's happened in the past couple of days.""",Il s'est passé beaucoup de choses ces deux derniers jours.,Ça a beaucoup changé ces derniers jours.
I frame his face in my hands.,J'encadre son visage dans mes mains.,Je cadre son visage avec mes mains.
"""You're going to love the fourth grade,"" Uncle Shawn said, smiling as he picked her up and placed her on the chair as she frantically shook her head, knowing that this wasn't going to end well.","Tu vas adorer le CM1, dit Oncle Shawn en souriant alors qu'il la prenait dans ses bras et la déposait sur la chaise pendant qu'elle secouait frénétiquement la tête, car elle savait que ça n'allait pas bien se finir.","Ça va te plaire au quatrième grade, dit Oncle Shawn en souriant alors qu'il la levait et la plaçait sur le fauteuil, alors qu'elle secouait frénétiquement la tête, sachant que ça ne se terminerait pas bien."
"""You said he changed it,"" Garrett countered.","Tu as dit qu'il l'avait changé, rétorque Garrett.","Ça, tu l'as dit, répliqua Garrett."
My voice sounds like I've been chewing on asphalt and my words crumble under the crush of it.,Ma voix sonne comme si j'avais mâché de l'asphalte et mes mots s'effritent sous son poids.,Mon voix ressemble à celle d'une personne qui a mâché de l'asphalte et mes mots s'effondrent sous le poids de la situation.
"""I'll post guards near the beach,"" her mother said.","Je vais poster des gardes près de la plage, dit sa mère.","Je ferai mettre des gardes près de la plage, dit sa mère."
"And I'm not gonna lie, I get off on living vicariously through others.","Et je ne vais pas mentir, je prends mon pied en vivant par procuration à travers les autres.","Ça ne fait pas que moi, je me délecte de vivre vicarieusement à travers les autres."
"""Why didn't Christopher stay on land with her?",Pourquoi Christopher n'était-il pas resté sur la terre ferme avec elle ?,Pourquoi Christopher n'était-il pas resté sur le sol avec elle ?
I know you feel the pull to the sea like I do.,"Je sais que tu es attiré par la mer, tout comme moi.",Ça me dit que tu ressens l'attrait pour la mer comme moi.
"Inna was already on the ropes, scaling like a spider on a web.","Inna était déjà sur l'échelle de cordes, se déplaçant comme une araignée sur une toile.","Inna était déjà sur le fil du rasoir, comme une araignée sur un filet."
He must see this because he continues.,"Il doit s'en apercevoir, car il continue.",Ça doit lui arriver parce qu'il continue.
"""I think it made everything better,"" she said, absently tracing his fingers, careful of the cuts.","Je pense que ça a tout amélioré, dit-elle, traçant distraitement le contour de ses doigts, prenant soin de ne pas toucher aux coupures.","Ça a tout amélioré, dit-elle en suivant distraitement ses doigts, en étant prudente face aux coupes."
"He stared into her almond-shaped eyes, then moved his hand and turned away.","Il fixa ses yeux en amande, puis déplaça sa main et se détourna.","Il fixa ses yeux almondes, puis déplaça sa main et se détourna."
"After wiping my mouth with the back of my hand, I slink to the floor by the (blessedly cleanish) toilet, unable to move.","Après m'être essuyé la bouche du revers de la main, je me glisse sur le sol près des toilettes (heureusement propres), incapable de bouger.","Je me suis essuyé la bouche avec le dos de ma main, puis j'ai glissé à terre près du (mercifulement propre) toilette, incapable de bouger."
"""Swimming lessons.",Des cours de natation.,Ça s'appelle des leçons de natation.
"The more he breathed the decision, the more it became clear that she was meant for him.","Plus il pensait à cette décision, plus il devenait évident qu'elle était faite pour lui.","Plus il respirait sa décision, plus il devenait clair qu'elle était faite pour lui."
"""Michelle was my first,"" he offers.","Michelle était ma première, explique-t-il.","Michelle a été ma première, lui offre-t-il."
She was supposed to be able to do a hundred different things at once and-,"Elle était censée pouvoir faire une centaine de tâches en même temps, et...",Ça lui était supposé de pouvoir faire cent choses en même temps et...
"Dyer smiles, tossing the strap of his messenger bag over his head.","Dyer sourit, jetant la lanière de son sac par-dessus sa tête.","Dyer sourit, en passant la bande de son sac à dos sur sa tête."
"I take it back, he needs to stop doing that.","Je retire ce que j'ai dit, il doit arrêter de faire ça.","Ça ne marche pas, il doit s'arrêter."
"Mermaids were often spotted during a stormthat is when sailors needed them, and when they helped humans most.",Les sirènes sont souvent aperçues pendant une tempête  c'est à ce moment-là que les marins ont besoin d'elles et qu'elles aident le plus les humains.,"Les sirènes étaient souvent aperçues pendant une tempête, c'était à ce moment-là que les marins en avaient besoin, et qu'elles aidaient les humains le plus."
"""Better?"" he asked, surprised at his breathiness.","demanda-t-il, surpris de son essoufflement.",Ça va mieux ?
"My skin is suddenly too tight, and my dick is arguing loudly in Garrett's favor, reminding me that we hadn't had sex in weeks before the end, so it's been - let me count - Jesus, nearly two months since I got laid.","Ma peau est soudain trop tendue, et ma bite plaide vigoureusement en faveur de Garrett, me rappelant que nous n'avions plus fait l'amour depuis des semaines avant la fin de notre histoire.","Mon peau est soudain trop étroite, et ma queue fait des bruits pour soutenir Garrett, me rappelant que nous n'avions pas eu de sexe depuis des semaines avant la fin, donc il y a - laisse-moi compter - putain, presque deux mois que je n'ai pas eu de sexe."
It wasn't any different.,Ce n'était pas différent.,Ça n'était pas différent.
"For now, we need to figure out what to do.""","Pour l'instant, nous devons trouver quoi faire.","Pour l'instant, nous devons décider de quoi faire."
"I mean, fuck.","Je veux dire, putain.","Ça veut dire, putain."
"The winding path through the rides was mostly clean of sand and debris, and only a few of the rides and sideshow games showed any evidence that a powerful storm had ripped through the night before.","Le chemin sinueux qui traversait les manèges était presque entièrement débarrassé du sable et des débris, et seuls quelques manèges et jeux du parc d'attraction montraient des signes qu'une puissante tempête s'était abattue sur le parc la nuit précédente.","Le chemin sinueux entre les attractions était le plus partiellement dépourvu de sable et de débris, et seulement quelques attractions et jeux de la foire montraient des traces d'une violente tempête qui avait traversé la nuit précédente."
"""Has anyone ever...confronted you?",Est-ce que quelqu'un t'a déjà... confronté ?,Êtes-vous jamais...confronté ?
"John's hand, which he's lifted to sift through the hair at my nape, drifts down to cup the back of my neck.","La main de John, qu'il a soulevée pour la glisser dans les cheveux à l'arrière de mon crâne, descend jusqu'à ma nuque.","La main de John, qu'il a soulevée pour trier mes cheveux à la nuque, descend pour cerner le dos de ma nuque."
"""This is a long series of firsts for me,"" he says, his voice quiet.","C'est une longue série de premières pour moi, dit-il, la voix calme.","Ça fait longtemps que je ne suis pas allé en vacances, dit-il, la voix calme."
"""If my calculations are correct, I would say a little over twenty-two billion, forty-seven million, two hundred fifty-seven thousand dollars and eighty-three cents.","Si mes calculs sont corrects, je dirai un peu plus de vingt-deux milliards, quarante-sept millions, deux cent cinquante-sept mille dollars et quatre-vingt-trois centimes.","Si mes calculs sont corrects, je dirais un peu plus de vingt-deux milliards, quatre-vingt-sept millions, deux cent cinquante-sept mille dollars et huit cents."
"My skin is beech with a hint of henna, my wild, black curls have minds of their own.","Ma peau est de la couleur du hêtre avec un soupçon de henné, mes boucles noires et sauvages n'en font qu'à leur tête.","Mon peau est blanchâtre avec un soupçon de henné, mes boucles noires sauvages ont leur propre esprit."
"When she stepped, the ground seemed to fall out from under her feet and she stumbled on air.","Lorsqu'elle fit un pas, le sol sembla se dérober sous ses pieds et elle trébucha dans le vide.","Quand elle posait le pied, le sol semblait s'écrouler sous ses pieds et elle s'écarte sur l'air."
"""You too,"" I reply over my shoulder, as he starts his engine.","Toi aussi, répondis-je par-dessus mon épaule, tandis qu'il démarre son moteur.","Ça va aussi pour toi, réponds-je en passant, alors qu'il démarrera son moteur."
Every nerve in her body hummed.,Chaque nerf de son corps frémissait.,Tous ses nerfs se tordaient.
I smack him on his rock-hard abs.,Je lui donne une claque sur ses abdominaux durs comme la pierre.,Je lui donne une gifle sur ses abdominaux durs comme du caillou.
"The sun warmed the top of his head and his shoulders, and the heated sand toasted his bare feet.","Le soleil lui réchauffait le sommet du crâne et les épaules, et le sable chaud brûlait ses pieds nus.","Le soleil réchauffait le haut de sa tête et ses épaules, et le sable chauffé brûlait ses pieds nus."
"As sure as he was that he couldn't get close to anyone, he longed to feel her touch.","Même s'il était sûr de ne pas pouvoir être proche de quelqu'un, il avait envie de la toucher.","Ça lui semblait aussi sûr qu'il ne pouvait s'approcher de personne, il désirait sentir son contact."
It'd sure be handy to talk to himhave him on her side in case the approaching figure turned out to be a menace.,"Ce serait bien pratique de lui parler, de l'avoir à ses côtés au cas où la silhouette qui s'approchait s'avérait être une menace.","Ça serait bien utile de pouvoir parler à lui, avoir son appui en casque le visage qui approchait se révéler une menace."
We had so much more in common.,Nous avions bien plus en commun.,Ça nous rapprochait beaucoup plus.
"My cock dribbles nonstop, leaving threads of precome against my stomach.","Ma bite dégouline sans arrêt, laissant des fils de liquide séminal contre mon estomac.",Mon coche dégage une eau blanche qui se dépose sur mon estomac.
"""I'm not used to being snuck up on.",Je n'ai pas l'habitude de me faire surprendre.,Ça ne m'est pas habituel d'être pris au dépourvu.
"He and Luke had loved the birds when they were kids, but after owning the bar, he realized what a nuisance they could be.","Luke et lui avaient adoré les oiseaux lorsqu'ils étaient enfants, mais depuis qu'il était propriétaire du bar, il s'était rendu compte de la nuisance qu'ils pouvaient représenter.","Luke et lui avaient aimé les oiseaux quand ils étaient enfants, mais après avoir acheté le bar, il avait compris à quel point ils pouvaient être un ennui."
"""Tell me that this is enough.""",Dis-moi que ça suffit.,Dis-moi que c'est suffisant.
She paused to see if he was joking.,Elle s'arrêta net pour voir s'il plaisantait.,Elle s'arrêta pour voir s'il en était sérieux.
Or were they in love?,Ou étaient-ils amoureux ?,Ça faisait-il partie de leur amour ?
"""I don't know what Lucas has planned, but until I can make sure that you're safe, I need you to stay with your brother,"" Devyn explained as he placed the iPad and laptop in her backpack and handed it to Drew.","J'ignore ce que Lucas a prévu, mais jusqu'à ce que je puisse m'assurer que tu es en sécurité, j'ai besoin que tu restes avec ton frère, expliqua Devyn en plaçant l'iPad et l'ordinateur portable dans le sac à dos d'Andi et en le tendant à Drew.","Je ne sais pas ce que Lucas a prévu, mais jusqu'à ce que je puisse m'assurer de votre sécurité, je vous demande de rester avec votre frère, expliqua Devyn en mettant l'iPad et le laptop dans son sac à dos et en le lui donnant à Drew."
"He turns my head the way he wants it so that he can plunder my mouth, and I take it all.","Il tourne ma tête dans le sens qu'il veut pour pouvoir dévorer ma bouche, et je prends tout.","Il tourne ma tête dans la direction qu'il veut pour pouvoir piller ma bouche, et je le prends tout entier."
"For the first time in her life, she didn't care that she was in over her head or that she was probably making the biggest mistake of her life, not when he kissed her like this.","Pour la première fois de sa vie, elle ne se souciait pas de savoir qu'elle était dépassée par les événements ou qu'elle commettait probablement la plus grosse erreur de sa vie, pas quand il l'embrassait comme ça.","Pour la première fois de sa vie, elle ne s'inquiétait pas d'être en dessous de la marée ou de faire la plus grande erreur de sa vie, pas quand il l'embrassait comme ça."
"""I heard you sold the bar.",J'ai entendu dire que tu avais vendu le bar.,"Ça m'a fait peur, je ne voulais pas que tu le vends."
"""What's this about, Lucas?"" Devyn asked because Lucas was the last person that he wanted to talk about Andi with.","demanda Devyn, parce que Lucas était la dernière personne avec qui il voulait parler d'Andi.","Ça va pourquoi, Lucas ?"
"""We want different things, Frankie,"" he'd said, and it hadn't come as a surprise.","""Nous voulons des choses différentes, Frankie"", avait-il dit, et cela n'avait pas été une surprise.","Ça veut dire que nous voulons des choses différentes, Frankie, avait-il dit, et cela ne l'avait pas surpris."
"I catch him in my arms, taking his weight so that he doesn't face-plant in the middle of the street.","Je l'attrape dans mes bras, supportant son poids pour qu'il ne tombe pas la tête la première au milieu de la rue.","Je le attrape dans mes bras, prenant son poids pour qu'il ne se fasse pas une face-plant au milieu de la rue."
"I scroll further and stop, not really able to wrap my head around the headlines for these articles.","Je fais défiler la page, puis je m'arrête, n'arrivant pas à comprendre les titres de ces articles.","Je fais défiler plus loin et arrête, sans vraiment pouvoir comprendre les titres de ces articles."
"He used to find reasons to stay after school, detention, clubs, anything was better than going back to rundown motels and boarding rooms without heat.","Il avait l'habitude de trouver des raisons de rester après l'école, les heures de colle, les clubs, tout valait mieux que de retourner dans des motels délabrés et des chambres d'internat sans chauffage.","Il avait l'habitude de trouver des raisons pour rester après l'école, les détentions, les clubs, tout était mieux que de retourner dans les motels en mauvais état et les chambres de pension sans chauffage."
I'll be his first for everything.,Je serai son premier pour tout.,Ça sera le premier pour tout.
He set his glass of water on the coffee table between them.,Il posa son verre d'eau sur la table basse entre eux.,Il posa son verre d'eau sur la table basse entre eux.
"With Hillshire Hotels reorganizing and ready to sell off some of its properties to save itself, they didn't have a lot of time to waste.","Les Hôtels Hillshire étant en train de se réorganiser et prêts à vendre certains de leurs propriétés pour se sauver, ils avaient peu de temps à perdre.","Les Hôtels Hillshire se restructuraient et étaient prêts à vendre certains de leurs établissements pour se sauver, ils n'avaient pas beaucoup de temps à perdre."
She'd protect Chase as long as she could.,Elle protégerait Chase aussi longtemps qu'elle le pourrait.,Elle protégerait Chase autant qu'elle le pouvait.
"""Good intense?"" He asks, hopeful.","demande-t-il, plein d'espoir.",Ça a été bon ?
"I arch and shimmy and squirm as waves of pleasure pulse through me, from the soles of my feet to the crown of my head, and I disintegrate, clenching and releasing and clenching again.","Je me cambre, me trémousse et me tortille tandis que des vagues de plaisir me traversent, de la plante des pieds au sommet de la tête, et je me désintègre, me serrant, me relâchant et me serrant à nouveau.","Je me redresse et je danse et je me tortille alors que des vagues de plaisir me traversent, des pieds aux cheveux, et je me décompose, en serrant et en relâchant, puis en serrant à nouveau."
"She jumped to the last platform before the door, then stepped up to the landing.","Elle sauta sur la dernière plateforme avant la porte, puis s'avança sur le palier.","Elle sauta sur la dernière plate-forme avant la porte, puis monta sur le plateau."
"There is one double ten-inch I've been after for bloody ages, a rare pressing of The Police's Regatta de Blanc.""","Il y a un double vinyle 10 pouces que je cherche depuis des lustres, un exemplaire rare de Regatta de Blanc de The Police.","Ça y est, il y a un double 33 tours que j'ai cherché depuis des années, une édition rare de Regatta de Blanc des Police."
"Family and pirate and all.""","La famille, les pirates et tout le reste.","Ça fait partie de la famille, du pirate et de tout ça."
"She kissed and licked his length, noting the way that it became harder with every touch of her tongue as she wrapped her hand around him and took the tip between her lips and moaned.","Elle embrassa et lécha son membre, notant la façon dont il devenait plus dur à chaque contact de sa langue, puis elle enroula sa main autour de lui, prit le bout entre ses lèvres et gémit.","Elle embrassa et lécha sa longueur, remarquant la façon dont elle durcit à chaque contact de sa langue, tandis qu'elle enroulait sa main autour de lui et prenait le bout entre ses lèvres et gémissait."
Then I'm everybody's golden boy.,Je deviens alors le prodige de tous.,Ça veut dire que je suis le garçon d'or pour tous.
Are they wider than before?,Sont-elles plus larges qu'avant ?,Êtes-elles plus larges que précédemment ?
"""I've been meaning to go there.",J'avais l'intention d'y aller.,Ça m'a longtemps fait envie de m'y rendre.
"From the distance, Mari could see Inna's scowl.","De loin, Mari pouvait voir la mine renfrognée d'Inna.","De loin, Mari pouvait voir le froncement des sourcils d'Inna."
Damn birds were loudespecially in the quiet of the post-storm island.,"Ces satanés oiseaux étaient bruyants, surtout dans le calme de l'île après la tempête.","Ça faisait mal aux oiseaux, qui étaient particulièrement bruyants, surtout sur l'île après la tempête."
Of course she wanted to know how the jelly was.,"Bien sûr, qu'elle voulait savoir ce qu'il en était de la méduse.",Ça lui était évident de vouloir savoir comment était la gelée.
But he was wiser now.,Mais il était plus sage maintenant.,Mais il était plus sage maintenant.
The aroma of her coconut soap wafted up to him.,L'arôme de son savon à la noix de coco s'éleva jusqu'à lui.,L'odeur de son savon à la noix de coco lui parvint.
"Another gust of wind pelted her with prickles of sand, and she wiped her face.",Une nouvelle rafale de vent la bombarda de grains de sable piquants et elle s'essuya le visage.,"Un autre coup de vent la pénalisait avec des grains de sable, et elle se secoua."
"I'm a storm girl.""",Je suis une fille d'orage.,Je suis une fille de tempête.
My uncle took good care of us.,Mon oncle s'est bien occupé de nous.,Mon oncle nous a bien pris en charge.
"""One of the largest on the East Coast.""",C'est l'une des plus grandes de la côte Est.,L'une des plus importantes de la côte Est.
She held up a plate.,Elle brandit une assiette.,Elle tendit une assiette.
I open my mouth to say come join me when John's phone rings.,"J'ouvre la bouche pour dire ""viens me rejoindre"" quand le téléphone de John sonne.","Je suis sur le point de dire ""viens-moi rejoindre"" quand le téléphone de John sonne."
He was leaving and would never see her again.,Il partait et ne la reverrait jamais.,Ça allait partir et ne la reverrait jamais.
He dropped off the files that Devyn needed her to go over first thing in the morning and picked them up at night.,Il déposait chez elle les dossiers que Devyn voulait qu'elle examine le matin et venait les récupérer le soir.,Il déposait les dossiers que Devyn lui avait demandé de passer en priorité le matin et les ramassait le soir.
Her legs wobbled as she adjusted to standing on land for the first time in weeks.,Ses jambes vacillèrent tandis qu'elle s'habituait à se tenir sur la terre ferme pour la première fois depuis des semaines.,Ses jambes vacillaient alors qu'elle s'habitua à se tenir sur le sol pour la première fois depuis des semaines.
I also hate the fact that someone will be in my space tonight.,Je déteste aussi le fait qu'une personne soit dans mon espace ce soir.,Ça me fait aussi haine que quelqu'un soit dans mon espace ce soir.
I'm too stunned to respond. Too needy.,Je suis trop abasourdi pour répondre.,Ça m'a trop stupéfié pour répondre. Je suis trop dépendant.
"She smiled and pictured herself as a barista, dressed in a tiny pink skirt and tall heels, no panties.","D'accord, sourit-elle en s'imaginant en barista, vêtue d'une petite jupe rose et de talons hauts, sans culotte.","Elle sourit et se représenta comme une barista, vêtue d'une petite jupe rose et de hauts talons, sans culotte."
Mari put her arms around his waist and lay her head on his back.,Mari passa ses bras autour de sa taille et appuya sa tête contre son dos.,Mari enroula ses bras autour de sa taille et posa sa tête sur son dos.
"He filled her completely, unlike any other man she'd been with, not that there'd been many.","Il la remplissait complètement, contrairement à tous les autres hommes qu'elle avait fréquenté, non pas qu'il y en ait eu beaucoup.","Il la remplissait complètement, contrairement à tous les autres hommes avec qui elle avait eu des relations sexuelles, ce qui n'avait pas été le cas."
She wiped the last tears from her cheeks.,Elle essuya les dernières larmes sur ses joues.,Elle effaça les dernières larmes de ses joues.
Pursued the ship all over the Caribbean.,Ils l'avaient poursuivi dans tous les Caraïbes.,Ça a poursuivi le navire partout dans les Caraïbes.
"And good riddance.""",Et bon débarras.,Ça fait bien.
"""More than Dyer?""",Plus que Dyer ?,Plus que Dyer ?
"""You're a little neurotic,"" he continues.","Tu es un peu névrosé, poursuit-il.","Ça fait un peu de la neurose, poursuit-il."
"""Dyer recommended we do the chef's tasting.""",Dyer nous a recommandé de prendre la dégustation du chef.,Dyer nous a recommandé de faire le tour du menu.
"Inna wouldn't kill his family, would he?","Inna ne tuerait pas sa famille, n'est-ce pas ?","Inna ne tuerait pas sa famille, non ?"
"""Yeah, though he's down in Florida.""","Oui, mais il est en Floride.","Ça va, mais il est en Floride."
"""Let's go,"" he said, gesturing to the elevators and destroying her last hope of sleeping in her own bed for the first time in a month.","Allons-y, dit-il en faisant un geste vers les ascenseurs et en détruisant son dernier espoir de dormir dans son propre lit pour la première fois depuis un mois.","Ça suffit, dit-il en faisant signe vers les ascenseurs et en détruisant ainsi son dernier espoir de dormir dans son propre lit pour la première fois depuis un mois."
"""Can't you go to a motel or something?""",Tu ne peux pas aller dans un motel ou quelque chose comme ça ?,Ça ne te serait pas possible de passer la nuit dans un motel ?
"""I can see that you're off in your own little world now, so I'm going to head back to work now,"" Drew said dryly, not that she was listening since an idea came to her, one that had her absently murmuring, ""Love you, too,"" as she climbed off the bed and grabbed her iPad.","Je vois que tu es dans ton petit monde maintenant, alors je vais retourner au travail, déclara sèchement Drew, non pas qu'elle l'écoutait puisqu'une idée lui était venue, une idée qui la fit distraitement murmurer : ""Moi aussi, je t'aime"", alors qu'elle sortait du lit et attrapait son iPad.","Ça me semble que tu es en train de te perdre dans ton petit monde, alors je vais retourner au travail maintenant, dit Drew, sans qu'elle ne l'écoute, car une idée lui venait, une idée qui la fit murmurer distraitement : ""Je t'aime aussi"", alors qu'elle descendait du lit et prenait son iPad."
The glow of moonlight spread across her face like sparkling fairy dust over a summer meadow.,L'éclat de la lune se répandait sur son visage comme une poussière de fée scintillante sur une prairie d'été.,L'éclat de la lumière lunaire s'étendait sur son visage comme de la poussière de fée sur un pré d'été.
"I can protect you then.""",Je pourrai alors te protéger.,Ça me permettra de te protéger.
Swimming away wouldn't solve anything and it wouldn't save Chase.,Nager loin ne résoudrait rien et ne sauverait pas Chase.,Nager loin de lui ne résoudrait rien et ne sauverait pas Chase.
"His seems okay now, so I remove my hands from his body and immediately miss the feel of him against my palms.","Il a l'air d'aller bien maintenant, alors j'enlève mes mains de son corps et la sensation  contre mes paumes me manque immédiatement.","Ça semble bien maintenant, alors je retire mes mains de son corps et je manque immédiatement le sentiment de sa peau contre mes paumes."
"Her hand trembled as she opened the hinged box, and she blew out the breath in a long, slow whistle.","Sa main tremblait lorsqu'elle ouvrit la boîte à charnière, et elle expira dans un long et lent souffle.","Sa main tremblait lorsqu'elle ouvrit la boîte à coulisse, et elle expulsa son souffle en un long sifflement lent."
"""Some things,"" he begins after a long minute.","Certaines choses, commence-t-il après une longue minute.","Ça, certains choses, commence-t-il après une longue minute."
"Besides, he didn't deserve to be close to anyone anymore.","D'ailleurs, il ne méritait plus d'être proche de qui que ce",Ça ne lui revenait pas d'être près de quelqu'un.
"""Walk me through how the requests were made.""",Expliquez-moi comment les demandes ont été faites.,Me guide-moi sur la façon dont les demandes ont été formulées.
"She's mistaken,"" Lucas said, sighing heavily as he gestured for security to show her to the door.","Elle se trompe, dit Lucas, soupirant lourdement et faisant signe aux agents de sécurité de la sortir de la pièce.","Ça ne veut rien dire, dit Lucas en soupirant lourdement alors qu'il faisait signe à la sécurité pour qu'elle la conduise à la porte."
"""Does she live far away or something?",Elle habite loin ou quelque chose du genre ?,Ça veut dire qu'elle habite loin ou quelque chose ?
"""It's my heartbeat,"" Devyn said, turning his hand over so that she could see the new smartwatch that he'd purchased to link his heartbeat to the bear's so that no matter where he was, she would never have to sleep alone again.","C'est mon rythme cardiaque, dit Devyn, en retournant sa main pour qu'elle puisse voir la nouvelle montre connectée qu'il avait achetée pour relier son rythme cardiaque à celui de l'ours, afin que, peu importe où il se trouve, elle n'ait plus jamais à dormir seule.","Ça c'est mon battement de cœur, dit Devyn en retournant sa main pour qu'elle puisse voir le nouveau smartwatch qu'il avait acheté pour lier son battement de cœur à celui de l'ours afin qu'il ne soit jamais plus question pour elle de dormir seule."
Maybe I've earned some leeway.,Peut-être ai-je gagné une certaine marge de manœuvre.,Ça m'a peut-être permis de faire un peu de marge.
"They should have deleted the rows instead of just hiding them, but that probably would have alerted the accounting department to the embezzlement sooner.","La personne aurait dû effacer les lignes de compte au lieu de les cacher, mais ça aurait probablement alerté plus tôt le service comptabilité sur le détournement de fonds.",Ça aurait probablement alerté le service comptabilité sur le vol plus tôt.
She put her foot back onto the couch and closed her eyes again.,Elle reposa son pied sur le canapé et ferma à nouveau les yeux.,Elle remit son pied sur le canapé et ferma à nouveau les yeux.
Unless Inna went upstairs to the bar.,À moins qu'Inna ne monte au bar.,Ça ne comptait pas si Inna allait dans le bar au premier étage.
"And now it's my turn to dispense justice.""","Et maintenant, c'est à mon tour de rendre justice.","Ça m'a fait rire, et maintenant, c'est mon tour de faire la loi."
"""I thought that was only a story,"" she said.","Je croyais que ce n'était qu'une histoire, dit-elle.","Ça n'était qu'une histoire, dit-elle."
"He set everything down in a pile, caught the rolling flashlight, and then grabbed the handset.","Il posa tout en tas, attrapa la lampe de poche qui roulait, puis saisit le combiné.","Il posa tout en un tas, attrapa la lampe qui roule, puis saisit le téléphone."
"If I stretched out my arm, I could touch him.","Si je tends le bras, je pourrais le toucher.","Si je tendais l'avant-bras, je pourrais le toucher."
"""What are you doing, can I come over?""","Que fais-tu,  je peux venir ?","Ça va, peux-je venir ?"
"Between going through the Hillshire Hotels' files and taking care of him, she was exhausted.","Entre l'examen des dossiers des Hôtels Hillshire et les soins apportés à Devyn, elle était épuisée.","Entre le fait de parcourir les dossiers des Hôtels Hillshire et de s'occuper de lui, elle était épuisée."
"""Sorry if I touched a nerve.""",Désolé si j'ai touché un point sensible.,Je suis désolé si j'ai touché un nerf.
"Inna struggled and the guards shoved him to the ground, face-first.","Inna se débattit et les gardes le poussèrent au sol, la tête la première.","Inna lutta et les gardes le poussèrent au sol, face-à-terre."
John's laughter rumbles against my back.,Le rire de John gronde contre mon dos.,L'hilarité de John résonne contre mon dos.
"""Plus, we didn't get a lot of sleep last night.","En plus, on n'a pas beaucoup dormi la nuit dernière.",Ça fait aussi que nous n'avons pas dormi beaucoup hier.
I need to see him.,J'ai besoin de le voir.,Je dois le voir.
"In short, I was the guy sitting on the arm of his boyfriend's chair staring off into space while everyone around him espoused the genius of someone named Lena Dunham.","En bref, j'étais le gars assis sur le bras du fauteuil de son copain, regardant dans le vide pendant que tout le monde autour de lui vantait le génie d'une certaine Lena Dunham.","Ça veut dire que j'étais le type assis sur le bras de la chaise de son petit ami, qui regardait l'espace sans rien dire alors que tout le monde autour de lui louait le génie de quelqu'un nommé Lena Dunham."
"Maybe they were staging a rescue.""",Peut-être qu'ils organisaient un sauvetage.,Ça pourrait être un sauvetage.
He needed answers and he couldn't get them from behind a desk.,Il avait besoin de réponses et il ne pouvait pas les obtenir derrière un bureau.,Il avait besoin de réponses et il ne les pouvait pas obtenir derrière un bureau.
He couldn't protect anyone anymore.,Il ne pouvait plus protéger personne.,Il ne pouvait plus protéger personne.
"""I have to question the logistics of what the report said because I'm not sure how Mrs. Grady would have been able to bend me over her desk with her bad hip and-""","Je dois remettre en question la logistique de ce que dit le rapport, car j'ignore comment Mme Grady aurait pu me pencher sur son bureau avec sa blessure à la  hanche et...",Je dois mettre en doute les modalités de ce que rapporte le rapport parce que je ne suis pas sûr de savoir comment Mme Grady aurait pu m'avoir fait passer la tête sous la table avec sa hanche malade et...
"""And you?""","Et, vous ?",Ça va pour toi ?
"""I wish I could do that, but I don't know how.""","J'aimerai pouvoir le faire, mais je ne sais pas comment.","Ça m'aurait plu, mais je ne sais pas comment le faire."
It was almost like he was a mood ring with a short-circuiting sensor.,C'était presque comme s'il était une bague d'humeur avec un court-circuit dans ses capteurs.,Ça ressemblait à un anneau à couleur changeante avec un capteur qui s'enrayait.
"She would go on and on about it, and that wasn't good for either of their anxieties.","Elle n'aurait cessé d'en parler, ce qui n'était pas bon pour leurs angoisses.","Ça allait durer, et ça ne faisait pas bon pour leurs angoisses."
"When I was old enough to dress myself, she says I didn't give a shit about girls' clothes or boys' clothes, I liked what I liked.","Quand j'ai eu l'âge de m'habiller seul, elle m'a dit que je me moquais de savoir si c'étaient des vêtements pour filles ou pour garçons, j'aimais ce que j'aimais.","Ça a commencé quand j'étais assez grande pour me vêtir, elle dit que je n'avais pas de préférence pour les vêtements des filles ou ceux des garçons, je m'habillais comme je le désirais."
"A stiff breeze rustles the trees above our heads, blowing my hair into my face.","Une forte brise fait bruisser les arbres au-dessus de nos têtes, soufflant mes cheveux sur mon visage.","Une forte brise agite les arbres au-dessus de notre tête, soulevant mes cheveux vers mon visage."
"We don't know what happened.""",Nous ne savons pas ce qui s'est passé.,Ça ne nous dit rien.
"For now, it had to stay hidden.","Pour l'instant, elle devait rester cachée.","Pour l'instant, il devait rester caché."
"As he slipped into the ocean, he shifted into a dark, tentacled beast and slithered into the deeper water.","Alors qu'il s'enfonçait dans l'océan, il se transforma en une bête sombre à tentacules et s'enfonça dans les eaux plus profondes.","Quand il plongea dans l'océan, il se transforma en un monstre noir aux tentacules et glissa dans l'eau plus profonde."
"Swallowing hard, she watched as he pulled his belt free and dropped it to the floor as he toed off his shoes.","Déglutissant, elle le regarda retirer sa ceinture et la laisser tomber sur le sol en même temps qu'il enlevait ses chaussures.","En déglutissant difficilement, elle regarda le jeune homme se débouter ses chaussures et jeter sa ceinture au sol."
"Well, almost everything.","Enfin, de presque tout.","Ça, presque tout."
"Rows of bungalows lay along the road, empty for now, but each holding a family's memories within its walls.","Des rangées de bungalows s'étendaient le long de la route, vides pour l'instant, mais renfermant chacun les souvenirs d'une famille.","Des rangées de bungalows bordaient la route, pour l'instant vides, mais chacun d'entre eux contenait les souvenirs d'une famille dans ses murs."
"Someone could see you.""",Quelqu'un pourrait te voir.,Ça pourrait vous faire voir.
"I sound whiny and not at all sure about this, which I'm not.","J'ai l'air pleurnichard et pas du tout sûr de moi, ce qui n'est pas le cas.","Ça me donne l'air de plaintre et de ne pas être du tout sûr, ce que je ne suis pas."
"""The man in the painting.""",L'homme du tableau.,L'homme du tableau.
"He could barely believe it, as it felt like they'd been boarding up for weeks.","Il avait du mal à le croire, car il avait l'impression que cela faisait des semaines qu'ils fixaient des planches.","Ça lui était difficilement crédible, car il semblait qu'ils aient fermé les volets pendant des semaines."
"When he pulled her fingertips to his lips for a kiss, she giggled.","Lorsqu'il porta le bout de ses doigts à ses lèvres pour l'embrasser, elle gloussa.","Quand il lui fit toucher les extrémités de ses doigts à ses lèvres pour un baiser, elle fit une gémissement."
"My heartbeat pulses in its tip, and know I'm already wetting the front of my boxer-briefs.",Mon cœur bat à l'extrémité de mon gland et je sais que je mouille déjà le devant de mon boxer.,Mon cœur bat à l'extrémité de son pénis et je sais que j'ai déjà mouillé l'avant de mes boxer-briefs.
"He peered down at her, his pupils dilating with need, and evidence of his desire reaching out to her.","Il la regarda, les pupilles dilatées par le besoin, et la preuve de son désir s'étendant jusqu'à elle.","Il la regarda, ses pupilles s'étendant sous l'effet de son désir, et l'évidence de son désir s'adressant à elle."
"The night would be memorable, one way or another.","La nuit allait être mémorable, d'une manière ou d'une autre.","La nuit serait mémorable, de quelque façon ou d'une autre."
"He loved her, more than anything and he wasn't about to lose her because he'd fucked up and trusted the wrong person.","Il l'aimait, plus que tout, et il n'allait pas la perdre parce qu'il avait merdé et fait confiance à la mauvaise personne.","Il l'aimait, plus que tout et il ne l'allait pas perdre parce qu'il avait fait une erreur et qu'il avait confié sa confiance à la personne qui ne méritait pas."
"The words come slowly, as if he's giving me time to process them.","Les mots viennent lentement, comme s'il me donnait le temps de les assimiler.","Les mots arrivent lentement, comme s'il m'offrait le temps de les digérer."
"""It's a good place to be quiet and just think.""",C'est un bon endroit pour être tranquille et réfléchir.,Ça fait bon être tranquille et penser.
"""No, thanks,"" she said.","Non, merci, dit-elle.","Non, merci, dit-elle."
"She didn't say anything but looked up at him with wild, wide eyes and kiss-swollen lips.","Elle ne dit rien, mais le regarda avec des yeux grands et furieux et des lèvres gonflées par leurs baisers.","Elle ne dit rien, mais leva les yeux vers lui avec des yeux sauvages et des lèvres gonflées par les baisers."
Almost reserved.,Presque réservée.,Presque réservé.
"He wasn't about to lose everything, not after everything he had to do to get to this point, which meant that he had to stay focused and keep his head in the game.","Il n'allait pas tout perdre, pas après tout ce qu'il avait dû faire pour en arriver là, ce qui signifiait qu'il avait dû rester concentré et garder la tête froide pour rester dans la partie.","Ça ne faisait pas que perdre tout, pas après tout ce qu'il avait dû faire pour arriver à ce point, ce qui signifiait qu'il devait rester concentré et garder la tête dans le jeu."
"For a moment, she debated whether or not she should ask, but...","Pendant un instant, elle se demanda si elle devait poser la question ou non, mais...","Elle se balança un instant pour savoir si elle devait poser la question ou non, mais..."
"I want to take my time tonight.""",Je veux prendre mon temps ce soir.,Je veux prendre le temps ce soir.
"It was either that or they got lucky, Andi thought as she thought over everything that they'd learned over the past few months and-","C'était soit ça, soit ils ont eu de la chance, pensa Andi en réfléchissant à tout ce qu'ils avaient appris dans les derniers mois et...","Ça s'agissait soit d'une chance, pensa Andi en récapitulant tout ce qu'ils avaient appris ces derniers mois et..."
"Life isn't always fair.""",La vie n'est pas toujours juste.,La vie n'est pas toujours juste.
"Unfortunately for her, and her bacon addiction, the only restaurant within walking distance that made them closed hours ago.","Malheureusement pour elle, et pour son addiction au bacon, le seul restaurant à proximité qui en faisait avait fermé il y a des heures.","Malheureusement pour elle et sa dépendance à la bacon, le seul restaurant à proximité qui les servait était fermé depuis des heures."
"""You can't up and leave all you've built here.""","Tu ne peux pas abandonner tout ce que tu as construit ici, continua-t",Ça ne te permet pas de partir tout à coup tout ce que tu as construit ici.
"I wiggle my eyebrows, just to let him know I'm teasing.","ajouté-je tout en remuant les sourcils, juste pour lui faire comprendre que je le taquine","Je me fronce les sourcils, juste pour lui faire savoir que je lui fais une blague."
"You're going to go down there, sit down, and keep your mouth shut while I break the news to the board about the unfortunate circumstances surrounding your impending resignation.","Tu vas t'y rendre, t'asseoir et te taire pendant que j'annonce au conseil les circonstances malheureuses de ta démission imminente.","Ça va falloir que tu descends, que tu te assises et que tu tiens la langue pour que je communique aux membres du conseil d'administration les circonstances malheureuses qui entourent votre démission."
"I came in at the right time to clean this mess up and keep you distracted, especially since the files were already missing before I was hired, which makes me believe that the angle that Lucas was going for was that I came in after the fact to clean up the mess for a partner, perhaps a boss.","Je suis arrivée au bon moment pour faire le ménage dans ce bazar et vous distraire, d'autant plus que les dossiers avaient déjà disparu avant que je ne sois engagée, ce qui me fait penser que l'angle d'attaque de Lucas était que je suis arrivée après coup pour faire le ménage pour un partenaire, peut-être un patron.","Ça fait dire que l'angle que Lucas avait pris était que j'étais arrivé après les faits pour nettoyer le désordre pour un partenaire, peut-être un patron."
"""Beer, if you have an IPA.""","De la bière, si tu as une IPA.","Ça serait une bière, si tu as une IPA."
"He poured a small amount of the golden-brown alcohol into his glass, then lifted it and took a whiff.","Il versa une petite quantité de l'alcool brun doré dans son verre, puis le souleva et le huma.","Il versa un petit peu de l'alcool doré dans son verre, le leva et en prit un soupir."
You'll like him.,Tu l'aimerais bien.,Ça te plaira.
"""Why are you pouting?"" came the question that had Andi releasing a shuddering sigh as she sat there, admittedly pouting, but for good reason.","""Pourquoi fais-tu la tête ?"" entendit Andi qui lâcha un soupir tremblant alors qu'elle était assise là, faisant certes la moue, mais pour une bonne raison.",Ça pourquoi tu te plains ?
Chase shifted the small backpack higher on his shoulders.,Chase déplaça le petit sac à dos plus haut sur ses épaules.,Chase déplaça le petit sac à dos plus haut sur ses épaules.
"I want to see his face when he finds out all about us.""",Je veux voir sa tête quand il apprendra tout sur nous.,Je veux voir son visage quand il apprendra tout ce qui se passe entre nous.
"He winks, and laughs, and something in my chest loosens a bit.","Il fait un clin d'œil et rit, et quelque chose dans ma poitrine se détend","Il me fait un signe, ri, et quelque chose dans mon cœur se détend un peu."
She didn't scare him.,Elle ne lui faisait pas peur.,Ça ne l'effrayait pas.
"""Patrick and I, we could talk about anything and everything.","Patrick et moi, nous pouvions parler de tout et de rien.","Patrick et moi, nous pouvions parler de tout et de rien."
"Christ, he'd never seen her coming, Lucas thought as he considered the small woman that had destroyed everything that he'd worked so hard for before shifting his attention to the black BMW parked only a few yards away.","Bon sang, il ne l'avait pas vue venir, pensa Lucas en considérant la petite femme qui avait détruit tout ce pour quoi il avait travaillé si dur, avant de reporter son attention sur la BMW noire garée à quelques mètres de là.","Ça, il ne l'avait jamais vu venir, pensa Lucas en considérant la petite femme qui avait détruit tout ce qu'il avait travaillé si dur pour obtenir, avant de déplacer son attention vers la BMW noire garée à quelques mètres de là."
She'd felt so fucking good in his arms and-,"Cette sensation de bien-être quand elle était dans ses bras, et...",Ça lui avait donné tant de bonheur d'être dans ses bras et...
Lingering outside in the wind and rain wasn't getting her any closer to her goal.,S'attarder dehors dans le vent et la pluie ne la rapprochait pas de son but.,"Ne pas se déplacer dehors, dans la pluie et le vent, ne l'aidait pas à atteindre son but."
"He pushed into his bedroom, navigating the dark space with ease.","Il pénétra dans sa chambre, se frayant un chemin dans l'espace sombre avec aisance.","Il poussa dans sa chambre, navigant dans l'espace sombre avec facilité."
Of course it was worth it.,Bien sûr que ça en valait la peine.,Ça valait la peine.
"Any other time, I would signal my dining partner to let them know where I was.","À tout autre moment, je ferais signe à mon compagnon de table pour lui indiquer où je me trouve.","Être un peu plus prudent, je signalerais mon partenaire de dîner pour lui faire savoir où je me trouvais."
I wish my father were still alivehe'd understand.,J'aimerai que mon père soit encore en vie  il comprendrait.,"Je souhaiterais que mon père soit encore en vie, il comprendrait."
"When he rode it, he flew.","Lorsqu'il montait dedans, il volait.","Quand il la montait, il volait."
"""Nothing for me but thanks.""","Rien pour moi, mais merci.","Ça ne m'intéresse pas, mais merci."
"""I don't hear the wind howling as much.""",Je n'entends plus le vent hurler autant.,Ça ne souffle pas aussi fort.
She leaned forward and pushed a kiss onto his jeans' fly.,Elle se pencha en avant et déposa un baiser sur la braguette de son jean.,Elle se pencha et déposa un baiser sur sa boutonnière.
"""I‘m so mad at you,"" I whisper between kisses, gripping his shoulders so hard, I know I'm leaving bruises.","Je suis tellement en colère contre toi, murmuré-je entre deux baisers, en serrant ses épaules si fort que je sais que je laisse des bleus.","Ça m'enrage, murmuré-je entre les baisers, saisissant ses épaules si fort que je sais que je laisse des empreintes."
Snowed Undercover,La neige sous couverture,Ça ne fait pas de neige sous les couvertures
"Mermaid's Purse is my responsibility, and if it fails, I've got nothing.""","La Bourse de la Sirène est sous ma responsabilité, et si elle tombe en ruine, je n'ai plus rien.","Ça fait partie de mes responsabilités et si ça échoue, je n'ai rien."
He scanned the deck but only reflected moonlight and the remaining bits of debris met his gaze.,"Il balaya le pont du regard, mais seuls le reflet de la lune et les débris restants rencontrèrent son regard.","Il balaya le pont, mais il ne reflétait que la lumière de la lune et les derniers morceaux de débris qui se trouvaient sur son chemin."
"""I have no fucking idea, but I plan on talking to Lucas to see what he thinks,"" Devyn said, taking one last sip of his coffee before placing it back on his nightstand as she found herself wondering how someone who'd been working on a project for almost two years didn't know that it was-","Je n'en ai aucune idée, mais j'ai prévu d'en parler à Lucas pour voir ce qu'il en pense, dit Devyn en buvant une dernière gorgée de son café avant de le reposer sur le chevet alors qu'elle se demandait comment quelqu'un qui avait travaillé sur ce projet pendant presque deux années n'avait pas se rendre compte que c'était","Ça m'étonne, mais je vais parler à Lucas pour voir ce qu'il pense, répondit Devyn en buvant une dernière gorgée de son café avant de le placer de nouveau sur sa table de nuit alors qu'elle se demandait comment quelqu'un qui travaillait sur un projet depuis presque deux ans ne savait pas que c'était..."
"He looks up at me, his eyes so full of pain, a lump forms in my throat.","Il lève les yeux vers moi, ils sont si emplis de douleur qu'une boule se forme dans ma gorge.","Il me regarde, les yeux pleins de douleur, une boule monte dans ma gorge."
Chase would never forgive her if he ever found out.,Chase ne lui pardonnerait jamais s'il le découvrait.,Chase ne l'aurait jamais pardonnée s'il l'avait découvert.
Chapter 11,Chapitre 11,11
"If I lose everything...""",Si je perds tout...,Si je perd tout...
"""It is a lovely hotel,"" Andi murmured in agreement with a solemn nod as she took her time selecting a slice of bacon off the huge platter in front of her.","C'est un bel hôtel, murmura Andi en acquiesçant d'un signe de tête solennel, tout en prenant le temps de choisir une tranche de bacon sur l'immense plateau qui se trouve devant elle.","Ça fait un hôtel magnifique, murmura Andi en accord avec un hochement de tête solennel alors qu'elle prenait son temps pour choisir une tranche de bacon sur le grand plat devant elle."
"This morning when he woke up and realized that she wasn't there, he'd realized just how much he liked waking up with her in his arms.","Ce matin, quand, à son réveil, il avait vu qu'elle n'était pas à ses côtés, il avait réalisé à quel point il aimait se réveiller dans ses bras.",Ça lui avait fait comprendre à quel point il aimait se réveiller avec elle dans ses bras.
He had bumps and ridges everywhere he should.,Il avait des muscles saillants partout où il le fallait.,Il avait des bosses et des crêtes partout où il devait.
"Well, that was...precise.","Eh bien, c'est... précis.","Ça, c'était... précis."
"After they'd graduated, Lucas's godfather gave him a junior management position at Carta Hotels while Devyn started at the bottom, working the overnight shift as a clerk for a chain of cheap hotels.","Après l'obtention de leurs diplômes, le parrain de Lucas lui avait offert le poste de cadre subalterne chez les Hôtels Carta alors que Devyn avait dû commencer en bas de l'échelle, en commençant à travailler de nuit comme réceptionniste pour une chaîne d'hôtels bon marché.","Après leur diplôme, le parrain de Lucas lui avait donné un poste de responsable de la chaîne d'hôtels Carta, tandis que Devyn avait commencé à la base, en travaillant la nuit comme commis dans une chaîne d'hôtels de classe moyenne."
She wasn't happy that he wasn't interested in the job.,Elle n'était pas contente par le fait qu'il n'était pas intéressé par cette tâche.,Ça lui déplaisait qu'il ne soit pas intéressé par le poste.
"""Come with me to Kansas.",Viens avec moi au Kansas.,Viens avec moi au Kansas.
"There's day-old snow on the ground, and tiny ice cubes falling from the cloudy sky, but inside is toasty and warm.","Il y a de la neige de la veille sur le sol et de petits flocons qui tombent du ciel nuageux, mais à l'intérieur, il fait chaud et c'est chaleureux.","Ça neige depuis hier, et des petits glaçons tombent du ciel gris, mais à l'intérieur, c'est chaud et confortable."
"Blood ran from his cheek, and he swiped and smeared it across his face.","Du sang coulait de sa joue, il l'essuya et l'étala sur son visage.",Le sang coulait de sa joue et il le balaya et le répandit sur son visage.
She was alive and that's all that mattered.,Elle était en vie et c'est tout ce qui comptait.,"Ça ne comptait pas, elle était vivante et c'était tout ce qui comptait."
"Chase watched the hem of her shirt ride up again, this time enough to reveal the skin of her back.","Chase regarda l'ourlet de son tee-shirt remonter, cette fois suffisamment pour dévoiler la peau de son dos.","Chase regarda le bord de son tee-shirt remonter à nouveau, cette fois-ci suffisamment pour révéler la peau de son dos."
"I've never been particularly empathetic, and I barely know the man, but there you have it.","Je n'ai jamais été particulièrement empathique, et je connais à peine cet homme, mais voilà.","Je n'ai jamais été particulièrement émpathique et je ne connais pas vraiment l'homme, mais là est la chose."
"It's delicious, in a perverted, self-destructive sense.","C'est délicieux, dans un sens pervers et autodestructeur.","Ça est délicieux, dans le sens pervers et auto-destructeur."
"We need to get our hands on another iPad and a laptop, log into our accounts and download those files before he gets a chance to alter them or delete them.""","Nous devons mettre la main sur un autre iPad et un ordinateur portable, nous connecter à nos comptes et télécharger ces fichiers avant qu'il n'ait le temps de les modifier ou de les effacer.","Ça nous faut un autre iPad et un ordinateur portable, nous devons nous connecter à nos comptes et télécharger ces fichiers avant qu'il n'ait l'occasion de les modifier ou de les supprimer."
"""I could ask you the same,"" I say, letting the water wash the soap from my body.","Je pourrais te demander la même chose, dis-je en laissant l'eau rincer le savon de mon corps.","Ça me serait aussi bien passer, dis-je en laissant l'eau éliminer le savon de mon corps."
"When his hands found her breasts, she moved into his touch, the move causing her to be exactly where he needed her.","Lorsque ses mains trouvèrent ses seins, elle se laissa toucher, se plaçant exactement à l'endroit où il avait besoin d'elle.","Quand ses mains trouvèrent ses seins, elle se déplaça dans son contact, ce qui la fit se trouver exactement où il la lui avait demandé."
"""And once you're in a relationship, I find that going out on actual dates just doesn't happen.""","Et une fois qu'on est en couple, je trouve qu'on ne sort plus en amoureux.","Et quand on est en couple, je trouve que sortir en date n'arrive pas."
Many thanks to:,Un grand merci,Merci à :
"There's barely any natural light, so John has off-white, rice-paper lanterns scattered in the corners.","Comme il n'y a pratiquement pas de lumière naturelle, John a placé des lanternes en papier de riz, couleur blanc cassé dans les coins.","Il n'y a presque pas de lumière naturelle, alors John a placé des lanternes en papier de riz blanches dans les coins."
She loved the way that he gently caressed her cheek with his fingertips as he moaned her name until that wasn't enough.,"Elle aimait la façon de caresser doucement sa joue du bout des doigts en gémissant son nom, jusqu'à ce que ça ne suffise plus.",Ça lui plaisait de voir comment il caressait doucement son joue avec les extrémités de ses doigts en gémissant son nom jusqu'à ce que ça ne soit plus suffisant.
Line-dancing area.,Une piste de danse en ligne.,Zone de danse en ligne.
"""If what you say is truewell, it happened a long time ago.","Si ce que tu dis est vrai, c'est arrivé il y a longtemps.","Si ce que tu dis est vrai, c'est qu'il y a longtemps."
A small smile tugs at the corner of his mouth.,Un petit sourire se dessine au coin de sa bouche.,Un petit sourire se dessine aux coins de sa bouche.
"""I can't,"" was all he could muster, and even that sounded like the most pathetic excuse.","Tout ce qu'il avait pu dire, c'est ""Je ne peux pas"", et même cette excuse lui avait semblé des plus pathétiques.","Ça m'est impossible, fut tout ce qu'il put dire, et même ça sonnait comme la plus mauvaise excuse du monde."
It takes everything in me not to look away.,Il me faut tout ce que j'ai en moi pour ne pas détourner le regard.,Ça me coûte tout mon être de ne pas regarder ailleurs.
"The feel of him, tight around me, is almost too much to bear.","La sensation de son intérieur, serré autour de moi, est presque trop difficile à supporter.",Ça fait presque trop pour que je puisse le supporter.
"He pushed the door mostly closed and looked out into the park, a stripe of late-day sunlight highlighting his face.","Il poussa la porte jusqu'à la fermer et regarda vers le parc, un rayon de soleil de fin de journée illuminant son visage.","Il ferma la porte à peu près et regarda le parc, une bande de lumière du crépuscule mettant en valeur son visage."
"Where else would we hide?""",Où d'autre pourrions-nous nous cacher ?,Ça ne nous servirait à rien d'autre.
"I'll hold him all night, if that's what he wants.","Je le tiendrai toute la nuit, si c'est ce qu'il veut.","Je le tiens toute la nuit, si c'est ce qu'il veut."
Our time together meant nothing.,Le temps que nous avons passé ensemble ne signifiait rien.,Notre temps ensemble n'avait aucune importance.
"I love music,"" he says.","J'aime la musique, dit-il.","Je suis amoureux de la musique, dit-il."
"After the often-crushing humidity of summer, fall in Philadelphia is crisp, like a ripe apple you can't wait to sink your teeth into.","Après l'humidité souvent écrasante de l'été, l'automne à Philadelphie est frais, comme une pomme mûre que l'on a hâte de croquer à pleines dents.","Après l'humidité souvent écrasante de l'été, l'automne à Philadelphie est frais, comme une pomme mûre que vous ne pouvez pas attendre de mordre."
"We'll sleep on the couches.""",On dormira sur les canapés.,Nous dormirons sur les canapés.
"He'd live in this moment, this night with her, with no promises.","Il vivrait ce moment, cette nuit avec elle, sans rien lui promettre.","Il vivrait ce moment, cette nuit avec elle, sans promesse."
"""We were having a difficult time putting the pieces together because of the missing files, but thankfully, Mr. Anderson was kind enough to create a fake hotel for every transfer.","Nous peinions à recoller les morceaux à cause des dossiers manquants, mais heureusement, M. Anderson a eu la gentillesse de créer un faux hôtel pour chaque transfert.","Ça nous a posé des problèmes pour mettre les pièces du puzzle ensemble à cause des fichiers manquants, mais heureusement, M. Anderson a eu la gentillesse de créer un faux hôtel pour chaque transfert."
Even the girls have noticed me slinking around our flat.,Même les filles ont remarqué que je me faufilais dans notre appartement.,Les filles ont remarqué que je me débattais dans notre appartement.
It never occurred to me that I might be hindering his progress by forcing him to keep quiet.,Il ne m'est jamais venu à l'esprit que je pouvais l'empêcher d'avancer en le forçant à se taire.,Ça ne m'est jamais venu à l'esprit que je pourrais l'empêcher de progresser en lui forçant à garder le silence.
"Chase hefted the plywood and set it against the window, lining up the pilot holes.","Chase souleva le contreplaqué et le plaça contre la fenêtre, alignant les avant-trous.","Chase souleva le contreplaqué et le posa contre la fenêtre, alignant les trous de pilotage."
"""They changed the schedule.",Ils ont changé les horaires.,Ça a changé le planning.
"""I'll go grab the bags,"" he said, that muscle in his jaw working double-time as he turned around and left, leaving her with no choice but to see this thing through on her own.","Je vais chercher nos bagages, ajouta-t-il, le muscle de sa mâchoire tiquant deux fois plus alors qu'il se retournait et partait, ne laissant pas d'autres choix à la jeune femme que de se débrouiller toute seule.","Ça va falloir, il faut que je vais chercher les sacs, dit-il, le muscle de sa mâchoire travaillant à plein régime alors qu'il se retournait et quittait la pièce, la laissant sans autre choix que de faire face à cette situation seule."
If Chase ever found out the truth...,Si Chase découvrait la vérité...,Si Chase découvrait jamais la vérité...
"The sun, half-risen and bright, glowed behind her head like an orange halo, outlining the edges of her hair in bright relief.","Le soleil, à moitié levé et brillant, rayonnait derrière sa tête comme un halo orange, soulignant les contours de ses cheveux d'un relief éclatant.","Le soleil, à demi-levé et brillant, brillait derrière sa tête comme un halo orange, mettant en relief les bords de ses cheveux."
It never lies.,Elle ne ment jamais.,Ça ne ment jamais.
Of course Inna set the fire.,Bien sûr qu'Inna avait mis le feu.,Ça va sans dire que c'est Inna qui a allumé le feu.
"But you will find someone.""",Mais tu trouveras quelqu'un.,Ça te donnera à penser.
"It didn't matter what her mother had promised him, or what her father owed him.","Peu importe ce que sa mère lui avait promis, ou ce que son père lui devait.","Ça ne comptait pas que sa mère lui ait promis quelque chose, ni que son père lui devait quelque chose."
"Not even a little bit, because she had plenty to keep her busy, and honestly, she didn't have time for anything else.","Pas même un peu, car elle avait de quoi s'occuper, et honnêtement, elle n'avait pas le temps pour quoi que ce soit d'autre","Ça ne l'était pas du tout, car elle avait beaucoup de choses à faire, et honnêtement, elle n'avait pas le temps de faire autre chose."
The sun is stroking the highlights of John's auburn hair as if it can't keep its fingers out of the wavy locks.,"Le soleil caresse les reflets des cheveux auburn de John, comme s'il ne pouvait pas empêcher ses rayons de toucher ses mèches ondulées.",Le soleil caresse les reflets de cheveux auburn de John comme s'il ne pouvait pas se passer de ses ondulations.
"The pier cut out to sea a hundred yards north, and fishermen and tourists alike would always head to his bar for lunch.","La jetée s'enfonçait dans la mer à une centaine de mètres au nord, et les pêcheurs comme les touristes se rendaient toujours à son bar pour déjeuner.","La jetée s'avançait vers la mer à cent mètres au nord, et les pêcheurs et les touristes se rendaient toujours à son bar pour déjeuner."
"She turned to Inna, and the words formed sticky clumps in her mouth.","Elle se tourna vers Inna, et les mots formèrent des amas collants dans sa bouche.","Elle se tourna vers Inna, et les mots se formaient en boules collantes dans sa bouche."
"""It's from the Police, a song called Tea in the Sahara.""","C'est une chanson de Police qui s'appelle ""Tea in the Sahara"".","Ça vient de la police, une chanson appelée ""Thé au Sahara""."
"""If you'd be still, it wouldn't hurt.""","Si tu restais tranquille, tu n'aurais pas mal.","Si tu restais immobile, tu ne serais pas en douleur."
The storm shutters banged a raging rhythm as the strong winds roared inland.,Les volets claquaient à un rythme endiablé tandis que les vents violents s'engouffraient à l'intérieur des terres.,Les volets de protection de la tempête se frappaient avec une rage furieuse alors que les fortes vents s'engouffraient à l'intérieur des terres.
"I know John was married to a woman, and that the marriage lasted for at least a few years.",Je sais que John était marié à une femme et que ce mariage a duré au moins quelques années.,Je sais que John était marié à une femme et que le mariage a duré au moins quelques années.
"""How did she survive, being a woman in that time?","Comment a-t-elle survécu, en tant une femme à cette époque ?","Comment a-t-elle survécu, étant une femme à cette époque ?"
"But John brought color and warmth to it, things I didn't know I'd been missing.","Mais John y a apporté de la couleur et de la chaleur, des choses qui je ne savais pas me manquaient.","John avait apporté de la couleur et de la chaleur, des choses que je ne connaissais pas manquer."
"""What?"" My question brings John back to the present.",Ma question ramène John au présent.,Ça ?
"One slides up my neck and into my hair, where he grabs a fistful of my curls, pulling me down into his hungry, greedy kiss.","L'une d'elles remonte le long de mon cou jusqu'à mes cheveux, où il saisit une poignée de mes boucles, m'attirant plus bas dans un baiser affamé et avide.","Un autre se glisse sur mon cou et dans mes cheveux, où il attrape une poignée de mes boucles, me faisant tomber dans son embrassement affamé et avide."
"I turn away enough to give him some semblance of privacy, quietly putting my things in my backpack, but I stay close.","Je me détourne suffisamment pour lui laisser un semblant d'intimité, en rangeant discrètement mes affaires dans mon sac à dos, mais je reste près de lui.","Je me détourne suffisamment pour lui donner un peu de privé, en mettant calme mes affaires dans mon sac à dos, mais je reste proche."
"""I have no idea since you haven't told me what I'm doing exactly.",Je n'en ai aucune idée vu que tu ne m'as pas dit ce que je dois exactement faire.,Ça m'échappe depuis que tu ne m'as pas dit exactement ce que je fais.
I'm a veritable treasure trove of useless knowledge.,Je suis un véritable puits de connaissances inutiles.,Ça m'a fait un vrai trésor de connaissances inutiles.
She reached for him and touched his arm and his tattoo burned like she'd touched him with a torch.,"Elle s'approcha de lui, toucha son bras et son tatouage le brûla comme si elle l'avait touché avec une torche.",Elle s'approcha de lui et toucha son bras et son tatouage brûlait comme si elle l'avait touché avec une flamme.
"John makes a sound in the back of his throat, something like a confirmation, and drops his head to his chest.","John émet un grognement, quelque chose comme une confirmation, et baisse la tête vers sa poitrine.","John émet un son à l'arrière de sa gorge, quelque chose comme une confirmation, et laisse tomber sa tête sur son torse."
"""Huh?"" Mari sighed as the image of her and Chase vanished.",Mari soupira alors que l'image d'elle et de Chase disparaissait.,Ça ? Mari soupira lorsque l'image de Chase et d'elle disparut.
"I want inside you,"" he practically begs.","Je veux être en toi, supplie-t-il presque.","Ça veut dire que je veux être en toi, il le demande presque."
"""He's not here,"" Mari whispered.","Il n'est pas là, murmura Mari.","Ça ne marche pas, murmura Mari."
Lights lit up the room and sickly carnival music blasted from unseen speakers.,Des lumières illuminèrent la pièce et une musique de carnaval discordante sortit de haut-parleurs invisibles.,Les lumières éclairaient la pièce et la musique de foire malade s'échappait de haut-parleurs invisibles.
"He could see more fire than bar, and he knew it was over.","Il voyait plus le feu que son bar, et il savait que c'était fini.","Il pouvait voir plus de feu que de bar, et il savait que ça était fini."
"He doesn't think I'm crazy when I stop, mid-sentence, to point out the song that's playing in the restaurant while we eat.","Il ne me prend pas pour un fou quand je m'arrête, au milieu d'une phrase, pour lui faire remarquer la chanson qui passe dans le restaurant pendant que nous mangeons.","Ça ne lui semble pas que je suis folle quand je me arrête, au milieu d'une phrase, pour signaler la chanson qui sonne dans le restaurant pendant que nous mangeons."
Let me try to brace myself halfway.,Laisse-moi essayer de m'arc-bouter à mi-chemin.,Laisse-moi essayer de me tenir debout au milieu.
"""I deserve to feel his death.",Je mérite de voir sa mort.,Je mérite de sentir sa mort.
"The naked woman stood tall, her deep-brown hair reaching to her ankles.","La femme nue se tenait debout, ses cheveux d'un brun profond lui arrivaient aux chevilles.","La femme nue se tenait droite, ses cheveux brun foncé atteignant jusqu'à ses chevilles."
"Feeling more confident in her movements, she stroked him as she licked and sucked, grasping him firmly.","Plus confiante dans ses mouvements, elle le caressa tout en le léchant et en le suçant, l'empoignant fermement.","Ça lui donnait plus de confiance dans ses mouvements, elle le caresse tandis qu'elle léchait et suçait, le saisissant fermement."
"So, they tried to scare me off by telling me about all the monsters and the ghosts in the school, how mean the teacher really was, all the gross things the cafeteria lady was putting in the food, and unfortunately, it worked.","Elles ont donc essayé de m'effrayer en me parlant de tous les monstres et fantômes de l'école, de la méchanceté du professeur, de toutes les choses dégoûtantes que la dame de la cafétéria mettait dans la nourriture, et malheureusement, ça a fonctionné.",Ça a fonctionné.
I hope my voice sounds firm.,J'espère que ma voix est ferme.,Je espère que ma voix sonne ferme.
"""I'm very thorough,"" Andi said, nibbling on a piece of bacon.","Je suis très minutieuse, dit Andi en grignotant un morceau de bacon.","Ça me dérange, mais je suis très détaillée, dit Andi en mâchant une tranche de bacon."
"After high school, she attended college, worked as a bellhop, fast food cook, and a museum worker until she decided to take an EMT course.","Après le lycée, elle est allée à l'université, a travaillé comme groom, cuisinière dans un fast-food et employée dans un musée, jusqu'à ce qu'elle décide de suivre des cours pour devenir ambulancière.","Après le lycée, elle a fréquenté l'université, travaillé comme valet de chambre, cuisinier dans un fast-food et employé au musée jusqu'à ce qu'elle décide de suivre un cours d'ambulancier."
"""His baby sister.",Sa petite sœur.,Sa petite sœur.
"""Welcome to the Emerald Cove, Mr. MacGregor,"" the clerk said with that warm smile that didn't seem to help the situation as Devyn continued to glare in a way that told her that she was never going to hear the end of this.","Bienvenue à l'Emerald Cove, M. MacGregor, dit la réceptionniste avec un sourire chaleureux qui ne semblait pas arranger la situation, alors que Devyn continuait de la fixer d'une manière qui lui disait qu'elle ne finirait jamais d'en entendre parler.","Bienvenue à l'Emerald Cove, M. MacGregor, dit l'employé avec son sourire chaleureux qui ne semblait pas aider la situation, alors que Devyn continuait à jeter des regards dans un sens qui lui disait qu'elle ne cesserait jamais de l'entendre."
Was this the end?,Était-ce la fin ?,Ça faisait-il partie de la fin ?
The board would have fired his ass for gross incompetence.,Les membres du conseil d'administration l'auraient licencié pour incompétence grave.,Le conseil d'administration l'aurait renvoyé pour grossière incompétence.
To escape.,Pour s'échapper.,Être en fuite.
"We expect landfall not long after midnight at the storm's current speed...""",Nous nous attendons à ce que la tempête touche terre peu après minuit vu sa vitesse actuelle...,"Ça ne devrait pas arriver trop tôt, après minuit, à la vitesse actuelle de la tempête..."
I don't want any stray projectiles to catch either one of us unawares.,"Je ne veux pas qu'un projectile perdu nous prenne au dépourvu, l'un ou l'autre.",Je ne veux pas que des projectiles errants nous attrapent par surprise.
"I yank until I free myself, wincing, but the pain calms me down a little.","Je tire jusqu'à me libérer, en grimaçant, mais la douleur me calme","Je tire jusqu'à ce que je m'en libère, frémit, mais la douleur me calme un peu."
He looked out to the dark beach.,Il regarda la plage sombre.,Il regarda la plage sombre.
"You haven't told me how you feel about him.""",Tu ne m'as pas dit ce que tu ressentais pour lui.,Tu ne m'as pas dit ce que tu ressens pour lui.
Serving Chase coffee in bed without his black T-shirt or pants.,"Servir un café à Chase dans son lit, sans son tee-shirt noir ni son pantalon.",Servir du café à Chase en lit sans son tee-shirt ou ses pantalons noirs.
"No going barefoot on the deck today, it wasn't safe.","Pas question d'aller pieds nus sur le pont aujourd'hui, ce n'était pas sûr.","Ça ne se faisait pas aujourd'hui, il n'était pas sûr."
Lots of little girls with curls hanging to their waists and bright blue eyes...,Beaucoup de petites filles avec des boucles qui leur arriveraient à la taille et des yeux bleu brillant...,Ça faisait longtemps que je n'avais pas vu autant de petites filles aux cheveux bouclés jusqu'à leurs taille et aux yeux bleus...
What he faced now.,Ce qu'il affrontait maintenant.,Ça qu'il affrontait maintenant.
She freaking loved quiet time!,Elle adorait le temps calme !,Ça la faisait vraiment plaisir !
"The elevator doors barely had a chance to open when he was moving his ass, heading to his office, praying every step of the way that Andi was there.","Les portes de l'ascenseur avaient à peine eu le temps de s'ouvrir qu'il en sortait, se dirigeant vers son bureau, priant à chaque pas pour qu'Andi soit là.","Les portes de l'ascenseur n'avaient pas eu le temps de s'ouvrir que le jeune homme commençait à se déplacer, se dirigeant vers son bureau, priant à chaque pas que Andi soit là."
"""God, you'll never know how sorry I am.""","Bordel, tu ne peux pas savoir à quel point je suis désolé.","Ça, tu ne sauras jamais à quel point je suis désolé."
"""You hate the clutter I make with my records and my gadgets, and my clothing lying about the bedroom.""","Tu détestes le désordre que je crée avec mes disques, mes gadgets et mes vêtements qui traînent dans la chambre.","Ça te fait hater le bruit que font mes disques et mes objets, et mes vêtements qui courent partout dans la chambre."
"""Who is he and what is he to you?""",Qui est-il et que représente-t-il pour toi ?,Ça s'appelle qui et qu'est-ce qu'il est pour toi ?
"""You'll be safer at home.""",Tu seras plus en sécurité à la maison.,Tu seras plus en sécurité chez toi.
"Get control, mister.","Contrôlez-vous, monsieur.","Récupère le contrôle, monsieur."
Not for anyone.,Pour personne.,Ça ne sert à rien.
"I look away, unable to handle the intensity of John's gaze, and stare unseeing at the computer screen.","Je détourne le regard, incapable de supporter l'intensité du regard de John, et je fixe l'écran de l'ordinateur sans le voir.","Je détourne le regard, incapable de supporter l'intensité du regard de John, et j'adresse un regard aveugle à l'écran du ordinateur."
"She fingered the pearl pendant, twisting it slowly.",Elle toucha le pendentif en perles et le fit tourner lentement.,"Elle palpa le pendant en perle, le tournant lentement."
"Then he reeled backward, almost falling off the platform.","Puis il recula, tombant presque de la plateforme.","Il recula alors, presque en tombant de la plate-forme."
"Every time I come in for my shift, I expect to find a note from Nicki, but she leaves me alone.","Chaque fois que j'arrive pour mon service, je m'attends à trouver un mot de Nicki, mais elle me laisse tranquille.","Quand je viens travailler, je m'attends à trouver une note de Nicki, mais elle m'a laissé seul."
"Breaking off the kiss, Andi reached for that bottle of bodywash and squeezed more into her hand before tossing the empty bottle aside and turning around in his arms, reaching up and pulled him back down to pick up where they left off while she reached between their bodies and-","Rompant le baiser, Andi attrapa la bouteille de gel douche et en pressa davantage dans sa main avant de jeter la bouteille vide de côté et de se retourner dans ses bras, tendant ses bras pour le mettre à son niveau et reprendre là où ils s'étaient arrêtés tandis qu'elle passait la main entre leurs corps et...","Breaking le baiser, Andi s'approcha de la bouteille de gel douche et enversa plus dans sa main avant de jeter la bouteille vide de côté et de se retourner dans ses bras, s'élançant et le ramena à son niveau pour reprendre là où ils s'étaient arrêtés, tandis qu'elle s'approchait entre leurs corps et..."
"And so damned tight, I start to babble.",Et tellement serré que je commence à bafouiller.,Ça est si serré que je commence à bavarder.
"Add the peep show to the grudge and revenge plot, and Inna would kill both of them without hesitation.","Ajoutez le peep-show au projet de vengeance, et Inna les tuerait tous les deux sans hésiter.","Ajouter le spectacle érotique au conflit de vengeance et de rancœur, et Inna les tuerait tous les deux sans hésiter."
"It's my fault he's dead.""",C'est ma faute s'il est mort.,Ça m'en est à moi qu'il soit mort.
I've never been like this with anyone.,Je n'ai jamais été comme ça avec personne.,Ça ne m'est jamais arrivé avec personne.
"Not everyone can make it with a coastal shop.""",Ce n'est pas donné à tout le monde de réussir à s'en sortir avec un magasin en bord de mer.,Ça ne se fait pas avec tous les magasins de bord de mer.
Inna wouldn't either.,Inna non plus.,Ça ne serait pas non plus le cas d'Inna.
She tugged more forcefully and moved to take him in her mouth.,Elle tira plus fort et bougea pour le prendre dans sa bouche.,Elle tirait plus fortement et se déplaçait pour le prendre dans sa bouche.
"Yes, I am a bit of a music snob, but he shouldn't know that.","Oui, je suis un peu snob en matière de musique, mais il ne devrait pas le savoir.","Ça fait un peu que je suis un peu snob en matière de musique, mais il ne devrait pas le savoir."
"""You really want to know?""",Tu veux vraiment savoir ?,Ça vous intéresse vraiment ?
"Right at this moment, when I'm so raw, I'm bleeding on the inside.","Tout de suite ? En ce moment même, alors que je suis à vif, que je saigne","Ça me fait du bien, ça me fait du bien, mais je suis si cru, que je saigne à l'intérieur."
Garrett and I stopped a week or two before our break-up.,Garrett et moi avons arrêté une semaine ou deux avant notre rupture.,Garrett et moi avons cessé de nous voir une semaine ou deux avant notre séparation.
In public?,En public ?,"Ça, en public ?"
Starstruck Holidays: A MM Sci-Fi Holiday Romance Anthology,Starstruck Holidays : Une anthologie de romance de vacances MM Sci-Fi,Les vacances de Starstruck : un recueil de romances MM de science-fiction pour Noël
"John Burton, Walt Whitman High School, Patrick","John Burton, Walt Whitman High School, Patrick","John Burton, Walt Whitman High School, Patrick"
He watched as her focus turned to confusion as she stared down at the light brown teddy bear that had taken him two days to find before her lips pulled up into a beautiful smile.,"Il vit son attention se transformer en confusion lorsqu'elle fixa l'ours en peluche marron clair qu'il avait mis deux jours à trouver, avant que ses lèvres ne se retroussent en un magnifique sourire.","Il la regarda se concentrer, puis se confondre lorsqu'elle fixa le ours brun qui lui avait fallu deux jours pour le trouver avant que ses lèvres se plient en un beau sourire."
It would just take a little longer than she'd planned.,Ça prendrait juste un peu plus de temps que prévu.,Ça prendrait juste un peu plus de temps que prévu.
She didn't let it overwhelm or cripple her.,Elle ne la laissait pas l'accabler ou la paralyser.,Elle ne la laissa pas l'emporter ou la paralyser.
"John inspires so much music in me, but I haven't found his song.","John m'inspire tellement de chansons, mais je n'ai pas trouvé sa chanson.","John m'inspire tant de musique, mais je n'ai pas encore trouvé son morceau."
"She hadn't felt safe and secure in a long time, and her breathing slowed as she relaxed.","Cela faisait longtemps qu'elle ne s'était pas sentie en sécurité, et sa respiration ralentit à mesure qu'elle se détendait.","Ça faisait longtemps qu'elle ne se sentait pas en sécurité et en sécurité, et son souffle s'est ralenti lorsqu'elle s'est détendue."
"""We go out all the time.""",Nous sortons tout le temps.,Ça fait des années que nous sortons tous les jours.
Daydreams and swimming would have to wait.,Les rêveries et les baignades devaient attendre.,Les rêves et la natation devaient attendre.
"Who knows what our options will be tomorrow.""",Qui sait quelles seront nos options demain ?,Ça ne nous dit rien de ce que nos options seront demain.
A small chime had Devyn swallowing hard as he looked up and found Andi's phone in the bastard's hand.,Un petit tintement fit déglutir Devyn qui leva les yeux et trouva le téléphone d'Andi dans la main du connard.,Un petit son de cloche fit Devyn déglutir difficilement alors qu'il levait les yeux et découvrait le téléphone d'Andi dans la main du salaud.
"""Her parents?""",Ses parents ?,Ses parents ?
She turned toward the stack of wood so he wouldn't see her blush.,Elle se tourna vers la pile de bois pour qu'il ne la voit pas rougir.,Elle se tourna vers la pile de bois pour qu'il ne la voie pas rougir.
"""I can help you make your selections, though I have to warn you.","Je peux vous aider à faire votre choix, mais je dois vous prévenir.","Je peux te faire choisir, mais je dois te prévenir."
"He tossed Mari her sundress, then slid into his jeans and zipped them.","Il lança sa robe d'été à Mari, puis se glissa dans son jean et le ferma.","Il jeta le sundress à Mari, puis se glissa dans son jean et le referma."
Garrett brought a bottle of wine.,Garrett a apporté une bouteille de vin.,Garrett avait apporté un bouteille de vin.
"""We don't have all day.""",Nous n'avons pas toute la journée.,Ça ne nous reste pas toute la journée.
His muscles glistened with rain or seawater; she didn't know which.,"Ses muscles brillaient sous l'effet de la pluie ou de l'eau de mer, elle ne savait pas laquelle.","Ses muscles brillaient de la pluie ou de l'eau de mer, elle ne savait pas laquelle."
Her brows furrow.,Ses sourcils se froncent.,Ses sourcils se plissent.
"""Hey, I can't breathe.""","Hé, je n'arrive pas à respirer.","Ça, je ne peux pas respirer."
"""Your turn.""",À ton tour.,Ça te revient.
"A shudder passes through me, followed by a lightning bolt of desire that lands right on the tip of my cock.","Un frisson me traverse, suivi d'un éclair de désir qui atterrit directement sur le bout de ma queue.","Un frisson me traverse, suivi d'un éclair de désir qui atterrit sur le bout de ma queue."
"I take in his deep, brown skin and near-white hair, his chiseled cheekbones, and dimpled chin.","Je regarde sa peau brun foncé, ses cheveux presque blancs, ses pommettes ciselées et la fossette sur son menton.","Je regarde sa peau foncée et ses cheveux presque blancs, ses joues sculptées et son menton dentelé."
"Something was going on, and Mari was going to tell him everything.","Il se passait quelque chose, et Mari allait tout lui dire.","Ça se passait, et Mari allait lui dire tout."
"Mari stopped and watched them too, her curvy figure leaning against the walkway railing.","Mari s'arrêta et les observa également, sa silhouette pulpeuse appuyée contre la rambarde de la passerelle.","Mari s'arrêta et les regarda aussi, sa silhouette courbée contre la balustrade."
"I wish you'd stay inside.""",J'aimerais que tu restes à l'intérieur.,Je te souhaite de rester à l'intérieur.
Pleasure struck hard and fast and she cried out as an orgasm slammed into her.,Le plaisir la surprit vite et fort et elle cria lorsqu'un orgasme la frappa de plein fouet.,Le plaisir frappa vite et fort et elle cria lorsqu'un orgasme la frappa.
"The stretch, it burns, and it feels so fucking good.","L'étirement, la brûlure, c'est si bon, putain.",Ça fait tellement bon.
Wasn't that what people did in times of stress?,N'est-ce pas ce que font les gens en période de stress ?,Ça n'était-ce pas ce que les gens faisaient dans les moments de stress ?
"His voice is barely above a whisper, and there's such warmth and affection in it, my heart stutters.","Sa voix est à peine plus forte qu'un murmure, et il y a tant de chaleur et elle contient tellement d'affection que mon cœur bat la chamade.","Son voix est à peine au-dessus d'un murmure, et il y a tant de chaleur et d'affection, que mon cœur frémit."
"He turned to her, trying to keep his voice low and firm.","Il se tourna vers elle, essayant de garder une voix basse et ferme.","Il se tourna vers elle, essayant de garder sa voix basse et ferme."
"If he were being honest with himself, he'd admit he would miss the bar and all the long nights of work and music and stories.","S'il était honnête avec lui-même, il admettrait que le bar et les longues nuits de travail, de musique et d'histoires lui manqueraient.","Si il était honnête avec lui, il aurait admis qu'il manquerait au bar et aux longues nuits de travail, de musique et d'histoires."
Over the past three days...nothing.,Durant les trois derniers jours.,Ça fait trois jours...rien.
"""I might have considered letting Chase move away if you'd asked me nicely.""",J'aurai pu envisager de laisser Chase partir si tu me l'avais demandé gentiment.,Ça m'aurait peut-être semblé une bonne idée de laisser Chase partir si tu m'avais demandé de bonne grâce.
"She knew he held grudges, but this was ridiculous.","Elle savait qu'il était rancunier, mais là, c'était ridicule.","Elle savait qu'il gardait des rancunes, mais ça allait trop loin."
I guess that solves that problem.,Je suppose que cela résout le problème.,Ça résout donc ce problème.
"He'd thought he'd planned it well with plenty of time to get off the island and go a couple hundred miles inland, maybe to Raleigh.","Il pensait avoir bien planifié son départ et avoir suffisamment de temps pour quitter l'île et se rendre à quelques centaines de kilomètres à l'intérieur des terres, peut-être jusqu'à Raleigh.","Il avait cru qu'il avait bien organisé son plan avec suffisamment de temps pour quitter l'île et aller à quelques centaines de kilomètres de là, peut-être à Raleigh."
"""Curiosity, I suppose.""","La curiosité, je suppose.",Ça doit être la curiosité.
"""I guess you think I'm crazy now.",Je suppose que tu penses que je suis fou maintenant.,Ça veut dire que tu penses que je suis fou maintenant.
"He sighs and slides his fingers against mine, back and forth.","Il soupire et fait glisser ses doigts entre les miens, d'avant en arrière.","Il soupire et glisse ses doigts contre les miens, d'avant en arrière."
"Besides, it isn't like the rides will be open.""","Et puis, ce n'est pas comme si les manèges étaient ouverts.",Ça ne veut pas dire que les attractions seront ouvertes.
He took care of practically everything.,Il s'occupait pratiquement de tout.,Il s'occupait de presque tout.
"I spin some MC5, X, The Noisettes, and Miike Snow.","Je passe MC5, X, The Noisettes et Miike Snow.","Je mets du MC5, X, Les Noisettes et Miike Snow."
"And now, just as things were going well between her and Chase, she might lose him forever.","Et maintenant, alors que les choses allaient bien entre Chase et elle, elle risquait de le perdre pour toujours.","Et maintenant, alors que les choses se passaient bien entre elle et Chase, elle risquait de le perdre pour toujours."
I guess it is a normal part of daughters growing up.,Je suppose que c'est une partie normale du processus du passage à l'âge adulte pour les filles.,Ça fait partie des choses normales lorsque les filles grandissent.
"If she didn't know better, she'd say that Inna controlled the weather.","Si elle ne le connaissait pas mieux, elle dirait qu'Inna contrôlait la météo.","Si elle ne savait mieux, elle dirait que Inna contrôlait le temps."
"There's only a smattering of trees in my neighborhood, and even those are too young to do more than sprinkle a bit of confetti on the ground, but Bucks County, where the station is – and where John lives - is a fall lover's dream.","Il n'y a que quelques arbres dans mon quartier, et même ceux-là sont trop jeunes pour ne faire plus que répandre un peu de confettis sur le sol, mais le comté de Bucks, où se trouve la station radio et où vit John, est un lieu de rêve pour les amoureux de l'automne.","Ça fait que j'habite dans un quartier où il n'y a que peu d'arbres, et même ceux-ci sont trop jeunes pour faire plus qu'éclabousser un peu de confettis sur le sol, mais le comté de Bucks, où se trouve la station - et où vit John - est un rêve pour les amoureux de l'automne."
I greet WKMP's general manager as he sets a crate of records on the ground and unlocks his 2012 VW Golf.,Je salue le directeur général de WKMP alors qu'il pose une caisse remplie de disques sur le sol et déverrouille sa Golf 2012.,Je salue le directeur général de WKMP alors qu'il pose une boîte de disques sur le sol et déverrouille sa Volkswagen Golf 2012.
Breakfast?,Le dîner ?,Ça fait du déjeuner ?
Like slipping into my favorite pair of sweatpants at the end of a long day.,C'est comme si je me glissais dans mon pantalon de survêtement préféré à la fin d'une longue journée.,Ça fait comme glisser dans mon pantalon de sport préféré à la fin d'une longue journée.
"""That depends,"" Andi said, adding a little sniffle at the end there as she continued toying with his fingers while he lay there, unable to take his eyes off her as he thought about the last two days and...","Ça dépend, dit Andi, ajoutant un petit reniflement à la fin de sa phrase tout en continuant à jouer avec les doigts de Devyn resté allongé, incapable de la quitter des yeux alors qu'il pensait aux deux derniers jours et...","Ça dépend, dit Andi, en ajoutant un petit gémissement à la fin, tout en continuant à jouer avec ses doigts alors qu'il restait allongé, incapable de retirer son regard de son visage alors qu'il pensait aux deux derniers jours et..."
"USA Today bestselling author Kerry Adrienne loves history, science, music, and art.","Kerry Adrienne, autrice de best-sellers USA Today, aime l'histoire, la science, la musique et l'art.","L'auteur best-seller USA Today Kerry Adrienne aime l'histoire, les sciences, la musique et l'art."
"I can't keep my eyes off John, and I'm worried that I'll scratch a record or miss a cue.",Je ne peux pas quitter John des yeux et je crains de rayer un disque ou de rater un signal.,"Je ne peux pas me détacher de John, et je suis inquiet de me blesser ou de manquer un coup."
I'm pleased that he seems to like it.,Je suis heureux qu'il semble l'aimer.,Ça me plaît qu'il semble apprécier.
"The phone lines are blinking, but I'm not taking any more requests.","Les lignes téléphoniques clignotent, mais je ne prends plus de demandes.","Les lignes téléphoniques clignotent, mais je ne prends plus de nouvelles demandes."
"He picked up the pickle spear and sucked on the end, his mouth contracting at the sourness.","Il prit un cornichon et en suça l'extrémité, sa bouche se contractant sous l'effet de l'aigreur.","Il ramassa la lance de cornichon et la suça à la fin, sa bouche se contractant à la saveur acide."
"""But both my sister and I are pretty good at taking care of ourselves.",Mais ma sœur et moi savons très bien nous occuper de nous-mêmes.,Mais ma sœur et moi sommes assez bonnes pour nous occuper.
"Not a tangible sense of loss, but an echo of what might have been.","Ce n'était pas un sentiment réel de perte, mais un écho de ce qui aurait pu être.","Ça n'était pas un sentiment de perte tangible, mais un écho de ce qui aurait pu être."
He almost reached for her but stopped.,"Il s'approcha presque d'elle, mais s'arrêta.","Il s'apprêtait à la toucher, mais s'arrêta."
"I only let my eyes flit briefly over its welcoming expanse and push any thoughts of us tumbling onto it, limbs entwined and John's big body pressing me into the mattress, right out of my head.","Je ne laisse mes yeux que balayer brièvement son étendue accueillante, et j'écarte de ma tête toute idée de nous y laisser tomber, les membres enlacés et le grand corps de John me pressant contre le matelas.","Je ne fais que jeter un coup d'œil à son étendue accueillante et chasse de ma tête toute idée de nous tomber dessus, de nos membres s'entremêlant et du corps de John qui me presse dans le matelas."
"""What if I told you that I had to leave so that I could send your project to Roman Palms so that they could implement the changes you came up with immediately?"" he asked, smiling against her throat when she went still.",Et si je te disais que je devais partir pour envoyer ton projet à Roman Palms afin qu'ils puissent mettre en œuvre immédiatement les changements que tu as proposés ?,Ça ne serait pas mieux si je te disais que j'avais dû partir pour pouvoir envoyer ton projet aux Roman Palms pour qu'ils puissent mettre en œuvre les changements que tu avais proposés immédiatement ?
"She'd never been brazen, and her face heated despite her outward boldness.","Elle n'avait jamais été effrontée, et son visage s'échauffa malgré son audace apparente.","Elle n'avait jamais été aussi audacieuse, et son visage s'échauffa malgré sa bravoure apparente."
"""Stop it, Inna!","Arrête, Inna !","Arrête, Inna !"
"""Will it be loud, or can I leave the door open?"" I try to keep my annoyance out of my voice.","Ce sera bruyant, ou je peux laisser la porte ouverte ?","Ça va être bruyant, ou je peux laisser la porte ouverte ?"
"""It's not that bad,"" I swear.","Ce n'est pas si mal, juré-je.","Ça n'est pas si mal, je le jure."
And never come back to the islandnever contact you.,"Et de ne jamais revenir sur l'île, de ne jamais te contacter.","Ça ne m'empêchera pas de revenir sur l'île, de te contacter."
"He'd gathered four flashlights from the kitchen, one from behind the bar, and a few pillar candles and matches, when the phone rang.","Il avait rassemblé quatre lampes de poche dans la cuisine, une derrière le bar, quelques bougies et des allumettes, lorsque le téléphone sonna.","Il avait récupéré quatre torches électriques dans la cuisine, une autre derrière le bar, quelques bougies et des allumettes, lorsque le téléphone sonnait."
Probably right after his mother died and he'd been forced to live off discounted Halloween candy for a month.,Probablement juste après la mort de sa mère et qu'il avait été forcé de vivre en mangeant des bonbons d'Halloween à prix réduit pendant un mois.,Ça avait probablement été après la mort de sa mère et qu'il avait été contraint de vivre grâce aux bonbons Halloween à prix réduit pendant un mois.
"The fading light cast long, deep shadows over one side of his face and his strong features stood out in contrast.",La lumière déclinante projetait des ombres longues et profondes sur un côté de son visage et ses traits forts se détachaient par contraste.,La lumière faible projetait de longs et profonds ombres sur un côté de son visage et ses traits forts se détachaient en contraste.
"In addition to writing books, she's also a college instructor, artist, anime/manga and historical costumer, editor, and bad guitar player.","En plus d'écrire des livres, elle est également enseignante à l'université, artiste, costumière d'anime/manga et d'histoire, rédactrice, et mauvaise joueuse de guitare.","En plus d'écrire des livres, elle est également professeur d'université, artiste, fan de manga et d'anime, costumière historique, rédactrice, et une mauvaise guitariste."
He landed right on top of her.,Il atterrit juste au-dessus d'elle.,Il atterrit directement sur elle.
"A small mermaid swam near the tentaclea mermaid with long pale hair, holding a pink starfish.","Une petite sirène nageait près du tentacule, une sirène aux longs cheveux pâles, tenant une étoile de mer rose.","Une petite sirène nageait près du tentacule, une sirène aux cheveux longs et pâles, tenant une étoile de mer rose."
"""No wonder they canceled the ferry.""",Pas étonnant qu'ils aient annulé le ferry.,Ça ne fait pas de doute que le ferry a été annulé.
He had thanked me.,Il m'avait remercié.,Il m'avait remercié.
"Not like we can do anything without electricity.""",Ce n'est pas comme si nous pouvions faire quoi que ce soit sans électricité.,Ça ne veut pas dire que nous pouvons faire quelque chose sans électricité.
"""I can understand that,"" Andi said with a sad shake of her head as she auto-filled her credit card information to hold the room.","Je peux le comprendre, dit Andi en secouant tristement la tête tandis qu'elle remplissait automatiquement les informations de sa carte de crédit pour réserver la chambre.","Ça m'est compréhensible, dit Andi avec un secouement de la tête triste alors qu'elle remplissait les informations de sa carte de crédit pour réserver la chambre."
"Yet, if she stayed alone, that punk might hurt her.","Pourtant, si elle restait seule, ce voyou pourrait lui faire du mal.","Si elle restait seule, ce punk pourrait la blesser."
"He'd better be glad I didn't get my hands on him.""",Il ferait mieux d'être content que je ne lui ai pas mis la main dessus.,Ça lui faudrait d'être heureux que je n'ai pas eu les mains sur lui.
"""And another for my date.""",Et une autre pour mon rendez-vous.,Et une autre pour mon rendez-vous.
"It's a steady rhythm, and I feel my heartbeat slowing to match it.","C'est un rythme régulier, et je sens les battements de mon cœur ralentir en même temps.",Ça est un rythme régulier et je sens mon cœur ralentir pour le suivre.
"His hands found her breasts as he continued alternating between teasing her clit and sliding his tongue inside her, licking her hungrily as she lay there, wondering if she'd ever felt anything this good before.","Ses mains trouvèrent ses seins alors qu'il continuait d'alterner entre taquiner son clitoris et glisser sa langue à l'intérieur d'elle, la léchant avec avidité alors qu'elle était allongée là, se demandant si elle avait déjà ressenti quelque chose d'aussi bon auparavant.","Ses mains trouvèrent ses seins alors qu'il continuait à alterner entre la stimulation de son clitoris et l'introduction de sa langue à l'intérieur d'elle, l'attirant avec faim alors qu'elle restait allongée là, se demandant s'il lui avait jamais fait quelque chose aussi bon."
"""2345 divided by 82.""","""2345 divisé par 82.",2345 divisée par 82.
We've been a lot slower this afternoon.,Nous avons été beaucoup plus lents cet après-midi.,Ça a été beaucoup plus lent cette après-midi.
Without Regret,Sans regret,Sans regret
"I...I googled you a while back.""",Je... j'ai cherché des informations sur toi sur Google il y a un moment.,Ça... j'ai fait une recherche sur toi il y a quelque temps.
"""I'm not here about the storm, though we'll need to board up in the morning.""","Je ne suis pas là pour la tempête, même si nous devrons installer des planches dans la matinée.","Ça n'est pas pour la tempête que je suis là, mais nous devrons fermer les volets demain matin."
You've been cruel to me.,Tu as été cruelle avec moi.,Ça a été cruel envers moi.
"I wanted to check the shop door.""",Je voulais vérifier la porte du magasin.,Je voulais vérifier la porte de la boutique.
"Her eyes were closed, and she twirled, not once, but three times, before she opened them.","Ses yeux étaient fermés et elle tournoyait, non pas une fois, mais trois fois, avant de les ouvrir.","Les yeux étaient fermés et elle se balançait, pas une fois, mais trois fois, avant d'ouvrir les yeux."
Music is my life.,"La musique, c'est ma vie.",La musique est ma vie.
"""She's...very ill, awake now, but comfortable.","Elle est... très malade, consciente maintenant, mais confortable.","Ça... est... très grave, elle est réveillée maintenant, mais confortable."
Now he'd done what he feared.,Il avait fait ce qu'il craignait.,Ça faisait maintenant qu'il avait fait ce qu'il craignait.
"While she did that, Devyn worked on running Carta Hotels, dealing with the board, and doing whatever it took to keep them happy and buy them more time.","Alors qu'elle s'occupait de ça, Devyn continuait de diriger les Hôtels Carta, s'occupant du conseil d'administration, et faisant tout son possible pour les contenter, et ainsi gagner plus de temps.","Pendant ce temps, Devyn s'occupait de gérer les Hôtels Carta, de traiter avec le conseil d'administration et de faire tout ce qu'il fallait pour les rendre heureux et leur donner plus de temps."
"""Are we high enough here behind the dunes to be safe from that much water?""","Sommes-nous assez haut ici, derrière les dunes pour être à l'abri d'une telle quantité d'eau ?",Êtes-nous assez hauts derrière les dunes pour être en sécurité face à tant d'eau ?
It wasn't the same.,Ce n'était pas la même chose.,Ça n'était pas le même.
Fucking cookies!,Des putain de cookies !,Ça fait chier les biscuits !
"Taller than me, which isn't saying much.","Plus grand que moi, ce qui n'est pas anodin.","Plus grand que moi, ce qui n'est pas dire beaucoup."
"I've had dreams about that, ever since the night at the station when he asked me out.",J'en ai rêvé depuis la nuit où il m'a demandé de sortir avec lui à la radio.,"Ça m'a fait rêver, depuis la nuit où il m'a invité à sortir."
"""I guess I'm not kissable in the daytime.",Je suppose que je ne suis pas le genre de fille qu'on embrasse en plein jour.,Ça veut dire que je ne suis pas baisable de jour.
"Sliding his hand up her thigh, Devyn pressed his tongue against her clit harder, rubbing the tip of his tongue over her as he slid two fingers beneath her panties and slowly pulled the soft material aside, exposing the neatly trimmed hair protecting the swollen lips that had his cock throbbing painfully.","Faisant glisser sa main le long de sa cuisse, Devyn pressa plus fort sa langue contre son clitoris, frottant le bout de sa langue sur elle alors qu'il glissait deux doigts sous sa culotte et tirait lentement le tissu doux sur le côté, exposant les poils bien taillés protégeant les lèvres gonflées qui faisaient douloureusement palpiter sa queue.","En glissant sa main sur sa cuisse, Devyn pressa plus fort sa langue contre son clitoris, frottant le bout de sa langue sur elle tout en glissant deux doigts sous sa culotte et en retirant lentement le tissu doux, exposant les cheveux bien taillés qui protégeaient les lèvres gonflées qui lui faisaient saigner."
"For several minutes they lay there, struggling to catch their breath as Devyn pressed a kiss against her forehead, the tip of her nose, and finally, he brushed his lips against hers before he pulled back and met her gaze as he said the three words that she'd never expected to hear.","Pendant plusieurs minutes, ils restèrent allongés, luttant pour reprendre leur souffle tandis que Devyn déposait un baiser sur son front, le bout de son nez, et finalement, il effleura ses lèvres avant de se retirer et de croiser son regard en prononçant les trois mots qu'elle ne s'était jamais attendue à entendre.","Ça dura plusieurs minutes qu'ils restèrent là, luttant pour reprendre leur souffle, tandis que Devyn embrassait son front, le bout de son nez, et enfin, il effleura ses lèvres avant de reculer et de rencontrer son regard alors qu'il disait les trois mots qu'elle n'avait jamais espéré entendre."
She'd feel lost if her sister diedand maybe do some crazy things too.,Elle se sentirait perdue si sa sœur mourait  et ferait peut-être des choses folles aussi. Mais son chagrin était bien plus profond qu'une simple perte.,Ça la ferait perdre si sa sœur mourait et peut-être qu'elle ferait des choses folle aussi.
"She pretended to savor her coffee, eyes in slits as she peeked at Chase while he drank.","Elle fit semblant de savourer son café, les yeux plissés en fente pour observer Chase pendant qu'il buvait.","Elle simulait de savourer son café, les yeux en lambeaux alors qu'elle regardait Chase en train de boire."
"""Miss Dawson, if you'll come with me?"" he said absently as he glanced down at her resumé while Andi couldn't help but notice the pitying look the other woman was sending her.","Mlle Dawson, veuillez me suivre, fit-il distraitement en jetant un coup d'œil à son CV, alors qu'Andi ne pouvait s'empêcher de voir le regard rempli de pitié que lui jetait l'autre femme.","Mlle Dawson, si vous voulez venir avec moi ?"
And about us.,Et pour nous.,Ça concerne aussi nous deux.
"After months of wishful thinking, I'm wary.","Après des mois de vœux pieux, je me méfie.","Après des mois de rêve, je suis prudent."
"He kissed her with bruising force, and she cried out.","Il l'embrassa avec une force qui la meurtrit, et elle cria.",Il l'embrassa avec une force qui la laissa pleurer.
"I don't believe it either, but it's an interesting story.""","Je n'y crois pas non plus, mais c'est une histoire intéressante.","Ça m'étonne aussi, mais c'est une bonne histoire."
"""I want to make sure it's perfect first.""",Je veux d'abord m'assurer que tout est parfait.,Je veux m'assurer que ça soit parfait d'abord.
"The tension eased a bit through lunch, as the topic of conversation turned back to music and pop culture in general.","La tension s'est un peu apaisée au cours du déjeuner, le sujet de conversation revenant sur la musique et la culture pop en général.","La tension s'est un peu apaisée à l'occasion du déjeuner, le sujet de la conversation revenant à la musique et à la culture populaire en général."
He needs to stop being so goddamned...whatever he's being.,Il doit arrêter d'être si sacrément... peu importe ce qu'il est.,Il doit arrêter d'être aussi putain... de ce qu'il est.
"An elf, maybe.","Un elfe, peut-être.",Ça pourrait être un elfe.
"He does it with his whole being, holding nothing back.","Il le fait de tout son être, sans aucune retenue.","Ça fait qu'il le fait avec son être entier, sans rien retenir."
"Had he helped Inna hurt other people, too?",Avait-il aidé Inna à blesser d'autres personnes ?,Ça avait-il aidé Inna à blesser d'autres personnes ?
"Well, at least what's been passed down as truth.","Du moins, ce qui a été transmis comme étant la vérité.","Ça dit, du moins ce qui a été transmis comme vérité."
"I didn't want to get to know myself, because I was afraid of what I'd find if I looked too closely.","Je ne voulais pas apprendre à me connaître, car j'avais peur de ce que je découvrirais si je regardais de trop près.","Je ne voulais pas m'approfondir, car j'avais peur de ce que je trouverais si je regardais trop de près."
And you choose to move away and leave me.,Et tu choisis de t'éloigner et de me quitter.,Ça te fait choisir de partir et de m'abandonner.
"His grip is tight, almost painful, and there's a tick in his jaw.","Sa prise est serrée, presque douloureuse, et il y a un tic dans sa mâchoire.","Son étreinte est serrée, presque douloureuse, et il y a un clignement de ses mâchoires."
"""'Cause, babe, you can play it down all you want.","Parce que, chéri, tu peux minimiser autant que tu veux.","Ça veut dire, mon chéri, que tu peux le minimiser autant que tu le souhaites."
"""I'm not done with storm prep at the shop.""",Je n'ai pas fini de préparer mon magasin contre la tempête.,Je n'ai pas fini de préparer les tempêtes à la boutique.
"""I've heard Annalise whispering into Nanette's ear more than once about how much better you could do than me.","J'ai entendu Annalise chuchoter à l'oreille de Nanette plus d'une fois que tu pourrais trouver mieux que moi. Et elles ont raison, tu pourrais.","Ça m'a fait rire, mais j'ai entendu Annalise murmurer dans l'oreille de Nanette plus d'une fois que tu pourrais faire mieux que moi."
"He's a bad person.""",C'est une mauvaise personne.,Ça fait dire qu'il est une personne mauvaise.
"And yet there's such a fire in him, behind his eyes.","Et pourtant, il y a un tel feu en lui, dans son regard.","Et pourtant, il y a un tel feu en lui, derrière ses yeux."
Many mermaids had shielding capability.,Beaucoup de sirènes avaient des capacités de protection.,Ça faisait longtemps que les sirènes avaient la capacité de se protéger.
"""Not until he's dead,"" Inna growled.","Pas avant qu'il ne soit mort, grogna Inna.","Pas avant qu'il ne soit mort, grogna Inna."
"If you'd asked me, I'd say he's the most confident person I'd ever met.""","Si tu m'avais posé la question, je t'aurais dit qu'il est la personne la plus sûre d'elle que j'aie jamais rencontrée.","Si tu m'avais demandé, je dirais qu'il est la personne la plus confiante que j'ai jamais rencontrée."
You look like you've been sucking a lemon.,On dirait que tu as sucé un citron.,Ça semble que tu aies suçé un citron.
Cling to someone who understood? Someone who cared?,S'accrocher à quelqu'un qui comprenait la situation ?,Être attaché à quelqu'un qui comprenait ?
"For a moment, he lay there staring up at the ceiling and found himself thinking about everything that she did for him over the last few days and...","L'espace d'un instant, il resta allongé, regardant le plafond et repensa à tout ce qu'elle avait fait pour lui ses derniers jours, et...","Un moment, il resta là, regardant le plafond et se demandant ce qu'elle lui avait fait ces derniers jours et..."
"Listened, or just been quiet, but you...""","Écouter, ou simplement me taire, mais tu...","Ça ne veut pas dire qu'il n'ait pas écouté, ou qu'il n'ait pas été silencieux, mais vous..."
"""I'd forgotten how clear the sky is inside the eye.",J'avais oublié à quel point le ciel est clair à l'intérieur de l'œil.,Je me suis oublié de savoir à quel point le ciel est clair à l'intérieur de l'œil.
"""You must think I'm really fucking weird.""",Tu dois penser que je suis vraiment bizarre.,Ça doit te faire penser que je suis vraiment bizarre.
The breeze off the ocean rustled her long hair and whipped her sundress around her legs.,La brise de l'océan faisait bruisser ses longs cheveux et agitait sa robe d'été autour de ses jambes.,Le vent de l'océan agita ses longs cheveux et balaya sa robe de plage autour de ses jambes.
"""I won't,"" Drew said as he tightened his hold around her legs.","Ça n'arrivera pas, dit Drew en resserrant son emprise sur les jambes de la jeune femme.","Ça ne sera pas le cas, dit Drew en serrant plus fort sa prise autour de ses jambes."
My music library has gotten me out of a lot of sticky social situations.,Ma bibliothèque musicale m'a permis de me sortir de bien des situations sociales délicates.,Ma bibliothèque de musique m'a sorti de beaucoup de situations sociales gênantes.
"""Don't fucking lie to me again,"" I growl, still angry but so in love with this guy.","Ne me mens plus jamais, grogné-je, toujours en colère mais tellement amoureux de ce type.","Ne me trompe pas encore, grondé-je, encore en colère mais tellement amoureux de ce type."
"I push myself onto him, and, just as I thought, he slips in easily.","Je me pousse contre lui et, comme je le pensais, il se glisse facilement à l'intérieur.","Je me jette sur lui et, comme je le pensais, il entre facilement."
"""And I really feel like you should take pity on me and tell me what you know about this hotel,"" he said with a teasing smile that had her returning his smile as she glanced back down at her notes and found herself wondering about something.","Et je pense que tu devrais vraiment avoir pitié de moi et me dire ce que tu sais sur cet hôtel, dit-il avec un sourire taquin qu'elle lui retourna, puis elle regarda ses notes et commença à réfléchir à quelque chose.","Ça me semble que tu devrais m'épargner et me dire ce que tu sais sur cet hôtel, dit-il avec un sourire provocateur qui la fit retourner son regard vers ses notes et se demander quelque chose."
That happened to other people.,Cela n'arrivait qu'aux autres.,Ça arrivait à d'autres personnes.
"He's the CEO of Carta Hotels,"" the woman said with a polite smile.","C'est le PDG des Hôtels Carta, répondit la femme avec un sourire poli.","Ça fait deux ans que je suis la directrice des relations publiques des Hôtels Carta, dit la femme avec un sourire poli."
"I mentally kick myself when relief washes over me, but it's quickly followed by a wave of tenderness for this man that knocks the air out of me.","Je me donne une tape mentale lorsque le soulagement m'envahit, mais ce sentiment est rapidement suivi d'une vague de tendresse pour cet homme qui me coupe l'herbe sous le pied.","Je me donne une botte mentale lorsque le soulagement me envahit, mais il est rapidement suivi d'une vague de tendresse pour cet homme qui me fait perdre l'air."
I may not survive this night.,Je ne survivrai peut-être pas à cette nuit.,Ça pourrait me tuer.
"""And Chase doesn't want me,"" she babbled.","Et Chase ne veut pas de moi, bafouilla-t-elle.","Ça ne veut pas dire que Chase ne veut pas de moi, dit-elle."
The portrait occupied a prized spot on the bar wallone that would typically be filled by a mirror in most bars.,"Le portrait occupait une place de choix sur le mur du bar, une place qui serait normalement occupée par un miroir dans la plupart des bars.","Le portrait occupait une place privilégiée sur le mur du bar, qui serait généralement occupée par un miroir dans la plupart des bars."
You had to be a fool to go out on the oceaneven that close to shoreon a surfboard.,"Il fallait être fou pour aller sur l'océan, même si c'était près du rivage, avec une planche de surf.","Ça fallait être un imbécile pour sortir sur l'océan, même si on était si près du rivage, sur un planche à voile."
He cut through the beach access beside his bar and headed down the boardwalk to the stairs.,Il coupa par l'accès à la plage à côté de son bar et descendit la promenade jusqu'aux escaliers.,Il traversa la plage pour accéder à son bar et se dirigea vers les marches.
"As he turned the white disk over, it broke in half in his grip, and dusty fragments spilled into the air and onto the counter.","En retournant le coquillage, ce dernier se brisa en deux dans sa main et des fragments poussiéreux se répandirent dans l'air et sur le comptoir.","Quand il retourna le disque blanc, celui-ci se brisa en deux dans son étreinte, et des fragments poussiéreux s'éparpillèrent dans l'air et sur le comptoir."
"""Not for a few hours,"" Andi pointed out, shifting anxiously next to him.","Pas avant quelques heures, souligna Andi, se déplaçant anxieusement à côté de lui.","Ça ne durera pas plusieurs heures, souligna Andi en se déplaçant anxieusement à côté de lui."
"""Better sit in the middle.",Mieux vaut s'asseoir au milieu.,Ça vaut mieux s'asseoir au milieu.
I don't know what to make of this shift in his mood.,Je ne sais pas quoi penser de ce changement d'humeur.,Je ne sais pas comment interpréter ce changement d'humeur.
"Perched on one elbow, I position my lips over the swollen head of his cock and lift my eyes to his face.","En appui sur un coude, je positionne mes lèvres sur son gland engorgé et je lève les yeux vers son visage.","Je me perche sur un coude et positionne mes lèvres sur le gland gonflé de sa queue, puis je lève les yeux vers son visage."
"""We've been spending a lot of time together, like I said, and it's been...well, it's been fucking incredible.""","Nous avons passé beaucoup de temps ensemble, comme je l'ai dit, et c'est...","Ça a été... bien, ça a été incroyable."
Especially nice to be fantasizing about Chase.,Et surtout de fantasmer sur Chase.,Ça était particulièrement agréable de fantasmer sur Chase.
"I swirl my tongue around the tip, exploring every bump and ridge, every dip and curve.","Je fais tourner ma langue autour de son gland, explorant chaque bosse et chaque crête, chaque creux et chaque courbe.","Je fais tourner ma langue autour de l'extrémité, explorant chaque bosse et chaque crête, chaque creux et chaque courbure."
And the sex had been amazing.,Et le sexe avait été extraordinaire.,Et le sexe avait été incroyable.
Too bad they couldn't have spent more time together under different circumstances.,Dommage qu'ils n'aient pas pu passer plus de temps ensemble dans d'autres circonstances.,Ça serait dommage qu'ils n'aient pas pu passer plus de temps ensemble sous des circonstances différentes.
"I can smell the citrus and sandalwood of John's shampoo, or maybe it's his deodorant, and I quietly take it into my lungs.","Je peux sentir les agrumes et le bois de santal du shampoing de John, ou peut-être est-ce l'odeur de son déodorant, et je m'en imprègne en respirant doucement.","Je sens le citron et le bois de santal du shampooing de John, ou peut-être c'est son déodorant, et je l'inhale tranquillement dans mes poumons."
"""Tell me about you and Luke at the beach.",Parle-moi de toi et de Luke à la plage.,Dis-moi de quoi tu parles avec Luke à la plage.
"He smirked. ""That he was a last fling before our marriage.",Qu'il n'était qu'une dernière aventure avant notre mariage.,Ça signifiait qu'il était un dernier coup avant notre mariage.
"Why are you giving in so easily?"" He squinted.",Pourquoi cèdes-tu si facilement ?,Pourquoi te rends si facilement ?
I find the school's directory and look through it for a ‘Patrick.',"Je trouve l'annuaire de l'école et je cherche un ""Patrick"".","Je trouve le répertoire de l'école et j'y cherche un ""Patrick""."
A fantasy.,Un fantasme.,Ça faisait partie de mes fantasmes.
He slips a hand up into my curly hair and cups the back of my skull.,Il glisse une main dans mes cheveux bouclés et attrape l'arrière de mon crâne.,Il glisse une main dans mes cheveux bouclés et prend la base de mon crâne.
"Lead the way.""",Montre-moi le chemin.,Ça te dirige.
I've never seen anyone eat like him.,Je n'ai jamais vu quelqu'un manger comme lui.,Je n'ai jamais vu quelqu'un manger comme lui.
There's a hint of a dimple.,Il a un soupçon de fossettes.,Ça laisse entrevoir un petit dimple.
"""I said stop.","J'ai dit ""stop"".","Ça, c'est ça, je te dis de te calmer."
"You've been Debby Downer for months, now.""",Tu es rabat-joie depuis des mois.,Ça fait des mois que tu es devenue la pire des pessimistes.
"""Maybe think about what you would have done in his place.",Réfléchis à ce que tu aurais fait à sa place.,Peut-être que tu devrais penser à ce que tu auras fait dans son cas.
She was naked.,Elle était nue.,Ça faisait un moment qu'elle était nue.
"""That's not what I hear,"" Nicholas murmured, looking thoughtful.","Ce n'est pas ce que j'ai entendu, murmura Nicholas, l'air pensif.","Ça n'est pas ce que je perçois, murmura Nicholas, l'air pensif."
People think it's strange until we meet up for quiz night at the pub.,Les gens trouvent ça bizarre jusqu'à ce qu'on se retrouve pour une soirée quiz au pub.,Ça semble étrange jusqu'à ce que nous nous retrouvions pour le quiz au pub.
"The brunette has wrapped her arms around his waist, and I want to scratch her eyes out.",La brune a enroulé ses bras autour de sa taille et j'ai envie de lui arracher les yeux.,La brune a enroulé ses bras autour de son torse et je veux lui crever les yeux.
"I'm smart enough not to take risks.""",Je suis assez intelligente pour ne pas prendre de risques.,Je suis assez intelligente pour ne pas prendre de risques.
I turn to see who's uttered the filthy slur.,Je me retourne pour voir qui a proféré l'immonde injure.,Je me retourne pour voir qui a prononcé ce mot sale.
"""Goodnight, G.""","Bonne nuit, G.","Bonne nuit, G."
He dabbed at the leaking ice pack again.,Il tamponna à nouveau la poche de glace qui fuyait.,Il se secoua à nouveau avec la bouteille de gel.
Chase watched it soar out over the beach.,Chase la regarda s'envoler au-dessus de la plage.,Chase la regarda s'élancer sur la plage.
"I'm gonna check the weather again, then I'll join you.","Je vais encore vérifier la météo, puis je te rejoins.","Ça fait que je vais regarder à nouveau le temps, puis je vais te rejoindre."
"""We have a problem,"" Lucas said, grabbing a thick manilla folder from his bag and tossed it on the small table in front of him.","Nous avons un problème, dit Lucas en sortant de son sac un épais dossier en papier kraft qu'il jeta sur la petite table devant lui.","Ça pose problème, dit Lucas en prenant un dossier en papier kraft et en le jetant sur la petite table devant lui."
"It starts off sweetly enough, but then, holy fuck, he's really going for it.","Ça commence doucement, mais ensuite, il y va à fond.","Ça commence assez doucement, mais puis, putain, il va vraiment à l'essai."
"""I don't like the dark.""",Je n'aime pas l'obscurité.,Je n'aime pas les ténèbres.
"He had to, as it might be his only chance, ever.","Il le fallait, car c'était peut-être sa seule chance.","Ça lui fallait, car c'était peut-être sa seule chance, jamais."
"The warmth spread over him like a summer tide and memories engulfed him, good memories of happy times.",Une chaleur se répandit en lui comme une marée d'été et les souvenirs le submergèrent de bons souvenirs des temps heureux.,"Le chaleur s'étendit sur lui comme une marée d'été et les souvenirs l'engloutirent, des souvenirs heureux de temps heureux."
"Only two more, and he'd be standing on the beachnear the water.","Plus que deux, et il serait sur la plage, près de l'eau.","Il en restait encore deux, et il serait sur la plage, près de l'eau."
"""What do you want, Franklin?""","Que veux-tu, Franklin ?","Ça va, Franklin ?"
"It was a dumb fucking move, but one that he couldn't regret, not when being with her made him happy for the first time in years.","C'était une décision stupide, mais qu'il ne pouvait pas regretter, pas quand être avec elle le rendait heureux pour la première fois depuis des années.","Ça était une gaffe, mais une qu'il ne pouvait pas regretter, pas quand être avec elle lui donnait de la joie pour la première fois depuis des années."
I wait until he meets my eyes.,J'attends qu'il croise mon regard.,Je fais attendre qu'il me rencontre le regard.
"It's like heroin, or at least how I imagine the opiate would feel hitting your bloodstream at a million decibels.","C'est comme de l'héroïne, ou du moins ce que j'imagine être la sensation de l'opiacé quand il coule dans nos veines à un million de décibels.","Ça ressemble à l'héroïne, au moins c'est ainsi que je l'imagine l'opiat qui frappe vos veines à un million de décibels."
"Hot and wet, with just the right amount of pressure to melt my brain.","Le baiser est chaud et humide, avec juste ce qu'il faut de pression pour me faire perdre la tête.","Ça faisait chaud et humide, avec la pression juste pour faire fondre mon cerveau."
"She needed a change, Andi reminded herself as she plastered a polite smile on her face and stood up only to frown when the man that had been watching her since she sat down pushed away from the wall and moved to join them.","Andi se remémora qu'elle avait besoin de changement alors qu'elle affichait un sourire poli sur ses lèvres et se levait, mais elle fronça les sourcils quand l'homme qui l'observait, depuis qu'elle s'était assise, s'écarta du mur et vint les rejoindre.","Ça lui fallait un changement, se rappela Andi en posant un sourire poli sur son visage et en se levant, mais elle fronça les sourcils lorsque l'homme qui l'avait regardée depuis qu'elle s'était assise s'éloigna du mur et se dirigea vers eux."
The sound of steel teeth parting fills the gaps between my breathless panting as he eases my zipper down.,"Le son des dents d'acier qui s'écartent remplit les intervalles entre mes halètements, tandis qu'il abaisse ma fermeture éclair.",Le bruit des dents de métal se séparant remplit les espaces entre mes soupirs et mes halétés alors qu'il abaisse ma fermeture.
"He pressed a kiss against her lips, his eyes locking with hers as he slid his arms beneath her legs and his hands found hers.","Il déposa un baiser sur ses lèvres, ses yeux s'accrochèrent aux siens, il glissa ses bras sous ses jambes et ses mains trouvèrent les siennes.","Il déposa un baiser sur ses lèvres, ses yeux s'accrochant à ceux d'Elizabeth alors qu'il glissait ses bras sous ses jambes et que ses mains trouvaient les siennes."
"She ignored him and kept walking, kicking at the sand in defiance with every step.","Elle l'ignora et continua à marcher, donnant des coups de pied dans le sable en signe de défi à chaque pas.","Elle l'ignora et continua à marcher, donnant des coups de pied au sable en signe de défi à chaque pas."
"""As long as you're careful, I would say you have until your contract is up to turn this fucking mess around, which is really fucked-up since this wasn't your mistake,"" Lucas said, ramming his fingers through his hair.","Tant que tu fais attention, je dirais que tu as jusqu'à la fin de ton contrat pour régler ce merdier ce qui est vraiment tordu puisque ce n'était pas ta faute, dit Lucas en passant ses doigts dans ses cheveux.","Ça dépend de ce que tu fais, mais tu as jusqu'à la fin de ton contrat pour faire tourner cette putain de merde, ce qui est vraiment bizarre puisque ce n'était pas ta faute, dit Lucas en passant ses doigts dans ses cheveux."
"Our thirst for learning, our drive to reach the kids under our charge.""","Notre soif d'apprendre, notre volonté de faire progresser les enfants dont nous avions la charge.","Notre soif de connaissances, notre envie de toucher les enfants sous notre charge."
"He knew these were the right words to say to comfort her, but the words did anything but ease his anxiety.","Il savait que c'était les bons mots à dire pour la réconforter, mais ces mots ne servaient qu'à rien d'autre qu'à apaiser son anxiété.","Il savait que ces mots étaient les bonnes paroles pour la consoler, mais ces mots n'étaient pas du tout capables de calmer son anxiété."
"He needed to hurry, or there would be nothing left to save.","Il devait se dépêcher, sinon il n'y aurait plus rien à sauver.","Il fallait qu'il se précipite, sinon il ne resterait plus rien à sauver."
"Look at you, so ready for me.""","Regarde-toi, si prêt à m'accueillir.","Ça te regarde, prête pour moi."
Nothing would be left after she told Chase she didn't love him.,Il ne resterait plus rien après qu'elle ait dit à Chase qu'elle ne l'aimait pas.,Ça ne resterait plus après qu'elle ait dit à Chase qu'elle ne l'aimait pas.
"""You don't do requests,"" Dyer states, frowning.","Tu ne réponds pas aux demandes, déclare Dyer en fronçant les sourcils.","Ça ne fait pas partie de ton répertoire, déclare Dyer, fronçant les sourcils."
"They'd had absolutely nothing in common, but they'd hit if off almost immediately.",Ils n'avaient rien en commun mais le courant était passé immédiatement.,"Ça leur avait bien manqué, mais ils s'étaient bien entendus presque immédiatement."
He put the flashlights in a straight line from shortest to tallest.,"Il plaça les lampes de poche en ligne droite, de la plus courte à la plus grande.",Il rangea les lampes de poche d'une manière à ce qu'elles soient alignées du plus petit au plus grand.
"""You didn't have to walk me home,"" Andi said as she came to a stop in front of a door with an Eeyore sticker above the peephole.","Vous n'étiez pas obligé de me raccompagner, dit-elle en s'arrêtant devant la porte dont le judas était orné d'un autocollant Bourriquet.","Ça n'était pas nécessaire de me faire le chemin jusqu'à chez moi, dit Andi alors qu'elle s'arrêtait devant une porte avec un sticker de Winnie l'ourson au-dessus de la serrure."
"It was love.""",C'était de l'amour.,Ça s'appelait l'amour.
"""You know I'm moving away from the ocean.",Tu sais que je vais m'éloigner de l'océan.,Ça te dit que je me déplace loin de l'océan.
"I'm sure he didn't know who he could trust.""",Je suis sûr qu'il ne savait pas à qui il pouvait faire confiance.,Ça m'a sûrement fait douter de qui je pouvais me fier.
"""Are you really going to mess us up over stupid shit?""",Tu vas vraiment nous faire tourner en bourrique pour des conneries ?,Êtes-vous vraiment prêt à nous faire du mal pour de la chienne ?
"""She doesn't have a company phone,"" Devyn pointed out.","Elle ne dispose pas de téléphone professionnel, fit remarquer Devyn.","Ça ne veut pas dire qu'elle ait un téléphone personnel, fit remarquer Devyn."
"""I want you,"" I say, which probably sounds crazy to him because we're both spent, our cocks still twitching.","J'ai envie de toi, dis-je, ce qui doit lui paraître fou parce que nous sommes tous les deux épuisés, nos bites tressautant encore.","Ça me semble fou, car nous sommes tous les deux épuisés, nos verges encore frémit."
The sun brightened and Mari shielded her eyes.,Le soleil s'était mis à briller et Mari se protégea les yeux.,Le soleil s'éclaira et Mari se couvrit les yeux.
"You zipped up right after I told you about the mermaid.""",Tu t'es tu juste après que j'ai parlé de la sirène.,Ça a été très rapide après que je t'ai parlé de la sirène.
A few drops of rain dotted her cheeks like tears.,Quelques gouttes de pluie parsemaient ses joues comme des larmes.,Quelques gouttes de pluie tachaient ses joues comme des larmes.
"I don't know if he's seen what I'd been doing online, but I figure there's no reason for me to lie, at least.","Je ne sais pas s'il a vu ce que j'ai fait en ligne, mais je me dis qu'il n'y a pas de raison que je mente, au moins.","Je ne sais pas s'il a vu ce que j'avais fait en ligne, mais je ne vois pas pourquoi je devrais mentir, du moins."
"""We'll ditch him in the fun house.""",On le sèmera dans le palais du rire.,"Ça, on le laissera dans le palais du rire."
"Here, where we vacationed as we grew up, and everywhere I look, I see him.","Ici, où nous avons passé nos vacances en grandissant, et où que je regarde, je le vois.","Ça, là où nous passions nos vacances en grandissant, et partout où je regarde, je le vois."
"His muscles twitched as she touched him, and he let out a small gasp.","Ses muscles se contractèrent lorsqu'elle le toucha, et il laissa échapper un petit halètement.","Ses muscles se contractèrent lorsqu'elle le toucha, et il expira un petit soupir."
"""Please, don't let me hurt you.""","S'il te plaît, ne me laisse pas te faire du mal.","Ça m'étonne, mais je ne veux pas te faire du mal."
"""How?"" He asks, leaning forward to place his elbows on his knees.","demande-t-il, se penchant en avant pour poser ses coudes sur ses genoux.","Ça, comment ?"
"She rubbed her arms and looked toward the door, her eyes widening.","Elle se frotta les bras et regarda vers la porte, les yeux écarquillés.","Elle se frotta les bras et regarda la porte, les yeux s'écarquillant."
The lights flickered.,Les lumières clignotèrent.,Les lumières vacillaient.
"It's not safe near shore right now, but I know the area well,"" Mesa said.","Il n'est pas prudent de s'approcher du rivage pour l'instant, mais je connais bien la région, dit Mesa.","Ça n'est pas sûr près des côtes en ce moment, mais je connais bien l'endroit, dit Mesa."
Chapter 10,Chapitre 10,Chapitre 10
"Still, only two broken windows in the whole place seemed like a miracle, given the strength of the storm.","Cependant, le fait que seules deux fenêtres aient été brisées dans toute la structure était proche du miracle, compte tenu de la force de la tempête.","Ça restait tout de même un miracle, compte tenu de la force de la tempête."
"If things were different, he would have asked her on a date or three.","Si les choses avaient été différentes, il l'aurait invitée à un ou deux rendez-vous.","Si les choses étaient différentes, il l'aurait invitée en date ou trois."
John rolls me to my stomach with an ease that surprises me.,John me fait rouler sur le ventre avec une facilité qui me surprend.,John me fait tomber sur mon ventre avec une facilité qui me surprend.
"Though we could imagine there's a Ferris wheel in Paris, we could call it the Eiffel Tower.""","On pourrait imaginer qu'il y a une grande roue à Paris, on pourrait l'appeler la Tour Eiffel.",Ça aurait pu être la Tour Eiffel.
"""I know the area you are talking about.",Je connais le coin dont tu parles.,Je connais l'endroit que tu parles.
"The words come out on a shuddering breath because John lowers his head to my skin, lips brushing over the ink.","Les mots sortent dans un souffle tremblant parce que John baisse la tête contre ma peau, ses lèvres effleurant l'encre de mon tatouage.","Les mots sortent sous la forme d'une respiration frémissante parce que John baisse la tête sur ma peau, les lèvres effleurant l'encre."
"You're not usually on Saturdays.""",Tu ne travailles pas généralement le samedi.,Ça ne te fait pas habituellement les samedis.
"When he pulled back, he rolled his hips slower, taking her with slow strokes so that he could savor every slide back inside her.","Lorsqu'il se retira, il fit rouler ses hanches plus lentement, la prenant avec des coups lents afin de pouvoir savourer chaque glissement à l'intérieur d'elle.","Quand il se retira, il fit rouler ses hanches plus lentement, la prenant avec des coups de bâtonnet lents pour pouvoir savourer chaque retour à l'intérieur d'elle."
"""You don't owe me an explanation, John.""","Tu ne me dois pas d'explications,","Tu ne m'dois pas d'explications, John."
They had nothing to gain.,Ils n'avaient rien à y gagner.,Ça ne leur apportait rien.
"I was grateful in the beginning that he'd gone out of his way not to be a distraction during my shifts, but I'm now I'm feeling a bit left out.","Au début, j'étais reconnaissant qu'il fasse tout son possible pour ne pas être une distraction pendant mes heures de travail, mais maintenant, je me sens un peu exclu.","Je suis reconnaissant au début qu'il n'ait pas été une distraction pendant mes déplacements, mais maintenant je me sens un peu à l'écart."
"Wood cracked and splinteredthough he couldn't see it, he knew the bar roof was close to stripping away, shingles probably flying everywhere.","Le bois cognait et se brisait  bien qu'il ne puisse pas le voir, il savait que le toit du bar était sur le point de s'arracher, et que les bardeaux volaient probablement dans tous les sens.","Le bois craquait et se brisait, mais il ne pouvait pas le voir, il savait que le toit du bar était sur le point de s'envoler, les tuiles volant probablement partout."
"Make sure that she takes her meds, takes it easy, and changes her bandage.""","Assure toi qu'elle prenne ses médicaments, qu'elle se ménage et qu'elle change son bandage.","Ça s'agit de s'assurer qu'elle prenne ses médicaments, qu'elle se calme et qu'elle change son pansement."
"""Get out of here, Mari,"" Chase yelled.","Sors d'ici, Mari, cria Chase.","Ça suffit, Mari, cria Chase."
And he wasn't going to get away with stalking anyone either.,Et il n'allait pas non plus s'en tirer en harcelant qui que ce,Ça ne lui permettrait pas non plus de poursuivre quelqu'un.
"I'm so open to him, so eager to receive him.","Je suis tellement ouvert à lui, tellement désireux de le recevoir.","Je suis si ouvert à lui, si désireux de le recevoir."
It's a déjà vu moment if I've ever had one.,C'est un moment de déjà-vu.,Ça ressemble à un déjà vu si j'en ai eu un.
"When I'm with someone, I want to share the good and the bad.","Quand je suis avec quelqu'un, je veux partager les bons et les mauvais moments.","Quand je suis avec quelqu'un, je veux partager le bon et le mauvais."
"""You have a lot of eighties music here,"" John observes.","Tu as beaucoup de musique des années 80, observe John.","Ça fait beaucoup de musique des années quatre-vingt, remarque John."
"I can escape with little effort.""",Je peux m'échapper sans trop d'efforts.,Ça m'échappe facilement.
"At some spots, the island was so narrow you could throw a stone from the sound side to the waves.","À certains endroits, l'île était si étroite que l'on pouvait jeter une pierre sur les vagues du rivage et elle atterrirait dans les profondeurs.","À certains endroits, l'île était si étroite que vous pouviez lancer une pierre du côté du son jusqu'aux vagues."
"""When I finish up here.",Quand j'aurai fini ici.,Quand je finirai ici.
How could her mother ever expect her to marry someone like Inna?,Comment sa mère avait-t-elle pu s'attendre à ce qu'elle épouse quelqu'un comme Inna ?,Ça aurait fallu un miracle pour que sa mère puisse s'attendre à ce qu'elle épouse quelqu'un comme Inna.
A real kiss.,Un vrai baiser.,Ça vaut vraiment un baiser.
It also got me my gig as a disc jockey.,C'est aussi ce qui m'a permis de devenir disc-jockey.,Ça m'a aussi permis d'obtenir mon poste de disc jockey.
"""No!"" came the hysterical reply that had him sighing heavily as he reached down and grabbed hold of the comforter and slowly pulled it off the woman that refused to leave the hotel.","une pointe d'hystérie dans la voix, ce qui le fit soupirer lourdement en attrapant la couette et en la retirant lentement à la femme qui refusait de quitter l'hôtel","Non ! répondit-elle hystériquement, ce qui le fit soupirer lourdement alors qu'il descendait et attrapait la couette pour la retirer lentement de la femme qui refusait de quitter l'hôtel."
The wind and rain had been scarier than she'd ever experienced.,Le vent et la pluie avaient été plus effrayants qu'ils ne lui étaient jamais apparus.,Le vent et la pluie avaient été plus effrayants qu'elle n'en avait jamais expérimenté.
He'd been there that day when she had come upon the divers.,Il était là ce jour-là quand elle avait rencontré les plongeurs.,Ça avait été ce jour-là où elle avait rencontré les plongeurs.
"""Amelia never remarried but lived on the bounty Christopher had stored and hidden on the island.",Amelia ne s'est jamais remariée mais a vécu grâce à la prime que Christopher avait stockée et cachée sur l'île.,"Amelia ne s'est jamais remariée, mais elle a vécu grâce à la provision que Christopher avait stockée et cachée sur l'île."
"""Only bloody thing they ever gave me,"" I murmur.","C'est la seule chose qu'ils m'aient jamais donnée , murmuré-je.","Ça fait un peu un cadeau, murmuré-je."
"""Tell me you didn't, please!""","Dis-moi que tu ne l'as pas fait, s'il te plaît !","Dis-moi que tu n'as pas, s'il te plaît !"
"The wind whipped by, catching the hem of his T-shirt in a flutter, exposing his firm abdomen for a too-brief moment.","Le vent soufflait en trombe, faisant voltiger l'ourlet de son tee-shirt, dévoilant son abdomen ferme pendant un trop bref instant.","Le vent passait, attrapant le bas de son tee-shirt dans un mouvement de pli, exposant son abdomen ferme pendant un instant trop court."
"You never would.""",Tu ne le ferais jamais.,Ça ne te serait jamais passé à travers l'esprit.
Then they were separatedpossibly foreverto save her life.,Puis ils ont été séparés  peut-être pour toujours  afin de lui sauver la vie.,"Ça les avait séparés, peut-être pour toujours, pour sauver sa vie."
"""I would probably quake in fear for the rest of my life at the mere mention of your name,"" Devyn said dryly as he watched her return to glaring at him as she hastily toed off her slippers and kicked them aside, determined to make sure that he was properly terrified.","Je tremblerais probablement de peur pour le reste de ma vie à la simple mention de ton nom, dit Devyn d'un ton moqueur en la regardant se remettre à le fixer du regard tandis qu'elle enlevait précipitamment ses pantoufles et les écartait d'un coup de pied, bien décidée à s'assurer qu'il était bien terrifié.","Ça me ferait probablement trembler de peur pour le reste de ma vie à la simple mention de ton nom, dit Devyn sèchement en la regardant retourner à lui avec un regard acide alors qu'elle retirait rapidement ses chaussons et les jetait de côté, déterminée à s'assurer qu'il était bien effrayé."
"It was water, nothing more.","C'était de l'eau, rien de plus.",Ça n'était qu'un peu d'eau.
"""Probably.""",Probablement.,Ça pourrait être.
"""Well, I don't think your brother would approve of you picking up and leaving the bar and everything you built here together.",Je ne pense pas que ton frère approuverait que tu prennes tes affaires et que tu quittes le bar et tout ce que vous avez construit ici ensemble.,Je ne pense pas que ton frère approuverait que tu te déplacasses et que tu quittasses le bar et tout ce que tu as construit ensemble.
"Let's start tonight.""",Commençons ce soir.,Ça commencera ce soir.
"I claim the right.""",Je revendique ce droit.,Ça me revient.
"In the new sunlight, he saw her body jerk and twitch.","Dans la nouvelle lumière du soleil, il vit son corps tressaillir et se contracter.","Dans la nouvelle lumière du soleil, il vit son corps se soulever et se contorsionner."
"She was by the ocean, making her own way, despite her mother.","Elle était au bord de l'océan, traçant son propre chemin, malgré sa mère.","Ça faisait des années qu'elle était à l'océan, qu'elle faisait ce qu'elle voulait, malgré sa mère."
"""No, I'm not because I'm not going,"" Andi said with a firm nod as Uncle Shawn placed her back on her chair as she did her best to ignore the curious stares being sent her way by the kids that never seemed to appreciate her efforts to teach them the fundamentals of advanced algebra.","Non, parce que je n'irai pas en CM1, dit Andi en hochant fermement la tête alors qu'Oncle Shawn l'asseyait sur une chaise et qu'elle faisait son possible pour ignorer les regards curieux que lui lançaient les enfants qui n'appréciaient jamais ses efforts pour leur enseigner les bases en calcul avancé.","Non, parce que je ne vais pas, répondit Andi avec un hochement de tête ferme alors que Oncle Shawn la remettait sur son fauteuil alors qu'elle faisait de son mieux pour ignorer les regards curieux des enfants qui ne semblaient jamais apprécier ses efforts pour leur enseigner les fondamentaux de l'algèbre avancée."
"Air whooshes out of my lungs and the fuzzy feeling in my head, which I hadn't even noticed, fades.","L'air s'échappe de mes poumons et la sensation de flou dans ma tête, que je n'avais même pas remarquée, s'estompe.","L'air s'échappe de mes poumons et la sensation floue dans ma tête, que je n'avais même pas remarquée, s'estompe."
"""I was thinking,"" he says, rolling to his back after we catch our breath.","J'étais en train de réfléchir, dit-il en se mettant sur le dos après que nous ayons repris notre souffle.","Ça m'a fait penser, dit-il en se retournant sur le dos après que nous ayons repris notre souffle."
"""I left the candle on the vanity, and there's a lighter beside it.""","J'ai laissé la bougie sur le meuble, et il y a un briquet à côté.",Je suis restée la bougie sur la commode et il y a une allumette à côté.
"""This way I get some time between school and the work I do for you guys at the station.""","...Comme ça, j'ai un peu de temps entre l'école et le travail que je fais pour vous à la station radio.",Ça me donne du temps entre l'école et le travail que je fais pour vous à la station.
I hope that you enjoyed reading Devyn and Andi's story as much as I enjoyed writing it.,J'espère que vous avez pris autant de plaisir à lire l'histoire de Devyn et Andi que j'ai eu à l'écrire.,Je espère que tu as apprécié lire l'histoire de Devyn et Andi autant que je l'ai apprécié d'écrire.
Your mother sent me.,C'est ta mère qui m'envoie.,Ça vient de ta mère.
Like he's been comfortable in the pool but is ready to step into the ocean.,Comme s'il était assez à l'aise dans la piscine et qu'il était prêt à aller dans l'océan.,"Ça lui a semblé confortable dans la piscine, mais il est prêt à entrer dans l'océan."
She stared at the flickering candles.,Elle fixa les bougies vacillantes.,Elle regarda les bougies qui flamboyaient.
"I feel the stinging pressure of his teeth on the hardening nub before he sits back, running his hands along my chest and abdomen.","Je sens la morsure cuisante de ses dents sur mon téton qui durcit avant qu'il ne s'assoie, passant ses mains le long de ma poitrine et de mon abdomen.","Je sens la pression de ses dents sur le bouton durci avant qu'il ne se redresse, passant ses mains sur mon torse et mon abdomen."
John leans back in his chair and takes a swig of his beer.,John s'adosse à sa chaise et boit une gorgée de sa bière.,John se penche en arrière dans son fauteuil et boit une gorgée de sa bière.
"""I thought we were more,"" he said.","Je pensais que nous étions plus que ça, dit-il.","Ça m'a semblé plus, dit-il."
She was crawling on top of him and laying her head on his chest with a soft sigh as he wrapped his arms around her and couldn't help but feel like she was exactly where she belonged.,"Elle se glissa sur lui et posa sa tête sur sa poitrine en soupirant doucement, tandis qu'il l'entourait de ses bras et ne pouvait s'empêcher de penser qu'elle était exactement à sa place.",Elle se balançait sur lui et posait sa tête sur son torse avec un soupir doux alors qu'il l'entourait de ses bras et ne pouvait s'empêcher de sentir qu'elle était exactement où elle devait être.
I have to jog to catch up.,Je dois trottiner pour le rattraper.,Je dois courir pour rattraper le temps perdu.
"If we don't hurry, we're going to get caught in the dark.""","Si on ne se dépêche pas, on va se faire surprendre par l'obscurité.","Si nous ne nous déplaçons pas rapidement, nous allons être pris au dépourvu dans l'obscurité."
Mari's tail twitched in excitement.,La queue de Mari s'agita sous l'effet de l'excitation.,La queue de Mari se balança de joie.
Were better left forgotten.,Il vaut mieux les oublier.,Êtaient mieux oubliés.
"I should've told you about Inna, but I didn't expect to see him here on the islandnot after the storm, and certainly not while I was with you.","J'aurais dû te parler d'Inna, mais je ne m'attendais pas à le voir ici sur l'île  pas après la tempête, et certainement pas pendant que j'étais avec toi. Je ne l'épouserai pas, quoi qu'il arrive.","Ça aurait dû être une bonne nouvelle pour toi, mais je n'avais pas prévu de le voir ici sur l'île, pas après la tempête, et surtout pas alors que je te suis."
"""Yeah?"" I'm logging my playlist, trying to keep my focus off our proximity to one another.","J'enregistre ma playlist, en essayant de ne pas me concentrer sur notre proximité.","Ça va ? Je note ma playlist, j'essaie de ne pas penser à notre proximité."
"By the time enough merfolk had gathered to save her, the pirate ship was gone, harbored somewhere, no doubt.","Le temps que suffisamment d'habitants des mers se rassemblent pour la sauver, le bateau pirate avait disparu, sans doute caché quelque part.","Quand assez de créatures marines s'étaient rassemblées pour la sauver, le navire pirate était déjà parti, caché quelque part, sans doute."
Did her mother know about the revenge plot?,Sa mère était-elle au courant du projet de vengeance ?,Sa mère savait-elle que c'était une vengeance ?
"""You don't know that,"" came the sadly mumbled reply that had his lips twitching.","Tu n'en sais rien, marmonnant tristement la jeune femme entre ses lèvres, ce qui le fit sourire","Ça ne t'est pas dit, répondit-elle en marmonnant tristement ce qui fit trembler ses lèvres."
"He'd never understood why Devyn didn't play the same game, probably never would, and now that he knew about Andi...","Il n'avait jamais compris pourquoi Devyn ne jouait pas le même jeu, pourquoi il ne le ferait probablement jamais, et maintenant qu'il savait pour Andi...","Ça ne l'avait jamais expliqué pourquoi Devyn ne jouait pas le même jeu, probablement jamais le ferait, et maintenant qu'il savait que c'était Andi..."
The urge to possess her thrummed through him to the point he could barely think.,L'envie de la posséder l'envahissait à tel point qu'il avait du mal à réfléchir.,L'envie de la posséder le traverse à tel point qu'il ne pouvait plus penser.
"""You should check the supply closet.""",Tu devrais vérifier le placard à fournitures.,Ça vaut le coup de vérifier le fourneau.
I'm telling you what I need.,Je te dis ce dont j'ai besoin.,"Ça, c'est ce que je veux."
Want to get to know you.,Je veux apprendre à te connaître.,Ça m'intéresse de te connaître.
His face brightens.,Son visage s'éclaire.,Son visage s'éclaire.
Why would he risk that for either of them?,Pourquoi risquerait-il cela pour l'un ou l'autre ?,Pourquoi risquerait-il ça pour l'un ou l'autre ?
Best not to think about that at all.,Mieux valait ne pas y penser.,Ça ne valait pas la peine de penser à ça.
"There are several articles about the football team, one about the debate team.","Il y a plusieurs articles sur l'équipe de football, un sur l'équipe de débat.","Il y a plusieurs articles sur l'équipe de football, un sur l'équipe de débat."
"He didn't move, his gaze fixed on the bar ceiling.","Il ne bougea pas, le regard fixé sur le plafond du bar.","Il ne bougea pas, son regard étant rivé au plafond du bar."
I spit this out like some jilted lover.,Je crache ça comme un amoureux éconduit.,Ça ressemble à ce qu'un amant délaissé aurait dit.
"I've paired it with a soft pair of black corduroys that he hasn't seen yet, but I thank him for the compliment.","Je l'ai associé à un pantalon en velours côtelé noir qu'il n'a pas encore vu, mais je le remercie pour le compliment.","Ça va avec un pantalon de velours noir que je n'a pas encore montré à son frère, mais je lui remercie pour le compliment."
"He was so sure.""",Il en était si sûr.,Ça lui était si sûr.
"To his credit, he slaps a hand over his mouth.","À sa décharge, il porte une main sur sa bouche.","À son crédit, il pose la main sur sa bouche."
Would he ever get control of the rage inside him?,Parviendra-t-il un jour à contrôler la rage qui l'habitait ?,Êtait-il jamais capable de maîtriser la colère qui le dévore ?
His stomach knotted at the doubt that swirled around him.,Son estomac se noua devant le doute qui l'envahissait.,Son estomac se noua face au doute qui l'entourait.
She should slip under and swim away.,Elle devrait se glisser sous l'eau et s'enfuir à la nage.,Ça lui fallait de se glisser sous l'eau et de nager loin.
"""Well, surely he had it painted before he died.""",Il l'a sûrement fait peindre avant de mourir.,Ça doit sûrement avoir été peint avant sa mort.
Talking about my childhood illicits foreign sensations.,Parler de mon enfance provoque des sensations étranges.,Être questionné sur mon enfance me fait ressentir des sensations étrangères.
"He wasn't sure what hurt more, his head or his ribs, but at that moment, he wished the asshole that attacked him had finished the fucking job and put him out of his misery.","Mais, à cet instant, il aurait aimé que le connard qui l'avait agressé ait fini le boulot et mette fin à ses souffrances.","Il n'était pas sûr de savoir ce qui lui faisait le plus de mal, sa tête ou ses côtes, mais à ce moment-là, il souhaitait que l'assassin qui l'avait attaqué ait fini le travail et l'ait mis fin à ses souffrances."
He tasted the zinc that his mother had insisted he put on his nose and that always melted and dribbled down into his mouth.,Il goûta la crème solaire que sa mère insistait pour qu'il mette sur son nez et qui finissait par fondre et couler dans sa bouche.,Il goûtait le zinc que sa mère lui avait imposé de mettre sur le nez et qui se fondait et coulait dans sa bouche.
She stood between him and the ocean like a lifeguard station or lighthouse.,"Elle se tenait entre lui et l'océan, comme un poste de sauvetage ou un phare.",Elle se tenait entre lui et l'océan comme une station de sauvetage ou une tour de guet.
"""Nothing is stopping you from moving the carpentry to part-time, maybe on the weekends or something.""","Rien ne t'empêche de passer la menuiserie à temps partiel, peut-être le week-end ou quelque chose comme ça.","Ça ne te fait pas obstacle de passer la menuiserie à temps partiel, peut-être les week-ends ou quelque chose comme ça."
That really would have been too much to take.,Cela aurait été vraiment trop dur à supporter.,Ça aurait été trop pour supporter.
"""No,"" he says, grabbing my hand.","Non, dit-il en m'attrapant la main.","Non, dit-il en prenant ma main."
I plaster on a smile and move away from them as he hands me a pint glass filled with a golden liquid.,J'esquisse un sourire et m'éloigne d'elles tandis qu'il me tend un verre rempli d'un liquide doré.,Je collage un sourire et m'éloigne d'eux alors qu'il me tend un verre rempli d'un liquide doré.
Chase had told her they would get through the storm togetherthat was the sweet and protective man she loved.,Chase lui avait dit qu'ils traverseraient la tempête ensemble  c'était l'homme doux et protecteur qu'elle aimait.,Chase lui avait dit qu'ils traverseraient la tempête ensemble  c'était l'homme doux et protecteur qu'elle aimait.
Mine is practically immobilized inside his grasp.,La mienne est pratiquement immobilisée dans son emprise.,Ma main est pratiquement immobilisée dans sa griffe.
"After a last look around, she flipped off the shop's main lights.","Après avoir jeté un dernier coup d'œil autour d'elle, elle éteignit les lumières principales de la boutique.","Après un dernier tour d'yeux, elle éteignit les lumières principales de la boutique."
He wanted to hold her close and listen to her laughter and share in her happiness.,"Il voulait la serrer contre lui, écouter ses rires et partager son bonheur.",Il voulait la tenir près de lui et écouter son rire et partager son bonheur.
"She stepped up into the cart, tipping it forward and setting it swaying and creaking.","Elle monta dans la cabine, la faisant basculer vers l'avant et la faisant osciller et grincer.","Elle monta dans la cabine, la faisant avancer et la faisant vaciller et craquer."
"And your mother is holding up his end of the bargain, as she should.","Et ta mère tient sa part du marché, comme il se doit.","Et ta mère tient sa part du marché, comme elle devrait le faire."
"""Did I mention that I really need to use the bathroom?"" she asked, sending the bathroom a hopeful look.",Ai-je mentionné que j'ai vraiment besoin d'aller aux toilettes ?,"Ça m'a échappé de dire que je dois vraiment aller aux toilettes, dit-elle en jetant un regard espérant vers la salle de bain."
I let you rescue him.,Je t'ai laissé le sauver.,Ça te permet de le sauver.
But he's looking at me like it's the first time.,Mais il me regarde comme si c'était la première fois.,Mais il me regarde comme s'il s'agissait de la première fois.
"I have better things to do than to waste my time worrying about what other people think.""",J'ai mieux à faire que de perdre mon temps à savoir ce que pensent les autres.,Je peux faire mieux que de perdre mon temps à me soucier de ce que pensent les autres.
The smile he gives me leaves me uncharacteristically breathless.,Le sourire qu'il m'adresse me laisse sans voix.,Le sourire qu'il m'adresse me fait perdre l'air.
"I can totally picture John Burton as a teacher, he has the personality for it.","Je peux tout à fait imaginer John Burton comme professeur, il a la personnalité qu'il faut.","Je peux totalement imaginer John Burton en professeur, il a le caractère pour ça."
"""We'll have a big party before I close for good.",Nous ferons une grande fête avant de fermer pour de bon.,Ça va être une grande fête avant que je ne ferme pour de bon.
Hurricane Giselle was nothing to fool around with.,L'ouragan Giselle n'était pas à prendre à la légère.,L'ouragan Giselle n'était pas quelque chose avec lequel on pouvait se moquer.
"Oh, that couldn't be good, she thought when she saw the puddle forming on the floor around her.","Oh, ça ne présageait rien de bon, pensa-t-elle en voyant la flaque qui se formait sur le sol autour d'elle.","Ça ne pouvait pas être bon, pensa-t-elle lorsqu'elle vit la boue se former autour d'elle."
"We can duck out for a little while, yeah?""","On peut s'éclipser un moment, d'accord ?","Ça nous permet de nous cacher pendant un peu, non ?"
"I have to make sure the bar's safe first.""",Je dois d'abord m'assurer que le bar est sécurisé.,Je dois d'abord m'assurer que le bar est en sécurité.
No more...anything.,Plus rien.,"Ça, plus rien."
"Maybe some Joy Division, a little Sigur Ros, a bit of Bilal, definitely James Blake.","Peut-être un peu de Joy Division, un peu de Sigur Ros, un peu de Bilal, certainement du James Blake.","Ça pourrait être du Joy Division, un peu de Sigur Ros, un peu de Bilal, sans aucun doute James Blake."
Want to know how those wine-stained lips of yours might taste.,Connaître le goût de tes lèvres colorées par le vin.,Ça te fait envie de savoir quel est le goût de tes lèvres tachées de vin.
"In the peace and calm of the eye of life's ever-growing hurricane, they'd found a moment.","Dans la paix et le calme de l'œil de l'ouragan de la vie, ils avaient trouvé un moment.","Dans la paix et la tranquillité du centre de l'ouragan de la vie qui grandissait sans cesse, ils avaient trouvé un moment."
"At least she had everything that she needed, Andi thought as she reached down and grabbed her iPad and the notebook that she'd been working on along with a carefully select assortment of pens that she'd helped herself to from the supply closet at work, only to realize that she'd left her phone at home.","Au moins, elle avait tout ce dont elle avait besoin, pensa Andi en se penchant pour attraper son iPad et le carnet sur lequel elle travaillait, ainsi qu'un assortiment de stylos soigneusement sélectionnés qu'elle s'était procuré dans le placard à fournitures du bureau, avant de réaliser qu'elle avait laissé son téléphone à la maison.","Ça ne faisait pas mal, pensa Andi alors qu'elle descendait pour prendre son iPad et son carnet de notes qu'elle travaillait sur, ainsi qu'une sélection de stylo qu'elle avait pris dans les stocks de fournitures à l'entreprise, avant de se rendre compte qu'elle avait laissé son téléphone à la maison."
It wasn't going to stop him from making sure that the little bastard paid for what he did to Andi.,Ça ne l'empêcherait pas de s'assurer que ce petit salaud paie pour ce qu'il a fait à Andi.,Ça ne l'empêcherait pas de s'assurer que ce petit salaud payait pour ce qu'il avait fait à Andi.
"""I'm going to run and see if I can get the fire department.",Je vais courir et voir si je peux appeler les pompiers.,Ça va falloir que je coure pour voir si je peux appeler les pompiers.
It's suddenly the most important thing in the world.,C'est soudain la chose la plus importante au monde.,Ça devient soudain la chose la plus importante du monde.
It's been a rough twenty-four hours.,Les dernières vingt-quatre heures ont été difficiles.,Ça a été une journée difficile.
"The shop was the first thing she could truly call her own, and now it was at risk.","Le magasin était la première chose qu'elle pouvait vraiment appeler la sienne, et maintenant il était en danger.","Ça était la première chose qu'elle pouvait vraiment appeler la sienne, et maintenant, elle était en danger."
She would certainly bear Chase's kids.,Elle porterait certainement les enfants de Chase.,Ça ne serait pas un problème pour elle de porter les enfants de Chase.
"""It's going to be very cold out there, Miss Dawson,"" Devyn said, watching as his favorite place on earth was slowly revealed.","Il va faire très froid dehors, Mlle Dawson, dit Devyn, en regardant son endroit préféré sur Terre se dévoiler progressivement.","Ça va être très froid dehors, Mlle Dawson, dit Devyn en regardant son endroit préféré sur la Terre être progressivement révélé."
"She drew her knees up and circled them with her arms, squeezing as tight as she could.","Elle remonta ses genoux et les entoura de ses bras, serrant aussi fort qu'elle le pouvait.","Elle fit monter ses genoux et les cerça de ses bras, pressant autant qu'elle le pouvait."
This stops me mid-chew.,Cela m'arrête en plein milieu de  ma mastication.,Ça me fait arrêter en pleine mastication.
The sea beckoned her.,La mer l‘appelait.,L'océan lui faisait signe.
"I'm shaking, held up by John, who doesn't seem to have full control over his body either.","Je tremble, soutenu par John qui, lui non plus, ne semble pas avoir le contrôle total de son corps.","Je tremble, soutenu par John, qui ne semble pas avoir le contrôle total de son corps."
My breath leaves me.,Mon souffle me quitte.,Mon souffle me quitte.
"He wasn't muscular in the same way as Chase, but thick and solid.","Il n'était pas aussi musclé que Chase, mais il était fort et massif.","Ça ne l'était pas dans le même sens que Chase, mais épais et solide."
"What I'm about to do is invasive, I know, but...","Ce que je vais faire est invasif, je le sais, mais...","Ça va être invasif, je le sais, mais..."
"""I see,"" Devyn murmured, applying the last bandage.","Je vois, murmura Devyn en appliquant le dernier bandage.","Ça va, murmura Devyn en appliquant le dernier bandage."
"""Let me talk.""",Laisse-moi parler.,Laisse-moi parler.
"""Look at the domain.",Regarde le nom de domaine.,Regarde le domaine.
"He took a deep breath, focusing on the inhale, and then the exhale.","Il inspira profondément, se concentrant sur l'inspiration, puis sur l'expiration.","Il prit une grande inspiration, se concentrant sur l'inspiration, puis sur l'expiration."
"I stretch out beside him, draw his leg up and drape it over mine.","Je m'étire à côté de lui, remonte sa jambe et la fait  passer par-dessus la mienne.","Je m'allonge à côté de lui, élève sa jambe et la passe sur la mienne."
"""They're mostly in awe of you,"" he says, his voice taking on that honeyed timber he'd had when he asked me out on this date.","Ils sont surtout en admiration devant toi, dit-il, sa voix prenant ce timbre mielleux qu'il avait lorsqu'il m'a demandé de sortir avec lui.","Ça, c'est surtout l'admiration qui les anime, dit-il, la voix prenant l'accent doux qu'elle avait lorsqu'il m'avait demandé de sortir avec lui ce soir."
"My style could be called dormitory chic, my flat furnished with a collection of mismatched pieces acquired over the life of my residency.","Mon style pourrait être qualifié de dortoir chic, mon appartement étant meublé d'une collection de pièces dépareillées acquises depuis que j'ai signé le bail.","Mon style pourrait être qualifié de chic des résidences étudiantes, mon appartement meublé avec une collection de meubles incohérents achetés au cours de ma résidence."
"""Yes, daughter.","Oui, ma fille.","Oui, fille."
"My ass, my thighs, the muscles of my back melt under John's ministrations.","Mon cul, mes cuisses, les muscles de mon dos fondent sous les doigts de John.","Mon cul, mes cuisses, les muscles de mon dos fondent sous les soins de John."
"He is so fucking beautiful, my heart hurts.","Il est si beau, putain, que j'en ai mal au cœur.",Ça fait tellement de mal à mon cœur.
"""You're gorgeous,"" John breathes, leaning forward.","Tu es magnifique, souffle John en se penchant en avant.","Ça te fait une merveille, soupire John en se penchant vers moi."
This is why I'm not cut out for relationships.,Voilà pourquoi je ne suis pas fait pour les relations.,Ça explique pourquoi je ne suis pas fait pour les relations.
"""How the hell did we miss that?""",Comment diable avons-nous pu rater ça,"Ça fait quoi, un bonnet ?"
"She began to sob gently, covering her face with her hands.","Elle se mit à sangloter doucement, se couvrant le visage de ses mains.","Elle commença à pleurer doucement, en couvrant son visage de ses mains."
If he got stranded on the island during the storm...,S'il se retrouvait bloqué sur l'île pendant la tempête...,Si il était coincé sur l'île pendant la tempête...
Not to accept that he can see me so clearly.,De ne pas accepter qu'il lise en moi si clairement.,Ça ne veut pas dire qu'il puisse me voir si clairement.
His fingers were sore and stiff from the wood's rough assault.,Ses doigts étaient endoloris et raides à cause de la rugosité du bois.,Ses doigts étaient douloureux et rigides à cause de l'assaut du bois.
"You should have been paying attention to the news.""",Tu aurais dû faire attention aux informations.,Ça aurait dû te faire attention aux nouvelles.
"""Yes,"" he bit out, watching as her lips twitched.","Oui, dit-il sèchement en regardant les lèvres de la jeune femme se contracter.","Oui, dit-il en la regardant avec ses lèvres qui se plissaient."
I laugh and shake my head.,Je ris et secoue la tête.,Je ris et secoue la tête.
"But anyway, Amelia's country sent a team to murder her and her human lover.""","Mais de toute façon, le pays d'Amelia a envoyé une équipe pour l'assassiner, elle et son amant humain.","Ça n'a pas d'importance, le pays d'Amelia a envoyé une équipe pour la tuer et son amant humain."
This open.,Aussi ouvert.,"Ça, c'est ouvert."
"What's the bad news?""",Quelle est la mauvaise nouvelle ?,Ça ne va pas ?
"The lot is crowded, but we get lucky with a spot close to the entrance.","Ce dernier est bondé, mais nous avons la chance d'avoir une place près de l'entrée.","Ça fait chaud, mais nous sommes chanceux de trouver un parking près de l'entrée."
It's also the reason why we're here.,C'est aussi la raison pour laquelle nous sommes ici.,Ça est aussi la raison pour laquelle nous sommes ici.
I thought we had a chance to make this work.,Je pensais que nous avions une chance de faire en sorte que ça marche.,Je pensais que nous avions une chance de faire marcher ça.
"""I'm not saying what he did was right, it's ten different flavors of wrong, but...""","Je ne dis pas que ce qu'il a fait est bien, le mal peut prendre plusieurs formes, mais...","Ça ne veut pas dire que ce qu'il a fait était juste, c'est dix goûts différents de faux, mais..."
"The kid is so grateful to John, it's heartwarming.",Le jeune homme est si reconnaissant envers John que cela fait chaud au cœur.,Ça fait chaud le fait que le garçon soit si reconnaissant envers John.
"The smoke billowed and curved like a dark, beastly creature and Chase blinked back tears as it stung his eyes.","La fumée ondulait et se courbait comme une créature sombre et bestiale, et Chase essuya ses larmes quand elle lui piqua les yeux.","Le fumier s'élança et courba comme une créature sombre et sauvage, et Chase se défendit contre les larmes alors qu'il lui piquait les yeux."
He could finally breathe.,Il pourrait finalement respirer.,Il pouvait enfin respirer.
A total loss for sure.,"Une perte totale, c'était sûr.",Ça n'était pas possible.
"He shouldn't have given in to his desires, and he was mad at himself.","Il n'aurait pas dû céder à ses désirs, et il s'en voulait.","Ça ne devait pas lui faire céder à ses désirs, et il s'en prenait à lui."
"""Medical bills.""",Des factures d'hôpital à payer.,Ça fait des frais médicaux.
"""You didn't answer your cell.",Tu n'as pas répondu à ton téléphone portable.,Tu n'as pas répondu à ton portable.
"""We've become family to each other.",... Nous sommes devenus une famille l'un pour l'autre.,Nous sommes devenus une famille pour nous.
People would still buy.,Les gens achèteraient quand même.,Ça ne les empêcherait pas d'acheter.
"He'd fight it, fight for her.","Il se battrait, se battrait pour elle.","Il la combattrait, il combattrait pour elle."
It was none of her business why and where he went.,Ce n'était pas ses affaires de savoir pourquoi et où il allait.,Ça ne lui concernait pas pourquoi et où il allait.
"""Burton,"" he corrects me, but his eyes are liquid.","Burton, me corrige-t-il, mais ses yeux sont liquides.","Ça s'appelle Burton, me corrige-t-il, mais ses yeux sont liquides."
"His fingers are a little calloused, though less than I would have thought for a man that worked with his hands.","Ses doigts sont un peu calleux, mais moins que je ne l'aurais cru pour un homme qui travaille avec ses mains.","Ses doigts sont un peu rugueux, mais moins que je ne l'aurais pensé pour un homme qui travaille avec ses mains."
"""She's mad at you.""",Elle est en colère contre toi.,Ça lui en veut.
"She'd sit on the bar's deck, pretending to read and watching the patrons.","Elle s'asseyait à la terrasse du bar, faisant semblant de lire et observant les clients.","Elle se posait sur le pont du bar, feignant de lire et observant les clients."
That's what hurts – so much.,C'est ce qui fait mal  tellement mal.,"Ça fait mal, tellement."
"My mood has improved dramatically since he told me he was coming, and I'm smiling already.","Mon humeur s'est considérablement améliorée depuis qu'il m'a dit qu'il venait, et je souris déjà.","Mon humeur s'est améliorée de manière spectaculaire depuis qu'il m'a dit qu'il venait, et je suis déjà en train de sourire."
"She pressed her body against his, and heat tingled in his abdomen.","Elle pressa son corps contre le sien, et sa chaleur lui picota l'abdomen.",Elle appuya son corps contre le sien et une chaleur frissonnante se répandit dans son abdomen.
"For the first time since the storm, he was glad the electricity was out.","Pour la première fois depuis l'orage, il était content que l'électricité soit coupée.","Pour la première fois depuis la tempête, il était heureux que l'électricité soit coupée."
"That all happened when she was diagnosed with myeloma, bone marrow cancer.","Tout cela est arrivé quand on lui a diagnostiqué un myélome, un cancer de la moelle osseuse.","Ça s'est passé quand elle avait été diagnostiquée de myélome, un cancer du moelle osseuse."
"""Go change those wet clothes before you catch a cold.""",Va changer ces vêtements mouillés avant d'attraper froid.,"Ça fait froid, va changer tes vêtements humides avant de prendre froid."
Check flashlight batteries?,Vérifier les piles de la lampe de poche ?,Ça fait un moment que je dois vérifier les piles de la lampe de poche.
"Surprising she could read and write, given the times.""","Il est surprenant qu'elle ait su lire et écrire, compte tenu de l'époque.","Ça était surprenant qu'elle puisse lire et écrire, compte tenu des temps."
"""So much so, that I want you to do the same thing for the rest of Carta Hotels.""",À tel point que je veux que tu fasses la même chose pour le reste des hôtels Carta.,Ça m'a tellement plu que je veux que tu fasses de même pour le reste des Hôtels Carta.
"""Better figure it out soon.""",Tu ferais mieux de t'en rendre-compte rapidement.,Ça faudrait qu'il le découvre bientôt.
We made it through the storm with minimal damage.,Nous avons traversé la tempête avec un minimum de dégâts.,Nous avons traversé la tempête avec des dégâts minimes.
"Sharing with a mate from uni, who has since moved.",Je partageais le logement avec un ami de l'université qui a déménagé depuis.,"Ça a été partagé avec un camarade d'université, qui a depuis déménagé."
Come Undone: Romance Stories Inspired by the Music of Duran Duran,Come Undone : Histoires d'amour inspirées par la musique de Duran Duran,Come Undone : des histoires romantiques inspirées par la musique de Duran Duran
And now he was planning to leave her behind and farm some dry land somewhere a million miles away.,"Et maintenant, il prévoyait de la laisser derrière lui et de cultiver une terre aride quelque part à un million de kilomètres d'ici.","Et maintenant, il avait l'intention de la laisser derrière lui et de cultiver une terre sèche quelque part à un million de kilomètres de là."
"I squirt a generous amount over my fingers and slick his cock, encouraging him to pump into my hand.","J'en verse une quantité généreuse sur mes doigts et j'enduis sa bite, l'encourageant à pomper dans ma main.","Je verse une quantité généreuse sur mes doigts et je lubrifie sa queue, l'encourageant à pomper dans ma main."
Inna might have her already.,Inna l'avait peut-être déjà attrapé.,Inna l'avait peut-être déjà.
"The first time that he'd heard her humming, he'd squeezed his eyes shut and waited for the pain to explode in his head, only to have the soft, hypnotic sound slowly lull him to sleep.","La première fois qu'il l'avait entendu, il avait fermé ses yeux et attendu que la douleur explose dans sa tête, mais ce fut le contraire.","La première fois qu'il l'avait entendu chuchoter, il avait fermé les yeux et attendu que la douleur explose dans sa tête, mais il s'était endormi lentement sous l'effet du son doux et hypnotique."
Towering clouds formed a barricade of weather that was bound to bring a lot of wind and rain to the little island.,Des nuages imposants formaient une enceinte climatique qui allait certainement apporter beaucoup de vent et de pluie sur la petite île.,Les nuages imposants formaient un barricade de météo qui devait apporter beaucoup de vent et de pluie sur la petite île.
She turned the page and found herself frowning as she went through the rest of the list and decided that perhaps she should just get started when she realized that there was a third page.,Elle décida qu'elle ferait mieux de commencer lorsqu'elle réalisa qu'il y avait une troisième page.,Elle tourna la page et se mit à froncer les sourcils en parcourant le reste de la liste et en décidant qu'elle devrait peut-être commencer quand elle réalisa qu'il y avait une troisième page.
His heart sped as he realized the potential that hung heavily in the moment.,Son cœur s'accéléra lorsqu'il réalisa le potentiel qui planait sur ce moment.,Son cœur s'accéléra lorsqu'il réalisa le potentiel qui pendait lourdement dans le moment.
"Tears flowed down Mari's cheeks, mixed with the rainfall and the seawater.","Les larmes coulaient sur les joues de Mari, se mêlant à la pluie et à l'eau de mer.","Les larmes coulèrent sur les joues de Mari, mêlées à la pluie et à l'eau de mer."
"You're foolish to try.""",C'est idiot d'essayer.,Ça te fait du mal de le tenter.
"""I want to take you somewhere you've been dying to go.",Je veux te faire plaisir et t'emmener dans un endroit où tu meurs d'envie d'aller.,Je veux te mener où tu as envie de t'y rendre.
"He's been eye-fucking me since the moment he walked in the door, and I'm finding it harder and harder to resist him with every pull from my glass.","Il me fait de l'œil depuis qu'il a franchi la porte, et j'ai de plus en plus de mal à lui résister à chaque fois que je bois un verre.","Ça fait déjà des années qu'il me regarde comme ça, et je trouve de plus en plus difficile de le résister avec chaque verre que je bois."
"""The only room I can stand to be in, really, is my bedroom.""","La seule pièce que je peux supporter, c'est ma chambre à coucher.",Ça fait que je peux supporter être dans ma chambre.
She owes me and she knows it.,Elle me doit quelque chose et elle le sait.,Ça lui doit et elle le sait.
His expression is sober.,Son expression est sérieuse.,Son expression est simple.
Though the hostage thing might work.,Bien que la prise d'otage semblât être une bonne idée.,Ça pourrait fonctionner.
"His eyes lock on the place where our bodies join, his expression positively feral.","Ses yeux se fixent sur l'endroit où nos corps se rejoignent, son expression est positivement féroce.","Son regard se fixe sur le point où nos corps se rejoignent, son expression est positivement sauvage."
"Hopefully, the repair wouldn't delay closing on the bar's sale.","Avec un peu de chance, la réparation ne retarderait pas la conclusion de la vente du bar.",Espérons que les réparations ne retarderont pas la vente du bar.
"He didn't know how long they sat on the couch holding each other, but it felt like forever.","Il ne savait pas combien de temps ils étaient restés assis sur le canapé à se serrer l'un contre l'autre, mais cela lui a semblé une éternité.","Il ignorait combien de temps ils avaient passé assis sur le canapé, s'étreignant, mais cela semblait durer pour toujours."
He had to be at work in a few hours.,Il devait être au travail dans quelques heures.,Il devait être au travail dans quelques heures.
"He rubbed his arm, trying to stop the itching that suddenly overtook his skin.","Il se frotta le bras, essayant d'arrêter les démangeaisons qui envahissaient soudain sa peau.","Il se frotta le bras, essayant d'arrêter l'envie de gratter qui s'emparait brusquement de sa peau."
"I hadn't even known he'd been paying attention, since he'd been distracted then too.","Je ne savais même pas qu'il était attentif, puisqu'il avait été distrait à ce moment-là aussi.","Ça ne m'avait même pas fait attention, car il était aussi distrait à ce moment-là."
It was honestly the perfect job for her.,"Pour être honnête, c'était le travail idéal pour elle.",Ça était vraiment le travail parfait pour elle.
He stumbled across the room and put his palms against the wooden door.,Il traversa la pièce en titubant et posa ses paumes contre la porte en bois.,Il s'échappa dans la pièce et posa ses paumes contre la porte en bois.
"She'd worked hard making the Mermaid's Purse a success, and it wasn't fair that her work was threatened both by a hurricane and by Chase's demonsat the same time.","Elle avait travaillé dur pour faire de la Bourse de la Sirène un succès, et il n'était pas juste que son travail soit menacé à la fois par un ouragan et par les démons de Chase, en même temps.","Ça ne faisait pas de bonne affaire qu'elle ait travaillé dur pour faire du succès de la Coquille de la Sirène, et qu'elle soit menacée à la fois par un ouragan et par les démons de Chase."
"""Sorry, I wasn't thinking.","Désolé, je n'ai pas réfléchi.","Je suis désolé, je ne pensais pas."
"He nibbled at her earlobe, his hot breath sending shivers down her torso and into her legs.","Il lui mordilla le lobe de l'oreille, son souffle chaud faisant frissonner sa poitrine et ses jambes.","Il mordilla son pavillon, son souffle chaud lui donnant des frissons le long de son torse et dans ses jambes."
"By diver man's family.""",Par la famille du plongeur.,Ça vient de la famille du plongeur.
"I feel his body jolt beneath mine, muscles going rigid.","Je sens son corps tressaillir sous le mien, ses muscles se raidissent.","Je sens son corps se tordre sous le mien, ses muscles se rigidifier."
"""And I'm sure that there was a good reason why you didn't contact my office,"" Devyn said, moving to return his attention to the woman that hadn't been happy when she'd discovered that he'd planned on doing this audit in person.","Et je suis sûr qu'il y a une bonne raison pour laquelle vous n'avez pas contacté mon bureau, dit Devyn, reportant son attention sur la femme qui n'avait pas été heureuse d'apprendre qu'il avait prévu de faire cet audit en personne.","Ça m'a certainement semblé que tu avais une bonne raison de ne pas m'avoir contacté, dit Devyn en reportant son attention sur la femme qui n'avait pas été heureuse de découvrir qu'il avait prévu de faire cet audit en personne."
He'd showered and his damp hair stood in spikes.,Il s'était douché et ses cheveux humides se dressaient en épis.,Il s'était baigné et ses cheveux étaient humides et dressés.
"This is my kingdom, my domain.","C'est mon royaume, mon domaine.","Ça fait partie de mon royaume, de mon domaine."
"Maybe you can reach me.""",Tu pourras peut-être m'atteindre.,Ça pourrait être possible.
"""When she finally shows up, tell her that Devyn MacGregor, CEO of Carta Hotels, is here to do an inspection,"" Devyn said evenly.","Lorsqu'elle se présentera enfin, dites-lui que Devyn MacGregor, PDG des Hôtels Carta, est ici pour une inspection, dit Devyn d'un ton calme.","Quand elle arrivera enfin, dis-lui que Devyn MacGregor, PDG des Hôtels Carta, est là pour faire une inspection, dit Devyn d'une voix calme."
"""I wish we could've evacuated.""",J'aurai aimé qu'on évacue.,Ça aurait été mieux si nous avions pu évacuer.
"As in, people actually have some.","En fait, les gens ont des attentes, tout simplement.",Ça veut dire qu'ils en ont.
"I follow him back to the booth, where I'd been in the middle of setting up my next block of songs.","Je le suis jusqu'au studio, où j'étais en train d'installer mon prochain bloc de chansons.","Je le suis jusqu'à la cabine, où j'étais en train de mettre en place le prochain bloc de chansons."
"This time, I can't stop the shiver that races down my spine.","Cette fois, je ne peux pas arrêter le frisson qui me parcourt l'échine.",Ça ne peut pas m'empêcher de fréter à cause du frisson qui descend le long de ma colonne vertébrale.
"""Practice like this?""",S'entraîner comme ça ?,Ça s'entraîne comme ça ?
"She moaned, then tipped her head back to give him access, her tongue tangling with his larger one.","Elle gémit, puis bascula sa tête en arrière pour lui donner un accès total, sa langue s'emmêlant avec celle plus imposante de Chase.","Elle gémit, puis pencha la tête en arrière pour lui donner accès, sa langue se tanglant avec la sienne plus grande."
"His ears are turning red, and his hands flutter a bit when he reaches for the pita bread.",Ses oreilles rougissent et ses mains s'agitent un peu lorsqu'il attrape le pain pita.,Ses oreilles sont rouges et ses mains tremblent un peu lorsqu'il attrape le pain pita.
"His name is Inna.""",Il s'appelle Inna.,Ça s'appelle Inna.
"""This must have cost a fortune,"" I tell him, pouring another glass.","Cela a dû coûter une fortune, lui dis-je en me versant un autre verre.","Ça doit avoir coûté une fortune, lui dis-je en remplissant un autre verre."
He's a good teacher.,C'est un bon professeur.,Ça fait un bon professeur.
She leaned over the railing and pretended to look at the dune.,Elle se pencha sur la balustrade et fit semblant de regarder la dune.,Elle se pencha sur la rambarde et simula de regarder la dune.
"The puppies were adorable,"" Andi said with a solemn nod, making him chuckle as she handed the chocolate bar over to him so that she could grab the notebook that he wasn't allowed to touch after he'd made the mistake of marking a page by folding a corner so that he could come back to it later.","Les chiots étaient adorables, déclara Andi avec un hochement de tête solennel, le faisant rire alors qu'elle lui tendait la barre de chocolat afin de pouvoir saisir le carnet qu'il n'avait pas le droit de toucher après avoir commis l'erreur de marquer une page en pliant un coin pour pouvoir y revenir plus tard.","Ça faisait rire Andi, qui lui tendit le barreau de chocolat pour qu'elle puisse s'emparer du carnet qu'il ne devait pas toucher après qu'il eut commis l'erreur de marquer une page en pliant un coin pour qu'il puisse y revenir plus tard."
Wouldn't that make leaving much easier for him?,Cela ne rendrait-il pas son départ plus facile ?,Ça ne faciliterait-il pas son départ ?
"Her face didn't hide the pain in her heart, the pain he hadn't noticed before.","Son visage ne cachait pas la douleur au fond de son cœur, une douleur qu'il n'avait pas remarquée auparavant.","Son visage ne cachait pas la douleur dans son cœur, la douleur qu'il n'avait pas remarquée auparavant."
"""Before the transfer finished coming through, they attempted to authorize a transfer, but the authorization for the transfer came into question and our accounting department flagged it.""","Avant que le transfert ne soit terminé, ils ont tenté d'autoriser un transfert, mais l'autorisation a été remise en question et notre service comptable l'a signalé.","Avant que le transfert ne soit terminé, ils ont tenté d'autoriser un transfert, mais l'autorisation du transfert a été remise en question et notre service comptabilité l'a signalé."
"A few drops of water from the structure over them rained down at the motion and she ducked her head, laughing.",Quelques gouttes d'eau provenant de la structure qui les surplombait tombèrent à cause du mouvement et elle baissa la tête en riant.,"Quelques gouttes d'eau de la structure sur eux tombèrent à la moindre vibration et elle baissa la tête, riant."
"""We...don't really talk.""",Nous... ne nous parlons pas vraiment.,Ça... nous... nous ne parlons pas vraiment.
I get out and jog around the car to grab his hands.,Je sors et contourne la voiture pour lui prendre les mains.,Je sort et cours autour de la voiture pour attraper ses mains.
And it isn't something I've ever shared with anyone else.,Et ce n'est pas un secret que je n'ai jamais partagé avec quelqu'un d'autre.,Ça n'est pas quelque chose que j'ai jamais partagé avec quelqu'un d'autre.
Her head swam and she struggled to keep herself under control.,Sa tête s'était mise à tourner et elle luttait pour garder le contrôle.,Son tête tournait et elle lutta pour se maintenir en contrôle.
"My cock bobs eagerly between us, and John's perks up to say hello.","Ma bite oscille entre nous avec impatience, et celle de John se réveille pour dire bonjour.","Mon coche se balade entre nous, et celui de John se redresse pour saluer."
And I mean he really listens as the singer promises not to let him drown in whatever is troubling him.,"Et, par-là, j'entends qu'il écoute vraiment, car le chanteur lui promet de ne pas le laisser se noyer dans ce qui le trouble.",Ça veut dire qu'il écoute vraiment quand la chanteuse promet de ne pas le laisser noyer par ce qui le trouble.
"His back is to me, shoulders scrunched up to his ears.","Il me tourne le dos, les épaules haussées jusqu'aux oreilles.","Son dos est tourné vers moi, ses épaules sont recroquevillées jusqu'à ses oreilles."
A fucking hurricane was outside his window and he was thinking about getting laid?,Un putain d'ouragan était derrière sa fenêtre et il pensait à s'envoyer en l'air,Ça faisait un putain de ouragan dehors sa fenêtre et il pensait à se faire baiser ?
"He needed to stay focused, he kept reminding himself as he lay there, staring up at the ceiling as he thought about everything that was at stake, the list of hotels that they still needed to take a closer look at, and going over everything he had to do today, anything to stop thinking about the woman in the other room.","Il devait rester concentré, ne cessait-il de se rappeler alors qu'il était allongé, fixant le plafond en pensant à tout ce qui était en jeu, à la liste des hôtels qu'ils devaient encore examiner de plus près, et en passant en revue tout ce qu'il devait faire aujourd'hui, tout était bon pour cesser de penser à la femme dans l'autre pièce.","Il devait rester concentré, se disait-il en étant allongé là, regardant le plafond en pensant à tout ce qui était en jeu, à la liste des hôtels qu'ils devaient encore examiner de plus près, et en repassant en tête tout ce qu'il avait à faire aujourd'hui, pour ne pas penser à la femme dans l'autre pièce."
"""Tell my mother I'll be home soon.",Dis à ma mère que je serai bientôt à la maison.,Dis à ma mère que je reviendrai bientôt.
He'd managed to negotiate a contract that benefitted them both.,Il avait réussi à négocier un contrat qui convenait aux deux parties.,Il avait réussi à négocier un contrat qui leur était avantageux.
"But I'm sure...""",Mais je suis sûr...,Je suis sûr...
"""But you came for another reason.""","Mais, tu es venue pour une autre raison.",Mais tu es venu pour une autre raison.
"Grinning, I queue up Coldplay's Always in My Head.","En souriant, je mets en file d'attente Always in My Head de Coldplay.","Je me souviens de ce que je voulais dire, et je mets en file d'attente Always in My Head de Coldplay."
"""He's here,"" Dyer's voice trails off.","Il est là, dit Dyer d'une voix étouffée.","Ça arrive, dit la voix de Dyer."
"""Only when I talk to you,"" she said, blinking up at him before following that up with, ""What did you do for Christmas?""","Seulement quand je te parle, dit-elle, clignant des cils avant de poursuivre :","Ça ne se passe que quand je te parle, dit-elle en clignant des yeux avant de continuer :"
I know he'll leave marks on my skin.,Je sais qu'il laissera des marques sur ma peau.,Je sais qu'il laissera des traces sur ma peau.
Anything you fucking want!,"Tout ce que tu veux, putain !","Ça, tu veux !"
"I always have these harebrained schemes that seem like great ideas...at the time.""",J'ai toujours ces projets farfelus qui semblent être de bonnes idées... sur le moment.,Ça m'arrive toujours de me mettre des idées dans la tête qui semblent être des bonnes idées... à l'époque.
"But there isn't much of a demand for them anymore.""",Mais il n'y a plus beaucoup d'offres pour ce métier.,Ça n'y a plus beaucoup de demande.
He and the unpowered wheel were both broken by storms.,Lui et la roue sans moteur avaient tous deux étés brisés par les tempêtes.,Ça avait été brisé par les tempêtes.
They'd be lucky to have power by morning if the storm held true to predictions.,Ils auront de la chance d'avoir de l'électricité le matin si la tempête se maintient.,Ça leur serait bien chanceux d'avoir de l'électricité le matin si la tempête se conformait aux prévisions.
"But with John, I want the circle of his strong arms around me.","Mais avec John, je veux le cercle de ses bras forts autour de moi.","Mais avec John, je veux que le cercle de ses bras puissants m'entoure."
It's the first genuine laugh I've had all week.,C'est le premier vrai rire que j'ai eu de toute la semaine.,Ça est le premier vrai rire que j'ai eu cette semaine.
"I know she'd take me up on any offer I made her, and she knows I know.","Je sais qu'elle accepterait n'importe quelle offre que je lui ferai, et elle sait que je le sais.","Ça me dit qu'elle accepterait tout ce que je lui proposerais, et elle sait que je le sais."
"""Sorry you're stuck spending the night with me.""","Désolée que tu sois coincé ici, obligé de passer la nuit avec moi.",Ça fait pitié que tu sois obligé de passer la nuit avec moi.
"Might be the last hot meal you get for a while.""",C'est peut-être le dernier repas chaud que tu auras avant longtemps.,Ça pourrait être la dernière repas chaud que tu auras pendant un certain temps.
"""Is that a hint of jealousy I see?""",Est-ce une pointe de jalousie que je sens ?,Ça sent un soupçon de jalousie ?
I suck the tip of his index finger into my mouth and run my tongue over it.,J'aspire le bout de son index dans ma bouche et passe ma langue dessus.,Je suce le bout de son index dans ma bouche et je le traîne avec ma langue.
A little pain would divert the fear in his gut.,Un peu de douleur détournerait la peur qui le tenaillait.,Ça lui donnerait un peu de douleur pour détourner la peur qui se trouvait dans son estomac.
"One of his denim-clad legs is folded beneath him, the other stretched toward me.","L'une de ses jambes vêtue de denim est repliée sous lui, l'autre tendue vers moi.","Un de ses jambes en denim est pliée sous lui, l'autre s'étend vers moi."
You'd think I'd never been touched before.,On pourrait croire que je n'ai jamais été touché auparavant.,Ça ferait croire que je n'avais jamais été touché.
"She met his tongue with her own, wishing to tell him everything she'd kept secret from him.","Elle rencontra sa langue avec la sienne, souhaitant lui dire tout ce qu'elle avait gardé secret.","Elle rencontra sa langue avec la sienne, souhaitant lui dire tout ce qu'elle avait gardé secrète."
"""I know plenty about you,"" he assured her as he swiped to the next email.","Je sais beaucoup de choses sur vous, lui assura-t-il alors qu'il passait à l'e-mail suivant.","Ça m'est bien connu, lui dit-elle en passant à l'e-mail suivant."
"""I need to get back,"" John says, abruptly.","Je dois rentrer, dit John brusquement.","Je dois rentrer, dit John, soudain."
As always.,Comme toujours,Ça reste toujours le cas.
"""Yes,"" Andi murmured, snuggling in closer until he took the hint and carefully wrapped his arm around her and pulled her closer.","Oui, murmura Andi, se blottissant plus près jusqu'à ce qu'il comprenne l'allusion et l'entoure soigneusement de son bras pour l'attirer plus près de lui.","Oui, murmura Andi, se rapprochant de lui jusqu'à ce qu'il prenne le bâton et qu'il l'entoure de son bras et la rapproche."
"It's been weeks.""",Ça fait des semaines.,Ça fait des semaines.
Nothing he'd like better than to lay her down and make love to her again and again.,Rien ne lui plairait plus que de l'allonger et de lui faire l'amour encore et encore.,"Ça lui plairait mieux que tout de l'allonger et de faire l'amour avec elle, encore et encore."
"""As long as the surge doesn't get too much bigger than they predict, we'll be okay.","Tant que l'onde de tempête n'est pas plus forte que ce qu'ils prévoient, tout ira bien.",Ça ne sera pas grave tant que le tsunami ne sera pas trop grand que ce qu'ils prévoyaient.
"I can tell, just listening to him, how much teaching there meant to John.","Je peux dire, rien qu'en l'écoutant, à quel point l'enseignement a compté pour John.","Ça me dit, en l'écoutant, à quel point l'enseignement a compté pour John."
"""So, about dinner...""","Alors, à propos du dîner...",Ça fait donc pour le dîner...
Flames licked at the pre-dawn sky and heat radiated from the structure.,Les flammes léchaient le ciel d'avant l'aube et la chaleur irradiait de la structure.,Les flammes léchaient le ciel avant l'aube et la chaleur s'échappait de la structure.
"She'd never been through a tornado, if that's what it was, and she never wanted to experience it again.","Elle n'avait jamais traversé de tornade, si c'était bien de cela qu'il s'agissait, et elle ne voulait plus jamais en faire l'expérience.","Ça n'était pas un tornade, si c'était ça, et elle ne voulait pas l'expérimenter à nouveau."
"Once she and Chase were married, of course, and his mom was her mother-in-law.","Une fois qu'elle et Chase seraient mariés, bien sûr, et que sa mère serait sa belle-mère.","Ça allait changer une fois qu'ils seraient mariés, bien sûr, et sa mère serait sa belle-mère."
"As long as you know it isn't accurate.""",Tant que tu sais que ce n'est pas vrai.,Ça ne te dérange pas tant que tu saches qu'il n'est pas exact.
I'm not ever marrying you.,Je ne me marierai jamais avec toi.,Je ne te marierai jamais.
"""Do you want me to stop, or do you want more?"" I'm pressing in, even as I ask the question.",Tu veux que je m'arrête ou tu veux plus ?,"Ça me faut-il, ou veux-tu plus ?"
"Nodding absently, Andi returned her attention to the bear and-","Hochant la tête distraitement, Andi reporta son attention sur l'ours et...","Hochant la tête distraitement, Andi reporta son attention sur l'ours et..."
"""I'm taking you to dinner, Miss Dawson,"" Devyn said, smiling as he slowly brushed his lips against hers one last time before he stood up as she sent a panicked gaze at the window and-","Je vous emmène dîner, Mlle Dawson, dit Devyn en souriant et en effleurant lentement ses lèvres une dernière fois avant de se lever, alors qu'elle jetait un regard paniqué vers la fenêtre et...","Ça va être un dîner, Mlle Dawson, dit Devyn en souriant alors qu'il faisait lentement glisser ses lèvres contre les siennes une dernière fois avant de se lever alors qu'elle envoyait un regard paniqué à la fenêtre et..."
"""It's been called that for as long as I remember.""",On l'appelle ainsi depuis aussi longtemps que je m'en souvienne.,Ça s'appelle ainsi depuis que je me souviens.
"His expression is so open, so vulnerable, and it brushes up against a tender spot near my heart.","Son expression est si ouverte, si vulnérable, et elle effleure un point sensible près de mon cœur.","Son expression est si ouverte, si vulnérable, et elle touche à un point tendre près de mon cœur."
Kill me now.,Tuez-moi sur le champ !,Ça me tue maintenant.
"He was still incredibly handsome, Andi thought as she debated pointing out that he should be back in bed.","Il était toujours très beau, se dit Andi tout en se demandant si elle devait lui dire de retourner au lit.","Ça ne l'avait pas rendu moins beau, pensa Andi alors qu'elle hésitait à lui dire qu'il devrait retourner au lit."
"""You're a child of the eighties, aren't you?""","Tu es un enfant des années quatre-vingt, n'est-ce pas ?","Ça fait un enfant des années 80, n'est-ce pas ?"
"He blamed himself for Luke's death, and the passage of time hadn't lessened his feelings in the least.","Il se sentait responsable de la mort de Luke, et le temps qui passait n'avait en rien atténué ses sentiments.","Il se blâmait pour la mort de Luke, et le temps n'avait pas atténué ses sentiments."
"After what happened with Luke, then the mess with Kelly.","Après ce qui s'est passé avec Luke, puis avec Kelly",Ça faisait déjà un moment qu'il n'avait plus de relations avec une femme.
"I'm a little peeved at the orphaned butterfly that flutters in my stomach when I see his photo on my screen, shirtless and glistening by the pool.","Je suis un peu fâché par le papillon solitaire qui palpite dans mon estomac quand je vois sa photo sur mon écran, torse nu et luisant au bord de la piscine.","Ça me dérange un peu le papillon orphelin qui flotte dans mon estomac lorsque je vois sa photo sur mon écran, sans chemise et brillant autour de la piscine."
"Then, they'd bring those skills back to North Carolina and run a bar and, with the proceeds, eventually open a diving school for civilians.","Ensuite, ils ramèneraient leurs compétences en Caroline du Nord, tiendraient un bar et, avec les bénéfices, ouvriraient éventuellement une école de plongée pour les civils.","Ça leur permettrait de revenir en Caroline du Nord et d'ouvrir un bar, et avec les bénéfices, d'ouvrir une école de plongée pour les civils."
"I feel myself opening already, anticipating him.","Je me sens déjà en train de m'ouvrir, je l'attends.","Je me sens déjà ouvrir, l'anticipant."
Anthologies:,Anthologies :,Anthologies :
"At least, for now.",Du moins pour l'instant,"Ça dit, pour l'instant."
"John was right when he said the man was handsome, but he doesn't hold a candle to my brawny lad.","John avait raison quand il a dit que l'homme était beau, mais il n'arrive pas à la cheville de mon mec musclé.","John avait raison quand il disait que l'homme était beau, mais il n'est pas aussi beau que mon garçon."
"She ran her gaze from the small bandage covering the cut on his temple that was probably going to leave a small scar down to the dark bruise that ran from his temple to his jaw, absently noting that it was beginning to fade.","Elle promena son regard sur lui, allant du bandage qui recouvrait sa coupure à la tempe et qui allait sûrement laisser une cicatrice, à l'ecchymose sombre qui courait de sa tempe à sa mâchoire.","Elle balaya son regard du petit bandage recouvrant la blessure sur son front qui allait probablement laisser une petite cicatrice jusqu'à la grosse bruise qui courait de son front à sa mâchoire, sans se soucier qu'elle commençait à s'évanouir."
"""Maybe a few shingleshard to tell.""","Peut-être quelques bardeaux, c'est difficile à dire.",Ça pourrait être un peu difficile à dire.
"Then again, none of this made any sense.","En même temps, rien de tout ceci n'avait aucun sens.",Ça n'avait pas de sens.
"I think it's the one thing I was put on this earth to do.""",Je pense que c'est la seule chose pour laquelle j'ai été mis sur cette terre.,Ça est la seule chose pour laquelle j'ai été mis sur cette terre.
"""You're gorgeous, successful, grounded...""","Tu es magnifique, tu as du succès, tu as les pieds sur terre...","Tu es magnifique, réussie, terre à terre..."
And then I'm out like a spent match.,Et puis je m'éteins comme une allumette usée.,"Et puis, je suis comme une allumette éteinte."
"I'm not in love with him, but I still love him.","Je ne suis pas amoureux de lui, mais je l'aime toujours.","Je ne suis pas amoureux de lui, mais je l'aime encore."
He's a jolly sort. A kind of Sicilian Santa Claus.,Une sorte de Père Noël sicilien.,Ça fait rire.
"I'll stay a few days and visit, as long as my shop is still fine.","Je resterai quelques jours pour visiter, tant que mon magasin va bien.","Je resterai quelques jours et visiterai, tant que mon magasin sera en bon état."
"""I'm cautiously optimistic,"" he hedged, taking a sip of apple juice as he pulled his phone back out of his pocket.","Je suis prudemment optimiste, nuança-t-il avant de prendre une gorgée de jus de pomme et de reprendre son téléphone.","Ça fait que je suis optimiste avec précaution, dit-il en buvant une gorgée de jus de pomme tout en sortant son téléphone de sa poche."
They almost reached the beach stairs when he stopped.,Ils avaient presque atteint les escaliers de la plage lorsqu'il s'arrêta.,"Ça ne les avait presque pas emmenés à la plage, mais il s'arrêta."
"When Devyn only glared, Lucas said, ""That's why.""","Comme Devyn se contenta de lui jeter un regard noir, Lucas dit : ""Voilà pourquoi.""","Ça, c'est pourquoi."
"It hasn't been that long.""",Ça ne fait pas si longtemps.,Ça n'a pas été si long.
What the hell would he think if he found her talking to a naked man?,Que penserait-il s'il la surprenait en train de parler à un homme nu ?,Ça lui ferait quoi si il la trouvait en train de parler à un homme nu ?
"For a moment, he considered trying to make his way back to his room so that he could pass back out on his bed, but the thought of soaking in a hot bath sounded really fucking good at the moment.","Pendant un instant, il envisagea l'idée de retourner dans sa chambre et de s'évanouir encore une fois dans son lit, mais l'idée d'un bon bain chaud était tout aussi tentante à cet instant.","Pour un moment, il envisagea de tenter de retourner dans sa chambre pour s'endormir sur son lit, mais l'idée de se baigner dans une baignoire chaude lui semblait vraiment très bonne en ce moment."
They spring out of my head in Medusa spirals that I pretend to control in the morning.,Elles jaillissent de ma tête en spirales comme Méduse que je fais semblant de contrôler le matin.,Ça sort de ma tête en spirales de Méduse que je me fais croire que je contrôle le matin.
"""Let's simply say your father made a bet and lost.",Disons simplement que ton père a fait un pari et qu'il a perdu.,On pourrait dire que ton père a fait un pari et a perdu.
"Tied up, or of his own free will.","Attaché, ou de son plein gré.",Être attaché ou de son propre gré.
The woman who'd pledged her life to me.,La femme qui m'avait juré de m'aimer toute ma vie.,La femme qui avait promis sa vie à mon service.
Every fiber of his heart wanted to reach in and claim those lips.,Toutes les fibres de son cœur voulaient s'approcher et s'emparer de ces lèvres.,Tous les fibres de son cœur voulaient s'enfoncer et revendiquer ces lèvres.
"""Neither of us knew what we were doing.""",Aucun de nous ne savait ce qu'il faisait.,Ça ne nous avait pas dit quoi faire.
"Something is really eating at the man, and I wish I knew him well enough for me to be able to ask.","Quelque chose le ronge vraiment, et j'aimerais le connaître assez pour pouvoir le lui demander.","Ça lui fait vraiment mal, et je souhaiterais le connaître suffisamment pour pouvoir lui poser la question."
"""Please don't make this more difficult than it already is.""","S'il te plaît, ne rends pas les choses plus difficiles qu'elles ne le sont déjà.",Ne rends pas plus difficile la situation que ce qu'elle est déjà.
"""Do I have a choice?""",Ai-je le choix ?,Êtes-tu obligé ?
"""I'll tell you about that oil portrait hanging over the bar.",Je vais te parler de cette peinture à l'huile accrochée au-dessus du bar.,Ça m'a fait penser à ce portrait en huile qui pend au-dessus du bar.
"He'd led her on, knowing he couldn't give her what she really needed.",Il avait couché avec elle sachant qu'il ne pouvait pas lui donner ce dont elle avait vraiment besoin.,"Il l'avait menée à croire qu'il pouvait lui donner ce qu'elle voulait, alors qu'il savait qu'il ne pouvait pas lui donner ce qu'elle vraiment avait besoin."
"He's smiling, despite the uncertainty in his eyes.","Il sourit, malgré l'incertitude dans ses yeux.","Il sourit, malgré l'incertitude dans ses yeux."
It occurs to me that it's been over a month since I got laid.,Je me rends compte que cela fait plus d'un mois que je ne me suis pas envoyé en l'air.,Ça me vient à l'esprit que c'est plus d'un mois que je ne suis pas allé à la chasse.
"""Did you step on any glass?""",As-tu marché sur du verre ?,Êtes-vous tombé sur du verre ?
"Are you going to leave me here and run away?""",Qu'est-ce que tu vas faire ? Tu vas me laisser ici et t'enfuir ?,Êtes-vous venu me laisser ici et te fuir ?
Chase took a bite of his sandwich then set it down.,Chase croqua une bouchée de son sandwich puis le reposa.,"Chase prit une bouchée de son sandwich, puis le posa."
"I know she's doing what she thinks is best.""",Je sais qu'elle fait ce qu'elle pense être le mieux.,Je sais qu'elle fait ce qu'elle croit être le meilleur.
"In a split second, she threw her arms around his neck and craned to kiss him, giving him a peck beneath his chin.","En une fraction de seconde, elle lui passa les bras autour du cou et se pencha pour l'embrasser, lui faisant un petit bisou sous le menton.","En un clin d'œil, elle l'entoura de ses bras et se pencha pour l'embrasser, lui donnant un baiser sous son menton."
He liked falling asleep with her in his arms more than he should.,"Il aimait, beaucoup plus qu'il ne devait, s'endormir avec elle dans ses bras.",Il aimait mieux s'endormir avec elle dans ses bras que ne le devrait.
"Better grab a candle or two.""",Je ferais mieux de prendre une ou deux bougies.,Ça me faut mieux prendre une bougie ou deux.
"The mentholated cream soothed his skin as he rubbed, though he was careful not to lather near the cut.","La crème mentholée apaisa sa peau lorsqu'il frotta, bien qu'il fît attention à ne pas faire mousser la crème près de la coupure.","Le crème mentholée apaisait sa peau lorsqu'il la frottait, mais il s'abstenait de lather à proximité de la coupure."
"""This is no time to be afraid of the ocean.",Ce n'est pas le moment d'avoir peur de l'océan.,Ça ne fait pas de bon moment d'être peureux à l'égard de l'océan.
"When the backs of his knees hit it, I release him, and he tumbles down.","Lorsque l'arrière de ses genoux le touche, je le libère et il se tomber.","Quand les genoux me frappent, je le lâche et il tombe."
"The crash of waves onto the sand echoed against the dunes, and the darkened skeletal remains of the pier jagged from the water.","Le fracas des vagues sur le sable résonnait contre les dunes, et les vestiges squelettiques de la jetée se détachaient de l'eau.","Les vagues s'écrasaient sur le sable, et leurs échos retentissaient contre les dunes, tandis que les restes squelettiques sombres de la jetée se brisaient dans l'eau."
"""What do you think?"" Andi asked as she waited for Drew, her twin brother, best friend, and the man that she was counting on to tell her that she wasn't making a mistake to say something.","demanda Andi en attendant que Drew, son frère jumeau, son meilleur ami et l'homme sur qui elle comptait pour lui dire qu'elle n'était pas en train de commettre une erreur, dise quelque chose.","Ça te plaît ? demanda Andi en attendant Drew, son frère jumeau, son meilleur ami et l'homme qu'elle comptait pour lui dire qu'elle ne commettait pas d'erreur en disant quelque chose."
"No one would have ever put bets on finding a buyer that fast.""",Personne n'aurait jamais parié sur le fait de trouver un acheteur aussi rapidement.,Personne n'aurait jamais parié pour trouver un acheteur aussi vite.
Like Inna said.,Comme l'avait dit Inna.,Ça ressemble à ce que Inna a dit.
"Sniffing my shirt, maybe?","Il renifle mon t-shirt, peut-être ?","Ça pourrait être le cas, peut-être ?"
I've never seen it before.,Je ne l'avais jamais vue auparavant.,Ça m'a jamais été demandé auparavant.
"""He'll see me if I move it.",Il me verra si je la bouge.,Ça le fera voir s'il me déplace.
"""You called me your date.""",Tu as dit que j'étais ton rendez-vous.,"Ça veut dire que tu m'as appelé ton ""date""."
"Now that the storm brought them back to reality, she could sense him tightening again with worry.","Maintenant que la tempête les ramenait à la réalité, elle sentait qu'il se crispait à nouveau d'inquiétude.","Maintenant que la tempête les avait rappelés à la réalité, elle pouvait sentir qu'il se resserrait à nouveau à cause de l'inquiétude."
"""You like him.""",Tu l'aimes bien.,Ça te plaît.
"He knew that he was taking a chance by spending the last month on the road, but he didn't have a choice.","Il savait qu'il prenait un risque en passant le dernier mois sur la route, mais il n'avait pas le choix.","Il savait qu'il prenait un risque en passant le dernier mois sur la route, mais il n'avait pas d'autre choix."
"That couldn't be good, Andi thought even as she followed the mystery man that commandeered her interview, curious to see where this was going.","Ça ne présageait rien de bon, pensa Andi même si elle suivait l'homme mystérieux qui la convoquait pour un entretien afin de voir où tout ça la menait.","Ça ne pouvait pas être bon, pensa Andi alors qu'elle suivait l'homme mystérieux qui dirigeait son entretien, curieuse de voir où ça allait."
"She kept her face buried in the couch, her ass high in the air.","Elle gardait le visage enfoui dans le canapé, les fesses en l'air.","Elle garda son visage enfoui dans le canapé, son cul en l'air."
I say this to John when he gives me his mood for the night.,C'est ce que je dis à John lorsqu'il me fait part de son humeur du soir.,"Ça, je le dis à John lorsqu'il m'annonce son humeur pour la nuit."
Damn the bad memories and damn his chivalry.,Au diable les mauvais souvenirs et au diable sa galanterie.,Ça fait mal aux mauvais souvenirs et ça fait mal à sa chevalerie.
"Biting back a disappointed sigh, Andi reluctantly stood up and followed him to the door, hoping that he'd change his mind.","Réprimant un soupir de déception, Andi se leva à contrecœur et le suivit jusqu'à la porte, espérant qu'il changerait d'avis.","S'efforçant de ne pas pousser un soupir de déception, Andi se leva et le suivit jusqu'à la porte, espérant qu'il changerait d'avis."
"She leaned against him, his body damp with sweat and warm.","Elle s'appuya contre lui, son corps humide de sueur et chaud.","Elle s'appuya contre lui, son corps étant trempé de sueur et chaud."
"""Not me, my, uh, niece.","Pas moi, ma, euh... nièce.","Ça ne m'intéresse pas, c'est ma, uh, nièce."
"He tried to back up, but he slid, his feet not gaining any traction on the shifting mess.","Il essaya de reculer, mais il glissa, ses pieds n'ayant aucune prise sur le sable mouvant.","Il essaya de reculer, mais il glissa, ses pieds ne trouvant aucune adhérence sur le désordre en mouvement."
"If only she knew how to ease his grief about his brotherthen, she might be able to get his attention on other things, like living.","Si seulement elle savait comment soulager son chagrin à propos de son frère, elle pourrait alors attirer son attention sur d'autres choses, comme vivre.","Si elle savait comment soulager sa tristesse pour son frère, elle pourrait peut-être attirer son attention sur d'autres choses, comme la vie."
But she was old enough and independent enough to do this on her own.,Mais elle était assez âgée et indépendante pour le faire toute seule.,Ça faisait assez longtemps qu'elle était assez âgée et assez indépendante pour faire ça seule.
"""John, please, oh please, tell me you've had sex in the last eight years.""","John, s'il te plaît, oh s'il te plaît, dis-moi que tu as fait l'amour au cours des huit dernières années.","John, s'il te plaît, oh s'il te plaît, dis-moi que tu as eu des rapports sexuels dans les huit dernières années."
Focus on the ropes and climbing.,Elle se concentra sur les cordes et sur l'escalade.,Focaliser sur les cordes et l'escalade.
"""I'm glad you did,"" I admit, still shaky.","Je suis content que tu l'aies fait, admets-je, encore tremblant.","Ça m'a plu, je l'admets, encore tremblant."
"It also didn't hurt that she was always early, worked hard, never bitched or complained when he asked her to do something, didn't bother kissing his ass, and, of course, he hadn't found her curled up in the fetal position underneath her desk yet.","À ça, il fallait rajouter qu'elle arrivait toujours tôt, travaillait dur, ne se plaignait jamais quand il lui demandait de faire quelque chose, elle ne lui léchait pas les bottes, et bien sûr, il ne l'avait pas trouvé en position fœtale sous son bureau pour l'instant.","Ça ne faisait pas non plus de mal qu'elle soit toujours en retard, qu'elle travaillait dur, qu'elle ne se plaindrait jamais quand il lui demandait de faire quelque chose, qu'elle ne se fatiguait pas à embrasser son cul, et, bien sûr, il n'avait pas encore trouvé sa petite amie en position fœtale sous son bureau."
"Still don't, but it's thick and silky as the pads of my fingers slide along the waves.","Je ne le sais toujours pas, mais ils sont épais et soyeux lorsque la pulpe de mes doigts glisse dans ses cheveux ondulés.","Ça n'est pas encore le cas, mais il est épais et silky lorsque mes doigts glissent sur les vagues."
"He'd offered to put this deal on hold until after she had the twins, but she'd been determined to see this thing through to the end and-","Il lui avait proposé de mettre cette affaire en suspens jusqu'à ce qu'elle ait accouché des jumeaux, mais elle était déterminée à aller jusqu'au bout et...","Il avait proposé de mettre ce contrat en attente jusqu'à ce qu'elle ait accouché des jumeaux, mais elle avait été déterminée à voir ce projet jusqu'au bout et..."
"Silence stretches on between us, and I feel vindicated.",Le silence s'étire entre nous et je me sens validé.,Le silence s'étend entre nous et je me sens justifié.
"""Chase will be back soon.",Chase sera bientôt de retour.,Chase reviendra bientôt.
The bar was covered with lit candles and Mari was whistling some unknown song and twirling around.,Le bar était couvert de bougies allumées et Mari sifflait une chanson inconnue en tournant sur elle-même.,Le bar était recouvert de bougies allumées et Mari s'entretint à chanter une chanson inconnue et à se balancer.
"""Yes, when he left her, she was carrying his child.""","Oui, quand il l'a quittée, elle portait son enfant.","Oui, quand il l'a quittée, elle était enceinte de son enfant."
"It probably wouldn't have been so bad if she'd been allowed to focus on one thing at a time, but apparently, that wasn't an option.","Elle s'en serait probablement sortie s'il lui avait permis de se concentrer sur une seule tâche à la fois, mais apparemment, c'était impossible.","Ça n'aurait pas été si mauvais s'il lui avait été permis de se concentrer sur une chose à la fois, mais apparemment, c'était impossible."
It wasn't too late.,Il n'était pas trop tard.,Ça n'était pas trop tard.
That should be enough water.,Il devrait y avoir assez d'eau.,Ça devrait suffire.
"""I...it's just so wrong not having you with me,"" he groans.","Je... ça fait tellement mal de ne pas t'avoir avec moi, gémit-il.","Ça... c'est tellement faux de ne pas avoir de toi avec moi, gémit-il."
"""Let me get you a towel,"" he said in his forced calm and hopefully nice voice.","Je vais te chercher une serviette, dit-il de sa voix calme et, espérait-il, agréable.","Ça me fait peur, disait-il dans son calme forcé et espérant qu'il ne soit pas trop rude."
"""I know, I'm too awesome to be single forever.""","Je sais, je suis trop génial pour rester célibataire toute ma vie.","Ça me dit, je suis trop cool pour être célibataire à jamais."
Clearly his body and mind weren't on the same page.,"Manifestement, son corps et son esprit n'étaient pas sur la même longueur d'onde.",Ça faisait clairement que son corps et son esprit n'étaient pas sur la même longueur d'onde.
"If Chase left, she'd have to marry Inna, or run away and live in a hidden cove somewhere her tribe couldn't find her.","Si Chase partait, elle devrait épouser Inna, ou s'enfuir et vivre dans une crique cachée, quelque part où sa famille ne pourrait pas la trouver.","Si Chase partait, elle devrait épouser Inna, ou s'enfuir et vivre dans une baie cachée où son peuple ne la trouverait pas."
Twitter: @kerryadrienne,Twitter : @kerryadrienne,Twitter : @kerryadrienne
"When she'd come to shore, she'd left behind everything she'd ever known to make it on her own and sometimes the weight of that choice caused her a pang of indecision.","Lorsqu'elle était arrivée sur la terre ferme, elle avait laissé derrière elle tout ce qu'elle avait connu pour se débrouiller seule et, parfois, le poids de ce choix lui causait un sentiment de doute.","Quand elle était arrivée à terre, elle avait laissé derrière elle tout ce qu'elle avait connu pour se faire une place et parfois le poids de cette choix lui donnait des doutes."
"I know this fun house.""",Je connais ce palais du rire.,Je connais ce palais du rire.
Andi Dawson.,Andi Dawson,Andi Dawson.
"Too many to count, and yet not enough to satisfy.","Trop pour les compter, et pourtant pas assez pour les satisfaire.","Ça fait trop pour être compté, et pourtant pas assez pour être satisfait."
And arranged marriages aren't always a bad thing.,Et les mariages arrangés ne sont pas toujours une mauvaise chose.,Les mariages arrangés ne sont pas toujours mauvais.
"When she came out of the bathroom, she scanned the empty bar.","En sortant de la salle de bains, elle balaya du regard le bar vide.","Quand elle sortit de la salle de bain, elle balaya le bar vide."
"Since he'd been standing at the railing, clouds had filled most of the sky over the ocean and crept toward the shore.","Depuis qu'il se tenait à la balustrade, les nuages avaient envahi la majeure partie du ciel au-dessus de l'océan et s'étaient rapprochés du rivage.","Depuis qu'il était debout contre la balustrade, les nuages avaient rempli la majeure partie du ciel sur l'océan et avançaient vers la côte."
"She peeked to see what he was doing, and he held his hands up and wiggled his fingers.","Elle jeta un coup d'œil pour voir ce qu'il faisait, et il leva les mains et remua les doigts.","Elle jeta un coup d'œil pour voir ce qu'il faisait, et il lève les mains et balança les doigts."
"I moan, and suck, and lick, and nibble, and give John Burton's cock every bit of pleasure I can dream up.","Je gémis, je suce, je lèche, je mordille et je donne à la queue de John Burton tout le plaisir que je peux imaginer.","Je gémis, suce, lèche, mâche et donne à la queue de John Burton tout le plaisir que je peux imaginer."
"""Come on, Chase, it'll be a nice break from being cooped up in here.""","Viens, Chase, ce sera une bonne pause après avoir été enfermés ici.",Ça va être une bonne pause de ne pas être enfermé ici.
"My patience with you is...gone.""",Ma patience en ce qui te concerne est... épuisée.,Mon patience avec toi est...disparue.
The merpeople were incensed at Amelia's departure and hunted down the ship.,Les habitants des mers étaient furieux du départ d'Amelia et avaient pris le bateau en chasse.,Les habitants des mers étaient en colère à cause du départ d'Amelia et poursuivaient le navire.
"God, he wasn't ready for it to end yet.","Bon sang, il n'était pas encore prêt à ce que ça se termine.",Ça lui faisait peur qu'il se termine déjà.
"Right now, family isn't one of the positives.""","En ce moment, ma famille ne fait pas partie des choses positives.",Ça ne fait pas partie des positifs pour l'instant.
"""My shop will be a complete loss.",Mon magasin est totalement foutu.,Ma boutique sera un total perdu.
"""I wasn't planning on going,"" Devyn said, knowing better than to waste any time on bullshit, not when he only had four months to clean this mess.","Je n'avais pas prévu d'y aller, dit Devyn qui avait mieux à faire que de perdre son temps dans ces bêtises alors qu'il n'avait que quatre mois pour tout arranger.","Ça ne m'intéressait pas, répondit Devyn, connaissant trop bien qu'il ne fallait pas perdre de temps sur des choses inutiles, pas quand il avait seulement quatre mois pour nettoyer ce désordre."
"A small, tight eye meant a strong, well-organized storm.",Un oeil de cyclone de petite taille était synonyme d'une tempête forte et rigoureuse.,Un petit œil noir indiquait une forte et bien organisée tempête.
This has been a sore spot for us ever since the beginning.,"Depuis le début, c'est un point sensible entre nous.",Ça a été un point sensible pour nous dès le début.
What kind of relationship would that be?,Quel genre de relation cela serait-il ?,"Ça serait quoi, un genre de relation ?"
"Right now, I watch John float back to earth.","Pour l'instant, je regarde John revenir sur terre.",Ça fait maintenant un moment que je regarde John revenir à la terre ferme.
Desperately.,Désespérément.,Desperément.
"I prefer to remain anonymous online.""",Je préfère rester anonyme en ligne.,Je préfère rester anonyme en ligne.
"Overbearing, sometimes.","Trop autoritaire, parfois.",Ça peut être un peu surprotecteur parfois.
"You've mentioned it a few times.""",Tu l'as mentionné plusieurs fois.,Ça a été mentionné à plusieurs reprises.
"John looks over my head, and the scent of falafel fills my nose as the waiter reaches around me and sets our lunch orders on the table.",John regarde par-dessus ma tête et l'odeur des falafels m'emplit le nez lorsque le serveur me contourne et dépose nos commandes sur la table.,"John regarde au-dessus de mon tête, et le parfum de falafel remplit mon nez alors que le serveur passe autour de moi et pose nos commandes de déjeuner sur la table."
Plenty of stuff in the kitchen.,Il y a plein de choses dans la cuisine.,Ça y avait beaucoup de choses dans la cuisine.
She had to make sure that wouldn't happen.,Elle devait s'assurer que cela n'arriverait pas.,Elle devait s'assurer que ça ne se produirait pas.
"At first, he thought it was some kind of sick joke played on him when he was drunk, and he'd tried to scrub it off, thinking it might be ink pen.","Au début, il avait cru qu'il s'agissait d'une mauvaise blague qu'on lui avait faite lorsqu'il était ivre, et il avait essayé de l'effacer en pensant qu'il s'agissait peut-être d'encre de stylo.","À première vue, il avait pensé qu'il s'agissait d'un gag malencontreux joué sur lui lorsqu'il était ivre, et il avait essayé de l'effacer, pensant qu'il s'agissait d'un stylo à encre."
"He really got into the Artic Monkeys.""",Il a vraiment aimé les Arctic Monkeys.,Ça l'a vraiment fait plonger dans les chansons des Artic Monkeys.
"She wanted to memorize his every move, capture every touch and preserve the moments when they came together as one.","Elle voulait mémoriser chacun de ses mouvements, capturer chaque contact et immortaliser les moments où ils ne faisaient qu'un.","Elle voulait mémoriser chaque mouvement de son corps, capturer chaque contact et préserver les moments où ils se sont unis en un seul être."
He couldn't let her get him more upset.,Il ne pouvait pas la laisser l'énerver davantage.,Il ne pouvait pas la laisser se mettre plus en colère.
"""I'm not ready yet,"" she said.","Je ne suis pas encore prête, dit-elle.","Ça ne me plaît pas, dit-elle."
"Not really caring how it got there, Andi grabbed her bag and-","Sans se soucier de la façon dont il était arrivé là, Andi l'attrapa et...","Ça ne l'intéressait pas de savoir comment elle s'était retrouvée là, Andi saisit son sac et..."
"I've only turned on two of the lamps in my living room, and the walls merely glow softly around us.","Je n'ai allumé que deux des lampes de mon salon, et les murs se contentent de diffuser une douce lueur autour de nous.","Je n'ai allumé que deux lampes dans mon salon, et les murs luminescent doucement autour de nous."
I'm only half-serious.,Je ne suis qu'à moitié sérieux.,Ça ne fait que moitié de sérieux.
"She scampered after him, her flip-flops squeaking on the floor as she tried to run through the mirrored maze without tripping or falling or knocking over mirrors.","Elle lui emboita le pas, ses tongs crissant sur le sol alors qu'elle essayait de courir à travers le labyrinthe de miroirs sans trébucher, tomber ou renverser les miroirs.","Elle le suivit, ses claquettes craquaient sur le sol alors qu'elle essayait de courir sans tomber, sans se tromper, sans casser les miroirs."
"""Music speaks to me,"" I find myself saying.","La musique me parle, me trouvé-je à dire.","Ça me parle, dis-je."
Nicki takes a sudden interest in the papers on her desk.,Nicki s'intéresse soudain aux papiers posés sur son bureau.,Nicki s'intéresse brusquement aux papiers sur son bureau.
"""That's better, now drink this.""","C'est mieux, maintenant bois ça.","Ça va mieux, bois ça maintenant."
"""I don't think I've heard it,"" John admits.","Je ne pense pas l'avoir entendu, admet John.","Ça ne m'a pas été dit, avoue John."
"So far, the only thing that they knew was that whoever was behind it had access, which meant that every member of the board and several high-ranking executives at the company was a suspect.","Jusqu'à présent, la seule chose qu'ils savaient, c'était que la personne qui était derrière tout ça avait un accès à la gestion des Hôtels Carta, ce qui signifiait que tous les membres du conseil d'administration et plusieurs cadres supérieurs de l'entreprise étaient suspects.","Ça ne leur avait donné aucune piste, sauf qu'il avait accès aux données, ce qui signifiait que tous les membres du conseil d'administration et plusieurs cadres supérieurs de la société étaient suspects."
"""I don't know,"" he yelled.","Je ne sais pas, cria-t-il.","Ça ne me dit rien, hurla-t-il."
Chapter 19,Chapitre 19,19e chapitre
But she knew what she didn't want.,"Mais, elle savait ce dont elle ne voulait pas.",Ça lui donnait une idée de ce qu'elle ne voulait pas.
"I'll tell you about the painting later.""",Je te parlerai du tableau plus tard.,Je te parlerai plus tard de la peinture.
"There's nothing here for you anymore.""",Il n'y a plus rien ici pour toi.,Ça ne t'appartient plus.
"""Nothing changed, except maybe my ability to deny the truth.","Rien n'a changé, sauf peut-être ma capacité à nier la vérité.","Ça n'a pas changé, à part peut-être ma capacité à nier la vérité."
"The water, cool for September, pushed and pulled at her until she was over waist deep.","L'eau, fraîche pour un mois de septembre, la poussait et la tirait jusqu'à ce qu'elle ait dépassé sa taille.","L'eau, fraîche pour septembre, la poussait et la tirait jusqu'à ce qu'elle soit au-dessus de la taille."
"The moon is nearly full, waxing or waning I don't know, but it's bright.","La lune est presque pleine, je ne sais pas si elle est croissante ou décroissante, mais elle est brillante.","La lune est presque pleine, je ne sais pas si elle est en croissance ou en décroissance, mais elle est très claire."
"When the wet heat of John's mouth surrounds me for the first time, I know that I'm going to embarrass myself.","Lorsque la chaleur humide de la bouche de John m'entoure pour la première fois, je sais que je vais me ridiculiser.","Quand la chaleur humide de la bouche de John m'entoure pour la première fois, je sais que je vais me faire honte."
"He must have figured out where we went.""",Il a dû comprendre où on était allés.,Ça doit lui avoir été clair où nous étions allés.
"""I promise I won't let anything happen to you.""",Je te promets que je ne laisserai rien t'arriver.,Je promets de ne rien laisser arriver à toi.
And I'm a little tongue-tied when he leans down and leaves a soft kiss on my cheek before he sits in the chair across from me.,Et je reste muet lorsqu'il se penche et dépose un doux baiser sur ma joue avant de s'asseoir sur la chaise en face de moi.,Ça me fait un peu perdre la parole lorsqu'il se penche et dépose un baiser doux sur ma joue avant de s'asseoir sur le fauteuil en face de moi.
He'd be on a boat. On the water.,Il serait sur un bateau.,Ça veut dire qu'il serait sur un bateau. Sur l'eau.
"""I'll see you before I leave tomorrow.""","On se verra demain, avant mon départ.",Je te verrai avant de partir demain.
"His other arm boasted some type of navy diver tattoo, faded and smudged.","Son autre bras arborait une sorte de tatouage de plongeur de la Marine, délavé et abîmé.","Son autre bras portait un tatouage de plongeur de la marine, effacé et taché."
"""We have more important things to discuss,"" Devyn said with a pointed look at the files in his hands as he placed them on the coffee table.","Nous avons des choses plus importantes à discuter, déclara Devyn avec un regard appuyé sur les dossiers entre ses mains alors qu'il les posait sur la table basse.","Ça nous occupe moins que d'autres choses, dit Devyn en jetant un regard sur les dossiers qu'il posa sur la table basse."
"We can clean tomorrow.""",Nous pourrons nettoyer demain.,On peut nettoyer demain.
Old-time pirates scared her.,Les pirates d'antan lui faisaient peur.,Les pirates du passé la faisaient peur.
"Maybe this wouldn't be so bad, Andi tried telling herself as she glanced back at the door to find Uncle Shawn standing there, shooting her a wink and a reassuring smile that was supposed to make this better.","Peut-être que ça ne sera pas si mal, se dit Andi alors qu'elle jetait un œil à l'embrasure de la porte où se tenait Oncle Shawn, lui lançant un clin d'œil et un sourire rassurant censés rendre les choses plus agréables.","Ça ne serait peut-être pas si mauvais, essaya de lui dire Andi en jetant un coup d'œil à la porte pour voir que son oncle Shawn s'y tenait, lui faisant un signe de tête et un sourire réconfortant qui devait rendre les choses meilleures."
"I stare up at John's sad, popcorn ceiling until I drift off into an exhausted, dreamless sleep.",Je fixe le triste plafond en crépi de John jusqu'à ce que je sombre dans un sommeil épuisant et sans rêve.,Je regarde le plafond en carton-papier de John qui me fait triste jusqu'à ce que je me détende et que je me mette à dormir.
"Before I realize what I've done, my hands are on his shoulders.","Avant que je ne réalise ce que j'ai fait, mes mains sont sur ses épaules.","Avant que je ne m'en rende compte, mes mains sont sur ses épaules."
"""Yeah, maybe, but the whole arranged marriage thing sounds a little crazy.","Oui, peut-être, mais cette histoire de mariage arrangé me semble un peu folle.","Ça pourrait être possible, mais l'idée d'un mariage arrangé semble un peu folle."
If he knew her fantasies.,Si seulement il connaissait ses fantasmes.,Si il connaissait ses fantasmes.
"She keeps every door open, as if inviting partygoers to slip away and indulge in whatever they might fancy.","Elle laisse toutes les portes ouvertes, comme si elle invitait les fêtards à s'éclipser et à se laisser aller à leurs envies.","Elle laisse toutes les portes ouvertes, comme si elle invitait les convives à s'échapper et à se laisser aller à ce qu'ils auraient envie."
"""Did you come out before you moved here or after?""",As-tu fait ton coming out avant d'emménager ici ou après ?,Êtes-vous sorti avant de déménager ici ou après ?
"When I run a slick fingertip around his hole, he loses the battle, surging up and into the back of my throat.","Lorsque je passe le bout d'un doigt luisant sur le pourtour de son anus, il perd la bataille, s'arc-boutant  et s'enfonçant au fond de ma gorge.","Quand je fais tourner un doigt humide autour de son trou, il perd la bataille, se soulevant et se jetant dans le fond de ma gorge."
"""Remember, this is a story.",N'oublie pas que c'est une histoire.,Ça fait partie de l'histoire.
As far-fetched as the story the merfolk told?,Était-elle aussi farfelue que l'histoire racontée par le peuple des mers ?,Être aussi improbable que l'histoire racontée par les habitants des mers ?
"""And no rule says we have to meet up for lunch.""",Et aucune règle ne dit que nous devons nous retrouver pour déjeuner.,Ça ne dit pas que nous devons se rencontrer pour le déjeuner.
"""I know it's a tattoo, silly mermaid.","Je sais que c'est un tatouage, stupide sirène.","Ça est un tatouage, ma sotte sirène."
"And had given me the sweetest, softest kiss.",Et il m'avait donné le plus doux des baisers.,Ça lui avait donné le plus doux et le plus doux baiser.
"Relieved that this was finally over, Devyn reached for his pen and-","Soulagé d'en finir, Devyn saisit son stylo et...","Relié que ça enfin était fini, Devyn s'approcha de son stylo et..."
"For the most part, the scene is still.","La plupart du temps, la scène est immobile.",Ça reste le plus souvent immobile.
He rubbed his arms to silence the tingling she'd caused.,Il se frotta les bras pour faire taire les picotements qu'elle avait provoqués.,Il se frotta les bras pour calmer le frisson qu'elle lui avait causé.
"When she hesitated, he looked up and met her gaze as he said, ""Please,"" and found herself lying down as she noted the pained expression in his beautiful eyes.","Lorsqu'elle hésita, il leva les yeux et croisa son regard en disant : ""S'il te plaît"", et elle se retrouva allongée en remarquant l'expression de douleur dans ses beaux yeux.","Quand elle hésita, il leva les yeux et rencontra son regard en disant ""S'il te plaît"", et se retrouva allongée alors qu'elle remarquait l'expression de douleur dans ses beaux yeux."
"I'm nearing six feet, but John Burton's got a good five inches on me, at least.","J'approche le mètre quatre-vingt-dix, mais John Burton fait au moins cinq centimètres de plus que moi.","Je suis à la portée de six pieds, mais John Burton a au moins cinq centimètres de plus que moi."
"""Let's enjoy this evening together, okay?","Profitons de cette soirée ensemble, d'accord ?","Ça fait plaisir de passer ce soir ensemble, n'est-ce pas ?"
"As long as it's been, I'm still sad when I think about him.","Malgré tout le temps passé, je suis toujours triste quand je pense à lui.","Ça fait déjà longtemps, mais je suis toujours triste quand je pense à lui."
As if she didn't already have enough problems.,Comme si elle n'avait pas déjà assez de problèmes.,Ça faisait comme si elle n'avait pas déjà assez de problèmes.
"I sit up, feeling like I've been hit by a cement lorry.","Je me redresse, avec l'impression d'avoir été renversé par un camion benne.","Je me redresse, me sentant comme si j'avais été frappé par une camionnette de béton."
"""You owe me more of an explanation.""",Tu me dois plus d'explications.,Ça me faut plus d'explications.
"It's slow and sweet and almost makes me miss my next cue, but I wouldn't have stopped the kiss if he hadn't pulled away.","C'est lent et doux, me faisant presque rater la chanson suivante à préparer, mais je n'aurai pas arrêté le baiser s'il ne s'était pas éloigné.","Ça est lent et doux et presque me fait manquer mon prochain coup, mais je n'aurais pas arrêté le baiser s'il n'avait pas cessé."
"""Make no mistake, if you run, I will chase you.","Ne te méprends pas, si tu t'enfuis, je te poursuivrai.","Ne te trompes pas, si tu te débats, je te poursuivrai."
He grabbed her hand and half dragged her as he took off running.,Il lui prit la main et la traîna à moitié pendant qu'il se mettait à courir.,Il lui attrapa la main et la traîna un peu tout en s'envolant.
"For most of her life, she'd felt lost, but when she was in Devyn's arms, she felt like she was exactly where she was supposed to be and that scared her.","Pendant la majeure partie de sa vie, elle s'était sentie perdue, mais lorsqu'elle était dans les bras de Devyn, elle avait l'impression d'être exactement là où elle devait être et ça l'effrayait.","Pour la majeure partie de sa vie, elle s'était sentie perdue, mais quand elle était dans les bras de Devyn, elle avait l'impression d'être exactement où elle devait être, et cela la terrifiait."
"""John,"" I say after I set up the first block of songs for the night.",dis-je après avoir lancé le premier bloc de chansons de la soirée.,"John, dis-je après avoir mis en place le premier lot de chansons pour la soirée."
"Like, when his parents announced they were getting divorced.",Comme lorsque ses parents ont annoncé qu'ils divorçaient.,"Ça ressemblait à ça, quand ses parents avaient annoncé qu'ils divorçaient."
I set the paper aside and look at the bottle of lube.,Je mets le papier de côté et regarde la bouteille de lubrifiant.,Je dépose le papier et regarde le flacon de lubrifiant.
I need to steer us toward safer ground.,J'ai besoin de nous diriger vers un terrain plus sûr.,Je dois nous diriger vers un terrain plus sûr.
"You'll get a formal letter asking you to vacate, but I thought I'd stop in and tell you personally.","Tu recevras une lettre officielle te demandant de quitter les lieux, mais j'ai pensé que c'était mieux de passer te le dire personnellement.","Ça te parviendra par lettre formelle, mais je pensais que je te le dirais personnellement."
"""They fell in love.""",Ils sont tombés amoureux.,Ça a fait qu'ils se sont tombés amoureux.
"""It's not exactly appropriate for a restaurant,"" Andi mumbled sadly, because she would actually love to go to dinner with him.","Ce n'est pas vraiment approprié pour un restaurant, marmonna Andi avec tristesse, parce qu'elle aurait vraiment aimé aller dîner avec lui.","Ça n'est pas vraiment approprié pour un restaurant, marmonna Andi avec tristesse, car elle aurait vraiment aimé dîner avec lui."
The deck railing creaked as he grasped it.,La rambarde du pont grinça lorsqu'il la saisit.,La rambarde du pont craqua lorsqu'il la saisit.
"""He's the guy that's made you so happy, your entire body language has changed.",C'est lui qui t'a rendu si heureux que ton langage corporel a changé.,"Ça fait que tu es si heureux, ton langage corporel a totalement changé."
"What's wrong with my couch?""",Qu'est-ce qui ne va pas avec mon canapé ?,Ça va pas avec mon canapé ?
John is handling this much better than I am.,John gère cela beaucoup mieux que moi.,John gère cette situation beaucoup mieux que moi.
"They settle on my hips, and he squeezes hard.",Elles se posent sur mes hanches et il serre fort.,Ça se pose sur mes hanches et il me presse fort.
She pushed her hair over her shoulders and headed to the beach walkway so she could see the pier up close and inspect the damage.,Elle repoussa ses cheveux sur ses épaules et se dirigea vers la promenade de la plage afin de voir la jetée de plus près et d'inspecter les dégâts.,Elle repoussa ses cheveux sur ses épaules et se dirigea vers la promenade de la plage pour pouvoir voir la jetée de près et inspecter les dégâts.
"Even when you're not being real, there's still a truth behind everything you do and say.""","Même quand tu te caches, il y a toujours une vérité derrière tout ce que tu fais et dis.","même quand tu n'es pas vrai, il y a toujours une vérité derrière tout ce que tu fais et dis."
"I'd give it to him, I'm sure, regardless.","Je le lui donnerais, j'en suis sûr, peu importe ce que c'est.","Ça lui arriverait, je suis sûr, même sans ça."
"He turned away, sure that his cheeks had flamed at the sight.","Il se détourna, certain que ses joues s'étaient enflammées à cette vue.","Il se détourna, sûr que ses joues avaient rougi à la vue."
"""I told you, he hates this.""","Je te l'ai dit, il déteste tout ça.",Ça lui fait du mal.
"""The renovations are moving along.",Les rénovations avancent.,Les travaux avancent.
If only Chase knew who watched out for whom.,Si seulement Chase savait qui surveillait qui.,Ça lui aurait été bien utile de savoir qui gardait un œil sur qui.
"""Am I too loud?"" John looks so guilty I feel like I should be apologizing.",John paraît tellement coupable que j'ai l'impression que c'est moi qui devrais m'excuser.,Êtes-je trop bruyant ?
"She looked small against the vast ocean, like a grain of sand on the beach.","Elle paraissait si petite face à l'immensité de l'océan, comme un grain de sable sur la plage.","Elle paraissait petite face à l'océan immense, comme un grain de sable sur la plage."
"He snatched his hand away, blood rushing to his face at the thought she'd caught him fondling her while she was asleep.","Il retira sa main, le sang lui montant au visage à l'idée qu'elle l'ait surpris en train de la caresser pendant qu'elle dormait.","Il retira sa main, le sang s'envahissant son visage à l'idée qu'elle l'avait surpris à caresser sa poitrine alors qu'elle dormait."
He couldn't be more confusing if he tried.,Il ne pouvait  pas être plus déroutant même s'il essayait.,Ça ne pouvait pas être plus confus s'il en avait essayé.
"Luke had always preferred the whale, and they'd passed up a turn on the wheel numerous times to wait for the blue cart to come available.","Luke avait toujours préféré ""la baleine"", et ils avaient renoncé plusieurs fois à un tour de roue pour attendre que la cabine bleue se libère.","Luke avait toujours préféré le baleine, et ils avaient renoncé à leur tour à la roue à plusieurs reprises pour attendre que le chariot bleu soit disponible."
He shrugged and set the last glass ornament in the box.,Il haussa les épaules et déposa le dernier ornement en verre dans la boîte.,Il haussa les épaules et posa le dernier ornement en verre dans la boîte.
"""Something like that.""",Quelque chose comme ça.,Ça ressemble à ça.
"The queen shielded her eyes and looked to the bar, now simmering and smoking.","La reine se protégea les yeux et regarda le bar, maintenant réduit en un tas frémissant et fumant.","La reine se protégea les yeux et regarda le bar, maintenant en fumée et en flammes."
"Smoke hadn't filled the bedroom, but something was burning somewhere in the bar.","La fumée n'avait pas envahi la chambre, mais quelque chose brûlait quelque part dans le bar.","Le fumier n'avait pas envahi la chambre, mais quelque chose brûlait quelque part dans le bar."
The number of times I've fantasized about this very moment is incalculable.,Le nombre de fois où j'ai fantasmé sur ce moment précis est incalculable.,Je ne peux pas dire à quel point j'ai fantasmé sur ce moment-là.
"""Next week,"" Chase said.","La semaine prochaine, dit Chase.","Ça sera la semaine prochaine, dit Chase."
"they didn't have time for another round of sex, even if he thought it was a good idea, which it wasn't.","Il ne pouvait pas s'impliquer et ils n'avaient pas le temps pour une autre partie de jambes en l'air, même s'il pensait que c'était une bonne idée; ce qui n'était pas le cas.","elles n'avaient pas le temps d'avoir une autre fois de sexe, même s'il pensait que c'était une bonne idée, ce qui n'était pas le cas."
"""I'm sorry, Devyn,"" Andi said, wishing that she'd never brought it up.","Je suis désolée, Devyn, déclara Andi, souhaitant n'avoir jamais abordé le sujet.","Je suis désolée, Devyn, dit Andi, souhaitant qu'elle n'ait jamais parlé de ça."
He's a self-talker.,Il se parle à lui-même.,Ça fait un bon auteur.
"""Five times?"" he asked as they headed down a side street towards the long line of apartment complexes that lined the street.",reprit-il alors qu'ils se dirigeaient vers une rangée d'appartements qui bordait un des côtés de la rue dans laquelle ils se trouvaient.,Ça fait cinq fois ?
He eyes the crowd of reporters like he wants to tear them apart with his bare hands.,Il regarde la foule des journalistes comme s'il voulait les déchiqueter à mains nues.,Il regarde la foule de journalistes comme s'il voulait les déchiqueter à mains nues.
Time to choose the future.,Il était temps de choisir l'avenir.,Ça était le moment de choisir son avenir.
"""Is that a bad thing?"" he asked as they slowly made their way past the reason why they'd been stuck on the highway for the past two hours as the road crew pulled back the orange cones.",demanda-t-il alors qu'ils dépassaient lentement la raison pour laquelle ils étaient restés bloqués sur l'autoroute depuis deux heures alors que l'équipe de sécurité routière retirait les cônes orange.,Ça veut dire qu'il y a un problème ?
"""Don't think about all that stuff right now,"" she said.","Ne pense pas à tout cela pour l'instant, dit-elle.","Ne pense pas à tout ça pour l'instant, dit-elle."
"Instead, he'd left the clothes and shoes strewn about and his books and magazines piled around the room.","Au lieu de cela, il avait laissé les vêtements et les chaussures éparpillés, les livres et les magazines empilés dans la pièce.","Au lieu de cela, il avait laissé ses vêtements et ses chaussures par terre et ses livres et ses magazines en tas dans la pièce."
"""Hey, mister,"" she said.","Hé, monsieur, dit-elle.","Ça va, monsieur, dit-elle."
"It took time to figure out how to turn my love of music into a career.""",Il m'a fallu du temps pour comprendre comment transformer mon amour de la musique en carrière.,Ça a pris du temps pour savoir comment transformer mon amour pour la musique en une carrière.
"Reluctantly, hands shaking so badly I can barely get them to do my bidding, I click.","À contrecœur, les mains tremblant à tel point que j'ai du mal à les faire fonctionner, je clique.","Reluctamment, les mains tremblant à tel point que je ne peux presque pas les faire obéir, je clique."
"He was on a sunny beach, and the wind was light, hugging.","Il se trouvait sur une plage ensoleillée, et le vent était léger, enveloppant.","Il était sur une plage ensoleillée, et le vent était doux, caressant."
The duvet was high-quality cotton and cool to the touch in the muggy room.,La couette était en coton de haute qualité et fraîche au toucher dans la pièce moite.,Le duvet était en coton de qualité et frais à la touche dans la pièce en proie à la chaleur.
"""That porn you were going to tell me about?""","Alors, ce porno dont tu allais me parler ?","Ça, le porno que tu allais m'en parler ?"
"Worth your forgiveness.""",S'il vaut la peine que tu lui pardonnes.,Ça vaut ta pardon.
"Numbness flowed through him like molasses, and he clenched his biceps.",Une sensation d'engourdissement le traversa comme de la mélasse et il serra les biceps.,"L'insensibilité le traversa comme de la mélasse, et il serra ses biceps."
She'd use whatever she could to get him to stick around long enough to fall in love.,Elle ferait tout ce qu'elle pourrait pour qu'il reste assez longtemps pour tomber amoureux.,Elle utiliserait tout ce qu'elle pouvait pour le faire rester assez longtemps pour qu'il tombe amoureux.
"He set the glass of water in front of her, then drew up a tall beer for himself.","Il posa le verre d'eau devant elle, puis se servit une grande bière.","Il posa le verre d'eau devant elle, puis se procura une bière."
They started following her.,Ils ont commencé à la suivre.,Ça leur avait fait envie de la suivre.
"I don't want to fall this fast, but I don't know how to stop the slide.","Je ne veux pas tomber amoureux aussi vite, mais je ne sais pas comment arrêter la chute.","Je ne veux pas tomber si vite, mais je ne sais pas comment arrêter la chute."
Local teacher fired after claims he seduced a student.,Un enseignant local licencié après avoir été accusé d'avoir séduit un élève.,Un enseignant local a été licencié après des accusations de l'avoir séduit.
John is at the podium now.,John est maintenant sur le podium.,John est maintenant au podium.
"""Michael John Dalton is innocent,"" the older woman begins.","""Michael John Dalton est innocent"", commence la femme la plus âgée.","Michael John Dalton est innocent, commence la femme plus âgée."
Maybe he'd reach someone who could help in time.,Peut-être qu'il aurait pu joindre quelqu'un qui pourrait l'aider à temps.,Ça pourrait arriver qu'il atteigne quelqu'un qui pourrait l'aider à temps.
The positive.,Les choses positives.,Ça va.
"""He's trying to get up.""",Il essaie de se lever.,Ça tente de se lever.
This is a tiny lie.,C'est un petit mensonge.,Ça fait un petit mensonge.
"But yours isn't much better.""",Mais le tien n'est pas beaucoup mieux.,Ça ne te sert pas de rien.
"""Welcome to the Emerald Cove.",Bienvenue à Emerald Cove.,Bienvenue à l'Emeraude.
"""Do you have a problem with long hours?""",Est-ce que les grandes amplitudes horaires vous posent un problème ?,Ça te pose des problèmes de longues heures ?
He thinks he can bully me into marriage.,Il pense qu'il peut faire pression pour que je me marie.,Ça lui semble qu'il peut me faire épouser par la force.
"""I need to get the painting of Christopher.",Je dois récupérer le tableau de Christopher.,Je dois obtenir le tableau de Christopher.
"""You need to let him explain.",Tu dois le laisser s'expliquer.,Tu dois le laisser s'expliquer.
No point in hearing the same thing over and over.,Ce n'est pas la peine d'entendre la même chose encore et encore.,Ça ne servait à rien d'entendre la même chose à chaque fois.
"""2356 multiplied by 23.""","""2356 multiplié par 23.",2356 multiplié par 23.
"He ran his tongue lightly over her soft lips, tasting her again and again.","ll passa légèrement sa langue sur ses lèvres douces, la goûtant encore et encore.","Il passa sa langue légèrement sur ses lèvres douces, goûtant-la à nouveau et à nouveau."
"Most of the people I know are cynics, or reformed cynics.","La plupart des gens que je connais sont des cyniques, ou des cyniques repentis.",La plupart des gens que je connais sont des cyniques ou des cyniques réformés.
He spat on the ground.,Il cracha sur le sol.,Il cracha sur le sol.
"He should be losing his fucking mind trying to figure out how he was going to fix this in time, but right now, all he felt was relief.","Il aurait dû être en train de péter les plombs en essayant d'arranger ce merdier, mais au lieu de ça, il se sentait soulagé.","Ça devrait le faire perdre la tête en essayant de savoir comment il allait résoudre ce problème à temps, mais pour l'instant, il ne ressentait que du soulagement."
"I'll drag his ass out there and show him what power I have, and then I'll let him feel what it's like to die because you can't breathe.","Je vais le traîner là-bas et lui montrer le pouvoir que j'ai, puis je lui ferai sentir ce que c'est que de mourir parce qu'on ne peut plus respirer.","Je lui montrerai ce que je peux faire, puis je lui montrerai ce que c'est que de mourir parce que vous ne pouvez pas respirer."
"God, she really didn't want to be the one to tell him.","Bon sang, elle ne voulait vraiment pas être celle qui le lui annoncerait.","Ça, elle ne voulait pas être celle qui lui le dirait."
The last few hours of listening to Chase talk had been a delicious distraction from both the storm and Inna's revelation.,Les dernières heures passées à écouter Chase avaient été une délicieuse distraction par rapport à la tempête et à la révélation d'Inna.,Les dernières heures pendant lesquelles Chase parlait avaient été un délicieux divertissement pour échapper à la tempête et à la révélation d'Inna.
"Side note, Prince is infinitely better on vinyl.",À noter que Prince est infiniment meilleur sur vinyle.,"Note à part, Prince est infiniment meilleur en vinyle."
"Andi found herself wondering as she reluctantly turned around, resigning herself to never knowing the joy of making a snow angel and decided that this moment deserved a heartfelt sigh.","en se retournant à contrecœur, se résignant à ne jamais connaître la joie de faire un ange de neige et décidant que ce moment méritait un soupir sincère.","Andi se demanda ce qu'il en était alors qu'elle tournait de manière réticente, se résignant à ne jamais connaître le plaisir de faire un ange de neige et décida que ce moment méritait un soupir sincère."
"I don't pine after straight men, but I sure as fuck don't mind looking.","Je ne me languis pas des hommes hétérosexuels, mais ça ne me dérange pas de les regarder.","Je ne suis pas amoureux des hommes hétérosexuels, mais je ne me plains pas de les regarder."
It's there in the tremble of his hands as they ghost over my thighs.,"C'est là, dans le tremblement de ses mains qui se promènent sur mes cuisses.",Ça se voit dans le tremblement de ses mains lorsqu'elles passent sur mes cuisses.
"We had our time, but..."" He exhales.","Nous avons eu notre temps, mais... Il lâche un soupir.","Ça a duré, mais... Il expire."
"""Well, you're good at it.""","Eh bien, tu es doué pour ça.","Ça va, tu y es."
"Cradling her face in his hands, Devyn slowly breathed into her mouth.","Prenant délicatement son visage entre ses mains, Devyn inspira lentement dans sa bouche.",Devyn embrassa doucement son visage avec ses mains et respira lentement dans sa bouche.
"""Let's move over to the couch where it's more comfortable.","Allons-nous installer sur le canapé, c'est plus confortable.","Allons nous assoir sur le canapé, où il est plus confortable."
"Giving his gorgeous dick one last lick, I climb up his body.",Je lèche une dernière fois sa superbe queue et  grimpe le long de son corps.,"Je donne un dernier lécher à sa magnifique queue, puis je gravis son corps."
"""I told you to take care of her and you fucking left her there!"" Devyn shouted, slamming him back against the wall.","Je t'ai dit de prendre soin d'elle et putain, tu l'as laissée là-bas !",Ça m'a demandé de la prendre en charge et tu l'as laissée là !
"You're still here because of him, aren't you?""","C'est à cause de lui que tu es encore là, n'est-ce pas ?","Ça t'a fait rester ici, n'est-ce pas ?"
"I let my head drop to my chest as he works my glutes, my cock twitching already.","Je laisse ma tête retomber contre ma poitrine pendant qu'il frotte mon fessier, ma bite tressaillant déjà.","Je laisse tomber ma tête sur ma poitrine alors qu'il travaille mes glutés, ma queue se plongeant déjà."
"They are in the way of my mission.""",Elle m'empêche d'accomplir ma mission.,Ça me gêne dans la réalisation de ma mission.
"""I don't want to work in accounting,"" she reminded him.","Je ne veux pas travailler à la comptabilité, lui rappela-t","Ça ne veut pas dire que je veux travailler dans le service comptabilité, lui rappela-t-elle."
"""Thank you for saving me the trouble,"" Lucas said smoothly as he clicked to the next slide.","Merci de m'avoir épargné cette peine, dit Lucas d'une voix doucereuse en cliquant sur la diapositive suivante.","Ça m'a épargné le délai, dit Lucas avec une voix lisse en passant à la diapositive suivante."
"I stroke my thumb over the fabric of his tee, wishing like hell it were bare skin.","Je passe mon pouce sur le tissu de son T-shirt, souhaitant ardemment que ce soit de la peau nue.","Je passe mon pouce sur le tissu de son tee-shirt, souhaitant que ce soit de la peau nue."
"""I told you, the family, they can't...""","Je te l'ai dit, sa famille ne peut pas...","Ça, je t'ai dit, la famille, elle ne peut pas..."
The ocean breeze lifted her sundress and sent it flapping against her thigh and it was all he could do to keep from reaching for her.,"La brise de l'océan soulevait sa robe d'été et l'envoyait battre contre sa cuisse, et il fit tout son possible pour ne pas tendre la main vers elle.","L'air de l'océan soulevait sa robe de plage et la faisait frôler sa cuisse, et c'est tout ce qu'il pouvait faire pour ne pas s'approcher d'elle."
"""Most of the restaurant stuff is staying with the bar.""",La plupart du matériel du restaurant ainsi que le bar restent.,90 % des équipements du restaurant restent avec le bar.
"I feel him take a deep breath, and then he sighs sweetly.","Je le sens prendre une profonde inspiration, puis soupirer doucement.","Je le sens prendre une grande inspiration, puis il soupire doucement."
"Things could have been much worse, for sure.","Les choses auraient pu être bien pires, c'est certain.","Ça aurait pu être beaucoup plus grave, c'est sûr."
And he's back to avoiding eye contact.,Et il recommence à éviter le contact visuel.,Ça fait que  il est de retour à l'évitement des regards.
Of course.,Évidemment.,Ça va.
"I've fallen silent again because I'm trying to be present for him, but he's probably misinterpreting things.","Je me tais à nouveau car j'essaie d'être présent pour lui, mais il interprète probablement mal les choses car il continue.","Ça fait à nouveau silence parce que je tente d'être présent pour lui, mais il a probablement mal interprété les choses."
"""Then I guess I should give this to someone else,"" came the softly murmured words that had her swallowing hard as she looked up and found Devyn standing in her doorway.","Alors, je devrais donner ça à quelqu'un d'autre, les mots doucement murmurés qui la firent déglutir alors qu'elle levait les yeux et trouvait Devyn dans l'embrasure de sa porte.","Ça veut dire que je devrais le donner à quelqu'un d'autre, dit-il en murmurant doucement ce qui la fit déglutir difficilement alors qu'elle leva les yeux et découvrit Devyn debout dans son portail."
"I reach up and slide a hand into his hair, run my other fingers along the dips and curves of his back.","Je me lève et glisse une main dans ses cheveux, je passe mes autres doigts le long des creux et des courbes de son dos.","Je lève la main et glisse une main dans ses cheveux, je traçe les creux et les courbes de son dos avec les autres doigts."
"""Let the human go.""",Laisse partir l'humain.,Laissez l'humain partir.
"""Why did it have to be Luke?",Pourquoi fallait-il que ce soit Luke ?,Pourquoi Luke ?
"The beach lay in darkness, and Inna could lurk anywhere among the dunes or pier remains.","La plage était plongée dans l'obscurité, et Inna pouvait se cacher n'importe où parmi les dunes ou les vestiges de la jetée.","La plage était dans l'obscurité, et Inna pouvait se cacher n'importe où parmi les dunes ou les restes de la jetée."
Chapter 34,Chapitre 34,34
"His fingers tweak one of my nipples, and I moan into yet another kiss.",Ses doigts titillent l'un de mes mamelons et je gémis dans un nouveau baiser.,Ses doigts s'agrippent à l'un de mes mamelons et je gémis dans un autre baiser.
"God, that felt so fucking good.","Mon Dieu, que ça faisait du bien.",Ça sentait tellement bon.
But he wasn't good at that kind of thing.,Mais il n'était pas doué pour ce genre de choses.,Ça ne lui convenait pas.
"I don't only mean the millions of songs in the digital archive, someone in the station's history had hoarded vinyl like it was going out of style.","Je ne parle pas seulement des millions de chansons contenues dans les archives numériques, mais du fait qu'une personne, dans l'histoire de la station, ait accumulé des vinyles comme si c'était démodé.","Ça ne veux pas dire que les millions de chansons dans l'archive numérique, mais quelqu'un dans l'histoire de la station avait rassemblé des disques vinyle comme si c'était à la mode."
"After maneuvering around a few tables, he laid her on the corner couch.","Après avoir contourné quelques tables, il l'allongea sur le canapé du coin.","Après avoir détourné quelques tables, il la posa sur le canapé à coin."
I hum the line to him and search his face for recognition.,Je lui fredonne le morceau et cherche sur son visage pour voir s'il a reconnu la mélodie.,Je lui chante la ligne et j'examine son visage à la recherche de reconnaissance.
"""Do you think it will ever go away?",Penses-tu que cela disparaîtra un jour ?,Ça ira-t-il jamais s'en aller ?
"Any other day, his eye contact would be filed in the fantasy category called ""replay.""","N'importe quel autre jour, son contact visuel aurait été catalogué dans l'esprit de Mari dans la catégorie des fantasmes appelée ""replay"".","Être en contact visuel avec lui serait classé dans la catégorie des fantasmes appelée ""répétition""."
"""Such a cynic, you are.""",Tu es un vrai cynique.,Ça fait un tel cynique que tu es.
Too relieved to be inside the circle of his embrace again to fight it.,Je suis trop soulagé d'être à nouveau dans le cercle de son étreinte pour lutter.,Relié de trop pour être à nouveau dans le cercle de son bras pour s'y opposer.
Not my John.,Pas mon John.,Pas mon John.
"I debate driving back down to Philly, even though it's not a good idea in my current frame of mind.","J'envisage de retourner à Philadelphie en voiture, même si ce n'est pas une bonne idée dans l'état d'esprit où je me trouve.","Je débats de m'en aller à Philadelphie, même si c'est une mauvaise idée dans mon état d'esprit actuel."
"And even though the sea held darkness, the land did too.","Et même si la mer contenait des ténèbres, la terre en contenait aussi.","Et même si la mer était sombre, la terre l'était aussi."
"But you all don't care about that, you have a juicy story for your ratings and your newspapers.","Mais vous vous en moquez tous, vous avez une histoire juteuse pour vos audiences et vos journaux.","Ça ne vous préoccupe pas, vous avez une bonne histoire pour vos audiences et vos journaux."
"Sunset was near, though it was impossible to tell with the blossoming of dark clouds across the sky.","Le coucher du soleil était proche, même s'il était impossible de le deviner avec l'éclosion de nuages sombres dans le ciel.","L'aube était proche, mais il était impossible de le dire avec l'éclosion de nuages sombres dans le ciel."
"And besides, pirates didn't have coffee with cream and sugar.","Et puis, les pirates ne prenaient pas de café avec de la crème et du sucre.",Ça ne faisait pas non plus partie des plaisirs des pirates.
She dropped her clothes on the sand and placed a rock on them to keep them from blowing away then glanced at Inna.,"Elle laissa tomber ses vêtements sur le sable et posa une pierre dessus pour les empêcher de s'envoler, puis jeta un coup d'œil à Inna.","Elle laissa tomber ses vêtements sur le sable et posa une pierre dessus pour les empêcher de s'envoler, puis jeta un coup d'œil à Inna."
"He wraps his arms around me, one across my collar and one around my chest, and it feels so damned good.","Il m'entoure de ses bras, l'un autour de mon cou et l'autre autour de ma poitrine, et c'est tellement bon.","Il enroule ses bras autour de moi, l'un sur mon col et l'autre autour de mon torse, et cela me fait si bien."
He pulls out a Steely Dan.,Il sort un vinyle de Steely Dan.,Il sort un disque de Steely Dan.
"He'd used her weakness against her, something that she would not forget.",Il avait utilisé sa faiblesse contre elle ;,"Il avait utilisé sa faiblesse contre elle, quelque chose qu'elle ne oublierait pas."
Quivering like a pair of virgin teenagers.,Frémissant comme deux ados puceaux.,Ça tremblait comme deux jeunes filles vierges.
The rain was picking up and it wouldn't be long until it was constant.,La pluie s'intensifia et ne tardera pas à devenir continue.,La pluie s'intensifiait et il ne serait pas long avant qu'elle ne soit constante.
The dune grass bent almost horizontally to the ground and clouds of sand rolled down the beach like tumbleweeds.,L'herbe des dunes se courbaient presque horizontalement vers le sol et des nuages de sable roulaient sur la plage comme des chenilles.,L'herbe des dunes était presque horizontale au sol et des nuages de sable roulaient sur la plage comme des tiges de chanvre.
"Mesa turned to walk away, then stopped and looked back.","Mesa se tourna pour s'éloigner, puis s'arrêta et se retourna.","Mesa se retourna pour s'éloigner, puis s'arrêta et jeta un dernier coup d'œil."
"""It's a great offer,"" he added.","C'est une excellente offre, ajouta-t-il.","Ça fait une offre très intéressante, ajouta-t-il."
"I watch him through the double-paned glass of the booth, and I can hear him through the open door.",Je le regarde à travers le double vitrage de la cabine et je l'entends par la porte ouverte.,"Je le regarde à travers le double vitrage de la cabine, et je le sens à travers la porte ouverte."
"""I have a reservation for Andi Dawson,"" Andi said with a satisfied sigh as she reached for her credit card only to end up grumbling when Devyn narrowed his eyes on her until she put it away.","J'ai une réservation au nom d'Andi Dawson, dit Andi avec un soupir de satisfaction en tendant sa carte de crédit, mais elle finit par grommeler quand Devyn la fixa, les yeux plissés  jusqu'à ce qu'elle la range.","Ça s'appelle Andi Dawson, dit Andi avec un soupir de satisfaction en tendant sa carte de crédit, mais elle finit par grogner lorsque Devyn la fixa avec un regard attentif jusqu'à ce qu'elle la mette de côté."
"The sooner they could find out what condition the island was in, the sooner he could leave.","Plus vite ils sauraient dans quel état se trouvait l'île, plus vite il pourrait partir.","Plus vite ils pourraient découvrir l'état de l'île, plus vite il pourrait partir."
"Today is Sunday, and Nicki has invited everyone to a celebratory brunch at Rick's Pub.",Nous sommes dimanche et Nicki a invité tout le monde à un brunch de célébration au Rick's Pub.,"Ça fait un dimanche, et Nicki a invité tout le monde à un déjeuner célébratoire au Rick's Pub."
"It had taken being disavowed in a very public, painful way to get Dyer to walk away from the two years he'd invested.",Il a fallu qu'il soit désavoué de manière très publique et douloureuse pour que Dyer abandonne les deux années qu'il avait investi dans cette relation.,Ça avait fallu qu'il soit démenti de manière très publique et très douloureuse pour qu'il se décide à quitter les deux ans qu'il avait investis.
Was this what being a grown-up was like?,"Était-ce ça, être adulte ?",Ça était ce que c'était que d'être un adulte ?
No telling what the tide pushed up near the shore.,On ne sait pas ce que la marée poussait près du rivage.,Ça ne faisait pas de doute que la marée avait poussé des débris sur la plage.
It rubs over my raw nerves and makes my heart ache.,Elle gratte mes nerfs à vif et me fait mal au cœur.,Ça froisse mes nerfs et fait mal à mon cœur.
Inna kicked at the floor planks with his bare foot.,Inna donna un coup de pied sur les planches du sol avec son pied nu.,Inna donnait des coups de pied aux planches du sol avec son pied nu.
Was Christopher the pirate who killed Inna's great-great-something-grandmother?,Christopher était-il le pirate qui avait tué l'arrière-arrière-grand-mère d'Inna ?,Ça faisait-il partie des pirates qui avaient tué l'arrière-arrière-grand-mère d'Inna ?
"John's erection is thicker than mine, though shorter.","L'érection de John est plus épaisse que la mienne, bien que plus courte.","L'érection de John est plus épaisse que la mienne, mais plus courte."
"He scanned the beach, looking for Inna.","Il balaya la plage du regard, à la recherche d'Inna.",Il balaya la plage à la recherche d'Inna.
"The water here is still and silent, green with algae and moss, and brackish in my nostrils.","Ici, l'eau est calme et silencieuse, verte avec des algues et de la mousse, et saumâtre dans mes narines.","L'eau ici est calme et silencieuse, verte à cause des algues et des mousses, et salée dans mes narines."
"He's so big and so solid, I can't help but feel safe with him.",Il est si grand et si solide que je ne peux m'empêcher de me sentir en sécurité avec lui.,Ça est si grand et si solide que je ne peux m'empêcher de me sentir en sécurité avec lui.
You've built a great little business here and you should be proud.,Tu as créé une belle petite affaire et tu peux en être fière.,Ça fait un bon petit business et tu devrais être fier.
"A light breeze hit her, pushing away the sticky humidity for a moment, and she gulped the fresh airso clean.","Une légère brise l'atteignit, chassant un instant l'humidité poisseuse, et elle avala l'air frais, si pur.","Une légère brise la frappa, chassant la humidité visqueuse pendant un moment, et elle respira l'air frais... si pur."
"""And that film is still your birthright.""",Et ce film fait partie de ton patrimoine !,Et ce film est toujours le tien.
"""What's complicated about it?",Qu'est-ce qui est compliqué ?,Ça n'est pas compliqué ?
"""Super helpful,"" Andi mumbled as she tossed it aside and grabbed another one.","Super utile, marmonna Andi en le jetant de côté et en prenant un autre.","Ça a été très utile, marmonna Andi en le mettant de côté et en prenant un autre."
He opened his eyes and reached for a glass to pour some of his favorite Scotch into.,Il ouvrit les yeux et attrapa un verre pour y verser son scotch préféré.,Il ouvrit les yeux et se saisit d'un verre pour y verser une partie de son scotch préféré.
"""Really, Franklin?""","Vraiment, Franklin ?","Vraiment, Franklin ?"
"Well, that wasn't entirely true because Ben had been more than happy to make sure that she didn't have any reason to come back to the office, call, text, or even send an email.","Enfin, ce n'était pas tout à fait vrai parce que Ben avait été plus qu'heureux de s'assurer qu'elle n'avait aucune raison de revenir au bureau, d'appeler, d'envoyer un message ou même d'envoyer un e-mail.","Ça n'était pas tout à fait vrai car Ben avait été plus que content de s'assurer qu'elle n'avait aucune raison de revenir au bureau, de téléphoner, de texter ou même d'envoyer un e-mail."
There are some things I can't share.,Il y a des choses que je ne peux pas partager.,Ça y a des choses que je ne peux pas partager.
"""And if my sister wasn't already lost in whatever the hell you just gave her, she'd remember her manners and introduce us.","Et si ma sœur n'était pas déjà perdue dans ce que tu viens de lui donner, elle se souviendrait de ses bonnes manières et nous présenterait.","Et si ma sœur n'était déjà pas perdue dans ce que tu viens de lui donner, elle se souviendrait de ses manières et nous présenterait."
"That's one thing I'll miss when I movefresh seafood.""",C'est une chose qui me manquera quand je déménagerai : les fruits de mer frais.,Ça est une chose que je regretterai quand je déménagerai  des fruits de mer frais.
"Then a long nap to forget the weather, the bar, Mari.","Puis une longue sieste pour oublier le temps qu'il faisait, le bar, Mari.","Ça lui fera oublier le temps, le bar, Mari."
"That's the third or fourth time I've seen him hauling records out of here.""",C'est la troisième ou quatrième fois que je le vois sortir des disques d'ici pour leur donner.,Ça fait le troisième ou le quatrième fois que je le vois sortir des disques.
"After one last look at The Charlton, Devyn climbed back in the car with a murmured, ""The Mason.""","Après avoir jeté un dernier coup d'œil au Charlton, Devyn remonta dans la voiture en murmurant : ""Le Mason"".","Après un dernier regard vers The Charlton, Devyn remonta dans la voiture en murmurant : ""Le Mason""."
During a storm.,Pendant une tempête.,Pendant une tempête.
"One afternoon he'll choose, and another I will.","Un après-midi, c'est lui qui choisit le lieu, et l'après-midi suivant, c'est moi.","Ça arrivera un après-midi, et un autre, c'est moi qui le choisirai."
"In fact, it was the only option left.","En fait, c'était la seule option qui lui restait.",Ça était en fait la seule solution restante.
"""I've been fascinated by fairs, amusement parks, and Ferris wheels since Luke and I were little.","Je suis fasciné par les foires, les parcs d'attractions et les grandes roues depuis que Luke et moi sommes petits.","Ça m'a toujours fasciné, les foires, les parcs d'attractions et les grandes roues depuis que Luke et moi sommes petits."
"In the pack, with the water, and a cell phone with no signal.""","Dans le sac, avec l'eau et un téléphone portable sans signal.","Ça fait un peu plus de deux heures que je suis dans le pack, avec de l'eau et un téléphone sans signal."
"""Dyer doesn't do domestic,"" he deadpans before he spins in his rainbow Chuck Taylors and scurries off.","Dyer ne fait pas le ménage, dit-il avant de tourner les talons dans ses Chuck Taylors arc-en-ciel et de s'enfuir en courant.","Dyer n'aime pas la maison, dit-il en tournant sur ses chaussures arc-en-ciel Chuck Taylors et en s'enfonçant."
"""If you need anything, don't bother calling the front desk.","Si vous avez besoin de quoi que ce soit, n'appelez pas la réception.","Si tu as besoin de quelque chose, n'hésite pas à appeler la réception."
I had a client up from the city.,J'avais un client qui venait de la ville.,Ça venait d'une cliente qui venait de la ville.
She dove under to swim to him.,Elle plongea pour nager jusqu'à lui.,Elle plongea pour nager jusqu'à lui.
You can tell me.,Tu peux me le dire.,"Ça te fait peur, mais tu peux me le dire."
He'd seen himit wasn't his imagination.,"Il l'avait vu, ce n'était pas son imagination.",Ça n'était pas son imagination.
"And that may be, but I'm not made for you.","C'est possible, mais je ne suis pas fait pour toi.","Ça peut être, mais je ne suis pas fait pour toi."
"He caught his breath, then moved closer to the pier ruins where she stood.","Il reprit son souffle, puis se rapprocha des ruines de la jetée où elle se tenait.","Il reprend son souffle, puis s'approcha des ruines de la jetée où elle se tenait."
I don't like the waterespecially the ocean.,"Je n'aime pas l'eau, surtout l'océan.","Je n'aime pas l'eau, surtout l'océan."
"""Of course, it won two Grammys,"" I tell him.","Bien sûr, ils ont gagné deux Grammys avec cet album, lui dis-je.","Ça a gagné deux Grammys, lui dis-je."
"Dad was a fisherman, and Mom liked to be near the water.",Papa était pêcheur et maman aimait être près de l'eau.,Dad était pêcheur et Mom aimait être près de l'eau.
"""After I graduated, I started at the bottom, took every shift I could get my hands on, read every book that I could find that I thought would help, and worked my way up to the top and when I heard about the position at Carta Hotels, I went after it, knowing that if I could pull it off that it would be enough","Après avoir obtenu mon diplôme, j'ai commencé au bas de l'échelle, j'ai pris tous les postes qui me tombaient sous la main, j'ai lu tous les livres que j'ai pu trouver et qui pouvaient m'aider.","Après avoir obtenu mon diplôme, j'ai commencé à la base, j'ai accepté tous les postes que j'ai pu obtenir, j'ai lu tous les livres que j'ai pu trouver qui m'auraient semblé utiles et j'ai gravi les échelons jusqu'à ce que je me retrouve au sommet, et quand j'ai entendu parler du poste de directeur des opérations des Hôtels Carta, j'ai fait tout ce que j'ai pu pour l'"
"""If you've never been, you don't know if Kansas is better.""","Si tu n'y es jamais allée, tu ne sais pas si le Kansas est mieux ou pas.","Si tu n'y es jamais allé, tu ne sais pas si le Kansas est mieux."
"I think Interpol has a file.""",Je pense qu'Interpol a un dossier sur le sujet.,Ça dit Interpol a un dossier.
All muscles and strength.,Tout en muscles et en force.,Ça faisait de lui un homme de muscles et de force.
"""Sorry, been prepping for the storm.""","Désolé, je me préparais à la tempête.","Ça m'en pardonne, j'étais en train de préparer la tempête."
"Still, he wasn't a lost cause.","Pourtant, ce n'était pas une cause perdue.",Ça ne signifiait pas qu'il était un cas perdu.
"""The stubborn little pain in the ass has gone into labor,"" came the words that had her opening her mouth, only to close it with a grumble since she really couldn't argue with that.","La petite enquiquineuse bornée a commencé le travail, furent les mots qui lui firent ouvrir la bouche, avant de la refermer avec un grognement, car elle ne pouvait vraiment pas contester cette information.","Ça fait que la petite putain a commencé à accoucher, dit-il, ce qui la fit ouvrir la bouche, puis la ferma avec un grognement car elle ne pouvait pas s'y opposer."
"You know the significance of that tattoo.""",Tu connais la signification de ce tatouage.,Ça a un sens pour toi.
"Her sister never had issuessing a song, snag a man.","Sa sœur n'avait jamais eu de problème  une chanson, un homme. Du moins, c'est ce qu'il lui semblait.",Son sœur n'avait jamais eu de problèmes à chanter une chanson et à attraper un homme.
"""God, I love bacon,"" his new assistant murmured with a happy little sigh as she nibbled on what looked like an egg sandwich with an unhealthy amount of bacon while Devyn stood there, wondering why his new assistant was sitting outside at six-thirty in the morning.","murmura sa nouvelle assistante avec un petit soupir heureux alors qu'elle grignotait ce qui ressemblait à un sandwich aux œufs avec une quantité astronomique de bacon, alors que Devyn était planté là à se demander ce que sa nouvelle assistante faisait à l'extérieur du bâtiment à six heures et demie du matin.","Ça fait du bien, je l'aime, murmura son assistante avec un petit soupir de joie alors qu'elle mâchait ce qui ressemblait à un sandwich d'œuf avec une quantité excessive de bacon alors que Devyn restait là, se demandant pourquoi sa nouvelle assistante était assise dehors à six heures du matin."
I hadn't done anything but sit and hold him for a while.,Je n'ai rien fait d'autre que de m'asseoir et de le tenir dans mes bras pendant un moment.,Je n'avais fait que me assoir et le tenir pendant un moment.
It was only months later that he realized Kelly had been lonely.,Ce n'était que des mois plus tard qu'il avait compris que Kelly se sentait seule.,Ça n'est qu'à plusieurs mois de distance qu'il réalise que Kelly était seule.
"I'm peripherally aware of the heads turning and the looks that trail his trip toward me, but my focus is entirely on him.","Je suis conscient des têtes qui se tournent et des regards qui suivent son chemin vers moi, mais je me concentre entièrement sur lui.","Je suis conscient des têtes qui se tournent et des regards qui suivent son chemin vers moi, mais mon attention est entièrement tournée vers lui."
And I will catch you.,Et je t'attraperai.,Je te rattraperai.
"I guess I have two things, then.",Je suppose donc que j'ai deux choses à moi.,"Ça fait donc deux choses, alors."
Andi rushed to explain as she threw a panicked look at the large security guard reaching for her and-,Andi se dépêchait de s'expliquer en jetant un regard paniqué à l'énorme agent de sécurité qui s'approchait et...,Andi se précipita à expliquer alors qu'elle jetait un regard paniqué vers le garde du corps imposant qui s'approchait d'elle et...
"""He has been very busy working behind the scenes, arranging transfers, intercepting audits, and doing everything that he could to keep us distracted.""","Il a été très occupé à travailler dans les coulisses, à organiser des transferts, à intercepter des audits et à faire tout ce qu'il pouvait pour nous distraire.","Ça a été très occupé à travailler en arrière-scène, à organiser les transferts, à intercepter les audits et à faire tout ce qu'il pouvait pour nous distraire."
That hadn't been enough to annul thingstoo much riding on the union of the tribes.,Cela n'avait pas suffi à annuler les promesses  trop de choses dépendaient de l'union de leurs deux tribus.,"Ça n'avait pas suffi pour annuler les choses, il y avait trop à en jeu avec l'union des tribus."
"Of course, this wasn't Hawaii, but up near the point was some darn good East Coast surfing.","Bien sûr, ce n'était pas Hawaï, mais près de la pointe, il y avait de sacrés bons coins pour surfer sur la côte Est.","Ça n'était pas Hawaii, mais près du cap, il y avait une bonne plage de surf."
"""I'll be back,"" he says, breathless.","Je reviens, dit-il, essoufflé.","Ça va, dit-il, à souffle."
She pointed to the bar.,Elle désigna le bar.,Elle fit signe vers le bar.
It was his dream too.,C'était aussi son rêve.,Ça était aussi son rêve.
"She didn't look like she was trying to kill him, Devyn thought, taking a sip of the large caramel coffee that he was forced to grab from the employee cafeteria when it became painfully obvious that his new assistant didn't know how to make coffee.","Elle n'avait pourtant pas l'air de vouloir le tuer, se dit Devyn en buvant une gorgée du café au caramel qu'il avait dû prendre à la cafétéria des employés quand il était devenu évident que sa nouvelle assistante ignorait comment faire du café.","Ça n'avait pas l'air qu'elle essaye de le tuer, pensa Devyn en buvant une gorgée du grand café au caramel qu'il avait dû attraper dans la cantine des employés lorsque son nouveau assistant n'avait pas su faire du café."
She stretched out her legs and laid her head on the couch pillow and softly whistled some nondescript '80s pop song.,"Elle étendit ses jambes, posa sa tête sur le coussin du canapé et siffla doucement une chanson pop des années 80.",Elle étendit les jambes et posa sa tête sur un oreiller du canapé et siffla doucement une chanson pop des années 80 sans nom.
Gayle pauses when she reaches the door and looks at me like I'm out of my head.,Gayle s'arrête au niveau de la porte et me regarde comme si j'avais perdu la tête.,Gayle fait une pause lorsqu'elle atteint la porte et me regarde comme si je n'étais pas dans mon droit.
"""I don't want to be fair, I want you here.""","Je ne veux pas être juste, je veux que tu sois là.","Je ne veux pas être juste, je veux que tu sois ici."
"Once he was gone, Devyn sat down on the couch and watched Andi, still amazed by how quickly her mind worked as she went through the files that he'd brought.","Une fois qu'il fut parti, Devyn s'assit sur le canapé et observa Andi, toujours étonné par la rapidité avec laquelle son esprit travaillait alors qu'elle parcourait les dossiers qu'il avait apportés.","Une fois qu'il était parti, Devyn s'assit sur le canapé et regarda Andi, toujours étonné de la rapidité avec laquelle son esprit fonctionnait alors qu'elle parcourait les dossiers qu'il avait apportés."
It's easy to picture John in front of a classroom.,C'est facile d'imaginer John dans une salle de classe.,Ça est facile de se représenter John devant une classe.
"I've always known, even before he came back to his flat that night and found that I'd learned the truth about him.","Je l'ai toujours su, même avant qu'il ne revienne à son appartement cette nuit-là et qu'il découvre que j'avais appris la vérité à son sujet.","Ça m'a toujours été clair, même avant qu'il ne revienne dans son appartement cette nuit-là et ne découvre que j'avais appris la vérité sur lui."
And it's clear he looks up to him.,Et il est clair qu'il l'admire.,Ça est clair qu'il le respecte.
"As a boy, he'd relished that meditative quality that grew where the water met the land and the sun blanketed everything in a golden warmth that lingered in the soul forever.","Enfant, il avait savouré cette faculté méditative qui naissait là où l'eau rencontrait la terre et où le soleil recouvrait tout d'une chaleur dorée qui s'attardait dans l'âme","Enfant, il avait apprécié cette qualité méditative qui se développait à l'endroit où l'eau rencontrait la terre et où le soleil recouvrait tout d'une chaleur dorée qui restait dans l'âme pour toujours."
"""He likes the classics.",Il aime les classiques.,Ça lui plaît les classiques.
She had Chase now.,Elle avait Chase maintenant.,Ça lui avait donné Chase.
"""I love the warmth of the sun on my skin, and the brush of a cool breeze, and the clarity of music on land.""","J'aime la chaleur du soleil sur ma peau, le frôlement d'une brise fraîche et la clarté de la musique sur la terre ferme.","Je love la chaleur du soleil sur ma peau, la brise fraîche, et la clarté de la musique sur terre."
Then I look up at him.,Puis je lève les yeux vers lui.,Je lève les yeux vers lui.
"Do your thing, I'll be tuning in.""","Fais opérer ta magie, je serai à l'écoute.","Fais ce que tu veux, je me connecterai."
Fall into her arms again.,Tomber à nouveau dans ses bras.,Tomber à nouveau dans ses bras.
"But he flashes his blinding smile, and the woman grins, blushing as she ushers her kidlet into the restaurant.","Mais il affiche son sourire aveuglant et la femme sourit, rougissant en faisant entrer son enfant dans le restaurant.","Mais il lui lance son sourire aveuglant, et la femme sourit, rougissant en amenant son petit dans le restaurant."
She rose on her elbows and watched him pull his T-shirt over his head.,Elle se redressa sur ses coudes et le regarda passer son tee-shirt par-dessus sa tête.,Elle se redressa sur les coudes et le regarda retirer son tee-shirt sur sa tête.
"He didn't move away, and she leaned in close.","Il ne bougea pas, et elle se rapprocha.","Il ne s'éloigna pas, et elle s'approcha."
"You know, the one where the Ex brings the stuff you've left at their place and vice versa.","Vous savez, cet échange où l'ex apporte les affaires que tu as laissées chez lui et vice versa.","Ça veut dire, celui où l'ex rapporte les choses que tu as laissées chez lui et vice-versa."
"""It's only an hour and a half.",Ce n'est qu'à une heure et demie de trajet.,Ça ne fait qu'une heure et demie.
"""It's a beautiful country.""",C'est un pays magnifique.,Ça fait une belle pays.
I could automate my entire set.,Je pourrais automatiser l'ensemble de mon travail.,Je pourrais automatiser mon entier.
"God, just thinking about the burnt, cold, creamy, grainy concoction...","Mon Dieu, rien que de repenser à cette mixture granuleuse, froide et avec un goût de brûlé...","Ça fait peur, juste à l'idée de cette purée brûlante, froide, crèmeuse et granuleuse..."
"""I already have that,"" Andi pointed out with a disappointed sigh and a sad shake of her head as she glanced back at Nicholas.","Je l'ai déjà ça, dit Andi avec un soupir déçu et un triste hochement de tête en regardant Nicholas.","Ça m'est déjà arrivé, remarqua Andi avec un soupir déçu et un secousse de la tête triste en regardant Nicholas."
"""So, all the stories I heard about Christopher and Amelia...""","Alors, toutes les histoires que j'ai entendues sur Christopher et Amelia...",Ça veut dire que toutes les histoires que j'ai entendues sur Christopher et Amelia...
"""Yeah,"" I agree, and trail off myself because John could leave anyone speechless, but especially me.","Oui, dis-je en signe d'acceptation, et je m'interromps parce que John peut laisser n'importe qui sans voix, mais surtout moi.","Ça va, je suis d'accord, et je me tais moi-même parce que John peut rendre tout le monde muet, mais surtout moi."
"They'd be stupid to fire him, Andi reminded herself, repeating the words that had gotten her through the last ten hours.","Ils seraient stupides de le licencier, se rappela Andi, répétant les mots qui l'avaient aidée à traverser les dix dernières heures.","Ça serait stupide de le licencier, se rappela Andi en répétant les mots qui lui avaient permis de passer les dix dernières heures."
"The faint smell of burning wood reaches my nose, and I inhale deeply.",L'odeur légère du bois brûlé parvient à mon nez et j'inspire profondément.,Je respire profondément pour sentir le faible odeur de bois brûlant.
"I just don't know whether I'd end up in the warm embrace of his impossibly long arms, or if my heart would smash into bits on some outcropping of rocks that I can't see but know are probably there.","J'ignore si je finirais dans l'étreinte chaleureuse de ses bras incroyablement longs, ou si mon cœur se briserait en mille morceaux sur un affleurement de rochers que je ne peux pas voir mais dont je devine la présence.","Je ne sais pas si je finirai dans l'étreinte chaleureuse de ses bras impossiblement longs, ou si mon cœur se brisera en morceaux sur une roche qui ne me fait pas voir, mais que je sais probablement être là."
"And I refuse to believe she can't sing, not with a tone like that.","Et je refuse de croire qu'elle ne sait pas chanter, pas avec un tel timbre.","Je refuse de croire qu'elle ne peut pas chanter, pas avec un ton comme ça."
And what was he supposed to do with a crying woman?,Et qu'était-il censé faire avec une femme qui pleurait ?,Et qu'était-il censé faire avec une femme qui pleurait ?
"""It was an observation.""",C'était juste une remarque.,Ça était une observation.
"""You knew killed my brother and you didn't tell me?""",Tu savais que mon frère avait été tué et tu ne me l'as pas dit ?,Ça t'a tué ?
A lovely lunch made by Chase.,Un délicieux déjeuner préparé par Chase.,Ça faisait un délicieux déjeuner préparé par Chase.
"""Wow, you are lucky to have a family record from that far back.",Tu as de la chance d'avoir des objets de famille aussi anciens.,"Ça fait du bien, tu es chanceuse d'avoir un registre familial aussi ancien."
I'm weighing my options - Melrose Diner for its proximity or Broad Street Diner for its superior batter - when the phone rings.,"Je pèse mes options : le Melrose Dinner pour sa proximité ou le Broad Street Diner pour sa pâte supérieure, lorsque le téléphone sonne.","Je pèse mes options : le diner Melrose pour sa proximité ou le diner Broad Street pour sa meilleure pâte, quand le téléphone sonne."
"I shiver with pleasure and shake my head hard, wrenching his hand away from my needy flesh.","Je frissonne de plaisir et secoue la tête avec force, éloignant sa main de ma chair en manque ""Stop !""","Je frémit de plaisir et secouai violemment la tête, détachant sa main de ma chair exigeante."
"""You won't think so once you know the truth.""",Tu ne le penseras plus quand tu connaîtras la vérité.,Ça ne te semblera pas une fois que tu connaîtras la vérité.
"Did she know him, or had they just met?",Le connaissait-elle ou venaient-ils de se rencontrer ?,"Ça lui était-il connu, ou avaient-ils simplement rencontré ?"
He would not win.,Il ne gagnerait pas.,Ça ne marcherait pas.
Or cancel the contract.,Ou annuler le contrat.,Ça veut dire annuler le contrat.
"""For sixty-seven days?""",Depuis soixante-sept jours ?,67 jours ?
The moonlight streaks John's hair with gold.,"Au clair de lune, les cheveux de John se teintent d'or.",La lumière de la lune éclaircit les cheveux de John d'un or pâle.
"I'm supposed to be putting you to sleep with my droning.""",Je suis censé t'endormir avec mon histoire barbante.,Ça me faut pour te mettre au lit avec mon bourdonnement.
"That's beyond crazy, it's creepy.""","C'est plus que fou, c'est effrayant.","Ça dépasse le cadre du fou, c'est effrayant."
"""I thought you wanted to go to the park.",Je croyais que tu voulais aller au parc.,Ça m'a semblé que tu voulais aller au parc.
"And Christopher loved her enough to sacrifice everything for her.""",Et Christopher l'aimait suffisamment pour tout sacrifier pour elle.,Ça veut dire que Christopher l'aimait assez pour sacrifier tout pour elle.
"What the hell are you doing under my desk?""","Que faites-vous sous mon bureau, bon sang ?","Ça va, pourquoi est-tu sous mon bureau ?"
It wouldn't be the same.,Ce ne serait pas la même chose.,Ça ne serait pas la même chose.
"Naturally, a young mother with her toddler wanders into the area just as those delightful words leave Dyer's mouth.","Naturellement, une jeune mère et son bambin entrent dans le restaurant juste au moment où ces mots charmants sortent de la bouche de Dyer.","Ça ne fait pas de doute, une jeune mère avec son petit enfant se promène dans la zone juste après que ces mots si délicieux sont sortis de la bouche de Dyer."
"We found out about the child, but no record of Amelia.""","Nous avons découvert l'enfant, mais aucune trace d'Amelia.","Ça a été découvert pour le bébé, mais pas pour Amelia."
"Or to a place you really love.""",Ou dans un endroit que tu aimes vraiment.,Ça pourrait être un endroit où tu aimes vraiment.
"It's Saturday again, and I've invited John to go with me to a giant record fair in Cherry Hill, New Jersey.","Nous sommes samedi, et j'ai invité John à m'accompagner à une gigantesque foire aux disques à Cherry Hill, dans le New Jersey.","Ça fait encore un samedi, et j'ai invité John à venir avec moi à une foire aux disques géante à Cherry Hill, dans le New Jersey."
"""Give me a minute,"" he mumbled, and small sobs wracked his body, sending visible tremors through his shoulders.","Donne-moi une minute, marmonna-t-il, et de petits sanglots secouèrent son corps, provoquant des tremblements visibles dans ses épaules.","Ça me prendra une minute, marmonna-t-il, et de petits sanglots secouèrent son corps, provoquant des tremblements visibles sur ses épaules."
"The sun glints in his snowy, blonde hair.",Le soleil brille dans ses cheveux blonds comme la neige.,Le soleil se reflète dans ses cheveux blancs et blonds.
Then...not so much.,Ensuite... plus vraiment.,Puis... moins.
"""Lexi is the sister of the boy that...?""",Lexi est la sœur du garçon qui... ?,Lexi est la sœur du garçon qui... ?
"I don't know why I'm so nervous, except that I have no idea what's going on between us.","Je ne sais pas pourquoi je suis si nerveux, mis à part que je n'ai aucune idée de ce qui se passe entre nous.","Je ne sais pas pourquoi je suis si nerveux, sauf que je ne sais pas ce qui se passe entre nous."
"I can blame the pirate in the painting for all my troubles.""",Je peux blâmer le pirate du tableau pour tous mes problèmes.,Je peux blâmer le pirate du tableau pour toutes mes peines.
She'd never forget the perfection of the moment.,Elle n'oublierait jamais la perfection de ce moment.,Elle ne oublierait jamais la perfection du moment.
"""I would have killed your diver man that day toobut you were there.","J'aurais tué ton plongeur ce jour-là aussi, mais tu étais là.","Ça aurait pu être un autre jour, mais tu étais là."
She needed an antacid more than dinner.,Elle avait plus besoin d'un antiacide que d'un dîner.,Ça lui fallait un antacide plus qu'un dîner.
He leaned forward and buried his face in his hands.,Il se pencha en avant et enfouit son visage dans ses mains.,Il se pencha en avant et enfouit son visage dans ses mains.
"It's just that he seems so lost, at the moment.","C'est juste qu'il semble si perdu, en ce moment.","Ça vient du fait qu'il semble si perdu, pour l'instant."
Tangy warmth filled her mouth and her taste buds opened up.,La chaleur acidulée emplit sa bouche et ses papilles gustatives se réveillèrent.,Une chaleur acide remplit sa bouche et ses papilles s'ouvrirent.
"""Before we could decide exactly what we were going to do, a large wave washed over the jelly.""","Avant que nous ayons pu décider exactement ce que nous allions faire, une grande vague s'était abattue sur la méduse.","Avant que nous ne puissions décider exactement ce que nous allions faire, une grande vague s'abatta sur la méduse."
He couldn't help but smile back.,Il ne put s'empêcher de sourire à son tour.,Il ne pouvait s'empêcher de lui sourire en retour.
"He hasn't seen me yet, which is a both a blessing and a curse.","Il ne m'a pas encore vu, ce qui est à la fois une bénédiction et une malédiction.","Ça lui a permis de ne pas me voir encore, ce qui est à la fois une bénédiction et une malédiction."
"""Roman Palms is our highest earner,"" Devyn said, watching as she scrolled to a financial report.","Roman Palms est l'hôtel qui nous rapporte le plus, dit Devyn, en la regardant faire défiler un rapport financier.","Roman Palms est notre plus gros gagnant, dit Devyn en la regardant faire défiler un rapport financier."
It's become our thing.,C'est devenu notre truc.,Ça est devenu notre chose.
I hear rustling and know he's settling in for a conversation I don't know I want to have with him.,J'entends des bruits de mouvements et je sais qu'il s'installe pour une conversation que je ne suis pas sûr d'avoir envie d'entamer avec lui.,Je entends des bruits et je sais qu'il s'installe pour une conversation dont je ne sais pas si je veux avoir avec lui.
"She ought to tell him the whole story, and that Inna was after him toobut she was tired and emotionally drained.","Elle devrait lui raconter toute l'histoire, et lui dire qu'Inna lui en voulait à lui aussi, mais elle était fatiguée et à bout de nerfs.","Ça lui fallait de dire l'histoire entière, et qu'Inna était après lui, mais elle était fatiguée et émotionnellement épuisée."
"I know that I could get you an interview,"" Drew said with a sympathetic smile.","Je sais que je peux t'obtenir un entretien, dit Drew avec un sourire compatissant.","Ça m'est arrivé de faire des interviews, dit Drew avec un sourire sympathique."
It's a lot to swallow.,C'est beaucoup à avaler.,Ça fait mal à la gorge.
"His eyes open, half-lidded with lust, and I lick my bottom lip, sucking it into my mouth and biting it before I stretch my tongue out to taste him.","Ses yeux s'ouvrent, mi-clos de désir, et je lèche ma lèvre inférieure, l'aspirant dans ma bouche et la mordillant avant d'étirer ma langue pour le goûter.","Ses yeux s'ouvrent, demi-clos par la volupté, et je lèche ma lèvre inférieure, la suçant dans ma bouche et la mordant avant de tendre ma langue pour le goûter."
"""And your glorious fucking arse.""",Et ton putain de cul glorieux.,Et ton cul glorieux.
His t-shirt rides up to reveal a flat stomach covered in a light dusting of strawberry blonde hair.,Son t-shirt remonte et révèle un ventre plat recouvert d'une légère couche de poils blond vénitien.,Son tee-shirt monte pour révéler un ventre plat recouvert d'une légère poussière de cheveux blond vénitien.
"And the rent was cheaper, too.",Et le loyer était moins cher.,"Ça coûtait moins cher, aussi."
"""Yes, you did,"" Devyn murmured in agreement with a pointed look at the notes that Andi made last night.","Oui, vous l'avez fait, murmura Devyn en signe d'accord avec le regard pointé sur les notes qu'Andi avait prises la nuit précédente.","Ça a été le cas, murmura Devyn en accord avec un regard pointé vers les notes que Andi avait prises la nuit dernière."
Good thing her fantasies didn't beam out of the top of her head and project onto the ceiling.,Heureusement que ses fantasmes ne sortaient pas de sa tête pour se projeter au plafond.,Ça lui aurait été bien plus difficile si ses fantasmes s'étaient projetés sur le plafond.
And then he withdrew.,Et puis il s'est éloigné.,Et puis il se retira.
"""Yes, since you set me up with nightly play dates.""","Oui, puisque tu m'as arrangé des créneaux de rendez-vous nocturnes pour que je m'amuse.","Ça va, depuis que tu m'as mis en couple avec des rendez-vous nocturnes."
The wind gusted and showered them with a spray of misty rain.,Le vent souffla en rafales et les aspergea d'une pluie fine.,Le vent soufflait et les arrosait d'une brume de pluie.
"""I don't think he's a guard.",Je ne pense pas que ce soit un gardien.,Je ne pense pas qu'il s'agisse d'un gardien.
"""You can't dive in Kansas unless you're planning on diving corn plants.""","On ne peut pas plonger au Kansas, à moins d'avoir l'intention de plonger dans des champs de maïs.","Ça ne fonctionne pas au Kansas, sauf si tu as l'intention de plonger dans les épis de maïs."
"Mari climbed the stairs, disappearing for a moment on the other side of the dunes.","Mari monta les escaliers, disparaissant un instant de l'autre côté des dunes.","Mari grimpa les escaliers, disparaissant pendant un moment de l'autre côté des dunes."
His attention had been on her and no one else.,Son attention s'était portée sur elle et sur personne d'autre.,Son attention était restée sur elle et nul ne l'avait distrait.
"?"" He asks.",demande-il.,Ça fait quoi ?
"For a moment, Devyn considered taking a look at the notebook on the couch next to her to find out what she was working on, only to decide against it since that would probably end with him feeling like the biggest asshole alive when that bottom lip started trembling and she sadly mumbled, ""My notebook.""","Pendant un instant, Devyn envisagea de jeter un coup d'œil au carnet posé sur le canapé à côté d'elle pour savoir sur quoi elle travaillait, mais il décida de ne pas le faire parce qu'il finirait probablement par se sentir comme le plus grand connard lorsque sa lèvre inférieure se mettrait à trembler et qu'elle marmonnerait tristement : ""mon carnet.""","Devyn envisagea de jeter un coup d'œil au cahier sur le canapé à côté d'elle pour voir ce qu'elle travaillait, mais il décida finalement de ne pas le faire car ça finirait probablement par le rendre le plus grand con d'humanité en voyant sa lèvre inférieure trembler et en entendant tristement marmonner : ""Mon cahier""."
"""I didn't know you made a habit of riding out storms.""",Je ne savais pas que tu avais l'habitude de traverser les tempêtes.,Ça m'étonne que tu aies l'habitude de faire face aux tempêtes.
"""I don't know,"" she said, raising her voice over the sound of the water.","Je ne sais pas, dit-elle en élevant la voix au-dessus du bruit de l'eau.","Ça ne m'a pas dit, dit-elle en élevant la voix au-dessus du bruit de l'eau."
"""Then you should probably answer quickly,"" he said, not really looking all that concerned that she was about to create a memory that neither one of them would ever forget.","Alors, tu devrais probablement répondre rapidement, dit-il, ne semblant pas vraiment préoccupé par le fait qu'elle était sur le point de créer un souvenir que ni l'un ni l'autre n'oublierait jamais.","Ça veut dire que tu devrais probablement répondre rapidement, dit-il, sans avoir l'air vraiment inquiet qu'elle allait créer une mémoire qu'ils ne oublieront jamais."
"""I'd just found out my little sister has cancer!"" The teen screams, startling the room.",Je viens d'apprendre que ma petite sœur a un cancer !,Je viens de découvrir que ma petite sœur a le cancer !
Dyer is unreasonably handsome.,Dyer est d'une beauté démesurée.,Dyer est trop beau.
"Hoping that this would be quick, Andi opened the door only to find a large man standing in the hallway.","En espérant que ce serait rapide, Andi ouvrit la porte et trouva un homme imposant qui se tenait dans le couloir.","Espérant que ça se passerait vite, Andi ouvrit la porte pour découvrir un homme de taille imposante dans le couloir."
"""If you stay, I do too.","Si tu restes, je reste aussi.","Si tu restes, je le ferai aussi."
"He swipes at it, but another soon takes its place.","Il l'essuie, mais une autre prend rapidement sa place.","Il l'écarte, mais une autre se met rapidement à sa place."
"Besides, it gives me time to think.","Et puis, ça me laisse le temps de réfléchir.",Ça me donne le temps de penser.
"His grip on me is light, but it burns hot.","Son emprise sur moi est légère, mais elle est brûlante.","Son étreinte est légère, mais brûlante."
"""You have to admit, it was a smart move to blame me.",Tu dois admettre que c'était une bonne idée de m'accuser.,Ça faut admettre que c'était une bonne idée de me blâmer.
"When I first landed on America's shores, I'd had high hopes of becoming a music journalist.","Lorsque j'ai débarqué sur le sol américain, j'avais le grand espoir de devenir journaliste musical.","Quand j'ai débarqué sur les rivages de l'Amérique, j'avais de grandes espérances de devenir journaliste musical."
"I snatch up the rest of my things, and then I walk out of  John's bedroom.",Je ramasse le reste de mes affaires et je sors de la chambre de John.,"Je ramasse le reste de mes affaires, puis je quitte la chambre de John."
"But if he does, then he'll see how desperately I want him to do just that.","Mais s'il le fait, il verra à quel point j'ai désespérément envie qu'il le fasse.","Mais s'il le fait, il verra à quel point je veux qu'il le fasse."
"He's such a sweetheart, so tender and gentle, and yet so powerful.","Il est si gentil, si tendre et si doux, et pourtant si puissant.","Ça fait si bien, il est si doux, si tendre et si doux, et pourtant si puissant."
He remembered how much he loved the ocean before the accident.,Il se souvient à quel point il aimait l'océan avant l'accident.,Il se souvint de l'amour qu'il portait à l'océan avant l'accident.
You would have been collateral damage if I hadn't been able to rescue you.,Tu aurais été un dommage collatéral si je n'avais pas pu te sauver.,Ça aurait été un dommage collatéral si je n'avais pas pu te sauver.
"They look rather cozy, actually.","Ils ont l'air plutôt sympathiques, en fait.","Ça a l'air assez confortable, en fait."
Like he's using me to test waters he's been afraid to swim in for whatever reason.,Comme s'il m'utilisait pour tester des eaux dans lesquelles il a peur de nager pour une raison ou une autre.,Comme s'il m'utilisait pour tester les eaux qu'il craignait de nager pour quelque raison que ce soit.
Her mouth barely moved as she spoke.,Sa bouche bougeait à peine lorsqu'elle parla.,Son bouche ne bougeait que très peu lorsqu'elle parlait.
"""Right now, Roman Palms is renting their ballroom space for the Winter Wonderland and a few other low attendance events at a fraction of the price because it's easier, but it's costing them in the long run,"" Andi explained as he took the iPad from her and swiped through the file, taking a closer look at the numbers.","En ce moment, Roman Palms loue sa salle de bal pour le Winter Wonderland et quelques autres événements peu fréquentés à une fraction du prix normal parce que c'est plus facile, mais ça leur coûte cher à long terme, expliqua Andi en lui prenant l'iPad et en parcourant le fichier, examinant les chiffres de plus près.","Ça leur coûte au final, expliqua Andi alors qu'il lui prenait l'iPad des mains et parcourait le dossier, en étudiant les chiffres."
I don't have complete control over my body at the moment.,Je n'ai pas le contrôle total de mon corps en ce moment.,Je n'ai pas le contrôle complet de mon corps en ce moment.
"You act like you know him.""",Tu agis comme si tu le connaissais.,Ça donne l'impression que tu le connaisses.
The Hollywood Hearts Series:,La série Hollywood Hearts :,La série Hollywood Hearts :
"The room fills up rapidly around us, its dark walnut tables wobbling under the weight of glasses, dishes, and errant elbows.","La salle se remplit rapidement autour de nous, les tables en noyer sombre vacillent sous le poids des verres, de la vaisselle et des coups de coude.","La pièce se remplit rapidement autour de nous, ses tables en noyer sombres se balançant sous le poids de verres, de plats et d'épaulettes errantes."
But she didn't say that.,Mais elle n'avait pas dit ça.,Mais elle ne l'a pas dit.
"Of course, he'd keep it all for himself.","Bien sûr, il garderait tout pour lui.","Ça lui appartenait, il le garderait pour lui."
"""Yeah,"" he grunts into my neck.","Oui, grogne-t-il dans mon cou.","Ça va, dit-il en m'embrassant dans le cou."
It was all you could do when the air ran out.,C'est tout ce qu'on peut faire quand il n'y a plus d'air.,Ça était tout ce que l'on pouvait faire quand l'air s'échappait.
And then he's racked by a choking sob that takes him to his knees.,Puis un sanglot étouffé le fait tomber à genoux.,Et puis il est frappé par un sanglot qui le fait tomber à genoux.
"Maybe tomorrow if there isn't much damage from the weather.""",Peut-être demain s'il n'y a pas trop de dégâts,Ça pourrait être demain si le temps ne nous a pas trop mal fait.
I'll take him as a faux pirate since the real ones need baths and a dentist anyway.,Je le considérerai comme un faux pirate puisque les vrais ont de toute façon besoin d'un bain et d'un dentiste.,"Ça me semble un faux pirate, car les vrais en ont besoin d'un bain et d'un dentiste."
"Wait until my mother hears about you trying to kill me.""",Attends que ma mère apprenne que tu as essayé de me tuer.,Attends que ma mère en ait connaissance.
"He'd gone years without touching a woman, but the thought of going even one day without touching her...","Il avait passé des années sans toucher une femme, mais l'idée de passer ne serait-ce qu'un jour sans la toucher...","Ça faisait des années qu'il ne touchait pas de femme, mais l'idée de passer un jour sans la toucher..."
"His are dark, darker than I've ever seen them, the pupils completely blown.","Les siens sont sombres, plus sombres que je ne les ai jamais vus, les pupilles complètement dilatées.","Ça fait longtemps que je ne les ai pas vus aussi sombres, les pupilles complètement dilatées."
"I've never ordered your pimento cheese, but it tastes different than what I've had before.""","Je n'ai jamais commandé ton fromage pimenté, mais il a un goût différent de ceux que j'ai déjà mangé.","Je n'ai jamais commandé ton fromage au piment, mais il a un goût différent de ce que j'ai déjà goûté."
It's the question glaring at me from the top of my screen.,C'est la question qui m'interpelle en haut de mon écran.,Ça est la question qui me regarde du haut de mon écran.
"""Why do I have a feeling that this is about more than just a job?""",Pourquoi ai-je l'impression qu'il s'agit de bien plus qu'un simple travail,Ça me donne l'impression que ce n'est pas seulement un travail.
"""Let's get the last window on this side done.",Nous allons terminer la dernière fenêtre de ce côté.,Ça fait maintenant un moment que je veux faire cette fenêtre.
"A flash of a distant transformer going, and then memories burned in his stomach like a whirlpool.","Un éclair venant d'un transformateur lointain qui se mettait en marche, puis des souvenirs brûlèrent dans son l'estomac comme un tourbillon.","Un éclair de transformateur lointain s'allumant, puis des souvenirs brûlaient dans son estomac comme un tourbillon."
"The strong flame flickered in his sight, the remnants of his tears making halo rainbows around the flame.","La forte flamme vacilla sous ses yeux, les restes de ses larmes formant des arcs-en-ciel autour de la flamme.","Le feu puissant flambait dans son regard, les restes de ses larmes faisant éclore des arcs-en-ciel autour du feu."
"""Luke was about seven, I think.","Luke avait environ sept ans, je crois.","Luke avait environ sept ans, je crois."
"The little place felt more like a home than anywhere she'd lived, and she wasn't ready to leave it behind.","Ce petit endroit ressemblait plus à un foyer que n'importe quel autre endroit où elle avait vécu, et elle n'était pas prête à le laisser derrière elle.","Le petit appartement lui semblait plus comme une maison qu'ailleurs où elle avait vécu, et elle n'était pas prête à l'abandonner."
"""I didn't want to delay the project,"" she mumbled sadly only to open her eyes and glare at the man who'd quickly become like a big brother to her over the past year and seemed to really enjoy tormenting her when he muttered, ""Pain in the ass.""","Je ne voulais pas retarder le projet, marmonna-t-elle tristement, avant d'ouvrir les yeux et de fixer l'homme qui était rapidement devenu un grand frère pour elle au cours de l'année écoulée et qui prenait plaisir à la tourmenter en marmonnant : ""Casse-pieds"".","Je ne voulais pas retarder le projet, marmonna tristement, puis elle ouvrit les yeux et jeta un regard acariâtre sur l'homme qui avait rapidement devenu comme un grand frère pour elle au cours de l'année écoulée et semblait vraiment apprécier de la tormenter lorsqu'il murmura, ""Pain dans le cul""."
"""That's not really an answer,"" Andi said as she carefully slipped her feet back into her shoes.","Ce n'est pas vraiment une réponse, dit Andi alors qu'elle remettait avec précaution ses chaussures.","Ça ne répond pas à ma question, dit Andi alors qu'elle remettait prudemment ses pieds dans ses chaussures."
Where were all the birds?,Où étaient tous les oiseaux ?,Ça faisait trop longtemps qu'il n'y avait plus de vols de papillons.
"I'm very, very busy, you know.","Je suis très, très occupé, tu sais.","Ça fait très, très longtemps que je suis très, très occupé."
It was going to be an easy cleanup with no water damage to contend with.,Le nettoyage allait être facile et il n'y aurait pas de dégâts des eaux à déplorer.,Ça allait être un nettoyage facile sans dommages par eau à redresser.
John and I?,John et moi ?,John et moi ?
My parents already thought I was obsessed.,Mes parents pensaient déjà que j'étais obsédé.,Mon père et ma mère pensaient déjà que je suis obsédé.
A cool wave slid over her feet and her tail throbbed.,Une vague fraîche glissa sur ses pieds et sa queue palpita.,Une vague froide glissa sur ses pieds et sa queue battait.
"She leaned into him, relishing the warmth and safety of his hug.","Elle se pencha vers lui, savourant la chaleur et la sécurité de son étreinte.","Elle s'approcha de lui, savourant la chaleur et la sécurité de son bras."
"""But of course you'd be a butterfly.""",Mais bien sûr que tu deviendras un papillon.,"Mais bien sûr, tu serais un papillon."
"Before I know it, I've closed the door and grabbed him from behind.","Avant même de m'en rendre compte, j'ai refermé la porte et je l'ai attrapé par derrière.","Je ne sais plus ce que je fais, j'ai fermé la porte et l'ai attrapé du dos."
I was busy boarding up the windows and closing the storm shutters.,J'étais occupé à barricader les fenêtres et à fermer les volets.,Je me trouvais en train de calfeutrer les fenêtres et de fermer les volets anti-tempête.
"He's clearly educated, and I've seen his patience in action.",Il est manifestement instruit et j'ai vu sa patience à l'œuvre.,"Ça est clair qu'il est éduqué, et j'ai vu sa patience en action."
"He looked so stressed, Andi thought as she lay there, watching Devyn as he worked on the couch that he'd dragged in here to keep an eye on her because apparently, he had trust issues and-","Il paraissait tellement stressé, pensa Andi alors qu'elle était allongée là, regardant Devyn travailler sur le canapé qu'il avait traîné ici pour garder un œil sur elle parce qu'apparemment, il avait des problèmes de confiance et...","Ça lui faisait tellement peur, pensa Andi en se reposant, en regardant Devyn travailler sur le canapé qu'il avait ramené ici pour surveiller Andi, car il semblait avoir des problèmes de confiance et..."
Gulls shrieked warnings in the distance.,Des goélands criaient des avertissements au loin.,Des goélands criaient des avertissements à l'horizon.
"She's strong in her convictions, anyone with eyes can see it.","Elle est tient droite dans ses bottes, n'importe qui avec des yeux peut le voir.","Ça fait que sa conviction est forte, tout le monde peut le voir."
The men didn't need to cross paths.,Les deux hommes n'avaient pas besoin de se croiser.,Les hommes n'avaient pas besoin de se croiser.
It's romantic.,C'est romantique.,Ça est romantique.
"After handing the keys to the valet, Devyn, who kept sending her accusing glares, led her inside the incredibly beautiful hotel lobby.","Après avoir remis les clés au voiturier, Devyn, qui ne cessait de lui lancer des regards accusateurs, la conduisit à l'intérieur du hall de l'hôtel, d'une beauté incroyable.","Après avoir remis les clés au concierge, Devyn, qui continuait à lui jeter des regards accusateurs, la mena à l'intérieur de l'hôtel, dont l'entrée était incroyablement belle."
Maybe this Patrick was the reason.,Peut-être que ce Patrick en était la raison.,Ça pourrait être la raison.
"""I thought you were resting.",Je croyais que tu te reposais.,Je pensais que tu reposais.
"He took her mouth in his, taking in the sweetness of her breath and the yielding fullness of her lips.","Il prit sa bouche dans la sienne, profitant de la douceur de son souffle et de la souplesse de ses lèvres.","Il prit sa bouche dans la sienne, respirant la douceur de son souffle et la pleine souplesse de ses lèvres."
"He should give her one last kiss goodbye and head for the door, but...","Il devrait lui donner un dernier baiser d'adieu et se diriger vers la porte, mais...","Il devrait lui donner un dernier baiser et se diriger vers la porte, mais..."
"I can't describe the noise I make, part newborn kitten, part whiny toddler.","Je ne peux décrire le bruit que je fais, on dirait à la fois un chaton nouveau-né et un enfant pleurnichard.","Je ne peux pas décrire le bruit que je fais, un miaulement de chaton nouveau-né, un gémissement de petit enfant."
"""Are you ready to tell me what happened between you two?""",Es-tu prêt à me dire ce qui s'est passé entre vous deux ?,Êtes-vous prêt à me dire ce qui s'est passé entre vous deux ?
Pterodactyls take up residence in my gut.,Des ptérodactyles s'installent dans mes tripes.,Les ptérodactyles s'installent dans mon intestin.
"Dizzied, she couldn't separate Chase's licks from his nibbles, and she fell over the edge in one frantic shout.","Étourdie, elle n'arrivait pas à distinguer les coups de langue de Chase de ses mordillements, et elle tomba dans le vide en poussant un cri frénétique.","Elle était ébranlée, elle ne pouvait pas séparer les lèvres de Chase de ses morsures, et elle tomba dans l'abîme en un cri frénétique."
"Who has time to bake bread anymore?""",Qui a encore le temps de faire du pain ?,Ça fait si longtemps que l'on ne fait plus de pain ?
"I hold up a hand, hating the fact that it wobbles.","Je lève une main, détestant le fait qu'elle tremble.","Je lève la main, me détestant pour ce qu'elle tremble."
"LPs, CDs, and rare box sets, both vinyl and digital.","Des vinyles, des CD et des coffrets rares, tant en vinyle qu'en numérique.","Des LP, des CD et des boîtes rares, en vinyle et en numérique."
"""This is Frankie L, and I'm here to take you on a journey.",Je suis Frankie L. et je suis là pour vous faire voyager.,Ça est Frankie L et je suis là pour vous emmener sur un voyage.
"""While I was taking a look at Roman Palms Hotel's files, I got curious about a few things, mostly about their off-months,"" she began as he took the hint and sat up only to release a small grunt when she climbed between his legs and grabbed the iPad back out of his hands so that she could take over.","Pendant que je jetais un coup d'œil aux dossiers de l'hôtel Roman Palms, j'ai été curieuse de certaines choses, surtout à propos de leurs mois creux, commença-t-elle.","Je me suis intéressée aux dossiers de l'hôtel Roman Palms pendant que j'étais là, et j'ai été curieuse de certaines choses, surtout de leurs mois de fermeture, a commencé-t-elle alors qu'il prenait le bâton et s'assit, avant de lâcher un petit grognement lorsqu'elle s'enfila entre ses jambes et repoussa l'iPad de ses mains pour pouvoir prendre le relais."
"But yeah, I'm pretty sure we're going to end up naked.","Mais oui, je suis presque sûr que nous allons finir nus.","Ça va, je suis presque sûr que nous allons finir nu."
"She'd gotten a little sad, mostly because she'd never known her dad.","Elle s'était sentie un peu triste, surtout parce qu'elle n'avait jamais connu son père.","Ça l'avait un peu fait triste, surtout parce qu'elle n'avait jamais connu son père."
"How'd you get through high school?""",Comment as-tu fait pour survivre les années lycée ?,Ça t'a bien passé au lycée ?
"""Give me what I want, Frankie,"" John growls.","Donne-moi ce que je veux, Frankie, grogne John.","Donne-moi ce que je veux, Frankie, grogne John."
"""That's not what I'm focusing on right now,"" I mutter.","Ce n'est pas ce sur quoi je me concentre en ce moment, murmuré-je.","Ça n'est pas ce que je me concentre sur le moment, murmuré-je."
"He hopped off the barstool and grabbed all the dishes with the finesse of a longtime waiter, stacking everything on his forearm and parading to the kitchen door.","Il sauta du tabouret et attrapa toute la vaisselle avec la dextérité d'un serveur expérimenté, empilant le tout sur son avant-bras et se dirigeant vers la porte de la cuisine.","Il se détacha du tabouret et ramassa tous les plats avec la finesse d'un serveur expérimenté, les empilant sur son avant-bras et se dirigeant vers la porte de la cuisine."
"""Forgot we don't have lights.",J'ai oublié que nous n'avions pas de lumière.,Ça nous a échappé que nous n'avons pas de lumières.
"""I'll..."" I try to swallow and end up coughing.",J'essaie d'avaler ma salive et je finis par tousser.,Je tente de déglutir et finis par m'éternuer.
"Looks like you're done.""",On dirait que tu as fini.,Ça semble que tu aies fini.
Doing hurricane prep.,Je prépare l'arrivée de l'ouragan.,Ça fait partie des préparatifs pour les ouragans.
"""I..."" I shake my head, trying to laugh off this, whatever it is.","Je secoue la tête, essayant de rire de tout ça, peu importe ce que c'est.","Ça... je secoue la tête, essayant de rire à l'idée."
He's practically dead on his feet tonight.,Il est pratiquement mort de fatigue ce soir.,Ça fait presque un mort sur les pieds ce soir.
He had to stay strong for her.,Il devait rester fort pour elle.,Il devait rester fort pour elle.
"""Trust me, there's nothing wrong with this deal.","Fais-moi confiance, il n'y a rien qui cloche avec ce contrat.","Ça fait confiance, il n'y a rien de mal dans ce contrat."
"At the first gush of his warm breath on me, I buck hard.","À la première bouffée de son souffle chaud sur moi, je me cabre.","Dès que son souffle chaud me frappe, je me redresse."
"""So?"" She turned to look over the sound at the sun slung low in the sky.",Alors... Elle se tourna pour regarder le soleil bas dans le ciel.,Ça va ? Elle se tourna pour regarder le soleil qui se balançait bas dans le ciel.
"When John frowns, I continue.","Devant le froncement de sourcils de John, je poursuis.","Quand John fronce les sourcils, je continue."
It's a distraction.,C'est une sacrée distraction.,Ça sert de distraction.
"He's not looking at me, his eyes are trained on the ceiling.","Il ne me regarde pas, ses yeux sont rivés au plafond.","Ça ne me regarde pas, ses yeux sont rivés au plafond."
"They walked without talking, Mari whistling what sounded like a mash-up of Jingle Bells and America, the Beautiful, and Chase trying to keep up with her brisk pace.","Ils marchaient sans parler, Mari sifflant ce qui ressemblait à un mélange de Jingle Bells et d'America, the Beautiful, et Chase essayant de suivre son rythme rapide.","Ça marchait sans qu'ils ne parlent, Mari s'entendant à la chanson qui ressemblait à un mash-up entre Jingle Bells et America, the Beautiful, et Chase essayant de suivre son rythme rapide."
"He's been up all night, and it shows.",Il n'a pas dormi de la nuit et cela se voit.,"Ça fait une nuit entière qu'il est en train de passer, et ça le montre."
We've never even exchanged contact information.,Nous n'avons jamais échangé nos coordonnées.,Ça n'a jamais été question de nous échanger nos informations de contact.
"It is a lie.""",C'est un mensonge.,Ça fait une bêtise.
"""Hey, John, good to see you again.""","Hé, John, content de te revoir !","Ça fait du bien de te revoir, John."
"He set the dishes on the counter, then headed to the bar.",Il posa les plats sur le comptoir et se dirigea vers le bar.,"Il posa les assiettes sur le comptoir, puis se dirigea vers le bar."
Blood dripped onto his shirt.,Du sang coulait sur son tee-shirt.,Le sang tombait sur son tee-shirt.
"If Amelia had survived, then there were lots of part-mer, part-humans out there on Chase's family tree.","Si Amelia avait survécu, c'est qu'il y avait beaucoup de métis de sirènes et d'humains dans l'arbre généalogique de Chase.","Si Amelia avait survécu, il y avait beaucoup de métis entre les mers et les humains dans l'arbre généalogique de Chase."
"""Oh, no,"" he says, and his laugh is...not bitter, it's a laugh of disbelief.","Oh, non ! dit-il, et son rire n'est pas amer, c'est un rire d'incrédulité.","Non, dit-il, et son rire n'est pas amer, c'est un rire de désespoir."
I often wonder if she's got hidden cameras.,Je me demande souvent si elle a des caméras cachées.,Ça me fait souvent penser qu'elle a des caméras cachées.
"So much wind.""",Il y a tellement de vent.,Ça fait si fort le vent.
"""I was almost killed by a tourist attraction.""",J'ai failli être tuée par une attraction touristique.,"Ça m'a presque tué, une attraction touristique."
"Within seconds, his gaze went from panicked to determined.","En quelques secondes, son regard passa de la panique à la détermination.","Dans quelques secondes, son regard passa de panique à détermination."
"In fact, he looks like he hasn't slept since primary school.","En fait, on dirait qu'il n'a pas dormi depuis l'école primaire.",Ça lui donne l'impression qu'il n'ait pas dormi depuis l'école primaire.
"""Sure, there's a balcony just off the guest bedroom.""","Bien sûr, il y a un balcon dans la chambre d'amis.","Ça y est, il y a un balcon juste à côté de la chambre des invités."
"In the meantime, I try to stick to mornings at the school district.""","En attendant, j'essaie de m'en tenir aux matinées à l'école...",Ça me permet d'être au travail le matin.
"Step by step, he drew closer.","Pas à pas, il se rapprocha.","Pas à pas, il s'approchait."
"There are stars behind my eyes, and a whirring sound in my ears, followed by pounding in my ribcage.","J'ai des étoiles derrière les yeux et un bourdonnement dans les oreilles, suivi d'un martèlement dans la cage thoracique.","Ça fait des étoiles derrière mes yeux, un bruit de tourbillon dans mes oreilles, suivi d'un battement dans ma poitrine."
Wasn't that the legend?,N'est-ce pas ce que disait la légende ?,Ça faisait partie de la légende ?
"""I enjoy those things,"" he says, a frown over his beautiful eyes.","J'aime ces instants-là, dit-il en fronçant les sourcils.","Ça me plaît, dit-il, un froncement de sourcils sur ses beaux yeux."
"""So, I couldn't help but notice that there was a lovely hotel on the way here,"" Andi pointed out, already reaching for her phone.","Je n'ai pas pu m'empêcher de remarquer qu'il y avait un bel hôtel sur le chemin, souligna Andi, en attrapant déjà son téléphone.","Ça m'a donc fait plaisir de remarquer qu'il y avait un hôtel très agréable sur le chemin, dit Andi en tendant déjà la main vers son téléphone."
"""I did,"" he readily agreed as he began caressing the back of her hand with his thumb.","C'est vrai, reconnut-il volontiers en commençant à caresser le dos de sa main avec son pouce.","Ça a été très bon, dit-il tout en commençant à caresser le dos de sa main avec son pouce."
She peered out the window and whistled Jingle Bells under her breath.,Elle jeta un coup d'œil par la fenêtre et siffla doucement Jingle Bells.,Elle jeta un coup d'œil à la fenêtre et s'entonna de Jingle Bells sous son souffle.
"John toes out of his Skechers and lifts, first one leg, then the other as I strip him of his jeans.","John enlève ses Skechers et soulève d'abord une jambe, puis l'autre, tandis que je le débarrasse de son jean.","John enlève ses Skechers et soulève, d'abord une jambe, puis l'autre, alors que je lui enlève son jean."
"""I'm going to try,"" Nicholas said, his lips twitching with amusement as he helped himself to another slice of bacon.","Je vais essayer, dit Nicholas, ses lèvres se tordant d'amusement tandis qu'il se servait une autre tranche de bacon.","Je vais essayer, dit Nicholas, les lèvres se plissant de rire alors qu'il prenait une autre tranche de bacon."
"Amelia swam into the still waters, and when she saw Christopher, she lifted her arms like she wanted to board the ship.","Amelia avait nagé dans les eaux calmes, et quand elle avait vu Christopher, elle avait levé les bras comme si elle voulait monter à bord.","Amelia nagea dans les eaux calmes, et lorsqu'elle vit Christopher, elle leva les bras comme si elle voulait monter à bord du navire."
"""...wasn't a homophobic asshat?",... n'était pas un connard homophobe ?,Ça n'était pas un connard homophobe ?
"""I'll leave you to negotiate that with John,"" Gayle answers as she gathers her things to go.","J'te laisse négocier ça 'vec John, répond Gayle en rassemblant ses affaires pour partir.","Ça te laisse négocier avec John, répond Gayle en rassemblant ses affaires pour partir."
That look has me trembling.,Ce regard me fait trembler.,Ça me fait trembler.
"Besides, if anything happens, I'll be right there to keep you safe,"" Travis said as she forced herself to look away from Devyn, wondering what the hell was wrong with her.","De plus, si quelque chose devait arriver, je serai là pour vous protéger, déclara Travis alors qu'elle s'efforçait de détourner le regard de Devyn, se demandant ce qui n'allait pas chez elle.","Ça ne fait rien, si quelque chose se passe, je serai là pour te protéger, dit Travis alors qu'il se forçait à ne pas regarder Devyn, se demandant ce qu'il lui arrivait."
I don't have to tell him twice.,Je n'ai pas besoin de le lui dire deux fois.,Je ne dois pas le dire deux fois.
"Thunder echoed in the distance and stalks of bright lightning dropped out of the sky near the horizon, momentarily lighting up the surface of the ocean like polished silver.","Le tonnerre résonnait au loin et des éclairs brillants tombaient du ciel près de l'horizon, illuminant momentanément la surface de l'océan comme de l'argent poli.","Le tonnerre retentit à l'horizon et des éclairs lumineux s'abattaient sur le ciel, éclairant momentanément la surface de l'océan comme de l'argent poli."
Seemed like baseball was always on lately.,On aurait dit que le baseball était toujours à l'écran ces derniers temps.,Ça semblait que le baseball soit toujours diffusé récemment.
"I hear the tell-tale snick of the cap of a bottle, and then cold liquid drips down my crease.","J'entends le bruit caractéristique du bouchon de bouteille qu'on ouvre, puis un liquide froid coule le long de mon pli.","Je entends le cliquetis d'une bouteille, puis une liquide froide s'écoule dans ma sillon."
"Before she could finish the sentence that promised to break the perfection of the moment, he tipped her chin higher and grazed her lips with his.","Avant qu'elle ne puisse terminer la phrase qui promettait de briser la perfection du moment, il lui fit relever le menton et effleura ses lèvres.","Avant qu'elle ne puisse terminer la phrase qui promettait de rompre la perfection du moment, il la fit remonter le menton et effleura ses lèvres avec les siens."
"The setting sun streamed across the park, casting long shadows of rides onto the empty beach like an invading army of giant insects.","Le soleil couchant traversa le parc, projetant de longues ombres de manèges sur la plage vide, telle une armée envahissante d'insectes géants.","L'après-midi enflammé se répandait dans le parc, projetant des ombres longues des attractions sur la plage déserte comme une armée envahissante de gros insectes."
She loved the way the light streaked across his angry eyes like a flash of lightning over a dark sea.,"Elle aimait la façon dont la lumière traversait ses yeux en colère, comme un éclair sur une mer sombre.",Ça lui plaisait de voir la lumière se déverser dans ses yeux en colère comme une éclair de tonnerre sur une mer sombre.
"I'm fuller than I've ever been, stretched and aching with a pleasure I can barely process.","Je n'ai jamais été aussi rempli, étiré et endolori par un plaisir que j'ai du mal à assimiler.","Je suis plus rempli que jamais, étiré et affaissé par un plaisir que je ne peux difficilement assimiler."
"""I'm sorry you had to leave a job you loved, the place you grew up,"" I say, and I mean it.","Je suis désolé que tu aies dû quitter un travail que tu aimais, l'endroit où tu as grandi, dis-je, et je le pense vraiment.","Je suis désolé que tu aies dû quitter un travail que tu aimais, le lieu où tu as grandi, dis-je, et je le dis avec sincérité."
"It's the least I can do.""",C'est le moins que je puisse faire.,Ça ne fait que le moins que je peux.
Her heart thumped and she whistled the Imperial March from Star Wars.,Son cœur battait la chamade et elle siffla la Marche impériale de La Guerre des étoiles.,Son cœur battait la chasse et elle siffla la marche impériale de Star Wars.
"He lifted her chin and kissed her, his lips pressing against hers in fervent desire.","Il lui souleva le menton et l'embrassa, ses lèvres se pressant contre les siennes dans un désir fervent.","Il souleva son menton et l'embrassa, ses lèvres s'accrochant à les siennes dans un désir fervent."
"""I love seeing you wearing that necklace,"" he murmured.","J'aime te voir porter ce collier, murmura-t-il.","Ça me plaît de te voir avec ce collier, murmura-t-il."
"""So, I think I figured it out,"" Andi said, already completely fucking lost in whatever was on the iPad that she'd managed to get her hands on as she rolled onto her back.","Ah, j'ai trouvé, dit Andi, déjà complètement perdue dans ce qu'il y avait sur l'iPad sur lequel elle avait réussi à mettre la main, alors qu'elle se roulait sur le dos.","Ça veut dire que je pense avoir compris, dit Andi, déjà complètement perdue dans ce qui était sur l'iPad qu'elle avait réussi à obtenir, alors qu'elle se retournait sur le dos."
"""We'd better get to work.""",Nous ferions mieux de nous mettre au travail.,Ça nous faut mieux travailler.
His voice pours over me like melted chocolate.,Sa voix se déverse sur moi comme du chocolat fondu.,Sa voix me coule comme du chocolat fondu.
"I'm sure they made the best decision, given the conditions.""","Je suis sûre qu'ils ont pris la meilleure décision, compte tenu des conditions.","Je suis sûr qu'ils ont pris la meilleure décision, compte tenu des conditions."
"I don't know how long we stand in my doorway, but I eventually slip out of his arms and lead him over to the couch.","Je ne sais pas combien de temps nous sommes restés sur le seuil de ma porte, mais j'ai fini par me défaire de son étreinte et je le conduis jusqu'au canapé.","Je ne sais pas combien de temps nous restons dans mon portail, mais je finis par m'échapper de ses bras et le conduis à la canapé."
"""I can't give you what you need.",Je ne peux pas te donner ce dont tu as besoin.,Je ne peux pas t'offrir ce dont tu as besoin.
"""I guess you weren't kidding about the whole birthright thing.""",Je suppose que tu ne plaisantais pas à propos de l'héritage culturel.,Ça veut dire que tu n'as pas joué sur le fait que tu sois le héritier.
"I have the overwhelming urge to kiss him there, and so I do.","J'ai une envie irrésistible de l'embrasser à cet endroit, et c'est ce que je fais.","Je ressens un désir irrépressible de l'embrasser là-bas, et je le fais."
"Whether she had hidden it, or he hadn't looked closely enough to see it, he didn't know.","Qu'elle l'ait cachée ou qu'il ne l'ait pas regardée d'assez près pour la voir, il ne le savait pas.","Si elle l'avait caché ou s'il n'avait pas regardé de près pour le voir, il ne le savait pas."
I don't think I've ever met anyone so ready to experience joy.,Je crois que je n'ai jamais rencontré quelqu'un d'aussi enclin à éprouver de la joie.,Je ne pense pas avoir jamais rencontré quelqu'un aussi prêt à vivre le plaisir.
Mari leaned over to see.,Mari se pencha pour voir.,Mari se pencha pour voir.
She was always at the hospital.,Elle était toujours à l'hôpital.,Ça faisait toujours des années qu'elle était à l'hôpital.
It probably saved me.,Elle m'a probablement sauvé.,Ça m'a probablement sauvé.
"A bit worried about the storm, yeah.""","Je suis un peu inquiète à cause de la tempête, c'est tout.","Ça fait un peu peur pour la tempête, oui."
No sign of Inna anywhere.,Aucune trace d'Inna.,Pas de signe d'Inna nulle part.
"He's blinking up at the ceiling, and he's gone quiet.","Il cligne des yeux en regardant le plafond, et il est devenu silencieux.",Il est en train de cligner les yeux vers le plafond et il est tombé dans le silence.
"""I'd go for a swim if I didn't worry about all the debris in the water.""",J'irai bien nager si je ne m'inquiétais pas de tous les débris dans l'eau.,Je me baignerais si je ne me préoccupais pas des débris dans l'eau.
"Can't you get out of the contract?""",Tu ne peux pas rompre ce contrat ?,Ça ne te serait pas possible de sortir du contrat ?
"Determined to ignore it, she cleared her throat, slapped a smile on her face and watched as Devyn's eyes narrowed on her as he reached over and plucked the phone out of her hand.","Déterminée à l'ignorer, elle se racla la gorge, afficha un sourire et regarda Devyn qui, les yeux rivés sur elle, s'approcha et lui enleva le téléphone des mains.","Determinée à l'ignorer, elle se frotta la gorge, colla un sourire sur son visage et regarda Devyn qui fixa ses yeux alors qu'il tendait la main pour lui retirer le téléphone."
"""More,"" he responds.","Plus, répond-il.","Ça suffit, répond-il."
"""Oh yes, we'll be married.","Oh oui, nous nous marierons.","Oh oui, nous serons mariés."
Will there be?,Y en aura-t-il ?,Ça y sera ?
He winced as a streak of pain shot through his face at her touch.,Il grimaça lorsqu'un trait de douleur traversa son visage à son contact.,Il frémit lorsqu'une douleur traverse son visage à son contact.
"It only takes one breach, and there'll be water and mess all over the bar.""",Il suffit d'une brèche pour qu'il y ait de l'eau et des dégâts partout dans le bar.,Ça suffit d'une fuite pour que l'eau et le brouillard envahissent le bar.
"It's a necessity.""",C'est une nécessité.,Ça est une nécessité.
My focus is on the Big Plates section of the menu until John's voice rumbles across the table.,Je me concentre sur la catégorie des grandes assiettes sur le menu jusqu'à ce que la voix de John retentisse à l'autre bout de la table.,Je suis concentré sur la partie des grands plats du menu jusqu'à ce que la voix de John traverse la table.
"""We talked about that,"" Andi pointed out as she googled Hillshire Hotels to see how they were holding up after yesterday, only to swallow hard when she saw the first headline.","Nous en avions déjà parlé, fit-elle remarquer, tout en cherchant sur Google ""Hôtels Hillshire"" pour voir comment ils s'en sortaient depuis la veille","Ça a été abordé, fit remarquer Andi en cherchant les Hôtels Hillshire sur Google pour voir comment ils se portaient après hier, mais elle déglutit difficilement lorsqu'elle vit le premier titre."
"He'd never made promises, never offered more than he could give, and it was never anything that he couldn't live without, but God help him, he knew that he'd lose his fucking mind if he had to live without this.","Il n'avait jamais fait de promesses, n'avait jamais offert plus que ce qu'il pouvait donner, et ce n'était jamais quelque chose dont il ne pouvait pas se passer, mais que Dieu lui vienne en aide, il savait qu'il perdrait la tête s'il devait se passer de ça.","Il n'avait jamais fait de promesses, il n'avait jamais offert plus qu'il ne pouvait donner, et ce n'était jamais quelque chose qu'il ne pouvait pas supporter de vivre sans ça, mais Dieu l'aide, il savait qu'il perdrait sa tête s'il devait vivre sans ça."
"He reached up and took down the mermaid sun catcher, then set it gently into the box, surrounding it with packing material.","Il tendit le bras et décrocha l'attrape-soleil en forme de sirène, puis le déposa délicatement dans la boîte, en l'entourant de papier bulle.","Il tendit la main et enleva la pendante en forme de sirène, puis la plaça doucement dans la boîte, l'entourant de matériel de remplissage."
Never knew what I was missing until now.,Je n'ai jamais su ce qui me manquait jusqu'à présent.,Je ne savais pas ce que je manquais jusqu'à présent.
"Good-looking, hard-working, and sensitive, he was all that.","Beau, travailleur et sensible, il était tout cela.","Ça lui plaisait, il travaillait dur et il était sensible, c'était tout ça."
"He grinned and lowered himself to her, his warm skin setting her afire more.","Il sourit et s'approcha d'elle, sa peau déjà chaude s'enflammant encore plus.","Il se souriait et s'approchait d'elle, sa peau chaude la mettant en flamme encore plus."
"""I really don't think that I can do this,"" Andi stressed as she continued taking in the room that they were expected to stay in.","Je ne pense vraiment pas que je puisse le faire, souligna Andi en continuant d'observer la pièce dans laquelle ils sont censés séjourner.","Je ne pense vraiment pas que je puisse le faire, insista Andi en continuant à regarder la pièce où ils devaient rester."
"""You like me when I'm hard,"" he says, laughing.","Tu aimes quand je suis dur, réplique-t-il en riant.","Ça te plaît quand je suis dur, dit-il en riant."
I need to know what's going through that enigmatic head of his.,J'ai besoin de savoir ce qui se passe dans sa tête énigmatique.,Je dois savoir ce qui passe dans son cerveau enigmatique.
"""Are you worried you won't get off the island before the storm hits?""",Tu as peur de ne pas pouvoir quitter l'île avant la tempête ?,Êtes-vous inquiet de ne pas pouvoir quitter l'île avant que la tempête ne frappe ?
"She'd saved him from death, for goodness sake.","Elle l'avait sauvé de la mort, pour l'amour du ciel.","Ça ne l'avait pas sauvé de la mort, pour le ciel."
"""Which is why I contacted Hillshire Hotels and asked them to send the files again when I let them know that you weren't going to be able to make it to New York to meet with their CEO.",C'est pourquoi j'ai contacté les Hôtels Hillshire pour qu'ils me renvoient une copie des dossiers et leur dire que vous ne pourriez pas vous rendre à New York pour rencontrer leurs PDG.,Ça explique pourquoi j'ai contacté les Hôtels Hillshire et j'ai demandé qu'ils envoient à nouveau les fichiers lorsque j'ai appris que tu ne pourrais pas arriver à New York pour rencontrer le PDG.
"He had a good crew.""",Il avait un bon équipage.,Ça faisait une bonne équipe.
She could swim another day.,Elle pourrait nager un autre jour.,Elle pourrait encore nager demain.
"""It is and it isn't,"" she said, worrying her bottom lip between her teeth, wondering why she couldn't seem to figure out what she wanted.","Ça l'est et ça ne l'est pas, dit-elle, mordillant sa lèvre inférieure entre ses dents, se demandant pourquoi elle n'arrivait pas à comprendre ce qu'elle voulait","Ça l'est et ça ne l'est pas, dit-elle en mordillant sa lèvre inférieure entre ses dents, se demandant pourquoi elle ne parvenait pas à se décider."
And it's pretty far-fetched.,Et elle est assez farfelue.,Ça n'est pas très crédible.
"Seize this moment and hold it tight because we never know what the next moment's going to bring.""",Saisir ce moment et le serrer fort parce qu'on ne sait jamais ce que le moment suivant va nous apporter.,Saisir ce moment et le garder fermement parce que nous ne savons jamais qu'apportera le prochain.
"Until that terrible day, he'd always been able to protect his younger brother.","Jusqu'à ce jour terrible, il avait toujours été capable de protéger son jeune frère.","Jusqu'à ce terrible jour, il avait toujours pu protéger son frère aîné."
Looks like it started with Christopher.,On dirait que ça a commencé avec Christopher.,Ça semble que ça a commencé avec Christopher.
She didn't want him feeling bound to her because she'd saved him or because he was physically attracted to her.,Elle ne voulait pas qu'il se sente lié à elle parce qu'elle l'avait sauvé ou parce qu'il était physiquement attiré par elle.,Elle ne voulait pas qu'il se sente lié à elle parce qu'elle l'avait sauvé ou parce qu'il était physiquement attiré par elle.
"I'm fucking Johnny like an animal, getting closer to God, using the rhythm of the music to drive us both insane.","Je baise Johnny comme un animal, me rapprochant de Dieu, utilisant le rythme de la musique pour nous rendre tous les deux fous.","Je baise Johnny comme un animal, je m'approche de Dieu, j'utilise le rythme de la musique pour nous rendre tous les deux fous."
"Inna was waiting, and he didn't like to wait.","Inna attendait, et il n'aimait pas attendre.","Inna attendait, et il ne supportait pas attendre."
"She was surely tired too, but she hadn't complained a bit.","Elle aussi devait sûrement être fatiguée, mais elle ne s'était pas plainte.","Ça lui avait certainement fait fatigue, mais elle n'avait pas fait la moindre plainte."
"He bent his head, and her lips met his with a slow kiss.",Il pencha la tête et ses lèvres rencontrèrent les siennes dans un lent baiser.,Il pencha la tête et ses lèvres se rencontrèrent les siennes avec un baiser lent.
A large percentage of guests going to the Winter Wonderland in January are only going to kill time and the others are locals just going so that their children can go on the ice slides.,Une grande partie des visiteurs qui se rendent au Winter Wonderland en janvier n'y vont que pour tuer le temps et les autres sont des locaux qui viennent juste pour que leurs enfants puissent faire des glissades sur la glace.,Un grand pourcentage des invités du Winter Wonderland en janvier vont seulement tuer le temps et les autres sont des habitants qui vont simplement pour que leurs enfants puissent glisser sur les glissades de glace.
I can't believe I hadn't noticed when the music stopped.,Je ne peux pas croire que je n'ai pas remarqué que la musique s'était arrêtée.,Ça me fait rire de ne pas m'être aperçu quand la musique s'était arrêtée.
"And although John isn't technically a virgin, I can't help but feel like I'm about to deflower him.","Et bien que John ne soit pas techniquement vierge, je ne peux m'empêcher de penser que je suis sur le point de le déflorer.","John n'est pas vraiment un vierge, mais je ne peux m'empêcher de me sentir sur le point de le dépuceler."
"""Why can't you leave us all alone?",Pourquoi ne pouvez-vous pas nous laisser tranquilles ?,Pourquoi ne peux-tu pas nous laisser en paix ?
"Again, with the stupid.","Encore une fois, c'est stupide.","Ça fait encore une fois, la stupédisse."
"He believed me for years.""",Il m'a cru pendant des années.,Ça m'a cru pendant des années.
"The only thing I hear is my pounding heart, our mingled breaths, and the snick-snick-snick of...","La seule chose que j'entends, c'est mon cœur qui bat la chamade, nos respirations qui se mélangent et le bruit de...","Ça ne m'arrive pas de rien entendre, que ce soit mon cœur qui bat de la force, nos souffles mélangés et le cliquetis de..."
"Sure, he'd enjoyed swimming in the oceanspent a couple years diving on WWII wrecks for the US Navy.","Bien sûr, il avait aimé nager dans l'océan  il avait passé quelques années à plonger à l'intérieur d'épaves de la Seconde Guerre mondiale pour l'US Navy.","Ça lui avait bien plu de nager dans les océans, il avait passé quelques années à plonger sur les épaves de la Seconde Guerre mondiale pour la Marine américaine."
"""Doesn't look like she got the message,"" Lucas said, sounding amused.","On dirait bien qu'elle ne l'a pas compris, rétorqua Lucas avec amusement.","Ça ne semble pas qu'elle ait compris le message, dit Lucas, l'air amusé."
"""I think some of the other guys plan to come by the bar to help, so I don't have to have you here, but there'll be work if you want it.""","Je pense que d'autres gars ont prévu de venir au bar pour aider, donc tu n'es pas obligé de venir, mais il y aura du travail si tu le veux.","Ça semble que certains des autres viennent au bar pour aider, alors je ne dois pas avoir besoin de toi, mais il y aura du travail si tu le veux."
She shielded her eyes from the bright sun and strained to see if she recognized the dark figure approaching from the northern section of the beach.,Elle se protégea les yeux du soleil et s'efforça de reconnaître la silhouette sombre qui s'approchait de la partie nord de la plage.,Elle se protégea des rayons du soleil et s'efforça de voir si elle reconnaissait la silhouette sombre qui approchait depuis la partie nord de la plage.
"Did you know the 1893 fair in Chicago was the celebration of four hundred years since Columbus landed?""",Savais-tu que la foire de 1893 à Chicago célébrait les quatre cents ans du débarquement de Christophe Colomb ?,Ça fait quatre cents ans que Columbus est arrivé en Amérique ?
"Against his mates' recommendations, he threw the rope ladder over the side and she came aboard.","Contre les recommandations de ses compagnons, il avait jeté l'échelle de corde par-dessus bord et elle était montée à bord.","Contre les recommandations de ses camarades, il jeta le échelle de secours par-dessus bord et elle monta à bord."
"""Carta Hotels' board has decided after careful consideration that it might be in their best interest to find someone who shares their vision,"" Devyn said, looking lost in thought as he absently drummed his fingertips against the armrest.","Les membres du conseil d'administration des Hôtels Carta ont décidé, après mûre réflexion, qu'il était dans leur intérêt de chercher quelqu'un qui partageait leur vision, dit Devyn semblant perdu dans ses pensées alors que ses doigts pianotaient distraitement sur le l'accoudoir du canapé.","Le conseil d'administration des Hôtels Carta a décidé, après une réflexion soigneuse, qu'il serait dans leur meilleur intérêt de trouver quelqu'un qui partage leur vision, dit Devyn, le regard perdu dans les pensées alors qu'il frappait distraitement ses extrémités des doigts contre le dossier de l'attirail."
"""I quit!"" she managed to get out before returning to mumbling, ""We're going to die!"" over and over again as she released the cutest fucking sniffles while he did his best to stop fucking smiling.","Elle réussit à dire : ""Je démissionne !"" avant de se remettre à marmonner : ""On va mourir !», encore et encore, en lâchant un reniflement des plus mignons, tandis qu'il faisait de son mieux pour arrêter de sourire.",Ça suffit !
"How would he tell her that he wanted to stay on the island, wanted to take a chance with her?","Comment allait-il lui dire qu'il voulait rester sur l'île, qu'il voulait tenter sa chance avec elle ?","Comment lui dire qu'il voulait rester sur l'île, qu'il voulait prendre le risque avec elle ?"
"John...I don't know what he's doing, but he is looking at me, and suddenly I feel exposed.","je ne sais pas ce qu'il fait, mais il me regarde, et soudain, je me sens exposé.","John... je ne sais pas ce qu'il fait, mais il me regarde, et soudain je me sens exposé."
"I also found the emails and letters from Hillshire Hotels to the fake account that Mr. Anderson set up, informing him of the hotel's dire situation.","J'ai également trouvé les e-mails et les lettres envoyés par les Hôtels Hillshire au faux compte créé par M. Anderson, l'informant de la situation désastreuse de l'hôtel.","Je suis aussi parvenu à trouver les e-mails et les lettres des Hôtels Hillshire adressés au compte fictif que M. Anderson avait créé, pour lui informer de la situation désastreuse du hôtel."
"We'd sometimes grab a bite to eat afterward.""",Nous allions parfois manger un morceau après.,Ça arrivait parfois qu'on prenne un morceau après.
"""I assume he felt obligated to finish out his contract as privateer.",Je suppose qu'il s'était senti obligé de terminer son contrat de corsaire.,Je suppose qu'il se sentait obligé de terminer son contrat de corsaire.
Of course she could read.,"Bien sûr, qu'elle savait lire.",Ça allait sans dire qu'elle pouvait lire.
Too bad diverboy hadn't shown any instalove back.,Dommage que le plongeur n'ait pas eu le coup de foudre en retour.,Ça lui aurait été bien arrivé que diverboy ait montré un peu d'instalove.
Is that heat in his voice?,Y a-t-il de la chaleur dans sa voix ?,"Ça y est, il y a de la chaleur dans sa voix ?"
"It's a hot day, but inevitably cooler up here than it would be in the city.","Il fait chaud, mais il fait indéniablement plus frais ici qu'en ville.","Ça fait chaud, mais il est inévitablement plus frais ici qu'à la ville."
"""Well, this was fun,"" Andi said brightly with a satisfied sigh as she made her way back to the elevator.","Eh bien, c'était amusant, dit Andi avec un soupir de satisfaction en retournant vers l'ascenseur.","Ça a été amusant, dit Andi avec un soupir satisfait en retournant vers l'ascenseur."
"""I like you too much, I think.""","Je t'aime trop, je crois.","Ça me plaît trop, je pense."
Even more unusual up in New Bromley.,C'est encore plus rare à New Bromley.,Ça était encore plus inhabituel à New Bromley.
"""We're well equipped for dark, then.""","Nous sommes bien équipés pour la nuit, alors.","Ça nous suffit pour le noir, alors."
"He poked at it with a piece of driftwood, trying to see if it had tentacles, but all that was left were stubsmost had been sheared off as the tide brought the jellyfish to shore.""","Il la toucha avec un morceau de bois flotté, essayant de voir si elle avait des tentacules, mais il ne restait que des bouts  la plupart avaient été arrachés quand la marée avait ramené la méduse sur le rivage.","Il l'attaqua avec une branche de bois flottant, essayant de voir s'il y avait des tentacules, mais il ne restait plus que des écailles  la plupart avaient été arrachées lorsque la marée avait amené les méduses sur la plage."
Chase had taken the money and built the bar.,Chase avait pris l'argent et construit le bar.,Chase avait pris l'argent et construit le bar.
"As long as I'm with you, everything will be fine.""","Tant que je serai avec toi, tout ira bien.",Ça ira tant que je serai avec toi.
"""I'll have your name added to the list,"" he promised, making a mental note to put her name on the list if she was still here at the end of the week.","Je ferais ajouter votre nom à la liste, promit-il, en le notant dans un coin de sa tête au cas où elle travaillait encore là d'ici la fin de la semaine.","Je ferai en sorte que ton nom soit ajouté à la liste, promit-il, en se disant qu'il ajouterait son nom à la liste si elle était encore là à la fin de la semaine."
"""Looks like he passed out,"" the guard said.","On dirait qu'il s'est évanoui, dit le garde.","Ça semble qu'il ait perdu connaissance, dit le gardien."
"Not enough places to hide.""",Il n'y a pas assez d'endroits où se cacher.,Ça ne suffisait pas pour se cacher.
"""You'd be surprised.",Tu pourrais être surpris.,Ça te surprendrait.
John nudges my shoulder when one woman tells me she earned her bachelor's degree listening to me while she studied.,John me donne un coup d'épaule lorsqu'une femme me dit qu'elle a obtenu sa licence en m'écoutant pendant qu'elle étudiait.,John me pousse le coude dans l'épaule lorsqu'une femme me dit qu'elle a obtenu son diplôme en écoutant mes conférences pendant qu'elle étudiait.
Or no shirt.,Ou sans chemise aussi.,Ça pourrait aussi être un manque de chemise.
"It's as if all the weeks and months of wanting him or trying not to want him, have coalesced into an incessant need.",C'est comme si toutes les semaines et les mois passés à le désirer ou à essayer de ne pas le désirer s'étaient transformés en un besoin incessant.,"Ça semble que toutes les semaines et les mois pendant lesquelles je l'avais désiré ou que je l'avais essayé de ne pas désirer, se sont concentrées en un besoin incessant."
Too close.,Trop proche.,Ça fait trop près.
I'll hide in the dune grassI want to hear you break his heart.,"Je me cacherai dans les dunes, je veux t'entendre lui briser le cœur.",Je m'enfuirai dans l'herbe des dunes  Je veux te voir briser son cœur.
"He was her boss and she was a complication that he didn't need right now, Devyn reminded himself only to realize that he didn't care.","Il était son patron et elle était une complication dont il n'avait pas besoin en ce moment, se rappela Devyn juste pour se rendre compte qu'il s'en fichait.","Ça faisait partie de son travail et elle était une complication qu'il ne pouvait pas se permettre en ce moment, se rappela Devyn, avant de réaliser qu'il ne s'en fichait pas."
"""Saturday works.""","Samedi, ça marche.",Ça marche samedi.
He pulled out his razor and cream.,Il sortit son rasoir et sa crème de rasage.,Il sortit son rasoir et son crème.
Appreciate it.,L'apprécier.,Apprécier.
"Making a mental note about that for later, he set it aside only to frown when he saw the financial report beneath it.","Il le nota mentalement pour plus tard et la mit de côté, mais fronça les sourcils en voyant le rapport financier qui se trouvait en dessous.","Il se souvint de cela pour plus tard, puis le déposa pour froncer les sourcils lorsqu'il vit le rapport financier sous le rapport."
Inna's head snapped up.,La tête d'Inna se releva d'un coup.,Inna leva la tête.
The picture was a total diversion.,Le tableau était une véritable diversion.,L'image était un total de détournement.
"""Careful,"" he says as I step over the edge.","Attention, dit-il alors que j'enjambe le bord.","Ça va, dit-il alors que je passe à l'autre bord."
"You've taken that thing a million times.""",Tu l'as pris un million de fois.,Ça a été pris par toi un million de fois.
"""Just ignore him,"" she said with a conspiratorial wink and smile.","Ignorez-le simplement, dit-elle avec un clin d'œil complice et un sourire.","Ignore-le, dit-elle avec un clin d'œil et un sourire conspirateurs."
All Mine Series:,Série All Mine :,La série All Mine :
How could he consider this?,Comment pouvait-il envisager cela ?,Ça pouvait lui passer ?
"""Since I was the one that introduced you, yes.""","Oui, puisque c'est moi qui vous ai présenté.","Ça fait que je suis le seul à avoir introduit les deux, donc oui."
"""Me too,"" he says and kisses me gently.","Moi aussi, dit-il en m'embrassant doucement.","Ça m'arrive aussi, dit-il en m'embrassant doucement."
"And I don't see him again until the air starts to cool, and the leaves begin to change color.",Et je ne l'ai plus revu jusqu'à ce que l'air commence à se rafraîchir et que les feuilles commencent à changer de couleur.,"Je ne le vois plus jusqu'à ce que l'air commence à refroidir, et que les feuilles commencent à changer de couleur."
"""It's a lot of work.""",C'est beaucoup de travail.,Ça fait beaucoup de travail.
"""Clearly, it likes you too.""","Manifestement, tu lui plais aussi.",Ça t'aime aussi.
"In real life, he was better than any fantasy, and things were simply too perfect.","Dans la vraie vie, il était mieux que dans n'importe quel fantasme, et les choses étaient tout simplement trop parfaites.","Ça était mieux que tout ce qu'elle avait pu imaginer, et les choses étaient trop parfaites."
"""You mean your room,"" Lucas pointed out as Devyn sat there, clenching his jaw as he met his best friend's gaze head-on.","Tu veux dire ta chambre, fit remarquer Lucas alors que Devyn s'asseyait, serrant la mâchoire alors qu'il croisait le regard de son meilleur ami.","Ça veux dire ta chambre, remarqua Lucas alors que Devyn restait assis, serrant sa mâchoire alors qu'il rencontrait le regard de son meilleur ami."
My patience is thin.,Ma patience a atteint ses limites.,Mon patience est mince.
"Oh gods, how long had he been watching?","Mon Dieu, depuis combien de temps regardait","Ô dieux, depuis combien de temps les observait-il ?"
"""And we don't know when the portrait was paintedwhether it was before he disappeared, or afterward, on Amelia's direction.","Et nous ne savons pas quand le portrait a été peint, si c'était avant sa disparition, ou après, sur les instructions d'Amelia.","Et nous ne savons pas quand le portrait a été peint, soit avant qu'il disparaisse, soit après, à la demande d'Amelia."
"He raised his gaze to meet hers, and for a moment, ""spend the night"" took on a whole new meaning.","Il leva son regard pour rencontrer le sien et, pendant un instant, ""passer la nuit"" prit une toute nouvelle signification.","Il leva le regard pour le croiser avec le sien, et pendant un moment, ""passer la nuit"" prit un sens tout nouveau."
"""You can spend next Christmas with my family,"" she said with a firm nod as though that settled everything.","Tu peux venir passer le prochain Noël avec ma famille, dit-elle avec un hochement de tête ferme, comme si ça réglait tout.","Tu pourras passer Noël avec ma famille, dit-elle avec un hochement de tête ferme, comme s'il s'agissait de tout régler."
"""Ditch the shoes,"" Chase said.","Enlève tes chaussures, dit Chase.","Laisse tomber les chaussures, dit Chase."
He pulled her farther under him.,Il l'attira plus loin sous lui.,Il la fit avancer sous lui.
"""The park, silly.","Le parc, idiot.","Ça, le parc, c'est stupide."
"Christ, out of all the women that he'd sent to lure the bastard, the secretaries, assistants, and that fucking hooker, and the woman that had finally brought him to his knees was a small woman who had no fucking idea what she was getting herself into.","Bon sang, parmi toutes les femmes qu'il avait envoyé pour appâter ce salaud, les secrétaires, les assistantes, et cette putain de prostituée, celle qui l'avait finalement mis à genoux était une petite femme qui n'avait aucune putain d'idée de ce dans quoi elle s'engageait.","Ça, c'était un putain de bordel, parmi toutes les femmes qu'il avait envoyées pour attirer ce salaud, les secrétaires, les assistantes et cette putain de prostituée, et la femme qui l'avait finalement mis à genoux était une petite femme qui n'avait aucune idée de ce qu'elle se mettait à faire."
"That looked confident, didn't it?","Elle avait l'air sûre d'elle, n'est-ce pas ?","Ça avait l'air confiant, n'est-ce pas ?"
"""I'll walk you out.""",Je vais te raccompagner.,Ça me fera plaisir de te faire sortir.
"I want to engage him, to bring back the cheeky inquisitive guy that used to grab lunch with me every other day.","Je veux le faire parler, faire revenir le curieux insolent qui avait l'habitude de déjeuner avec moi tous les deux jours.","Je veux l'engager, ramener le garçon curieux qui m'emportait le déjeuner tous les deux jours."
My skin there is on fire.,"Ma peau, à cet endroit, est en feu.",Mon corps est en feu.
"""I try to get the early classes, so I can be done by early afternoon.""",J'essaie de prendre les premiers cours pour pouvoir terminer en début d'après-midi.,"Je me débrouille pour avoir les cours du matin, afin de pouvoir finir avant l'après-midi."
"A butterscotch leather jacket hangs off his frame like it was made for him, and the burgundy button-down he has on underneath makes the copper and red highlights in his beard pop.","Une veste en cuir caramel lui colle à la peau comme si elle avait été conçue pour lui, et la chemise bordeaux qu'il porte en dessous fait ressortir les reflets cuivrés et rouges de sa barbe.","Un gilet en cuir brun clair est suspendu à son cadre comme s'il avait été fait pour lui, et le chandail burgundy qu'il porte sous son gilet met en valeur les reflets rouge et cuivré de sa barbe."
Then sing her heart out.,Puis chanter à tue-tête.,"Alors, chante à fond."
At least I try to.,"Du moins, j'essaie.",Ça fait du moins un effort.
"Too many times, he'd stopped himself.","Trop de fois, il s'en était empêché.",Ça lui était arrivé trop souvent.
"It's not my smile, so I tamp down my jealousy.","Ce n'est pas mon sourire, alors j'étouffe ma jalousie.","Ça n'est pas mon sourire, alors je réprime ma jalousie."
"Oh, and you make soup.","Oh, et tu fais de la soupe.",Ça fait aussi partie de ton répertoire.
"Dyer rolls his lips inward as I eye him, and I can't help but poke at him.","Les lèvres de Dyer se retroussent quand je le regarde, et je ne peux pas m'empêcher d'insister.","Dyer plisse ses lèvres en m'observant, et je ne peux m'empêcher de le piquer."
"Clearing his throat uncomfortably, Thomas Brandon, assistant manager of the Carta Castle Hotel, said, ""He quit.""","Se raclant la gorge, Thomas Brandon, directeur adjoint de l'hôtel Carta Castle, déclara :","Thomas Brandon, assistant manager de l'Hôtel Carta Castle, dit :"
"""As soon as possible.""",Dès que possible.,Ça serait le plus vite possible.
His eyes no doubt follow John around the room just as mine do.,"Ses yeux suivent sans doute John dans la pièce, tout comme les miens.","Son regard suit sans doute John dans la pièce, comme le mien le fait."
"Based on what they'd said, he'd been hoping that she would be able to quickly adapt to her new role, but so far, it wasn't working out.","En se basant sur ce qui lui avait été dit, il espérait qu'Andi s'adapterait rapidement à son nouveau poste ;","Selon ce qu'ils avaient dit, il avait espéré qu'elle pourrait rapidement s'adapter à son nouveau rôle, mais jusqu'à présent, cela ne fonctionnait pas."
"""Analog is so much warmer than digital,"" I say.","L'analogique est tellement plus chaleureux que le numérique, dis-je.","L'analogique est beaucoup plus chaud que le numérique, dis-je."
"""I loved my mother.",J'aimais ma mère.,Je m'étais bien aimé de ma mère.
That had been met with a horrified look and a slight trembling of her bottom lip that had him quickly promising never to touch her notebook again.,Ça lui avait valu un regard horrifié et un léger tremblement de sa lèvre inférieure qui avait rapidement fait promettre à Devyn de ne plus jamais y toucher.,Ça avait été rencontré par un regard horrifié et une faible tremblure de sa lèvre inférieure qui l'avait poussé à promettre de ne plus toucher son carnet.
"He'd been given two years to turn this mess around, and so far, he'd been able to surpass every expectation, but now that his contract was set to expire in a few months, Devyn was having a hell of a time getting anything done with every assistant that he hired quitting and making his life a hell of a lot harder than it needed to be.","mais maintenant que son contrat allait expirer d'ici quelques mois, Devyn peinait beaucoup à faire avancer les choses, toutes ses assistantes qui démissionnaient lui rendait la vie beaucoup plus difficile qu'elle n'aurait dû l'être.","Il avait été donné deux ans pour redresser la situation, et jusqu'à présent, il avait réussi à dépasser toutes les attentes, mais maintenant que son contrat expirait dans quelques mois, Devyn avait du mal à faire quelque chose, car toutes les assistantes qu'il embauchait quittaient et rendaient sa vie bien plus difficile qu'elle ne devait l'être."
Better to get the evening over with and worry about the bar tomorrow.,Il valait mieux en finir avec cette soirée et se préoccuper du bar demain.,Ça vaut mieux que de prolonger la soirée et de se préoccuper du bar demain.
"The slightest of pulls from his hand on my nape has me leaning down to him, but he stops my descent before I can touch my lips to his.","La moindre traction de sa main sur ma nuque me fait me pencher vers lui, mais il arrête ma descente avant que je ne puisse toucher ses lèvres.","Le moindre effort de son bras sur ma nuque me fait pencher vers lui, mais il arrête mon mouvement avant que je ne puisse toucher mes lèvres à ses."
"Dyer's right, I haven't spoken to him, or anyone, about what's happening between John and me.","Dyer a raison, je ne lui ai pas parlé  ni à personne d'ailleurs  de ce qui se passe entre John et moi.","Ça va, Dyer a raison, je n'ai pas parlé à personne, ni à John, de ce qui se passe entre nous."
"""And you have to tell him you don't love himnever did.""","Et tu dois lui dire que tu ne l'aimes pas, que tu ne l'as jamais aimé.","Ça te faut de lui dire que tu ne l'aimes pas, jamais."
"Slowly, I turn my head.","Lentement, je tourne la tête.","Lentement, je tourne la tête."
"John's words should make me feel better, but they don't.","Les mots de John devraient me rassurer, mais ce n'est pas le cas.","Les mots de John devraient me faire mieux, mais ce n'est pas le cas."
"She'd wanted to ask him why he'd gotten it, since she first saw it after Luke's death, but it seemed like such an intimate question.","Elle avait voulu lui demander pourquoi il se l'était fait faire, depuis qu'elle l'avait vu pour la première fois après la mort de Luke, mais la question lui avait semblé si intime.","Elle avait envisagé de lui demander pourquoi il l'avait acheté, car elle l'avait vu pour la première fois après la mort de Luke, mais il semblait si intime."
Quiet time?,Du temps calme ?,Ça fait du temps ?
Anger darkens the green of his eyes from emerald to forest.,La colère assombrit le vert de ses yeux qui passent de l'émeraude à la forêt.,L'anger sombre le vert de ses yeux d'émeraude à celui du bois.
He didn't know.,Il ne savait pas.,Ça ne lui disait rien.
"""Don't speak to my daughter with disrespect.",Ne manqua pas de respect à ma fille.,Ne parlez pas à ma fille avec un ton dédaigneux.
Nine Inch Nails fills my head.,Nine Inch Nails remplit ma tête.,Les Nine Inch Nails remplissent mon esprit.
"I feel the flood of warmth and wet surround my cock as I pulse, spilling into the condom.","Je sens le flot de chaleur et d'humidité entourer ma bite alors que je pulse, me déversant dans le préservatif.","Je sens la chaleur et l'humidité qui envahissent mon membre alors que je pulsé, déversant mon sperme dans le préservatif."
This wasn't just about sex.,Il ne s'agissait pas seulement de sexe.,Ça n'était pas juste du sexe.
"Instead, he fucked off to God knows where.","Au lieu de cela, il s'est barré Dieu sait où.","Au lieu de ça, il s'était enfui à Dieu sait où."
"He'd better switch to the cheaper stuff soon, or he'd regret drinking up his reserve stash.","Il ferait mieux de passer bientôt aux bouteilles moins chères, sinon il regretterait d'avoir épuisé sa réserve.","Il devait passer à l'alcool moins cher bientôt, sinon il regretterait d'avoir bu sa réserve."
But it's a peaceful walk that not many people know about.,Mais c'est une promenade paisible que peu de gens connaissent.,Ça fait une promenade calme que peu de gens connaissent.
You got a fucking virgin!,Tu as un putain de puceau !,Ça te fait une putain de vierge !
"Swallowing hard, he listened as Andi quietly tiptoed throughout the small apartment, shutting lights off as she went and then-","Déglutissant, il écouta Andi marcher sur la pointe des pieds dans le petit appartement, éteignant les lumières au fur et à mesure, puis...","Il déglutit difficilement, il écouta Andi se déplacer en silence dans l'appartement, éteignant les lumières au fur et à mesure qu'elle le faisait, puis..."
"Wherever you go, I'll be watching you.","Où que tu ailles, je te surveille.","Quoi qu'il en soit, je te suivrai."
"""Right now, I'm occupied with these eight.""","Pour l'instant, je suis occupé par ces vingt centimètres là.",Ça ne me préoccupe pas pour l'instant.
"He slammed her against the covered window, pressing his body against the length of hers.","Il la plaqua contre la fenêtre barricadée, pressant tout son corps contre le sien.","Il la frappa contre la fenêtre couverte, pressant son corps contre la longueur de la sienne."
That's worth celebrating.,Cela vaut la peine d'être célébré.,Ça vaut la peine de fêter.
The tattoo that marked her as mermaid.,Le tatouage qui la marquait comme sirène.,Le tatouage qui la marquait comme sirène.
The deep-blue sky burst with hints of orange where the sun hung low in the west.,Le ciel d'un bleu profond se teintait d'orange là où le soleil était bas à l'ouest.,Le ciel bleu profond se teignait d'orange où le soleil se posait bas à l'ouest.
Like they had a connection beyond the present.,Comme s'ils avaient une connexion au-delà du présent.,Ça faisait comme s'ils avaient une connexion au-delà du présent.
I scroll down and find one story that has a video.,Je fais défiler l'écran et trouve un article avec une vidéo.,Je descends et trouve un article qui a un vidéo.
"The muscle tenses under my palm, and I drop my arm to my side, sighing inwardly.",Le muscle se crispe sous ma paume et je laisse tomber mon bras sur le côté en soupirant intérieurement.,"Le muscle se tend sous ma paume et je laisse tomber mon bras à mon côté, soupirant à l'intérieur."
"""I need one more thing,"" Chase said.","J'ai besoin d'une dernière chose, dit Chase.","Ça me manque d'un peu de chose, dit Chase."
"Their cousins, the Sirens, sang a song and trapped a man.","Leurs cousines, les harpies, chantaient une chanson pour piéger les hommes.",Les cousines des Sirenes chantaient une chanson et attrapaient un homme.
"""Look at me, Mari,"" he said, squeezing her knee.","Regarde-moi, Mari, dit-il en lui pressant le genou.","Regarde-moi, Mari, dit-il en pressant sa cuisse."
One thing was for certain.,Une chose était sûre.,Ça était sûr.
"""No, the regular had a family emergency.""","Non, le DJ habituel a eu une urgence familiale.","Non, le régulier avait un problème familial."
Who in the twenty-first century doesn't Google someone after meeting them?,"Qui, au vingt-et-unième siècle, ne cherche pas quelqu'un sur Google après l'avoir rencontré ?",Ça ne se passe pas au vingtième siècle ?
"Unless there's a ghost tattoo artist around the island, I swear I don't know where these tattoos keep coming from.""","A moins qu'il n'y ait un tatoueur fantôme sur l'île, je jure que je ne sais pas d'où viennent ces tatouages.","Ça ne peut pas être un tatoueur fantôme qui se promène sur l'île, je jure que je ne sais pas d'où viennent ces tatouages."
"I can't move, don't want to, and John seems content to have me covering him.","Je ne peux pas bouger, je n'en ai pas envie, et John semble satisfait que je sois sur lui.","Je ne peux pas bouger, je ne veux pas, et John semble satisfait d'avoir une couverture."
"As his skin heats, his earthy musk hits my senses, making my mouth water.","Au fur et à mesure que sa peau se réchauffe, son odeur de musc et de terre s'impose à mes sens et me met l'eau à la bouche.","Quand sa peau se chauffe, son odeur terreuse me parvient, me faisant saliver."
"I was unhappy.""",J'étais malheureux.,Ça m'avait rendu malheureux.
LOCAL HIGH SCHOOL TEACHER ARRESTED ON SUSPICION OF SEX WITH STUDENT,UN ENSEIGNANT D'UN LYCÉE LOCAL ARRÊTÉ POUR SUSPICION DE RELATIONS SEXUELLES AVEC UNE ÉLÈVE,Un enseignant du lycée local a été arrêté pour suspicion de relations sexuelles avec un élève.
"""What's this?"" I ask, removing the paper, though I already know.","demandé-je en retirant le papier, bien que je le sache déjà.","Ça, quoi ?"
"""Oh, you mean he'd tell you his moods.",Tu veux dire qu'il te disait son humeur.,Ça veut dire qu'il te dirait ses humeurs.
"When I call Dyer and ask him to sit in on my shift, he only hesitates for a moment before agreeing.","Lorsque j'appelle Dyer pour lui demander de me remplacer, il hésite un instant avant d'accepter.","Quand je téléphone à Dyer et lui demande de venir travailler avec moi, il hésite un moment avant d'accepter."
"He stood, dabbing his eye with the ice pack.",Il se leva et se tamponna l'œil avec la poche de glace.,"Il se leva, se secoua l'œil avec la bouteille de gel."
"Why is it suddenly hot out here, has summer returned in the last hour or so?","Pourquoi fait-il soudain chaud ici, l'été serait-il revenu depuis une heure ?","Ça fait soudain chaud dehors, l'été est-il revenu dans les dernières heures ?"
"This time, Travis led her through the large hole in the side of the ship, making her smile as she watched yellow, orange, and blue fish race out the other side, following Travis as he made his way back up to the surface and-","Cette fois, Travis la fit passer à travers le grand trou sur le flanc du navire, la faisant sourire en regardant des poissons jaunes, oranges et bleus sortir de l'autre côté, suivant Travis alors qu'il remontait à la surface et...","Ça faisait un moment qu'il l'avait emmenée à travers la grande brèche dans le côté du navire, lui faisant sourire en la regardant les poissons jaunes, oranges et bleus qui sortaient de l'autre côté, suivant Travis qui remontait à la surface et..."
"He follows them down to the floor and helps me step out of, first my Vans sneakers, and then the denim.","Il le suit jusqu'au sol et m'aide à enlever d'abord mes baskets Vans, puis le jean.","Il les suit jusqu'au sol et m'aide à enlever, d'abord mes chaussures Vans, puis mon jean."
"""Shut up, woman.""","Tais-toi, femme.","Ça suffit, femme."
"She was going to spend the rest of her life telling herself that it was good enough, she thought, deciding that definitely earned another heartfelt sigh.","Elle allait passer le reste de sa vie à se dire que c'était suffisant, pensa-t-elle, décidant que ça valait bien un autre soupir du fond du cœur.","Ça allait être sa vie entière à se dire qu'elle était satisfaite, pensa-t-elle, décidant qu'elle méritait un autre soupir sincère."
"And then, after finally accepting the painful realization that I'll never see the man again, it sure is a shock to the system when he walks into Nicki's house during her annual fall mixer.","Et puis, après avoir finalement accepté la dure réalité que je ne reverrai jamais cet homme, ça m'a fait un vrai choc lorsqu'il entre dans la maison de Nicki lors de sa soirée annuelle d'automne.","Et puis, après avoir enfin accepté la réalisation douloureuse que je ne verrai plus jamais l'homme, c'est vraiment un choc pour le système de le voir entrer dans la maison de Nicki lors de son annuel cocktail d'automne."
He spoke her thoughts aloud.,Il exprima ses pensées à voix haute.,Il prononçait ses pensées.
He'd thought about that a lot and just how badly he wanted to do it again.,Il avait souvent repensé à cela et à quel point il avait envie de le refaire.,Ça lui était souvent passé par la tête et à quel point il voulait le faire encore.
"And this nightmare will be over.""",Et ce cauchemar sera terminé.,Ça finira.
"She stared at him as he tried to maneuver partway down the sand-covered stairs, and his pulse raced at the scrutiny.","Elle le dévisagea alors qu'il tentait de descendre les marches couvertes de sable, et son pouls s'accéléra à l'examen minutieux de la situation.","Elle le regarda alors qu'il essayait de descendre à mi-chemin des marches recouvertes de sable, et son pouls s'accéléra sous son regard."
"Still, I can't say I'm not disappointed that we won't be strolling hand-in-hand through the fair.","Pourtant, je ne peux pas dire que je ne suis pas déçu que nous ne nous promenions pas main dans la main à travers la foire.","Ça dit, je ne peux pas dire que je ne suis pas déçu de ne pas pouvoir promener la main dans la main à travers la foire."
The day had been a cacophony of noises from wind to Inna to rain to cheesy music.,"La journée avait été une cacophonie de bruits, du vent à Inna, de la pluie à la musique ringarde.","La journée avait été un cacophonie de bruits, du vent à Inna à la pluie à la musique câline."
"Aren't those reasons enough?""",Ces raisons ne sont-elles pas suffisantes ?,Ça ne suffit-il pas ?
Inna wasn't going to mess things up with Chase.,Inna n'allait pas tout gâcher avec Chase.,Inna ne voulait pas compromettre les choses avec Chase.
"Now, there was no chance of saving Chase from Inna's angerhe had every mer-legal right to kill the man who'd seduced his betrothed.","Maintenant, il n'y avait plus aucune chance de sauver Chase de la colère d'Inna  il avait tous les droits légaux de tuer l'homme qui avait séduit sa promise.","Ça ne faisait plus de sens de sauver Chase de la colère d'Inna, il avait le droit de tuer l'homme qui avait séduit sa fiancée."
He looks so happy.,Il a l'air si heureux.,Ça lui fait si bien.
Another romp with him would drown out any fears she had.,Une autre partie de jambes en l'air avec lui noierait toutes les craintes qu'elle avait.,Être de nouveau avec lui effacerait tous ses craintes.
"""I should get back to...""",Je devrais retourner à...,Ça me faut pour...
"Not too much, too soon.","Pas trop, pas trop tôt.",Ça ne fait pas trop longtemps.
"He's a good guy, and I enjoy talking to him.""","C'est un bon gars, et j'aime bien lui parler.","Ça fait du bien, et je me plais à lui parler."
"""My mom loves me, Chase.","Ma mère m'aime, Chase.","Ma mère m'aime, Chase."
"""You're from Scotland?"" He asks, his eyes following the flight of a bird from one treetop to the next.","me demande-t-il, ses yeux suivant le vol d'un oiseau d'une cime à une autre.",Ça veut dire que tu es écossais ?
"It didn't help that she'd been afraid to close her eyes, terrified that if she closed them for even a minute that something would happen to him.","La peur qu'il lui arrive quelque chose si elle fermait les yeux, ne serait-ce","Ça ne l'avait pas aidé qu'elle ait peur de fermer les yeux, terrifiée par l'idée qu'elle fermerait les yeux pendant une minute et que quelque chose se passerait à lui."
"""I really don't, though,"" Andi said, sniffling at the end there as she once again found herself heading towards another long night of searching through files and trying to come up with a way to improve the hotel's bottom line as she kept an eye out for anything that could help them figure out who the mysterious James Jamerson was.","Je ne sais vraiment pas, dit Andi, en reniflant à la fin, alors qu'elle se dirigeait une fois de plus vers une longue nuit de recherche dans les dossiers et de tentatives pour trouver un moyen d'améliorer les résultats de l'hôtel, tout en gardant un œil sur tout ce qui pourrait les aider à découvrir qui était le mystérieux James Jamerson.","Ça vrai, mais..."
"I nod, reaching up to hold his face in my hands.","J'acquiesce, en levant les bras pour prendre son visage dans mes mains.",Je hoche la tête et monte pour prendre son visage dans mes mains.
"This is the best news ever.""",C'est la meilleure nouvelle qui soit.,Ça fait le meilleur cadeau de Noël.
"""I like listening to you.""",J'aime t'écouter.,Ça me plaît de t'écouter.
"We also discovered the responsible party, James Jamerson,"" Devyn explained, making Harold frown in confusion.","Nous avons également découvert le responsable, James Jamerson, expliqua Devyn, ce qui fit froncer les sourcils de Harold, confus.","Nous avons aussi découvert la personne responsable, James Jamerson, expliqua Devyn, ce qui fit froncer les sourcils de Harold en signe de confusion."
"""But, really, I tend to go along with whatever.","Mais, en fait, j'ai tendance à me laisser faire.","Ça me semble, mais je suis plutôt enclin à m'adapter."
He set his plate beside hers.,Il posa son assiette à côté de la sienne.,Il posa son assiette à côté d'elle.
"When she deepened the kiss, he wished she were on a bed where he could press harder against her, feeling every contour of her soft body beneath his.","Lorsqu'elle approfondit le baiser, il souhaita qu'elle soit dans un lit où il pourrait se presser plus fort contre elle, sentant chaque contour de son corps doux sous le sien.","Quand elle profonde le baiser, il souhaitait qu'elle soit sur un lit où il pourrait la presser plus fort, sentant tous les contours de son corps doux sous le sien."
"God, if he only knew how wanted he was.",Si seulement il savait à quel point il est désiré.,"Ça, il ne le savait pas."
"Mari dipped under the water as a large wave washed over her, then came back up, slicking her hair away from her face.","Mari plongea sous l'eau lorsqu'une grosse vague la submergea, puis remonta, écartant ses cheveux de son visage.","Mari plongea sous l'eau lorsqu'une grande vague la balaya, puis remonta à la surface, écartant ses cheveux de son visage."
"A mermaid has no business on land, and now look what's happened.","Une sirène n'a rien à faire sur terre, et regarde ce qui s'est passé.","Ça ne fait rien à une sirène de se trouver sur terre, et voilà ce qui est arrivé."
"I glance over at Dyer, and he's studying me.","Je jette un coup d'œil à Dyer, et il m'étudie.","Je jette un coup d'œil à Dyer, qui me regarde."
Until John Burton.,Jusqu'à John Burton.,Ça a duré jusqu'à John Burton.
One way or another.,D'une manière ou d'une autre.,Ça va de soi.
"He could face her now, find out exactly what the man meant by ""engaged.""","Il pouvait l'affronter maintenant, découvrir exactement ce que l'homme entendait par ""fiancé"".","Il pouvait la regarder maintenant, découvrir exactement ce que le mari signifiait par ""engagé""."
"Or what's left of it.""",Ou ce qu'il en reste.,Ça reste à voir.
"She struggled to climb the pile of sand, her flip-flops in one hand.","Elle s'efforça de grimper sur le tas de sable, ses tongs dans une main.","Elle luttait pour grimper sur la pile de sable, ses chaussons-bottes dans une main."
"There's awe in his face, the way his lips part ever-so-slightly, and his eyes widen just a little bit.","Il y a de l'admiration sur son visage, la façon dont ses lèvres s'écartent légèrement, et ses yeux s'écarquillent un tout petit peu.","Il y a une admiration dans son visage, la façon dont ses lèvres se séparent très légèrement, et ses yeux s'écarquillent un peu."
We're so very different from one another.,Nous sommes très différents l'un de l'autre.,Ça nous rend si différents l'un de l'autre.
"What was the point of all this – of us -  if you can't trust me?""",Quel était le but de tout cela  de nous  si tu ne peux pas me faire confiance ?,Ça servait à quoi  tout ça  nous  deux  si tu ne pouvais pas m'en faire ?
"The way you are with music, that's how he is with beer.","Il est comme toi et la musique, mais avec la bière.","Ça ressemble à ça, c'est comme ça qu'il est avec la bière."
"""The eye should make landfall approximately midnight or a little after, depending on whether the storm slows a lot as it moves inland.","""L'œil du cyclone devrait toucher terre vers minuit ou un peu plus tard, en fonction de la vitesse de déplacement de la tempête vers l'intérieur des terres.","L'œil devrait toucher le sol vers minuit ou un peu après, selon que la tempête ralentirait beaucoup lorsqu'elle se déplacerait vers l'intérieur des terres."
She moved to look out over the railing and saw the lighted pier lanterns bobbing as the pier swayed and groaned under the weight of the swollen waves.,Elle se déplaça pour regarder par-dessus la balustrade et vit les lanternes allumées de la jetée qui se balançaient tandis que la jetée elle-même se balançait et gémissait sous le poids des vagues déchaînées.,Elle se pencha pour regarder par-dessus la balustrade et vit les lanternes de la jetée se balancer tandis que la jetée se balançait et gémissait sous le poids des vagues gonflées.
"To be with me, forever?","Être avec moi, pour toujours ?","Être avec moi, pour toujours ?"
"""It's too soon to tell,"" Devyn said, sighing heavily as he slid the daily report into his coat pocket.","Il est trop tôt pour le dire, soupira Devyn tout en glissant le rapport quotidien dans la poche de son manteau.","Ça fait trop peu de temps pour dire, dit Devyn en soupirant lourdement en enfilant le rapport de la journée dans sa poche."
Big trouble.,De gros ennuis.,Ça faisait grand mal.
"Chase pushed Mari off his shoulder and leaped up, his heart throbbing in his throat as a wave of nausea rolled through him.","Chase repoussa Mari de son épaule et se leva d'un bond, le cœur palpitant dans sa gorge, tandis qu'une vague de nausée le traversait.","Chase poussa Mari de son épaule et sauta, son cœur battant dans sa gorge alors qu'une vague de nausée le traversait."
"""I think I can handle that,"" the man that still hadn't told her what job she was interviewing for murmured.","C'est gérable, marmonna l'homme qui ne lui avait toujours pas dit pour quel poste elle passait un entretien.","Ça me semble gérable, murmura l'homme qui n'avait toujours pas dit pour quel poste elle avait passé un entretien."
"Chase turned toward her, his eyes looking through her.","Chase se tourna vers elle, ses yeux la pénétrant.","Chase se retourna vers elle, les yeux qui la traversaient."
"I like seeing him like this, so close to the edge so soon.","J'aime le voir comme ça, si proche de craquer, si rapidement.","Ça me plaît de le voir comme ça, si proche du bord si tôt."
"""Thanks a lot, man.","Merci beaucoup, mec.","Ça va, mon ami."
"""No,"" Devyn bit out as she did a search for nearby hotels and found the one that she was looking for.","Non, dit Devyn en recherchant les hôtels des environs, et en trouvant celui qu'elle cherchait.","Non, dit Devyn alors qu'elle effectuait une recherche sur les hôtels à proximité et trouvait celui qu'elle cherchait."
"She pressed against him harder, well aware that he couldn't move until the screw was in or the plywood would fall.","Elle se serra plus fort contre lui, consciente qu'il ne pouvait pas bouger tant que la vis n'était pas enfoncée, sous peine de voir le contreplaqué tomber.","Elle s'accrocha plus fort à lui, bien consciente qu'il ne pouvait pas bouger tant que le visage n'était pas fixé, sinon le contreplaqué tomberait."
"""Need a beer or some water or something?""","Tu veux une bière, de l'eau ou autre chose ?",Ça te fait faim ou ça te fait soif ?
The smile he gives me is stunning.,Le sourire qu'il m'adresse est stupéfiant.,Le sourire qu'il m'adresse est éblouissant.
I've wanted to have my own shop on the beach my whole life.,"Toute ma vie, j'ai voulu avoir ma propre boutique sur la plage.",Ça m'a toujours fait envie d'avoir mon propre magasin sur la plage.
"I don't know what I was expecting from the residence of a man as talented with his hands as John is, but this isn't it.","J'ignore ce que j'attendais de la résidence d'un homme aussi doué de ses mains que John, mais ce n'est pas ça.","Je ne sais pas ce que je m'attendais à la résidence d'un homme aussi doué avec ses mains que John, mais ce n'est pas ça."
And it could burn down the bar.,Et elle pourrait brûler le bar.,Ça pourrait brûler le bar.
"She reached to her throat, but words had dried on her tongue.","Elle porta la main à sa gorge, mais les mots avaient séché sur sa langue.","Elle tendit la main à sa gorge, mais les mots s'étaient asséchés sur sa langue."
And would have killed Chase if she hadn't been there to save him.,Et aurait tué Chase si elle n'avait pas été là pour le sauver.,Ça aurait tué Chase s'il n'avait pas été là pour le sauver.
"A local directory yielded a little info on John Burton, owner of Burton Construction.","Un annuaire local m'a permis d'obtenir quelques informations sur John Burton, propriétaire de Burton Construction.","Un répertoire local a fourni quelques informations sur John Burton, propriétaire de Burton Construction."
"""Two months!""",Deux mois !,Deux mois !
"Placid, green oceans filled those same eyes when someone needed a helping hand.",Des océans verts et paisibles remplissaient ces mêmes yeux lorsque quelqu'un avait besoin d'une main secourable.,Les mêmes yeux étaient remplis d'océans verts et calmes lorsqu'une personne avait besoin d'une main tendue.
"""It's complicated,"" he said, picking up a file only to toss it back on his desk and go still when she blurted out, ""I have to tell you something.""","C'est compliqué, répondit-il, s'emparant d'un dossier pour le reposer aussitôt sur son bureau et de s'immobiliser quand elle lâcha :","Ça est compliqué, dit-il en prenant un dossier pour le jeter ensuite sur son bureau et en s'immobiliser lorsqu'elle lui dit : ""J'ai quelque chose à te dire""."
"His eyes blaze in the dark, but I can't make out his expression.","Ses yeux brillent dans l'obscurité, mais je n'arrive pas à distinguer son expression.","Ses yeux brillent dans l'obscurité, mais je ne peux pas déchiffrer son expression."
"But the studios have needed working on for a long time, and I'm glad our last fundraiser was enough to at least start on it.","Mais cela fait longtemps qu'il fallait rénover les studios, et je suis heureux que notre dernière collecte de fonds ait été suffisante pour au moins commencer à le faire.","Ça fait longtemps que les studios ont besoin d'être rénovés, et je suis heureux que notre dernière levée de fonds ait suffi pour au moins commencer."
"""We have nothing but time,"" Andi said, smiling hugely as she placed the colorful sack down at the top of the slide and gestured for him to sit down.","On a tout le temps, dit Andi, avec un grand sourire, en posant le sac coloré en haut du toboggan et en lui faisant signe de s'asseoir.","Ça nous reste du temps, dit Andi en souriant énormément alors qu'elle posait le sac coloré au sommet de la glissière et lui faisait signe de s'asseoir."
"When someone tells you they've had it all and done it all, and feel no need for more when you're still reaching for every goddamned thing life can offer, what is there left to say?","Quand quelqu'un vous dit qu'il a tout eu et tout fait, et qu'il ne ressent pas le besoin d'en avoir plus alors que vous cherchez toujours tout ce que la vie peut vous offrir, que reste-t-il à dire ?","Quand quelqu'un te dit qu'il a tout eu et tout fait, et qu'il n'a pas besoin de plus alors que tu t'efforces de prendre tout ce que la vie peut offrir, qu'y a-t-il encore à dire ?"
The waves crashed on the sand and the water pooled near her.,Les vagues s'écrasaient sur le sable et l'eau s'accumulait près d'elle.,Les vagues s'écrasaient sur le sable et l'eau se réunissait près d'elle.
"""Frankie,"" John breathes into my wet hair.","Frankie, souffle John dans mes cheveux mouillés.","Frankie, soupire John dans mes cheveux humides."
"She didn't want this day, no matter how hard the work was, to ever end.","Elle ne voulait pas que cette journée, même si le travail était difficile, se termine un jour.","Ça ne devait jamais se terminer, même si le travail était difficile."
His dimple is just so adorable.,Sa fossette est tellement adorable.,Son rire est si adorable.
He lets his eyes skate over me before he turns them back to the room.,Il laisse ses yeux glisser sur moi avant de les tourner de nouveau vers la pièce.,Il fait glisser ses yeux sur moi avant de les retourner dans la pièce.
"Humid, warm air rushed in and filled her lungs, and salty dampness coated her face.","L'air chaud et humide s'engouffra dans ses poumons, et une humidité salée recouvrit son visage.","L'air humide et chaud s'engouffra et remplit ses poumons, tandis que la salinité et l'humidité recouvraient son visage."
"""I'll keep her safe,"" Drew said, making Andi wince as she hung over his shoulder, struggling to keep the terror at bay.","Je la garderai en sécurité, dit Drew, faisant grimacer Andi qui s'accrochait à son épaule, s'efforçant de maintenir la terreur à distance.","Je la protégerai, dit Drew, ce qui fit frémit Andi alors qu'elle se penchait sur son épaule, luttant pour contenir la terreur."
"Nicki's skin is a deep, rich mahogany that must have been painted on by the hand of God himself, it's so perfect.","La peau de Nicki est d'un acajou riche et profond qui a dû être peint par la main de Dieu lui-même, tant elle est parfaite.","La peau de Nicki est un mahogany profond et riche qui doit avoir été peint par la main de Dieu, elle est si parfaite."
"And I'm sitting here in the bar that was supposed to be both our legacies.""",Et je suis assis ici dans le bar qui était censé être notre héritage à tous les deux.,Ça fait que je suis assis ici dans le bar qui était censé être notre héritage.
"No dark water surrounding him, just the bright and cold glare of sterility and the smell of bleach.","Il n'y avait plus d'eau sombre autour de lui, juste la froide lumière blafarde d'un endroit stérile et une odeur d'eau de Javel.","Pas d'eau noire autour de lui, juste le regard lumineux et froid de la stérilité et l'odeur de chlorure."
"That's the best news I've heard in ages.""",C'est la meilleure nouvelle que j'ai entendue depuis longtemps.,Ça est la meilleure nouvelle que j'ai entendue depuis des années.
"I've done it a thousand times.""",Je l'ai fait des milliers de fois.,Ça m'a déjà fait mille fois.
What a day.,Quelle journée !,Ça a été une journée.
A big part of me wants to pull John into my arms and shield him from everything and everyone that would ever wish him harm.,Une grande partie de moi veut prendre John dans mes bras et le protéger de tout ce qui pourrait lui faire du mal.,Une grande partie de moi veut prendre John dans mes bras et le protéger de tout et de tout le monde qui pourrait lui faire du mal.
"It's me you want, not him.","C'est moi que tu veux, pas lui.","Ça, c'est moi que tu veux, pas lui."
Reds and blues and bright yellows swirled and clashed along the walls.,"Du rouge, du bleu et du jaune vif tourbillonnaient et se mélangeaient le long des murs.","Les rouges, les bleus et les jaunes vifs se mêlaient et s'entrecroisaient le long des murs."
"Merely acquaintances, as far as the world knew.","De simples connaissances, pour autant que le monde le sache.",Ça ne signifiait rien pour le monde.
It's intangible.,Ce n'est pas tangible.,Ça est intangible.
He was headed directly for them.,Il se dirigeait directement vers eux.,Il se dirigeait directement vers eux.
"She'd fantasized about sucking him off many times, but it was never this good, this real.","Elle avait souvent fantasmé sur le fait de l'avoir en bouche, mais cela n'avait jamais été aussi bon, aussi vivace.","Ça lui avait souvent envolé l'esprit de le sucer, mais ça n'avait jamais été aussi bon, aussi réel."
"At first, I assume it's for work or for Lexi but, when I ask, he dodges the question or distracts me with sex.","Au début, je supposais que c'était pour le travail ou pour Lexi, mais quand je lui demande, il esquive la question ou me distrait avec du sexe.","À première vue, je suppose qu'il s'agit de travail ou de Lexi, mais quand je le questionne, il évite la question ou me distrait avec du sexe."
"What a phenomenon.""",Quel phénomène !,Ça fait un phénomène.
"""If I had my way, we'd take out the privateer's whole linewomen too.","Si ça ne tenait qu'à moi, nous aurions éliminé toute la lignée du corsaire, y compris les femmes.","Si je pouvais, je prendrais les filles de la ligne aussi."
"Pinching the jacket for Sign O' the Times between two fingers, I ease it off the shelf.","En pinçant la pochette de Sign O' the Times entre deux doigts, je la sors de l'étagère.",Je prends le disque Sign O' the Times entre deux doigts et le retire du support.
"""He's covering his ass,"" Devyn said, watching as she returned her attention back to the email and-","Il couvre ses arrières, dit Devyn, en la regardant reporter son attention sur l'e-mail et...","Ça, c'est pour se couvrir la queue, dit Devyn en la regardant retourner son attention sur l'e-mail et..."
"""Lot's happened in the past couple of days.""",Il s'est passé beaucoup de choses ces deux derniers jours.,Ça a beaucoup changé ces derniers jours.
I frame his face in my hands.,J'encadre son visage dans mes mains.,Je prends son visage dans mes mains.
"""You're going to love the fourth grade,"" Uncle Shawn said, smiling as he picked her up and placed her on the chair as she frantically shook her head, knowing that this wasn't going to end well.","Tu vas adorer le CM1, dit Oncle Shawn en souriant alors qu'il la prenait dans ses bras et la déposait sur la chaise pendant qu'elle secouait frénétiquement la tête, car elle savait que ça n'allait pas bien se finir.","Tu vas adorer le CM1, dit Oncle Shawn en souriant alors qu'il la levait et la plaçait sur le fauteuil, alors qu'elle secouait frénétiquement la tête, sachant que ça ne se terminerait pas bien."
"""You said he changed it,"" Garrett countered.","Tu as dit qu'il l'avait changé, rétorque Garrett.","Ça dit que c'est lui qui l'a changé, répliqua Garrett."
My voice sounds like I've been chewing on asphalt and my words crumble under the crush of it.,Ma voix sonne comme si j'avais mâché de l'asphalte et mes mots s'effritent sous son poids.,Ça me semble que j'ai mâché de l'asphalte et que mes mots s'effondrent sous le poids de la situation.
"""I'll post guards near the beach,"" her mother said.","Je vais poster des gardes près de la plage, dit sa mère.","Je ferai mettre des gardes près de la plage, dit sa mère."
"And I'm not gonna lie, I get off on living vicariously through others.","Et je ne vais pas mentir, je prends mon pied en vivant par procuration à travers les autres.",Ça me fait plaisir de vivre vicarieusement à travers les autres.
"""Why didn't Christopher stay on land with her?",Pourquoi Christopher n'était-il pas resté sur la terre ferme avec elle ?,Pourquoi Christopher n'était-il pas resté sur le sol avec elle ?
I know you feel the pull to the sea like I do.,"Je sais que tu es attiré par la mer, tout comme moi.",Ça fait que tu ressens l'attrait pour la mer comme moi.
"Inna was already on the ropes, scaling like a spider on a web.","Inna était déjà sur l'échelle de cordes, se déplaçant comme une araignée sur une toile.","Inna était déjà sur les cordes, comme une araignée sur un filet."
He must see this because he continues.,"Il doit s'en apercevoir, car il continue.",Ça doit lui arriver parce qu'il continue.
"""I think it made everything better,"" she said, absently tracing his fingers, careful of the cuts.","Je pense que ça a tout amélioré, dit-elle, traçant distraitement le contour de ses doigts, prenant soin de ne pas toucher aux coupures.","Ça a rendu tout mieux, dit-elle en suivant distraitement ses doigts, en étant prudente face aux coupes."
"He stared into her almond-shaped eyes, then moved his hand and turned away.","Il fixa ses yeux en amande, puis déplaça sa main et se détourna.","Il la fixa dans ses yeux almonds, puis déplaça sa main et se retourna."
"After wiping my mouth with the back of my hand, I slink to the floor by the (blessedly cleanish) toilet, unable to move.","Après m'être essuyé la bouche du revers de la main, je me glisse sur le sol près des toilettes (heureusement propres), incapable de bouger.","Je me suis essuyé la bouche avec le dos de ma main, puis j'ai glissé à terre près du (mercifulement propre) WC, incapable de bouger."
"""Swimming lessons.",Des cours de natation.,Ça faisait partie des leçons de natation.
"The more he breathed the decision, the more it became clear that she was meant for him.","Plus il pensait à cette décision, plus il devenait évident qu'elle était faite pour lui.","Plus il respirait sa décision, plus il devenait clair qu'elle était faite pour lui."
"""Michelle was my first,"" he offers.","Michelle était ma première, explique-t-il.","Ça a été Michelle, mon premier, répond-il."
She was supposed to be able to do a hundred different things at once and-,"Elle était censée pouvoir faire une centaine de tâches en même temps, et...",Ça lui était supposé de pouvoir faire cent choses en même temps et...
"Dyer smiles, tossing the strap of his messenger bag over his head.","Dyer sourit, jetant la lanière de son sac par-dessus sa tête.","Dyer sourit, en passant la bande de son sac à dos sur sa tête."
"I take it back, he needs to stop doing that.","Je retire ce que j'ai dit, il doit arrêter de faire ça.","Ça me fait peur, il doit s'arrêter."
"Mermaids were often spotted during a stormthat is when sailors needed them, and when they helped humans most.",Les sirènes sont souvent aperçues pendant une tempête  c'est à ce moment-là que les marins ont besoin d'elles et qu'elles aident le plus les humains.,"Les sirènes étaient souvent aperçues pendant une tempête, c'était là que les marins les avaient besoin, et là où elles aidaient les humains le plus."
"""Better?"" he asked, surprised at his breathiness.","demanda-t-il, surpris de son essoufflement.",Ça va mieux ?
"My skin is suddenly too tight, and my dick is arguing loudly in Garrett's favor, reminding me that we hadn't had sex in weeks before the end, so it's been - let me count - Jesus, nearly two months since I got laid.","Ma peau est soudain trop tendue, et ma bite plaide vigoureusement en faveur de Garrett, me rappelant que nous n'avions plus fait l'amour depuis des semaines avant la fin de notre histoire.","Mon peau est soudain trop étroite, et ma queue fait une scène en faveur de Garrett, me rappelant que nous n'avions pas eu de sexe depuis des semaines avant la fin, donc il y a - laisse-moi compter - putain, presque deux mois que je n'ai pas eu de sexe."
It wasn't any different.,Ce n'était pas différent.,Ça n'était pas différent.
"For now, we need to figure out what to do.""","Pour l'instant, nous devons trouver quoi faire.","Ça ne nous sert pas pour l'instant, il faut que nous décidions de quoi faire."
"I mean, fuck.","Je veux dire, putain.",Ça fait un putain de bonne.
"The winding path through the rides was mostly clean of sand and debris, and only a few of the rides and sideshow games showed any evidence that a powerful storm had ripped through the night before.","Le chemin sinueux qui traversait les manèges était presque entièrement débarrassé du sable et des débris, et seuls quelques manèges et jeux du parc d'attraction montraient des signes qu'une puissante tempête s'était abattue sur le parc la nuit précédente.","Le chemin sinueux entre les attractions était le plus partiellement dépourvu de sable et de débris, et seulement quelques attractions et jeux de tir étaient témoins d'un puissant orage qui avait traversé la nuit précédente."
"""Has anyone ever...confronted you?",Est-ce que quelqu'un t'a déjà... confronté ?,Ça a-t-il jamais été...
"John's hand, which he's lifted to sift through the hair at my nape, drifts down to cup the back of my neck.","La main de John, qu'il a soulevée pour la glisser dans les cheveux à l'arrière de mon crâne, descend jusqu'à ma nuque.","La main de John, qu'il a soulevée pour filtrer les cheveux à mon cou, glisse vers le dos de mon cou."
"""This is a long series of firsts for me,"" he says, his voice quiet.","C'est une longue série de premières pour moi, dit-il, la voix calme.","Ça fait longtemps que je ne suis pas allé en vacances, dit-il, la voix calme."
"""If my calculations are correct, I would say a little over twenty-two billion, forty-seven million, two hundred fifty-seven thousand dollars and eighty-three cents.","Si mes calculs sont corrects, je dirai un peu plus de vingt-deux milliards, quarante-sept millions, deux cent cinquante-sept mille dollars et quatre-vingt-trois centimes.","Si mes calculs sont corrects, je dirais un peu plus de vingt-deux milliards, quatre-vingt-sept millions, deux cent cinquante-sept mille dollars et huit cents."
"My skin is beech with a hint of henna, my wild, black curls have minds of their own.","Ma peau est de la couleur du hêtre avec un soupçon de henné, mes boucles noires et sauvages n'en font qu'à leur tête.","Mon peau est blanchâtre avec un peu de henné, mes boucles noires sauvages ont leur propre esprit."
"When she stepped, the ground seemed to fall out from under her feet and she stumbled on air.","Lorsqu'elle fit un pas, le sol sembla se dérober sous ses pieds et elle trébucha dans le vide.","Quand elle posait le pied, le sol semblait s'écrouler sous ses pieds et elle s'écarte sur l'air."
"""You too,"" I reply over my shoulder, as he starts his engine.","Toi aussi, répondis-je par-dessus mon épaule, tandis qu'il démarre son moteur.","Ça va, réponds-je par-dessus mon épaule alors qu'il démarrera son moteur."
Every nerve in her body hummed.,Chaque nerf de son corps frémissait.,Tous ses nerfs se tordaient.
I smack him on his rock-hard abs.,Je lui donne une claque sur ses abdominaux durs comme la pierre.,Je lui donne une gifle sur ses abdominaux durs comme du caillou.
"The sun warmed the top of his head and his shoulders, and the heated sand toasted his bare feet.","Le soleil lui réchauffait le sommet du crâne et les épaules, et le sable chaud brûlait ses pieds nus.","Le soleil réchauffait le haut de sa tête et ses épaules, et le sable chauffé brûlait ses pieds nus."
"As sure as he was that he couldn't get close to anyone, he longed to feel her touch.","Même s'il était sûr de ne pas pouvoir être proche de quelqu'un, il avait envie de la toucher.","Ça lui semblait aussi sûr qu'il ne pouvait s'approcher de personne, il désirait sentir son contact."
It'd sure be handy to talk to himhave him on her side in case the approaching figure turned out to be a menace.,"Ce serait bien pratique de lui parler, de l'avoir à ses côtés au cas où la silhouette qui s'approchait s'avérait être une menace.","Ça serait vraiment utile de pouvoir parler à lui, avoir son appui en casque le visage qui approchait se révélât être une menace."
We had so much more in common.,Nous avions bien plus en commun.,Ça nous rapprochait beaucoup plus.
"My cock dribbles nonstop, leaving threads of precome against my stomach.","Ma bite dégouline sans arrêt, laissant des fils de liquide séminal contre mon estomac.",Mon coche dégage une eau salée qui se dépose sur mon estomac.
"""I'm not used to being snuck up on.",Je n'ai pas l'habitude de me faire surprendre.,Ça ne m'est pas habituel.
"He and Luke had loved the birds when they were kids, but after owning the bar, he realized what a nuisance they could be.","Luke et lui avaient adoré les oiseaux lorsqu'ils étaient enfants, mais depuis qu'il était propriétaire du bar, il s'était rendu compte de la nuisance qu'ils pouvaient représenter.","Luke et lui avaient aimé les oiseaux quand ils étaient enfants, mais après avoir acheté le bar, il avait compris à quel point ils pouvaient être un ennui."
"""Tell me that this is enough.""",Dis-moi que ça suffit.,Dis-moi que c'est suffisant.
She paused to see if he was joking.,Elle s'arrêta net pour voir s'il plaisantait.,Elle s'arrêta pour voir s'il se moquait.
Or were they in love?,Ou étaient-ils amoureux ?,Êtaient-ils amoureux ?
"""I don't know what Lucas has planned, but until I can make sure that you're safe, I need you to stay with your brother,"" Devyn explained as he placed the iPad and laptop in her backpack and handed it to Drew.","J'ignore ce que Lucas a prévu, mais jusqu'à ce que je puisse m'assurer que tu es en sécurité, j'ai besoin que tu restes avec ton frère, expliqua Devyn en plaçant l'iPad et l'ordinateur portable dans le sac à dos d'Andi et en le tendant à Drew.","Je ne sais pas ce que Lucas a prévu, mais jusqu'à ce que je puisse m'assurer de ta sécurité, je te demande de rester avec ton frère, expliqua Devyn en mettant l'iPad et le laptop dans son sac à dos et en le lui donnant à Drew."
"He turns my head the way he wants it so that he can plunder my mouth, and I take it all.","Il tourne ma tête dans le sens qu'il veut pour pouvoir dévorer ma bouche, et je prends tout.","Il fait tourner ma tête dans la direction qu'il veut pour pouvoir m'écarter les lèvres, et je le prends comme il le veut."
"For the first time in her life, she didn't care that she was in over her head or that she was probably making the biggest mistake of her life, not when he kissed her like this.","Pour la première fois de sa vie, elle ne se souciait pas de savoir qu'elle était dépassée par les événements ou qu'elle commettait probablement la plus grosse erreur de sa vie, pas quand il l'embrassait comme ça.","Pour la première fois de sa vie, elle ne s'inquiétait pas d'être en dessous de la marche ou de commettre le plus grand malentendu de sa vie, pas quand il l'embrassait comme ça."
"""I heard you sold the bar.",J'ai entendu dire que tu avais vendu le bar.,"Ça m'a fait peur, tu m'as vendu le bar."
"""What's this about, Lucas?"" Devyn asked because Lucas was the last person that he wanted to talk about Andi with.","demanda Devyn, parce que Lucas était la dernière personne avec qui il voulait parler d'Andi.","Ça va pourquoi, Lucas ?"
"""We want different things, Frankie,"" he'd said, and it hadn't come as a surprise.","""Nous voulons des choses différentes, Frankie"", avait-il dit, et cela n'avait pas été une surprise.","Ça veut dire que nous voulons des choses différentes, Frankie, avait-il dit, et cela ne m'avait pas surpris."
"I catch him in my arms, taking his weight so that he doesn't face-plant in the middle of the street.","Je l'attrape dans mes bras, supportant son poids pour qu'il ne tombe pas la tête la première au milieu de la rue.","Je le attrape dans mes bras, prenant son poids pour qu'il ne se fasse pas une face-plant au milieu de la rue."
"I scroll further and stop, not really able to wrap my head around the headlines for these articles.","Je fais défiler la page, puis je m'arrête, n'arrivant pas à comprendre les titres de ces articles.","Je fais défiler plus loin et arrête, sans vraiment pouvoir comprendre les titres de ces articles."
"He used to find reasons to stay after school, detention, clubs, anything was better than going back to rundown motels and boarding rooms without heat.","Il avait l'habitude de trouver des raisons de rester après l'école, les heures de colle, les clubs, tout valait mieux que de retourner dans des motels délabrés et des chambres d'internat sans chauffage.","Il avait l'habitude de trouver des raisons pour rester après l'école, les détentions, les clubs, tout était mieux que de retourner dans les motels en mauvais état et les chambres de pension sans chauffage."
I'll be his first for everything.,Je serai son premier pour tout.,Ça sera le premier pour tout.
He set his glass of water on the coffee table between them.,Il posa son verre d'eau sur la table basse entre eux.,Il posa son verre d'eau sur la table basse entre eux.
"With Hillshire Hotels reorganizing and ready to sell off some of its properties to save itself, they didn't have a lot of time to waste.","Les Hôtels Hillshire étant en train de se réorganiser et prêts à vendre certains de leurs propriétés pour se sauver, ils avaient peu de temps à perdre.","Les Hôtels Hillshire se restructuraient et étaient prêts à vendre certains de leurs biens pour se sauver, ils n'avaient pas beaucoup de temps à perdre."
She'd protect Chase as long as she could.,Elle protégerait Chase aussi longtemps qu'elle le pourrait.,Elle protégerait Chase autant qu'elle le pouvait.
"""Good intense?"" He asks, hopeful.","demande-t-il, plein d'espoir.",Ça a été bon ?
"I arch and shimmy and squirm as waves of pleasure pulse through me, from the soles of my feet to the crown of my head, and I disintegrate, clenching and releasing and clenching again.","Je me cambre, me trémousse et me tortille tandis que des vagues de plaisir me traversent, de la plante des pieds au sommet de la tête, et je me désintègre, me serrant, me relâchant et me serrant à nouveau.","Je me redresse, je danse et je me tortille alors que des vagues de plaisir me traversent, des pieds aux cheveux, et je me décompose, je contracte et je relâche, puis je contracte à nouveau."
"She jumped to the last platform before the door, then stepped up to the landing.","Elle sauta sur la dernière plateforme avant la porte, puis s'avança sur le palier.","Elle sauta sur la dernière plate-forme avant la porte, puis s'approcha de la terrasse."
"There is one double ten-inch I've been after for bloody ages, a rare pressing of The Police's Regatta de Blanc.""","Il y a un double vinyle 10 pouces que je cherche depuis des lustres, un exemplaire rare de Regatta de Blanc de The Police.","Ça fait des années que je cherche un double 33 tours, une édition rare de Regatta de Blanc des Police."
"Family and pirate and all.""","La famille, les pirates et tout le reste.","Ça fait partie de la famille, du pirate et tout ça."
"She kissed and licked his length, noting the way that it became harder with every touch of her tongue as she wrapped her hand around him and took the tip between her lips and moaned.","Elle embrassa et lécha son membre, notant la façon dont il devenait plus dur à chaque contact de sa langue, puis elle enroula sa main autour de lui, prit le bout entre ses lèvres et gémit.","Elle embrassa et lécha sa longueur, remarquant la façon dont elle devenait plus dure avec chaque contact de sa langue, tandis qu'elle enroulait sa main autour d'elle et prenait le bout entre ses lèvres et gémissait."
Then I'm everybody's golden boy.,Je deviens alors le prodige de tous.,Ça fait que je suis le garçon d'or de tous.
Are they wider than before?,Sont-elles plus larges qu'avant ?,Êtes-elles plus larges que précédemment ?
"""I've been meaning to go there.",J'avais l'intention d'y aller.,Ça m'a longtemps fait envie de m'y rendre.
"From the distance, Mari could see Inna's scowl.","De loin, Mari pouvait voir la mine renfrognée d'Inna.","De loin, Mari pouvait voir le regard acariâtre d'Inna."
Damn birds were loudespecially in the quiet of the post-storm island.,"Ces satanés oiseaux étaient bruyants, surtout dans le calme de l'île après la tempête.","Ça faisait mal aux oiseaux, ils étaient trop bruyants, surtout sur l'île après la tempête."
Of course she wanted to know how the jelly was.,"Bien sûr, qu'elle voulait savoir ce qu'il en était de la méduse.",Ça lui faisait bien envie de savoir comment était le gelée.
But he was wiser now.,Mais il était plus sage maintenant.,Mais il était plus sage maintenant.
The aroma of her coconut soap wafted up to him.,L'arôme de son savon à la noix de coco s'éleva jusqu'à lui.,L'odeur de son savon à la noix de coco lui parvint.
"Another gust of wind pelted her with prickles of sand, and she wiped her face.",Une nouvelle rafale de vent la bombarda de grains de sable piquants et elle s'essuya le visage.,"Une autre rafale de vent la frappa de grains de sable, et elle se secoua."
"I'm a storm girl.""",Je suis une fille d'orage.,Je suis une fille de tempête.
My uncle took good care of us.,Mon oncle s'est bien occupé de nous.,Mon oncle nous a bien pris en charge.
"""One of the largest on the East Coast.""",C'est l'une des plus grandes de la côte Est.,L'un des plus grands du côté Est.
She held up a plate.,Elle brandit une assiette.,Elle tenait une assiette.
I open my mouth to say come join me when John's phone rings.,"J'ouvre la bouche pour dire ""viens me rejoindre"" quand le téléphone de John sonne.","Je suis sur le point de dire ""viens-moi rejoindre"" quand le téléphone de John sonne."
He was leaving and would never see her again.,Il partait et ne la reverrait jamais.,Ça allait finir et il ne la reverrait jamais.
He dropped off the files that Devyn needed her to go over first thing in the morning and picked them up at night.,Il déposait chez elle les dossiers que Devyn voulait qu'elle examine le matin et venait les récupérer le soir.,Il lui avait laissé les dossiers qu'il fallait qu'elle examine dès le matin et les lui avait remis le soir.
Her legs wobbled as she adjusted to standing on land for the first time in weeks.,Ses jambes vacillèrent tandis qu'elle s'habituait à se tenir sur la terre ferme pour la première fois depuis des semaines.,Ses jambes vacillaient alors qu'elle s'habitua à se tenir sur la terre ferme pour la première fois depuis des semaines.
I also hate the fact that someone will be in my space tonight.,Je déteste aussi le fait qu'une personne soit dans mon espace ce soir.,Ça me fait aussi haine que quelqu'un soit dans mon espace ce soir.
I'm too stunned to respond. Too needy.,Je suis trop abasourdi pour répondre.,Ça m'a trop stupéfié pour répondre.
"She smiled and pictured herself as a barista, dressed in a tiny pink skirt and tall heels, no panties.","D'accord, sourit-elle en s'imaginant en barista, vêtue d'une petite jupe rose et de talons hauts, sans culotte.","Elle sourit et se représentait comme une barista, vêtue d'une petite jupe rose et de hauts talons, sans culotte."
Mari put her arms around his waist and lay her head on his back.,Mari passa ses bras autour de sa taille et appuya sa tête contre son dos.,Mari enroula ses bras autour de sa taille et posa sa tête sur son dos.
"He filled her completely, unlike any other man she'd been with, not that there'd been many.","Il la remplissait complètement, contrairement à tous les autres hommes qu'elle avait fréquenté, non pas qu'il y en ait eu beaucoup.","Il la remplissait complètement, contrairement à tout autre homme avec qui elle avait eu des relations sexuelles, ce qui n'avait pas été le cas."
She wiped the last tears from her cheeks.,Elle essuya les dernières larmes sur ses joues.,Elle essuya les dernières larmes de ses joues.
Pursued the ship all over the Caribbean.,Ils l'avaient poursuivi dans tous les Caraïbes.,Ça a suivi le navire partout dans les Caraïbes.
"And good riddance.""",Et bon débarras.,Ça fait bien.
"""More than Dyer?""",Plus que Dyer ?,Plus que Dyer ?
"""You're a little neurotic,"" he continues.","Tu es un peu névrosé, poursuit-il.","Ça fait un peu de toi un peu neurotique, poursuit-il."
"""Dyer recommended we do the chef's tasting.""",Dyer nous a recommandé de prendre la dégustation du chef.,Dyer nous a recommandé de faire le tour du menu.
"Inna wouldn't kill his family, would he?","Inna ne tuerait pas sa famille, n'est-ce pas ?","Inna ne tuerait pas sa famille, non ?"
"""Yeah, though he's down in Florida.""","Oui, mais il est en Floride.","Ça vaut, mais il est en Floride."
"""Let's go,"" he said, gesturing to the elevators and destroying her last hope of sleeping in her own bed for the first time in a month.","Allons-y, dit-il en faisant un geste vers les ascenseurs et en détruisant son dernier espoir de dormir dans son propre lit pour la première fois depuis un mois.","Ça va, dit-il en faisant signe vers les ascenseurs et en détruisant ainsi son dernier espoir de dormir dans son propre lit pour la première fois depuis un mois."
"""Can't you go to a motel or something?""",Tu ne peux pas aller dans un motel ou quelque chose comme ça ?,Ça ne te serait pas possible de passer la nuit dans un hôtel ?
"""I can see that you're off in your own little world now, so I'm going to head back to work now,"" Drew said dryly, not that she was listening since an idea came to her, one that had her absently murmuring, ""Love you, too,"" as she climbed off the bed and grabbed her iPad.","Je vois que tu es dans ton petit monde maintenant, alors je vais retourner au travail, déclara sèchement Drew, non pas qu'elle l'écoutait puisqu'une idée lui était venue, une idée qui la fit distraitement murmurer : ""Moi aussi, je t'aime"", alors qu'elle sortait du lit et attrapait son iPad.","Ça me semble que tu es en train de te perdre dans ton petit monde, alors je vais retourner au travail maintenant, dit Drew sèchement, sans qu'elle ne l'écoute, car une idée lui venait, une idée qui la fit murmurer distraitement : ""Je t'aime aussi"", alors qu'elle descendait du lit et prenait son iPad."
The glow of moonlight spread across her face like sparkling fairy dust over a summer meadow.,L'éclat de la lune se répandait sur son visage comme une poussière de fée scintillante sur une prairie d'été.,L'éclat de la lumière lunaire s'étendait sur son visage comme de la poussière de fée sur un pré d'été.
"I can protect you then.""",Je pourrai alors te protéger.,Je peux te protéger alors.
Swimming away wouldn't solve anything and it wouldn't save Chase.,Nager loin ne résoudrait rien et ne sauverait pas Chase.,Ne pas nager loin de lui ne résoudrait rien et ne sauverait pas Chase.
"His seems okay now, so I remove my hands from his body and immediately miss the feel of him against my palms.","Il a l'air d'aller bien maintenant, alors j'enlève mes mains de son corps et la sensation  contre mes paumes me manque immédiatement.","Ça semble bien maintenant, alors je retire mes mains de son corps et je manque immédiatement le sentiment de sa peau contre mes paumes."
"Her hand trembled as she opened the hinged box, and she blew out the breath in a long, slow whistle.","Sa main tremblait lorsqu'elle ouvrit la boîte à charnière, et elle expira dans un long et lent souffle.","Sa main tremblait lorsqu'elle ouvrit la boîte à coulisse, et elle expulsa son souffle en un long sifflement lent."
"""Some things,"" he begins after a long minute.","Certaines choses, commence-t-il après une longue minute.","Ça, certains choses, commence-t-il après une longue minute."
"Besides, he didn't deserve to be close to anyone anymore.","D'ailleurs, il ne méritait plus d'être proche de qui que ce",Ça ne lui revenait pas d'être près de quelqu'un.
"""Walk me through how the requests were made.""",Expliquez-moi comment les demandes ont été faites.,Me guide-moi sur la façon dont les demandes ont été formulées.
"She's mistaken,"" Lucas said, sighing heavily as he gestured for security to show her to the door.","Elle se trompe, dit Lucas, soupirant lourdement et faisant signe aux agents de sécurité de la sortir de la pièce.","Ça ne va pas, dit Lucas en soupirant lourdement en faisant signe à la sécurité pour qu'elle l'emmène à la porte."
"""Does she live far away or something?",Elle habite loin ou quelque chose du genre ?,Ça veut dire qu'elle habite loin ou quelque chose comme ça ?
"""It's my heartbeat,"" Devyn said, turning his hand over so that she could see the new smartwatch that he'd purchased to link his heartbeat to the bear's so that no matter where he was, she would never have to sleep alone again.","C'est mon rythme cardiaque, dit Devyn, en retournant sa main pour qu'elle puisse voir la nouvelle montre connectée qu'il avait achetée pour relier son rythme cardiaque à celui de l'ours, afin que, peu importe où il se trouve, elle n'ait plus jamais à dormir seule.","Ça c'est mon battement de cœur, dit Devyn en retournant sa main pour qu'elle puisse voir le nouveau smartwatch qu'il avait acheté pour lier son battement de cœur à celui de l'ours, de sorte qu'il ne lui arrivât plus de dormir seule."
Maybe I've earned some leeway.,Peut-être ai-je gagné une certaine marge de manœuvre.,Ça m'a peut-être permis de faire un peu de marge.
"They should have deleted the rows instead of just hiding them, but that probably would have alerted the accounting department to the embezzlement sooner.","La personne aurait dû effacer les lignes de compte au lieu de les cacher, mais ça aurait probablement alerté plus tôt le service comptabilité sur le détournement de fonds.",Ça aurait probablement alerté le service comptabilité plus tôt sur le vol.
She put her foot back onto the couch and closed her eyes again.,Elle reposa son pied sur le canapé et ferma à nouveau les yeux.,Elle remit son pied sur le canapé et ferma à nouveau les yeux.
Unless Inna went upstairs to the bar.,À moins qu'Inna ne monte au bar.,Ça ne serait pas le cas si Inna allait au bar.
"And now it's my turn to dispense justice.""","Et maintenant, c'est à mon tour de rendre justice.","Ça m'a fait rire, et maintenant, c'est mon tour de faire la loi."
"""I thought that was only a story,"" she said.","Je croyais que ce n'était qu'une histoire, dit-elle.","Ça n'était qu'une histoire, dit-elle."
"He set everything down in a pile, caught the rolling flashlight, and then grabbed the handset.","Il posa tout en tas, attrapa la lampe de poche qui roulait, puis saisit le combiné.","Il posa tout sur une pile, attrapa la lampe qui roule, puis prit le téléphone."
"If I stretched out my arm, I could touch him.","Si je tends le bras, je pourrais le toucher.","Si je tendais l'avant-bras, je pourrais le toucher."
"""What are you doing, can I come over?""","Que fais-tu,  je peux venir ?","Ça fait quoi, peux-je venir ?"
"Between going through the Hillshire Hotels' files and taking care of him, she was exhausted.","Entre l'examen des dossiers des Hôtels Hillshire et les soins apportés à Devyn, elle était épuisée.","Entre l'examen des dossiers des Hôtels Hillshire et la prise en charge de Chase, elle était épuisée."
"""Sorry if I touched a nerve.""",Désolé si j'ai touché un point sensible.,Je suis désolé si j'ai touché un nerf.
"Inna struggled and the guards shoved him to the ground, face-first.","Inna se débattit et les gardes le poussèrent au sol, la tête la première.","Inna lutta et les gardes le poussèrent au sol, face-à-terre."
John's laughter rumbles against my back.,Le rire de John gronde contre mon dos.,L'hilarité de John résonne contre mon dos.
"""Plus, we didn't get a lot of sleep last night.","En plus, on n'a pas beaucoup dormi la nuit dernière.",Ça fait aussi que nous n'avons pas dormi beaucoup hier soir.
I need to see him.,J'ai besoin de le voir.,Je dois le voir.
"In short, I was the guy sitting on the arm of his boyfriend's chair staring off into space while everyone around him espoused the genius of someone named Lena Dunham.","En bref, j'étais le gars assis sur le bras du fauteuil de son copain, regardant dans le vide pendant que tout le monde autour de lui vantait le génie d'une certaine Lena Dunham.","Ça va dire, j'étais le type assis sur le bras de la chaise de son petit ami, qui regardait l'espace sans rien dire alors que tout le monde autour de lui louait le génie de quelqu'un nommé Lena Dunham."
"Maybe they were staging a rescue.""",Peut-être qu'ils organisaient un sauvetage.,Ça pourrait être un sauvetage.
He needed answers and he couldn't get them from behind a desk.,Il avait besoin de réponses et il ne pouvait pas les obtenir derrière un bureau.,Il avait besoin de réponses et il ne les pouvait pas obtenir derrière un bureau.
He couldn't protect anyone anymore.,Il ne pouvait plus protéger personne.,Il ne pouvait plus protéger personne.
"""I have to question the logistics of what the report said because I'm not sure how Mrs. Grady would have been able to bend me over her desk with her bad hip and-""","Je dois remettre en question la logistique de ce que dit le rapport, car j'ignore comment Mme Grady aurait pu me pencher sur son bureau avec sa blessure à la  hanche et...",Je dois mettre en doute les modalités de ce que le rapport a dit parce que je ne suis pas sûr de savoir comment Mme Grady aurait pu m'entraîner sur son bureau avec sa mauvaise hanche et...
"""And you?""","Et, vous ?",Ça va pour toi ?
"""I wish I could do that, but I don't know how.""","J'aimerai pouvoir le faire, mais je ne sais pas comment.","Ça m'aurait plu, mais je ne sais pas comment le faire."
It was almost like he was a mood ring with a short-circuiting sensor.,C'était presque comme s'il était une bague d'humeur avec un court-circuit dans ses capteurs.,Ça ressemblait à un anneau d'humour avec un capteur en panne.
"She would go on and on about it, and that wasn't good for either of their anxieties.","Elle n'aurait cessé d'en parler, ce qui n'était pas bon pour leurs angoisses.","Ça allait durer, et ça ne faisait pas bon pour leurs anxieties."
"When I was old enough to dress myself, she says I didn't give a shit about girls' clothes or boys' clothes, I liked what I liked.","Quand j'ai eu l'âge de m'habiller seul, elle m'a dit que je me moquais de savoir si c'étaient des vêtements pour filles ou pour garçons, j'aimais ce que j'aimais.","Ça a commencé quand j'étais assez grande pour me vêtir, elle dit que je n'avais pas de préférence pour les vêtements des filles ou ceux des garçons, je m'habillais comme je le désirais."
"A stiff breeze rustles the trees above our heads, blowing my hair into my face.","Une forte brise fait bruisser les arbres au-dessus de nos têtes, soufflant mes cheveux sur mon visage.","Une forte brise agite les arbres au-dessus de notre tête, soufflant mes cheveux dans mon visage."
"We don't know what happened.""",Nous ne savons pas ce qui s'est passé.,Ça nous est inconnue.
"For now, it had to stay hidden.","Pour l'instant, elle devait rester cachée.",Ça devait rester caché pour l'instant.
"As he slipped into the ocean, he shifted into a dark, tentacled beast and slithered into the deeper water.","Alors qu'il s'enfonçait dans l'océan, il se transforma en une bête sombre à tentacules et s'enfonça dans les eaux plus profondes.","Quand il plongea dans l'océan, il se transforma en une bête noire aux tentacules et s'enfonça dans l'eau plus profonde."
"Swallowing hard, she watched as he pulled his belt free and dropped it to the floor as he toed off his shoes.","Déglutissant, elle le regarda retirer sa ceinture et la laisser tomber sur le sol en même temps qu'il enlevait ses chaussures.","En déglutissant difficilement, elle le regarda se détacher de sa ceinture et la laisser tomber sur le sol, tout en enlevant ses chaussures."
"Well, almost everything.","Enfin, de presque tout.",Ça fait presque tout.
"Rows of bungalows lay along the road, empty for now, but each holding a family's memories within its walls.","Des rangées de bungalows s'étendaient le long de la route, vides pour l'instant, mais renfermant chacun les souvenirs d'une famille.","Lignes de bungalows bordaient la route, pour l'instant vides, mais chacun d'entre eux contenait les souvenirs d'une famille dans ses murs."
"Someone could see you.""",Quelqu'un pourrait te voir.,Ça pourrait arriver à quelqu'un.
"I sound whiny and not at all sure about this, which I'm not.","J'ai l'air pleurnichard et pas du tout sûr de moi, ce qui n'est pas le cas.","Ça me donne l'air de plaintre et de ne pas être du tout sûr, ce que je ne suis pas."
"""The man in the painting.""",L'homme du tableau.,L'homme du tableau.
"He could barely believe it, as it felt like they'd been boarding up for weeks.","Il avait du mal à le croire, car il avait l'impression que cela faisait des semaines qu'ils fixaient des planches.","Ça lui était difficilement crédible, car il avait l'impression qu'ils avaient fermé les volets pendant des semaines."
"When he pulled her fingertips to his lips for a kiss, she giggled.","Lorsqu'il porta le bout de ses doigts à ses lèvres pour l'embrasser, elle gloussa.","Quand il lui fit toucher les extrémités de ses doigts à ses lèvres pour un baiser, elle guérit."
"My heartbeat pulses in its tip, and know I'm already wetting the front of my boxer-briefs.",Mon cœur bat à l'extrémité de mon gland et je sais que je mouille déjà le devant de mon boxer.,"Mon cœur bat à l'extrémité de son index, et je sais que j'ai déjà mouillé l'avant de mon boxer."
"He peered down at her, his pupils dilating with need, and evidence of his desire reaching out to her.","Il la regarda, les pupilles dilatées par le besoin, et la preuve de son désir s'étendant jusqu'à elle.","Il la regarda, ses pupilles s'étirant sous l'effet de son désir, et l'évidence de son désir s'adressant à elle."
"The night would be memorable, one way or another.","La nuit allait être mémorable, d'une manière ou d'une autre.","Ça serait une nuit à ne pas oublier, quoi qu'il en soit."
"He loved her, more than anything and he wasn't about to lose her because he'd fucked up and trusted the wrong person.","Il l'aimait, plus que tout, et il n'allait pas la perdre parce qu'il avait merdé et fait confiance à la mauvaise personne.","Il l'aimait, plus que tout et il ne l'allait pas perdre parce qu'il avait fait une erreur et qu'il avait confié sa vie à la personne qui ne méritait pas sa confiance."
"The words come slowly, as if he's giving me time to process them.","Les mots viennent lentement, comme s'il me donnait le temps de les assimiler.","Les mots arrivent lentement, comme s'il m'offrait le temps de les digérer."
"""It's a good place to be quiet and just think.""",C'est un bon endroit pour être tranquille et réfléchir.,Ça fait bon être tranquille et penser.
"""No, thanks,"" she said.","Non, merci, dit-elle.","Non, merci, dit-elle."
"She didn't say anything but looked up at him with wild, wide eyes and kiss-swollen lips.","Elle ne dit rien, mais le regarda avec des yeux grands et furieux et des lèvres gonflées par leurs baisers.","Elle ne dit rien, mais leva les yeux vers lui avec des yeux sauvages et des lèvres gonflées par les baisers."
Almost reserved.,Presque réservée.,Presque réservé.
"He wasn't about to lose everything, not after everything he had to do to get to this point, which meant that he had to stay focused and keep his head in the game.","Il n'allait pas tout perdre, pas après tout ce qu'il avait dû faire pour en arriver là, ce qui signifiait qu'il avait dû rester concentré et garder la tête froide pour rester dans la partie.","Ça ne faisait pas que perdre tout, pas après tout ce qu'il avait dû faire pour arriver à ce point, ce qui signifiait qu'il devait rester concentré et ne pas perdre la tête."
"For a moment, she debated whether or not she should ask, but...","Pendant un instant, elle se demanda si elle devait poser la question ou non, mais...","Un moment, elle se demanda si elle devait poser la question ou non, mais..."
"I want to take my time tonight.""",Je veux prendre mon temps ce soir.,Je veux prendre le temps ce soir.
"It was either that or they got lucky, Andi thought as she thought over everything that they'd learned over the past few months and-","C'était soit ça, soit ils ont eu de la chance, pensa Andi en réfléchissant à tout ce qu'ils avaient appris dans les derniers mois et...","Ça faisait plutôt penser qu'ils avaient eu de la chance, pensa Andi en récapitulant tout ce qu'ils avaient appris ces derniers mois et..."
"Life isn't always fair.""",La vie n'est pas toujours juste.,La vie n'est pas toujours juste.
"Unfortunately for her, and her bacon addiction, the only restaurant within walking distance that made them closed hours ago.","Malheureusement pour elle, et pour son addiction au bacon, le seul restaurant à proximité qui en faisait avait fermé il y a des heures.","Malheureusement pour elle et sa dépendance à la bacon, le seul restaurant à portée de main qui les faisait était fermé depuis des heures."
"""You can't up and leave all you've built here.""","Tu ne peux pas abandonner tout ce que tu as construit ici, continua-t",Ça ne te permet pas de partir tout de suite tout ce que tu as construit ici.
"I wiggle my eyebrows, just to let him know I'm teasing.","ajouté-je tout en remuant les sourcils, juste pour lui faire comprendre que je le taquine","Je me frotte les sourcils, juste pour lui faire comprendre que je lui fais du boulot."
"You're going to go down there, sit down, and keep your mouth shut while I break the news to the board about the unfortunate circumstances surrounding your impending resignation.","Tu vas t'y rendre, t'asseoir et te taire pendant que j'annonce au conseil les circonstances malheureuses de ta démission imminente.","Ça va falloir que tu descends, que tu te assises et que tu tiens la langue pour que je leur explique les circonstances malheureuses qui entourent ton démission."
"I came in at the right time to clean this mess up and keep you distracted, especially since the files were already missing before I was hired, which makes me believe that the angle that Lucas was going for was that I came in after the fact to clean up the mess for a partner, perhaps a boss.","Je suis arrivée au bon moment pour faire le ménage dans ce bazar et vous distraire, d'autant plus que les dossiers avaient déjà disparu avant que je ne sois engagée, ce qui me fait penser que l'angle d'attaque de Lucas était que je suis arrivée après coup pour faire le ménage pour un partenaire, peut-être un patron.","Ça me fait croire que l'angle que Lucas avait pris était que j'étais entré après les faits pour nettoyer le désordre pour un partenaire, peut-être un patron."
"""Beer, if you have an IPA.""","De la bière, si tu as une IPA.","Ça serait une bière, si tu as une IPA."
"He poured a small amount of the golden-brown alcohol into his glass, then lifted it and took a whiff.","Il versa une petite quantité de l'alcool brun doré dans son verre, puis le souleva et le huma.","Il versa un petit peu de l'alcool doré dans son verre, le leva et en prit un soupir."
You'll like him.,Tu l'aimerais bien.,Ça te plaira.
"""Why are you pouting?"" came the question that had Andi releasing a shuddering sigh as she sat there, admittedly pouting, but for good reason.","""Pourquoi fais-tu la tête ?"" entendit Andi qui lâcha un soupir tremblant alors qu'elle était assise là, faisant certes la moue, mais pour une bonne raison.",Ça fait quoi que tu te plaques ?
Chase shifted the small backpack higher on his shoulders.,Chase déplaça le petit sac à dos plus haut sur ses épaules.,Chase déplaça le petit sac à dos plus haut sur ses épaules.
"I want to see his face when he finds out all about us.""",Je veux voir sa tête quand il apprendra tout sur nous.,Je veux voir son visage quand il en saura tout.
"He winks, and laughs, and something in my chest loosens a bit.","Il fait un clin d'œil et rit, et quelque chose dans ma poitrine se détend","Il me fait un signe, rie et quelque chose dans mon cœur se détend un peu."
She didn't scare him.,Elle ne lui faisait pas peur.,Ça ne l'effrayait pas.
"""Patrick and I, we could talk about anything and everything.","Patrick et moi, nous pouvions parler de tout et de rien.","Patrick et moi, nous pouvions parler de tout et de rien."
"Christ, he'd never seen her coming, Lucas thought as he considered the small woman that had destroyed everything that he'd worked so hard for before shifting his attention to the black BMW parked only a few yards away.","Bon sang, il ne l'avait pas vue venir, pensa Lucas en considérant la petite femme qui avait détruit tout ce pour quoi il avait travaillé si dur, avant de reporter son attention sur la BMW noire garée à quelques mètres de là.","Ça, il ne l'avait jamais vu venir, pensa Lucas en considérant la petite femme qui avait détruit tout ce qu'il avait travaillé si dur pour obtenir, avant de reporter son attention sur la BMW noire garée à quelques mètres de là."
She'd felt so fucking good in his arms and-,"Cette sensation de bien-être quand elle était dans ses bras, et...",Ça lui avait si bien fait dans ses bras et...
Lingering outside in the wind and rain wasn't getting her any closer to her goal.,S'attarder dehors dans le vent et la pluie ne la rapprochait pas de son but.,"Être dehors, dans le vent et la pluie, ne l'aidait pas à atteindre son but."
"He pushed into his bedroom, navigating the dark space with ease.","Il pénétra dans sa chambre, se frayant un chemin dans l'espace sombre avec aisance.","Il pénétra dans sa chambre, se déplaçant facilement dans l'espace sombre."
Of course it was worth it.,Bien sûr que ça en valait la peine.,Ça valait la peine.
"Any other time, I would signal my dining partner to let them know where I was.","À tout autre moment, je ferais signe à mon compagnon de table pour lui indiquer où je me trouve.","Être en retard, c'est un péché, mais je ne voulais pas faire attendre mon partenaire de dîner."
I wish my father were still alivehe'd understand.,J'aimerai que mon père soit encore en vie  il comprendrait.,"Je souhaiterais que mon père soit encore en vie, il comprendrait."
"When he rode it, he flew.","Lorsqu'il montait dedans, il volait.","Quand il la montait, il volait."
"""Nothing for me but thanks.""","Rien pour moi, mais merci.","Ça ne m'intéresse pas, mais merci."
"""I don't hear the wind howling as much.""",Je n'entends plus le vent hurler autant.,Ça ne souffle pas aussi fort.
She leaned forward and pushed a kiss onto his jeans' fly.,Elle se pencha en avant et déposa un baiser sur la braguette de son jean.,Elle se pencha en avant et déposa un baiser sur sa boutonnière.
"""I‘m so mad at you,"" I whisper between kisses, gripping his shoulders so hard, I know I'm leaving bruises.","Je suis tellement en colère contre toi, murmuré-je entre deux baisers, en serrant ses épaules si fort que je sais que je laisse des bleus.","Ça m'enrage, murmuré-je entre les baisers, saisissant ses épaules si fort que je sais que je laisse des empreintes."
Snowed Undercover,La neige sous couverture,Snow Undercover
"Mermaid's Purse is my responsibility, and if it fails, I've got nothing.""","La Bourse de la Sirène est sous ma responsabilité, et si elle tombe en ruine, je n'ai plus rien.","Ça fait partie de mes responsabilités et si ça échoue, je n'ai rien."
He scanned the deck but only reflected moonlight and the remaining bits of debris met his gaze.,"Il balaya le pont du regard, mais seuls le reflet de la lune et les débris restants rencontrèrent son regard.","Il balaya le pont, mais il ne reflétait que la lumière de la lune et les derniers morceaux de débris qui lui étaient visibles."
"""I have no fucking idea, but I plan on talking to Lucas to see what he thinks,"" Devyn said, taking one last sip of his coffee before placing it back on his nightstand as she found herself wondering how someone who'd been working on a project for almost two years didn't know that it was-","Je n'en ai aucune idée, mais j'ai prévu d'en parler à Lucas pour voir ce qu'il en pense, dit Devyn en buvant une dernière gorgée de son café avant de le reposer sur le chevet alors qu'elle se demandait comment quelqu'un qui avait travaillé sur ce projet pendant presque deux années n'avait pas se rendre compte que c'était","Ça me fait rire, mais je vais parler à Lucas pour voir ce qu'il pense, répondit Devyn en buvant une dernière gorgée de son café avant de le placer de nouveau sur sa table de nuit alors qu'elle se demandait comment quelqu'un qui travaillait sur un projet depuis presque deux ans ne savait pas que c'était..."
"He looks up at me, his eyes so full of pain, a lump forms in my throat.","Il lève les yeux vers moi, ils sont si emplis de douleur qu'une boule se forme dans ma gorge.","Il me regarde, les yeux pleins de douleur, une boule se forme dans ma gorge."
Chase would never forgive her if he ever found out.,Chase ne lui pardonnerait jamais s'il le découvrait.,Chase ne l'aurait jamais pardonnée s'il en avait jamais connaissance.
Chapter 11,Chapitre 11,11e chapitre
"If I lose everything...""",Si je perds tout...,Si je perd tout...
"""It is a lovely hotel,"" Andi murmured in agreement with a solemn nod as she took her time selecting a slice of bacon off the huge platter in front of her.","C'est un bel hôtel, murmura Andi en acquiesçant d'un signe de tête solennel, tout en prenant le temps de choisir une tranche de bacon sur l'immense plateau qui se trouve devant elle.","Ça est un hôtel magnifique, murmura Andi en accord avec un hochement de tête solennel alors qu'elle prenait son temps pour choisir une tranche de bacon sur le grand plat devant elle."
"This morning when he woke up and realized that she wasn't there, he'd realized just how much he liked waking up with her in his arms.","Ce matin, quand, à son réveil, il avait vu qu'elle n'était pas à ses côtés, il avait réalisé à quel point il aimait se réveiller dans ses bras.",Ça lui avait fait comprendre à quel point il aimait se réveiller avec elle dans ses bras.
He had bumps and ridges everywhere he should.,Il avait des muscles saillants partout où il le fallait.,Il avait des bosses et des crêtes partout où il devait.
"Well, that was...precise.","Eh bien, c'est... précis.",Ça était... précis.
"After they'd graduated, Lucas's godfather gave him a junior management position at Carta Hotels while Devyn started at the bottom, working the overnight shift as a clerk for a chain of cheap hotels.","Après l'obtention de leurs diplômes, le parrain de Lucas lui avait offert le poste de cadre subalterne chez les Hôtels Carta alors que Devyn avait dû commencer en bas de l'échelle, en commençant à travailler de nuit comme réceptionniste pour une chaîne d'hôtels bon marché.","Après leur diplôme, le parrain de Lucas lui avait donné un poste de responsable de la gestion des ressources humaines dans les hôtels Carta, tandis que Devyn avait commencé à la base, en travaillant la nuit comme commis dans une chaîne d'hôtels de bas de gamme."
She wasn't happy that he wasn't interested in the job.,Elle n'était pas contente par le fait qu'il n'était pas intéressé par cette tâche.,Ça lui déplaisait qu'il n'ait pas d'intérêt pour le poste.
"""Come with me to Kansas.",Viens avec moi au Kansas.,Viens avec moi au Kansas.
"There's day-old snow on the ground, and tiny ice cubes falling from the cloudy sky, but inside is toasty and warm.","Il y a de la neige de la veille sur le sol et de petits flocons qui tombent du ciel nuageux, mais à l'intérieur, il fait chaud et c'est chaleureux.","Ça neige depuis hier, et il y a des petits glaçons qui tombent du ciel gris, mais à l'intérieur, c'est chaud et confortable."
"Blood ran from his cheek, and he swiped and smeared it across his face.","Du sang coulait de sa joue, il l'essuya et l'étala sur son visage.",Le sang coulait de sa joue et il le balança et le répandit sur son visage.
She was alive and that's all that mattered.,Elle était en vie et c'est tout ce qui comptait.,Ça comptait pour tout.
"Chase watched the hem of her shirt ride up again, this time enough to reveal the skin of her back.","Chase regarda l'ourlet de son tee-shirt remonter, cette fois suffisamment pour dévoiler la peau de son dos.","Chase regarda le bord de son tee-shirt remonter à nouveau, cette fois-ci suffisamment pour révéler sa peau."
"I've never been particularly empathetic, and I barely know the man, but there you have it.","Je n'ai jamais été particulièrement empathique, et je connais à peine cet homme, mais voilà.","Je n'ai jamais été particulièrement émpathique et je ne connais pas vraiment l'homme, mais là est la chose."
"It's delicious, in a perverted, self-destructive sense.","C'est délicieux, dans un sens pervers et autodestructeur.","Ça est délicieux, dans un sens pervers et auto-destructeur."
"We need to get our hands on another iPad and a laptop, log into our accounts and download those files before he gets a chance to alter them or delete them.""","Nous devons mettre la main sur un autre iPad et un ordinateur portable, nous connecter à nos comptes et télécharger ces fichiers avant qu'il n'ait le temps de les modifier ou de les effacer.","Ça nous faut un autre iPad et un ordinateur portable, nous devons nous connecter à nos comptes et télécharger ces fichiers avant qu'il n'ait l'occasion de les modifier ou de les supprimer."
"""I could ask you the same,"" I say, letting the water wash the soap from my body.","Je pourrais te demander la même chose, dis-je en laissant l'eau rincer le savon de mon corps.","Ça me serait aussi bien valu de te demander la même chose, dis-je en laissant l'eau éliminer le savon de mon corps."
"When his hands found her breasts, she moved into his touch, the move causing her to be exactly where he needed her.","Lorsque ses mains trouvèrent ses seins, elle se laissa toucher, se plaçant exactement à l'endroit où il avait besoin d'elle.","Quand ses mains trouvèrent ses seins, elle se déplaça dans son contact, ce qui la fit se trouver exactement où il la voulait."
"""And once you're in a relationship, I find that going out on actual dates just doesn't happen.""","Et une fois qu'on est en couple, je trouve qu'on ne sort plus en amoureux.","Et quand on est en couple, je trouve que les sorties ne se font pas."
Many thanks to:,Un grand merci,Merci à :
"There's barely any natural light, so John has off-white, rice-paper lanterns scattered in the corners.","Comme il n'y a pratiquement pas de lumière naturelle, John a placé des lanternes en papier de riz, couleur blanc cassé dans les coins.","Il n'y a presque pas de lumière naturelle, alors John a des lanternes en papier de riz blanches dans les coins."
She loved the way that he gently caressed her cheek with his fingertips as he moaned her name until that wasn't enough.,"Elle aimait la façon de caresser doucement sa joue du bout des doigts en gémissant son nom, jusqu'à ce que ça ne suffise plus.",Elle aimait la façon dont il caressait doucement sa joue avec les extrémités de ses doigts en gémissant son nom jusqu'à ce que ça ne suffise plus.
Line-dancing area.,Une piste de danse en ligne.,Ça fait partie de la zone de line-dancing.
"""If what you say is truewell, it happened a long time ago.","Si ce que tu dis est vrai, c'est arrivé il y a longtemps.","Si ce que tu dis est vrai, cela a déjà bien fait longtemps."
A small smile tugs at the corner of his mouth.,Un petit sourire se dessine au coin de sa bouche.,Un petit sourire se dessine aux coins de sa bouche.
"""I can't,"" was all he could muster, and even that sounded like the most pathetic excuse.","Tout ce qu'il avait pu dire, c'est ""Je ne peux pas"", et même cette excuse lui avait semblé des plus pathétiques.","Ça me dérange, c'est tout ce que je peux dire, et même ça sonnait comme l'excuse la plus pathetique."
It takes everything in me not to look away.,Il me faut tout ce que j'ai en moi pour ne pas détourner le regard.,Ça me faut tout ce que j'ai en moi pour ne pas me détourner.
"The feel of him, tight around me, is almost too much to bear.","La sensation de son intérieur, serré autour de moi, est presque trop difficile à supporter.","Le sentiment de sa présence, étroite autour de moi, est presque trop à supporter."
"He pushed the door mostly closed and looked out into the park, a stripe of late-day sunlight highlighting his face.","Il poussa la porte jusqu'à la fermer et regarda vers le parc, un rayon de soleil de fin de journée illuminant son visage.","Il ferma la porte à peu près et regarda le parc, une bande de soleil tardif mettant en valeur son visage."
"Where else would we hide?""",Où d'autre pourrions-nous nous cacher ?,Ça ne nous servirait à rien d'autre.
"I'll hold him all night, if that's what he wants.","Je le tiendrai toute la nuit, si c'est ce qu'il veut.","Je le tiens toute la nuit, si c'est ce qu'il veut."
Our time together meant nothing.,Le temps que nous avons passé ensemble ne signifiait rien.,Notre temps ensemble n'avait aucune importance.
"I love music,"" he says.","J'aime la musique, dit-il.","Je suis amoureux de la musique, dit-il."
"After the often-crushing humidity of summer, fall in Philadelphia is crisp, like a ripe apple you can't wait to sink your teeth into.","Après l'humidité souvent écrasante de l'été, l'automne à Philadelphie est frais, comme une pomme mûre que l'on a hâte de croquer à pleines dents.","L'été à Philadelphie est souvent très humide, mais l'automne est frais, comme une pomme qui est pleine et dont on ne peut pas attendre de manger."
"We'll sleep on the couches.""",On dormira sur les canapés.,Ça nous permettra de dormir sur les canapés.
"He'd live in this moment, this night with her, with no promises.","Il vivrait ce moment, cette nuit avec elle, sans rien lui promettre.","Il vivrait ce moment, cette nuit avec elle, sans promesse."
"""We were having a difficult time putting the pieces together because of the missing files, but thankfully, Mr. Anderson was kind enough to create a fake hotel for every transfer.","Nous peinions à recoller les morceaux à cause des dossiers manquants, mais heureusement, M. Anderson a eu la gentillesse de créer un faux hôtel pour chaque transfert.","Ça nous a posé des problèmes pour mettre les pièces du puzzle ensemble à cause des dossiers manquants, mais heureusement, M. Anderson a eu la gentillesse de créer un faux hôtel pour chaque transfert."
Even the girls have noticed me slinking around our flat.,Même les filles ont remarqué que je me faufilais dans notre appartement.,Ça a même attiré l'attention des filles qui ont remarqué que je me déplaçais comme un chat dans notre appartement.
It never occurred to me that I might be hindering his progress by forcing him to keep quiet.,Il ne m'est jamais venu à l'esprit que je pouvais l'empêcher d'avancer en le forçant à se taire.,Ça ne m'est jamais venu à l'esprit que je pourrais l'empêcher de progresser en lui forçant à rester silencieux.
"Chase hefted the plywood and set it against the window, lining up the pilot holes.","Chase souleva le contreplaqué et le plaça contre la fenêtre, alignant les avant-trous.","Chase souleva le contreplaqué et le posa contre la fenêtre, en alignant les trous de pilotage."
"""They changed the schedule.",Ils ont changé les horaires.,Ça a changé le calendrier.
"""I'll go grab the bags,"" he said, that muscle in his jaw working double-time as he turned around and left, leaving her with no choice but to see this thing through on her own.","Je vais chercher nos bagages, ajouta-t-il, le muscle de sa mâchoire tiquant deux fois plus alors qu'il se retournait et partait, ne laissant pas d'autres choix à la jeune femme que de se débrouiller toute seule.","Ça fait deux ans que je suis enceinte, dit-il en se retournant et en s'en allant, laissant ainsi à sa femme la seule responsabilité de faire avancer le projet."
If Chase ever found out the truth...,Si Chase découvrait la vérité...,Si Chase découvrait la vérité...
"The sun, half-risen and bright, glowed behind her head like an orange halo, outlining the edges of her hair in bright relief.","Le soleil, à moitié levé et brillant, rayonnait derrière sa tête comme un halo orange, soulignant les contours de ses cheveux d'un relief éclatant.","Le soleil, à demi-levé et brillant, brillait derrière sa tête comme un halo orange, mettant en relief les bords de ses cheveux."
It never lies.,Elle ne ment jamais.,Ça ne ment jamais.
Of course Inna set the fire.,Bien sûr qu'Inna avait mis le feu.,Ça va sans dire que c'est Inna qui a mis le feu.
"But you will find someone.""",Mais tu trouveras quelqu'un.,Ça te donnera à penser.
"It didn't matter what her mother had promised him, or what her father owed him.","Peu importe ce que sa mère lui avait promis, ou ce que son père lui devait.","Ça ne comptait pas ce que sa mère lui avait promis, ni ce que son père lui devait."
"Not even a little bit, because she had plenty to keep her busy, and honestly, she didn't have time for anything else.","Pas même un peu, car elle avait de quoi s'occuper, et honnêtement, elle n'avait pas le temps pour quoi que ce soit d'autre","Ça ne l'avait pas empêchée de se déplacer, car elle avait beaucoup de choses à faire, et honnêtement, elle n'avait pas le temps de faire autre chose."
The sun is stroking the highlights of John's auburn hair as if it can't keep its fingers out of the wavy locks.,"Le soleil caresse les reflets des cheveux auburn de John, comme s'il ne pouvait pas empêcher ses rayons de toucher ses mèches ondulées.",Le soleil éclaire les reflets de ses cheveux auburn comme s'il ne pouvait pas se passer de les toucher.
"The pier cut out to sea a hundred yards north, and fishermen and tourists alike would always head to his bar for lunch.","La jetée s'enfonçait dans la mer à une centaine de mètres au nord, et les pêcheurs comme les touristes se rendaient toujours à son bar pour déjeuner.","La jetée s'avançait vers la mer sur cent mètres au nord, et les pêcheurs et les touristes allaient toujours se rendre à son bar pour déjeuner."
"She turned to Inna, and the words formed sticky clumps in her mouth.","Elle se tourna vers Inna, et les mots formèrent des amas collants dans sa bouche.","Elle se tourna vers Inna, et les mots se formaient en boules visqueuses dans sa bouche."
"""It's from the Police, a song called Tea in the Sahara.""","C'est une chanson de Police qui s'appelle ""Tea in the Sahara"".","Ça vient de la Police, une chanson appelée ""Thé au Sahara""."
"""If you'd be still, it wouldn't hurt.""","Si tu restais tranquille, tu n'aurais pas mal.","Si tu restais immobile, tu ne serais pas en danger."
The storm shutters banged a raging rhythm as the strong winds roared inland.,Les volets claquaient à un rythme endiablé tandis que les vents violents s'engouffraient à l'intérieur des terres.,Les volets de la tempête se frappaient avec une rage furieuse alors que les fortes vents s'engouffraient à l'intérieur des terres.
"I know John was married to a woman, and that the marriage lasted for at least a few years.",Je sais que John était marié à une femme et que ce mariage a duré au moins quelques années.,Je sais que John était marié à une femme et que le mariage a duré au moins quelques années.
"""How did she survive, being a woman in that time?","Comment a-t-elle survécu, en tant une femme à cette époque ?","Comment a-t-elle survécu, étant une femme à cette époque ?"
"But John brought color and warmth to it, things I didn't know I'd been missing.","Mais John y a apporté de la couleur et de la chaleur, des choses qui je ne savais pas me manquaient.","John a apporté de la couleur et de la chaleur, des choses que je ne connaissais pas manquer."
"""What?"" My question brings John back to the present.",Ma question ramène John au présent.,Ça ?
"One slides up my neck and into my hair, where he grabs a fistful of my curls, pulling me down into his hungry, greedy kiss.","L'une d'elles remonte le long de mon cou jusqu'à mes cheveux, où il saisit une poignée de mes boucles, m'attirant plus bas dans un baiser affamé et avide.","Un de ses doigts glisse sur mon cou et dans mes cheveux, où il attrape une boule de mes boucles, me faisant tomber dans son embrassement affamé et avide."
"I turn away enough to give him some semblance of privacy, quietly putting my things in my backpack, but I stay close.","Je me détourne suffisamment pour lui laisser un semblant d'intimité, en rangeant discrètement mes affaires dans mon sac à dos, mais je reste près de lui.","Je me détourne suffisamment pour lui donner un peu de privé, en mettant calme mes affaires dans mon sac à dos, mais je reste proche."
"""I have no idea since you haven't told me what I'm doing exactly.",Je n'en ai aucune idée vu que tu ne m'as pas dit ce que je dois exactement faire.,"Ça m'étonne, car tu ne m'as pas dit ce que je fais exactement."
I'm a veritable treasure trove of useless knowledge.,Je suis un véritable puits de connaissances inutiles.,Ça m'a fait un vrai trésor de connaissances inutiles.
She reached for him and touched his arm and his tattoo burned like she'd touched him with a torch.,"Elle s'approcha de lui, toucha son bras et son tatouage le brûla comme si elle l'avait touché avec une torche.",Elle s'approcha de lui et toucha son bras et son tatouage brûlait comme si elle l'avait touché avec une flamme.
"John makes a sound in the back of his throat, something like a confirmation, and drops his head to his chest.","John émet un grognement, quelque chose comme une confirmation, et baisse la tête vers sa poitrine.","John émet un son au fond de sa gorge, quelque chose comme une confirmation, et laisse tomber sa tête sur son torse."
"""Huh?"" Mari sighed as the image of her and Chase vanished.",Mari soupira alors que l'image d'elle et de Chase disparaissait.,Ça ? Mari soupira lorsque l'image de Chase et d'elle disparut.
"I want inside you,"" he practically begs.","Je veux être en toi, supplie-t-il presque.","Je veux être en toi, il le demande presque."
"""He's not here,"" Mari whispered.","Il n'est pas là, murmura Mari.","Ça ne marche pas, murmura Mari."
Lights lit up the room and sickly carnival music blasted from unseen speakers.,Des lumières illuminèrent la pièce et une musique de carnaval discordante sortit de haut-parleurs invisibles.,Les lumières éclairaient la pièce et la musique de foire malade s'échappait de haut-parleurs invisibles.
"He could see more fire than bar, and he knew it was over.","Il voyait plus le feu que son bar, et il savait que c'était fini.","Il pouvait voir plus de feu que de bar, et il savait que ça était fini."
"He doesn't think I'm crazy when I stop, mid-sentence, to point out the song that's playing in the restaurant while we eat.","Il ne me prend pas pour un fou quand je m'arrête, au milieu d'une phrase, pour lui faire remarquer la chanson qui passe dans le restaurant pendant que nous mangeons.","Ça ne lui semble pas que je sois folle quand je me arrête, en plein discours, pour indiquer la chanson qui sonne dans le restaurant pendant que nous mangeons."
Let me try to brace myself halfway.,Laisse-moi essayer de m'arc-bouter à mi-chemin.,Laisse-moi essayer de me tenir debout.
"""I deserve to feel his death.",Je mérite de voir sa mort.,Je mérite de sentir sa mort.
"The naked woman stood tall, her deep-brown hair reaching to her ankles.","La femme nue se tenait debout, ses cheveux d'un brun profond lui arrivaient aux chevilles.","L'homme nu se tenait droit, ses cheveux brun foncé atteignant jusqu'à ses chevilles."
"Feeling more confident in her movements, she stroked him as she licked and sucked, grasping him firmly.","Plus confiante dans ses mouvements, elle le caressa tout en le léchant et en le suçant, l'empoignant fermement.","Plus confiante dans ses mouvements, elle le caresse tandis qu'elle léchait et suçait, le saisissant fermement."
"So, they tried to scare me off by telling me about all the monsters and the ghosts in the school, how mean the teacher really was, all the gross things the cafeteria lady was putting in the food, and unfortunately, it worked.","Elles ont donc essayé de m'effrayer en me parlant de tous les monstres et fantômes de l'école, de la méchanceté du professeur, de toutes les choses dégoûtantes que la dame de la cafétéria mettait dans la nourriture, et malheureusement, ça a fonctionné.",Ça a fonctionné.
I hope my voice sounds firm.,J'espère que ma voix est ferme.,Je espère que ma voix sonne ferme.
"""I'm very thorough,"" Andi said, nibbling on a piece of bacon.","Je suis très minutieuse, dit Andi en grignotant un morceau de bacon.","Ça me dérange, mais je suis très détaillée, dit Andi en mâchant une tranche de bacon."
"After high school, she attended college, worked as a bellhop, fast food cook, and a museum worker until she decided to take an EMT course.","Après le lycée, elle est allée à l'université, a travaillé comme groom, cuisinière dans un fast-food et employée dans un musée, jusqu'à ce qu'elle décide de suivre des cours pour devenir ambulancière.","Après le lycée, elle a fréquenté l'université, travaillé comme valet de chambre, cuisinier de fast-food et employée d'un musée jusqu'à ce qu'elle décide de suivre un cours d'ambulancier."
"""His baby sister.",Sa petite sœur.,Sa petite sœur.
"""Welcome to the Emerald Cove, Mr. MacGregor,"" the clerk said with that warm smile that didn't seem to help the situation as Devyn continued to glare in a way that told her that she was never going to hear the end of this.","Bienvenue à l'Emerald Cove, M. MacGregor, dit la réceptionniste avec un sourire chaleureux qui ne semblait pas arranger la situation, alors que Devyn continuait de la fixer d'une manière qui lui disait qu'elle ne finirait jamais d'en entendre parler.","Bienvenue au Cap Emeraude, M. MacGregor, dit l'employé avec un sourire chaleureux qui ne semblait pas aider la situation, alors que Devyn continuait à jeter des regards dans un sens qui lui disait qu'elle ne cesserait jamais de l'entendre."
Was this the end?,Était-ce la fin ?,Ça faisait-il partie de la fin ?
The board would have fired his ass for gross incompetence.,Les membres du conseil d'administration l'auraient licencié pour incompétence grave.,Le conseil d'administration l'aurait renvoyé pour grossière incompétence.
To escape.,Pour s'échapper.,Être en fuite.
"We expect landfall not long after midnight at the storm's current speed...""",Nous nous attendons à ce que la tempête touche terre peu après minuit vu sa vitesse actuelle...,"Ça ne fera pas longtemps que nous toucheront le sol, après minuit, à la vitesse actuelle de la tempête..."
I don't want any stray projectiles to catch either one of us unawares.,"Je ne veux pas qu'un projectile perdu nous prenne au dépourvu, l'un ou l'autre.",Je ne veux pas que des projets errants nous attrapent par surprise.
"I yank until I free myself, wincing, but the pain calms me down a little.","Je tire jusqu'à me libérer, en grimaçant, mais la douleur me calme","Je tire jusqu'à ce que je m'en libère, me plaignant, mais la douleur me calme un peu."
He looked out to the dark beach.,Il regarda la plage sombre.,Il regarda la plage sombre.
"You haven't told me how you feel about him.""",Tu ne m'as pas dit ce que tu ressentais pour lui.,Ça ne t'a pas dit ce que tu ressens pour lui.
Serving Chase coffee in bed without his black T-shirt or pants.,"Servir un café à Chase dans son lit, sans son tee-shirt noir ni son pantalon.",Servir du café à Chase au lit sans son tee-shirt ou ses pantalons noirs.
"No going barefoot on the deck today, it wasn't safe.","Pas question d'aller pieds nus sur le pont aujourd'hui, ce n'était pas sûr.","Ça ne se faisait pas aujourd'hui, il n'était pas sûr."
Lots of little girls with curls hanging to their waists and bright blue eyes...,Beaucoup de petites filles avec des boucles qui leur arriveraient à la taille et des yeux bleu brillant...,Ça faisait longtemps que je n'avais pas vu autant de petites filles aux cheveux bouclés jusqu'à leurs taille et aux yeux bleus...
What he faced now.,Ce qu'il affrontait maintenant.,Ça qu'il affrontait maintenant.
She freaking loved quiet time!,Elle adorait le temps calme !,Ça la faisait vraiment plaisir !
"The elevator doors barely had a chance to open when he was moving his ass, heading to his office, praying every step of the way that Andi was there.","Les portes de l'ascenseur avaient à peine eu le temps de s'ouvrir qu'il en sortait, se dirigeant vers son bureau, priant à chaque pas pour qu'Andi soit là.","Les portes de l'ascenseur n'avaient même pas eu le temps d'ouvrir que le jeune homme commençait à se déplacer, se dirigeant vers son bureau, priant à chaque pas que Andi soit là."
"""God, you'll never know how sorry I am.""","Bordel, tu ne peux pas savoir à quel point je suis désolé.","Ça, tu ne saurais jamais à quel point je suis désolé."
"""You hate the clutter I make with my records and my gadgets, and my clothing lying about the bedroom.""","Tu détestes le désordre que je crée avec mes disques, mes gadgets et mes vêtements qui traînent dans la chambre.","Ça te fait détester le bruit que font mes disques et mes gadgets, et mes vêtements qui courent partout dans la chambre."
"""Who is he and what is he to you?""",Qui est-il et que représente-t-il pour toi ?,Ça s'appelle qui et qu'est-ce qu'il est pour toi ?
"""You'll be safer at home.""",Tu seras plus en sécurité à la maison.,Tu seras plus en sécurité à la maison.
"Get control, mister.","Contrôlez-vous, monsieur.","Être en contrôle, monsieur."
Not for anyone.,Pour personne.,Ça ne sert à rien.
"I look away, unable to handle the intensity of John's gaze, and stare unseeing at the computer screen.","Je détourne le regard, incapable de supporter l'intensité du regard de John, et je fixe l'écran de l'ordinateur sans le voir.","Je détourne le regard, incapable de supporter l'intensité du regard de John, et j'adresse un regard vide à l'écran du ordinateur."
"She fingered the pearl pendant, twisting it slowly.",Elle toucha le pendentif en perles et le fit tourner lentement.,"Elle toucha le pendant en perle, le faisant tourner lentement."
"Then he reeled backward, almost falling off the platform.","Puis il recula, tombant presque de la plateforme.","Il recula en arrière, presque tombant de la plateforme."
"Every time I come in for my shift, I expect to find a note from Nicki, but she leaves me alone.","Chaque fois que j'arrive pour mon service, je m'attends à trouver un mot de Nicki, mais elle me laisse tranquille.","Quand je viens prendre mon service, je m'attends à trouver une note de Nicki, mais elle m'ignore."
"Breaking off the kiss, Andi reached for that bottle of bodywash and squeezed more into her hand before tossing the empty bottle aside and turning around in his arms, reaching up and pulled him back down to pick up where they left off while she reached between their bodies and-","Rompant le baiser, Andi attrapa la bouteille de gel douche et en pressa davantage dans sa main avant de jeter la bouteille vide de côté et de se retourner dans ses bras, tendant ses bras pour le mettre à son niveau et reprendre là où ils s'étaient arrêtés tandis qu'elle passait la main entre leurs corps et...","Ça lui avait donné envie de se baigner, pensa Andi en prenant la bouteille de gel douche et en enversant plus dans sa main avant de jeter la bouteille vide de côté et de se retourner dans ses bras, en se penchant et en le ramènant à la hauteur de ses mains pour reprendre là où ils s'étaient arrêtés, alors qu'elle passait sa main entre leurs corps et..."
"And so damned tight, I start to babble.",Et tellement serré que je commence à bafouiller.,Ça est si serré que je commence à bafouiller.
"Add the peep show to the grudge and revenge plot, and Inna would kill both of them without hesitation.","Ajoutez le peep-show au projet de vengeance, et Inna les tuerait tous les deux sans hésiter.","Ajouter le peep show au conflit de vengeance et de rancœur, et Inna les tuerait tous les deux sans hésiter."
"It's my fault he's dead.""",C'est ma faute s'il est mort.,Ça m'en est à lui que ce soit mort.
I've never been like this with anyone.,Je n'ai jamais été comme ça avec personne.,Ça ne m'est jamais arrivé avec personne.
"Not everyone can make it with a coastal shop.""",Ce n'est pas donné à tout le monde de réussir à s'en sortir avec un magasin en bord de mer.,Ça ne se fait pas avec tous les magasins de bord de mer.
Inna wouldn't either.,Inna non plus.,Ça ne serait pas la même chose pour Inna.
She tugged more forcefully and moved to take him in her mouth.,Elle tira plus fort et bougea pour le prendre dans sa bouche.,Elle tirait plus fortement et se déplaçait pour le prendre dans sa bouche.
"Yes, I am a bit of a music snob, but he shouldn't know that.","Oui, je suis un peu snob en matière de musique, mais il ne devrait pas le savoir.","Ça fait que je suis un peu snob en matière de musique, mais il ne devrait pas le savoir."
"""You really want to know?""",Tu veux vraiment savoir ?,Ça vous intéresse vraiment ?
"Right at this moment, when I'm so raw, I'm bleeding on the inside.","Tout de suite ? En ce moment même, alors que je suis à vif, que je saigne","Ça, c'est à ce moment-là, alors que je suis si déchiqueté, que je saigne à l'intérieur."
Garrett and I stopped a week or two before our break-up.,Garrett et moi avons arrêté une semaine ou deux avant notre rupture.,Garrett et moi avons arrêté de faire l'amour une semaine ou deux avant notre séparation.
In public?,En public ?,"Ça, en public ?"
Starstruck Holidays: A MM Sci-Fi Holiday Romance Anthology,Starstruck Holidays : Une anthologie de romance de vacances MM Sci-Fi,Être ébloui par les vacances : Une anthologie de romance sci-fi pour les vacances
"John Burton, Walt Whitman High School, Patrick","John Burton, Walt Whitman High School, Patrick","John Burton, Walt Whitman High School, Patrick"
He watched as her focus turned to confusion as she stared down at the light brown teddy bear that had taken him two days to find before her lips pulled up into a beautiful smile.,"Il vit son attention se transformer en confusion lorsqu'elle fixa l'ours en peluche marron clair qu'il avait mis deux jours à trouver, avant que ses lèvres ne se retroussent en un magnifique sourire.","Il la regarda se concentrer, puis se confondre lorsqu'elle fixa le ours brun qu'il avait fallu deux jours à trouver avant que ses lèvres se sourient en un beau sourire."
It would just take a little longer than she'd planned.,Ça prendrait juste un peu plus de temps que prévu.,Ça prendrait un peu plus de temps que ce qu'elle avait prévu.
She didn't let it overwhelm or cripple her.,Elle ne la laissait pas l'accabler ou la paralyser.,Ça ne l'avait pas dépassée ou handicapée.
"John inspires so much music in me, but I haven't found his song.","John m'inspire tellement de chansons, mais je n'ai pas trouvé sa chanson.","John m'inspire tant de musique, mais je n'ai pas encore trouvé son morceau."
"She hadn't felt safe and secure in a long time, and her breathing slowed as she relaxed.","Cela faisait longtemps qu'elle ne s'était pas sentie en sécurité, et sa respiration ralentit à mesure qu'elle se détendait.","Ça faisait longtemps qu'elle ne se sentait pas en sécurité, et sa respiration ralentit tandis qu'elle se détendait."
"""We go out all the time.""",Nous sortons tout le temps.,Ça fait des années que nous sortons tous les soirs.
Daydreams and swimming would have to wait.,Les rêveries et les baignades devaient attendre.,Les rêves et la natation devraient attendre.
"Who knows what our options will be tomorrow.""",Qui sait quelles seront nos options demain ?,Ça ne nous dit rien sur nos options pour demain.
A small chime had Devyn swallowing hard as he looked up and found Andi's phone in the bastard's hand.,Un petit tintement fit déglutir Devyn qui leva les yeux et trouva le téléphone d'Andi dans la main du connard.,Un petit son de cloche fit Devyn déglutir difficilement alors qu'il levait les yeux et découvrait le téléphone d'Andi dans la main du salaud.
"""Her parents?""",Ses parents ?,Son père ?
She turned toward the stack of wood so he wouldn't see her blush.,Elle se tourna vers la pile de bois pour qu'il ne la voit pas rougir.,Elle se tourna vers la pile de bois pour qu'il ne la voie pas rougir.
"""I can help you make your selections, though I have to warn you.","Je peux vous aider à faire votre choix, mais je dois vous prévenir.","Je peux te faire choisir, mais je dois te prévenir."
"He tossed Mari her sundress, then slid into his jeans and zipped them.","Il lança sa robe d'été à Mari, puis se glissa dans son jean et le ferma.","Il jeta le sundress à Mari, puis se glissa dans son jean et le referma."
Garrett brought a bottle of wine.,Garrett a apporté une bouteille de vin.,Garrett avait apporté un bouteille de vin.
"""We don't have all day.""",Nous n'avons pas toute la journée.,Ça ne nous donne pas toute la journée.
His muscles glistened with rain or seawater; she didn't know which.,"Ses muscles brillaient sous l'effet de la pluie ou de l'eau de mer, elle ne savait pas laquelle.","Ses muscles brillaient de la pluie ou de l'eau de mer, elle ne savait pas laquelle."
Her brows furrow.,Ses sourcils se froncent.,Ses sourcils se plissent.
"""Hey, I can't breathe.""","Hé, je n'arrive pas à respirer.","Ça, je ne peux pas respirer."
"""Your turn.""",À ton tour.,Ça te revient.
"A shudder passes through me, followed by a lightning bolt of desire that lands right on the tip of my cock.","Un frisson me traverse, suivi d'un éclair de désir qui atterrit directement sur le bout de ma queue.","Un frisson me traverse, suivi d'un éclair de désir qui se pose sur le bout de ma queue."
"I take in his deep, brown skin and near-white hair, his chiseled cheekbones, and dimpled chin.","Je regarde sa peau brun foncé, ses cheveux presque blancs, ses pommettes ciselées et la fossette sur son menton.","Je regarde sa peau brune et son cheveux presque blanc, ses joues sculptées et son menton dentelé."
"Something was going on, and Mari was going to tell him everything.","Il se passait quelque chose, et Mari allait tout lui dire.","Ça se passait, et Mari allait lui dire tout."
"Mari stopped and watched them too, her curvy figure leaning against the walkway railing.","Mari s'arrêta et les observa également, sa silhouette pulpeuse appuyée contre la rambarde de la passerelle.","Mari s'arrêta et les regarda aussi, sa silhouette courbée contre la balustrade."
"I wish you'd stay inside.""",J'aimerais que tu restes à l'intérieur.,Je te souhaiterais de rester à l'intérieur.
Pleasure struck hard and fast and she cried out as an orgasm slammed into her.,Le plaisir la surprit vite et fort et elle cria lorsqu'un orgasme la frappa de plein fouet.,Le plaisir frappa vite et fort et elle cria lorsqu'un orgasme la frappa.
"The stretch, it burns, and it feels so fucking good.","L'étirement, la brûlure, c'est si bon, putain.",Ça fait tellement bon.
Wasn't that what people did in times of stress?,N'est-ce pas ce que font les gens en période de stress ?,Ça n'était-ce pas ce que les gens faisaient dans les moments de stress ?
"His voice is barely above a whisper, and there's such warmth and affection in it, my heart stutters.","Sa voix est à peine plus forte qu'un murmure, et il y a tant de chaleur et elle contient tellement d'affection que mon cœur bat la chamade.","Sa voix est à peine au-dessus d'un murmure, et il y a tant de chaleur et d'affection, que mon cœur frémit."
"He turned to her, trying to keep his voice low and firm.","Il se tourna vers elle, essayant de garder une voix basse et ferme.","Il se tourna vers elle, essayant de garder sa voix basse et ferme."
"If he were being honest with himself, he'd admit he would miss the bar and all the long nights of work and music and stories.","S'il était honnête avec lui-même, il admettrait que le bar et les longues nuits de travail, de musique et d'histoires lui manqueraient.","Si il était honnête avec lui, il aurait admis qu'il manquerait au bar et aux longues nuits de travail, de musique et d'histoires."
Over the past three days...nothing.,Durant les trois derniers jours.,Ça fait trois jours...rien.
"""I might have considered letting Chase move away if you'd asked me nicely.""",J'aurai pu envisager de laisser Chase partir si tu me l'avais demandé gentiment.,Ça aurait pu me faire envisager de laisser Chase partir si tu m'avais demandé de bonne grâce.
"She knew he held grudges, but this was ridiculous.","Elle savait qu'il était rancunier, mais là, c'était ridicule.","Ça faisait du bien à se rappeler qu'il tenait des rancunes, mais ça allait trop loin."
I guess that solves that problem.,Je suppose que cela résout le problème.,Ça résout donc ce problème.
"He'd thought he'd planned it well with plenty of time to get off the island and go a couple hundred miles inland, maybe to Raleigh.","Il pensait avoir bien planifié son départ et avoir suffisamment de temps pour quitter l'île et se rendre à quelques centaines de kilomètres à l'intérieur des terres, peut-être jusqu'à Raleigh.","Il avait pensé qu'il avait bien organisé son plan avec suffisamment de temps pour quitter l'île et aller quelques centaines de kilomètres à l'intérieur des terres, peut-être jusqu'à Raleigh."
"""Curiosity, I suppose.""","La curiosité, je suppose.",Ça doit être la curiosité.
"""I guess you think I'm crazy now.",Je suppose que tu penses que je suis fou maintenant.,Ça veut dire que tu penses que je suis fou maintenant.
"He sighs and slides his fingers against mine, back and forth.","Il soupire et fait glisser ses doigts entre les miens, d'avant en arrière.","Il soupire et glisse ses doigts contre les miens, d'avant en arrière."
"Besides, it isn't like the rides will be open.""","Et puis, ce n'est pas comme si les manèges étaient ouverts.",Ça ne veut pas dire que les attractions seront ouvertes.
He took care of practically everything.,Il s'occupait pratiquement de tout.,Il s'occupait de presque tout.
"I spin some MC5, X, The Noisettes, and Miike Snow.","Je passe MC5, X, The Noisettes et Miike Snow.","Je mets du MC5, X, Les Noisettes et Miike Snow."
"And now, just as things were going well between her and Chase, she might lose him forever.","Et maintenant, alors que les choses allaient bien entre Chase et elle, elle risquait de le perdre pour toujours.","Et maintenant, alors que les choses se passaient bien entre elle et Chase, elle risquait de le perdre pour toujours."
I guess it is a normal part of daughters growing up.,Je suppose que c'est une partie normale du processus du passage à l'âge adulte pour les filles.,Ça fait partie de la croissance des filles.
"If she didn't know better, she'd say that Inna controlled the weather.","Si elle ne le connaissait pas mieux, elle dirait qu'Inna contrôlait la météo.","Si elle ne savait mieux, elle dirait que Inna contrôlait le temps."
"There's only a smattering of trees in my neighborhood, and even those are too young to do more than sprinkle a bit of confetti on the ground, but Bucks County, where the station is – and where John lives - is a fall lover's dream.","Il n'y a que quelques arbres dans mon quartier, et même ceux-là sont trop jeunes pour ne faire plus que répandre un peu de confettis sur le sol, mais le comté de Bucks, où se trouve la station radio et où vit John, est un lieu de rêve pour les amoureux de l'automne.","Ça ne fait qu'une petite partie des arbres dans mon quartier, et même ceux-ci sont trop jeunes pour faire plus qu'un peu de confettis sur le sol, mais le comté de Bucks, où se trouve la station - et où vit John - est un rêve pour les amoureux de l'automne."
I greet WKMP's general manager as he sets a crate of records on the ground and unlocks his 2012 VW Golf.,Je salue le directeur général de WKMP alors qu'il pose une caisse remplie de disques sur le sol et déverrouille sa Golf 2012.,Je salue le directeur général de WKMP alors qu'il pose une boîte de disques sur le sol et déverrouille sa Volkswagen Golf 2012.
Breakfast?,Le dîner ?,Ça fait du bon sens de manger le petit-déjeuner ?
Like slipping into my favorite pair of sweatpants at the end of a long day.,C'est comme si je me glissais dans mon pantalon de survêtement préféré à la fin d'une longue journée.,Ça fait comme glisser dans mon pantalon préféré à la fin d'une longue journée.
"""That depends,"" Andi said, adding a little sniffle at the end there as she continued toying with his fingers while he lay there, unable to take his eyes off her as he thought about the last two days and...","Ça dépend, dit Andi, ajoutant un petit reniflement à la fin de sa phrase tout en continuant à jouer avec les doigts de Devyn resté allongé, incapable de la quitter des yeux alors qu'il pensait aux deux derniers jours et...","Ça dépend, dit Andi, en ajoutant un petit gémissement à la fin, tout en continuant à jouer avec ses doigts alors qu'il restait allongé, incapable de retirer son regard de son visage alors qu'il pensait aux deux derniers jours et..."
"USA Today bestselling author Kerry Adrienne loves history, science, music, and art.","Kerry Adrienne, autrice de best-sellers USA Today, aime l'histoire, la science, la musique et l'art.","L'auteur best-seller USA Today, Kerry Adrienne, aime l'histoire, les sciences, la musique et l'art."
"I can't keep my eyes off John, and I'm worried that I'll scratch a record or miss a cue.",Je ne peux pas quitter John des yeux et je crains de rayer un disque ou de rater un signal.,"Je ne peux pas arrêter de regarder John, et je crains de scratcher un disque ou de manquer un signal."
I'm pleased that he seems to like it.,Je suis heureux qu'il semble l'aimer.,Ça me plaît qu'il semble apprécier.
"The phone lines are blinking, but I'm not taking any more requests.","Les lignes téléphoniques clignotent, mais je ne prends plus de demandes.","Les lignes téléphoniques clignotent, mais je ne prends plus de nouvelles demandes."
"He picked up the pickle spear and sucked on the end, his mouth contracting at the sourness.","Il prit un cornichon et en suça l'extrémité, sa bouche se contractant sous l'effet de l'aigreur.","Il ramassa la barre de cornichon et la suça, sa bouche se contractant à la saveur acide."
"""But both my sister and I are pretty good at taking care of ourselves.",Mais ma sœur et moi savons très bien nous occuper de nous-mêmes.,Mais ma sœur et moi sommes assez bonnes pour nous occuper.
"Not a tangible sense of loss, but an echo of what might have been.","Ce n'était pas un sentiment réel de perte, mais un écho de ce qui aurait pu être.","Ça n'était pas un sentiment de perte tangible, mais un écho de ce qui aurait pu être."
He almost reached for her but stopped.,"Il s'approcha presque d'elle, mais s'arrêta.","Il s'apprêtait à la toucher, mais s'arrêta."
"I only let my eyes flit briefly over its welcoming expanse and push any thoughts of us tumbling onto it, limbs entwined and John's big body pressing me into the mattress, right out of my head.","Je ne laisse mes yeux que balayer brièvement son étendue accueillante, et j'écarte de ma tête toute idée de nous y laisser tomber, les membres enlacés et le grand corps de John me pressant contre le matelas.","Je ne fais que balancer rapidement mes yeux sur son étendue accueillante et chasse de ma tête toute idée de nous tomber dessus, de nos membres s'entremêlant et du grand corps de John me pressant dans le matelas."
"""What if I told you that I had to leave so that I could send your project to Roman Palms so that they could implement the changes you came up with immediately?"" he asked, smiling against her throat when she went still.",Et si je te disais que je devais partir pour envoyer ton projet à Roman Palms afin qu'ils puissent mettre en œuvre immédiatement les changements que tu as proposés ?,Ça t'aiderait-il si je te disais que j'ai dû partir pour pouvoir envoyer ton projet à Roman Palms afin qu'ils puissent mettre en œuvre les changements que tu avais proposés immédiatement ?
"She'd never been brazen, and her face heated despite her outward boldness.","Elle n'avait jamais été effrontée, et son visage s'échauffa malgré son audace apparente.","Elle n'avait jamais été aussi audacieuse, et son visage s'échauffa malgré sa bravoure apparente."
"""Stop it, Inna!","Arrête, Inna !","Arrête, Inna !"
"""Will it be loud, or can I leave the door open?"" I try to keep my annoyance out of my voice.","Ce sera bruyant, ou je peux laisser la porte ouverte ?","Ça sera bruyant, ou je peux laisser la porte ouverte ?"
"""It's not that bad,"" I swear.","Ce n'est pas si mal, juré-je.","Ça n'est pas si mauvais, je le jure."
And never come back to the islandnever contact you.,"Et de ne jamais revenir sur l'île, de ne jamais te contacter.","Ça ne t'arrivera jamais, jamais tu ne les verras plus, jamais tu ne les entendras plus."
"He'd gathered four flashlights from the kitchen, one from behind the bar, and a few pillar candles and matches, when the phone rang.","Il avait rassemblé quatre lampes de poche dans la cuisine, une derrière le bar, quelques bougies et des allumettes, lorsque le téléphone sonna.","Il avait récupéré quatre torches électriques dans la cuisine, une autre derrière le bar, quelques bougies et des allumettes, lorsque le téléphone sonnait."
Probably right after his mother died and he'd been forced to live off discounted Halloween candy for a month.,Probablement juste après la mort de sa mère et qu'il avait été forcé de vivre en mangeant des bonbons d'Halloween à prix réduit pendant un mois.,Ça avait probablement commencé après la mort de sa mère et qu'il avait dû vivre pendant un mois sur des bonbons Halloween à prix réduit.
"The fading light cast long, deep shadows over one side of his face and his strong features stood out in contrast.",La lumière déclinante projetait des ombres longues et profondes sur un côté de son visage et ses traits forts se détachaient par contraste.,La lumière faible projetait de longues ombres sur un côté de son visage et ses traits saillants se détachaient en contraste.
"In addition to writing books, she's also a college instructor, artist, anime/manga and historical costumer, editor, and bad guitar player.","En plus d'écrire des livres, elle est également enseignante à l'université, artiste, costumière d'anime/manga et d'histoire, rédactrice, et mauvaise joueuse de guitare.","En plus d'écrire des livres, elle est également professeur d'université, artiste, passionnée d'anime et de manga, costumière historique, rédactrice et mauvaise guitariste."
He landed right on top of her.,Il atterrit juste au-dessus d'elle.,Il atterrit directement sur elle.
"A small mermaid swam near the tentaclea mermaid with long pale hair, holding a pink starfish.","Une petite sirène nageait près du tentacule, une sirène aux longs cheveux pâles, tenant une étoile de mer rose.","Une petite sirène nageait près du tentacule, une sirène aux cheveux longs et pâles, tenant une étoile de mer rose."
"""No wonder they canceled the ferry.""",Pas étonnant qu'ils aient annulé le ferry.,Ça ne fait pas de doute que le ferry a été annulé.
He had thanked me.,Il m'avait remercié.,Ça m'avait fait plaisir.
"Not like we can do anything without electricity.""",Ce n'est pas comme si nous pouvions faire quoi que ce soit sans électricité.,Ça ne veut pas dire que nous pouvons faire quelque chose sans électricité.
"""I can understand that,"" Andi said with a sad shake of her head as she auto-filled her credit card information to hold the room.","Je peux le comprendre, dit Andi en secouant tristement la tête tandis qu'elle remplissait automatiquement les informations de sa carte de crédit pour réserver la chambre.","Ça m'est compréhensible, dit Andi avec un hochement de tête triste en remplissant automatiquement les informations de sa carte de crédit pour réserver la chambre."
"Yet, if she stayed alone, that punk might hurt her.","Pourtant, si elle restait seule, ce voyou pourrait lui faire du mal.","Si elle restait seule, ce punk pourrait la blesser."
"He'd better be glad I didn't get my hands on him.""",Il ferait mieux d'être content que je ne lui ai pas mis la main dessus.,Ça lui faudrait d'être heureux que je n'ai pas eu les mains sur lui.
"""And another for my date.""",Et une autre pour mon rendez-vous.,Et une autre pour mon rendez-vous.
"It's a steady rhythm, and I feel my heartbeat slowing to match it.","C'est un rythme régulier, et je sens les battements de mon cœur ralentir en même temps.","Ça est un rythme régulier, et je sens mon cœur ralentir pour le suivre."
"His hands found her breasts as he continued alternating between teasing her clit and sliding his tongue inside her, licking her hungrily as she lay there, wondering if she'd ever felt anything this good before.","Ses mains trouvèrent ses seins alors qu'il continuait d'alterner entre taquiner son clitoris et glisser sa langue à l'intérieur d'elle, la léchant avec avidité alors qu'elle était allongée là, se demandant si elle avait déjà ressenti quelque chose d'aussi bon auparavant.","Ses mains trouvèrent ses seins alors qu'il continuait à alterner entre la stimulation de son clitoris et l'introduction de sa langue à l'intérieur d'elle, la léchant avec faim alors qu'elle restait là, se demandant s'il lui avait jamais ressenti quelque chose aussi bon auparavant."
"""2345 divided by 82.""","""2345 divisé par 82.",2345 divisé par 82.
We've been a lot slower this afternoon.,Nous avons été beaucoup plus lents cet après-midi.,Ça a été beaucoup plus lent cette après-midi.
Without Regret,Sans regret,Sans regret
"I...I googled you a while back.""",Je... j'ai cherché des informations sur toi sur Google il y a un moment.,"Ça fait... je te suis ""googleé"" il y a quelque temps."
"""I'm not here about the storm, though we'll need to board up in the morning.""","Je ne suis pas là pour la tempête, même si nous devrons installer des planches dans la matinée.","Ça n'est pas pour la tempête que je suis là, mais nous devrons mettre des barreaux aujourd'hui."
You've been cruel to me.,Tu as été cruelle avec moi.,Ça a été cruel envers moi.
"I wanted to check the shop door.""",Je voulais vérifier la porte du magasin.,Je voulais vérifier la porte de la boutique.
"Her eyes were closed, and she twirled, not once, but three times, before she opened them.","Ses yeux étaient fermés et elle tournoyait, non pas une fois, mais trois fois, avant de les ouvrir.","Les yeux étaient fermés, et elle se balança, pas une fois, mais trois fois, avant d'ouvrir les yeux."
Music is my life.,"La musique, c'est ma vie.",La musique est ma vie.
"""She's...very ill, awake now, but comfortable.","Elle est... très malade, consciente maintenant, mais confortable.","Ça... est... très grave, elle est réveillée maintenant, mais confortable."
Now he'd done what he feared.,Il avait fait ce qu'il craignait.,"Maintenant, il avait fait ce qu'il craignait."
"While she did that, Devyn worked on running Carta Hotels, dealing with the board, and doing whatever it took to keep them happy and buy them more time.","Alors qu'elle s'occupait de ça, Devyn continuait de diriger les Hôtels Carta, s'occupant du conseil d'administration, et faisant tout son possible pour les contenter, et ainsi gagner plus de temps.","Pendant ce temps, Devyn s'occupait de gérer les Hôtels Carta, de traiter avec le conseil d'administration et de faire tout ce qu'il fallait pour les rendre heureux et leur donner plus de temps."
"""Are we high enough here behind the dunes to be safe from that much water?""","Sommes-nous assez haut ici, derrière les dunes pour être à l'abri d'une telle quantité d'eau ?",Êtes-nous assez hauts derrière les dunes pour être en sécurité face à cette quantité d'eau ?
It wasn't the same.,Ce n'était pas la même chose.,Ça ne valait pas la peine.
Fucking cookies!,Des putain de cookies !,Ça fait chier les cookies !
"Taller than me, which isn't saying much.","Plus grand que moi, ce qui n'est pas anodin.","Ça ne dit pas grand-chose, car il est plus grand que moi."
"I've had dreams about that, ever since the night at the station when he asked me out.",J'en ai rêvé depuis la nuit où il m'a demandé de sortir avec lui à la radio.,Ça m'a envahi depuis la nuit où il m'a invité à sortir.
"""I guess I'm not kissable in the daytime.",Je suppose que je ne suis pas le genre de fille qu'on embrasse en plein jour.,Ça veut dire que je ne suis pas baisable de jour.
"Sliding his hand up her thigh, Devyn pressed his tongue against her clit harder, rubbing the tip of his tongue over her as he slid two fingers beneath her panties and slowly pulled the soft material aside, exposing the neatly trimmed hair protecting the swollen lips that had his cock throbbing painfully.","Faisant glisser sa main le long de sa cuisse, Devyn pressa plus fort sa langue contre son clitoris, frottant le bout de sa langue sur elle alors qu'il glissait deux doigts sous sa culotte et tirait lentement le tissu doux sur le côté, exposant les poils bien taillés protégeant les lèvres gonflées qui faisaient douloureusement palpiter sa queue.","Devyn glissa sa main sur sa cuisse, pressant plus fort sa langue contre son clitoris, frottant le bout de sa langue sur elle alors qu'il glissait deux doigts sous son pantalon et baissait lentement le tissu doux pour exposer les cheveux bien taillés qui protégeaient les lèvres gonflées qui lui faisaient saigner."
"For several minutes they lay there, struggling to catch their breath as Devyn pressed a kiss against her forehead, the tip of her nose, and finally, he brushed his lips against hers before he pulled back and met her gaze as he said the three words that she'd never expected to hear.","Pendant plusieurs minutes, ils restèrent allongés, luttant pour reprendre leur souffle tandis que Devyn déposait un baiser sur son front, le bout de son nez, et finalement, il effleura ses lèvres avant de se retirer et de croiser son regard en prononçant les trois mots qu'elle ne s'était jamais attendue à entendre.","Ça dura plusieurs minutes qu'ils restèrent allongés, luttant pour reprendre leur souffle alors que Devyn embrassait son front, le bout de son nez, et enfin, il effleura ses lèvres avant de reculer et de rencontrer son regard alors qu'il prononçait les trois mots qu'elle n'avait jamais espéré entendre."
She'd feel lost if her sister diedand maybe do some crazy things too.,Elle se sentirait perdue si sa sœur mourait  et ferait peut-être des choses folles aussi. Mais son chagrin était bien plus profond qu'une simple perte.,"Ça la ferait perdre si sa sœur mourait, et peut-être qu'elle ferait des choses folle aussi."
"She pretended to savor her coffee, eyes in slits as she peeked at Chase while he drank.","Elle fit semblant de savourer son café, les yeux plissés en fente pour observer Chase pendant qu'il buvait.","Elle simulait de savourer son café, les yeux en lignes droites alors qu'elle regardait Chase en train de boire."
"""Miss Dawson, if you'll come with me?"" he said absently as he glanced down at her resumé while Andi couldn't help but notice the pitying look the other woman was sending her.","Mlle Dawson, veuillez me suivre, fit-il distraitement en jetant un coup d'œil à son CV, alors qu'Andi ne pouvait s'empêcher de voir le regard rempli de pitié que lui jetait l'autre femme.","Mlle Dawson, si tu viens avec moi ?"
And about us.,Et pour nous.,Ça concerne aussi nous deux.
"After months of wishful thinking, I'm wary.","Après des mois de vœux pieux, je me méfie.","Après des mois de rêve, je suis prudent."
"He kissed her with bruising force, and she cried out.","Il l'embrassa avec une force qui la meurtrit, et elle cria.","Il l'embrassa avec une force qui la blessait, et elle cria."
"I don't believe it either, but it's an interesting story.""","Je n'y crois pas non plus, mais c'est une histoire intéressante.","Ça ne me semble pas vrai, mais c'est une bonne histoire."
"""I want to make sure it's perfect first.""",Je veux d'abord m'assurer que tout est parfait.,Je veux m'assurer que tout est parfait d'abord.
"The tension eased a bit through lunch, as the topic of conversation turned back to music and pop culture in general.","La tension s'est un peu apaisée au cours du déjeuner, le sujet de conversation revenant sur la musique et la culture pop en général.","La tension s'est un peu apaisée au moment du déjeuner, le sujet de la conversation revenant à la musique et à la culture populaire en général."
He needs to stop being so goddamned...whatever he's being.,Il doit arrêter d'être si sacrément... peu importe ce qu'il est.,Il doit arrêter d'être aussi putain... de ce qu'il est.
"An elf, maybe.","Un elfe, peut-être.",Ça pourrait être un elfe.
"He does it with his whole being, holding nothing back.","Il le fait de tout son être, sans aucune retenue.","Ça fait partie de lui, il ne tient rien en réserve."
"Had he helped Inna hurt other people, too?",Avait-il aidé Inna à blesser d'autres personnes ?,Ça lui avait-il permis de blesser d'autres personnes ?
"Well, at least what's been passed down as truth.","Du moins, ce qui a été transmis comme étant la vérité.","Ça dit, du moins ce qui a été transmis comme vérité."
"I didn't want to get to know myself, because I was afraid of what I'd find if I looked too closely.","Je ne voulais pas apprendre à me connaître, car j'avais peur de ce que je découvrirais si je regardais de trop près.","Je ne voulais pas m'approfondir, car j'avais peur de ce que je trouverais si je regardais de près."
And you choose to move away and leave me.,Et tu choisis de t'éloigner et de me quitter.,Ça te fait choisir de partir et de m'abandonner.
"His grip is tight, almost painful, and there's a tick in his jaw.","Sa prise est serrée, presque douloureuse, et il y a un tic dans sa mâchoire.","Son étreinte est serrée, presque douloureuse, et il a une tique dans sa mâchoire."
"""'Cause, babe, you can play it down all you want.","Parce que, chéri, tu peux minimiser autant que tu veux.","Ça veut dire, mon chéri, que tu peux le minimiser autant que tu le souhaites."
"""I'm not done with storm prep at the shop.""",Je n'ai pas fini de préparer mon magasin contre la tempête.,Je n'ai pas fini de préparer les tempêtes à la boutique.
"""I've heard Annalise whispering into Nanette's ear more than once about how much better you could do than me.","J'ai entendu Annalise chuchoter à l'oreille de Nanette plus d'une fois que tu pourrais trouver mieux que moi. Et elles ont raison, tu pourrais.",Ça fait plus d'une fois que j'ai entendu Annalise murmurer dans l'oreille de Nanette que tu pourrais faire mieux que moi.
"He's a bad person.""",C'est une mauvaise personne.,Ça fait que c'est une personne mauvaise.
"And yet there's such a fire in him, behind his eyes.","Et pourtant, il y a un tel feu en lui, dans son regard.","Et pourtant, il y a un tel feu en lui, derrière ses yeux."
Many mermaids had shielding capability.,Beaucoup de sirènes avaient des capacités de protection.,Ça n'était pas rare chez les sirènes.
"""Not until he's dead,"" Inna growled.","Pas avant qu'il ne soit mort, grogna Inna.","Pas avant qu'il ne soit mort, gronda Inna."
"If you'd asked me, I'd say he's the most confident person I'd ever met.""","Si tu m'avais posé la question, je t'aurais dit qu'il est la personne la plus sûre d'elle que j'aie jamais rencontrée.","Si tu m'avais demandé, je dirais qu'il est la personne la plus confiante que j'ai jamais rencontrée."
You look like you've been sucking a lemon.,On dirait que tu as sucé un citron.,Ça fait comme si tu avais suçé un citron.
Cling to someone who understood? Someone who cared?,S'accrocher à quelqu'un qui comprenait la situation ?,Être attaché à quelqu'un qui comprenait ?
"For a moment, he lay there staring up at the ceiling and found himself thinking about everything that she did for him over the last few days and...","L'espace d'un instant, il resta allongé, regardant le plafond et repensa à tout ce qu'elle avait fait pour lui ses derniers jours, et...","Ça dura un moment, il resta là à regarder le plafond et se mit à penser à tout ce qu'elle lui avait fait dans les derniers jours et..."
"Listened, or just been quiet, but you...""","Écouter, ou simplement me taire, mais tu...","Ça t'a écouté, ou tu as juste été silencieux, mais toi..."
"""I'd forgotten how clear the sky is inside the eye.",J'avais oublié à quel point le ciel est clair à l'intérieur de l'œil.,Je me suis oublié à quel point le ciel est clair à l'intérieur de l'œil.
"""You must think I'm really fucking weird.""",Tu dois penser que je suis vraiment bizarre.,Ça doit te faire penser que je suis vraiment bizarre.
The breeze off the ocean rustled her long hair and whipped her sundress around her legs.,La brise de l'océan faisait bruisser ses longs cheveux et agitait sa robe d'été autour de ses jambes.,Le vent de l'océan agita ses longs cheveux et balaya sa robe de plage autour de ses jambes.
"""I won't,"" Drew said as he tightened his hold around her legs.","Ça n'arrivera pas, dit Drew en resserrant son emprise sur les jambes de la jeune femme.","Ça ne sera pas le cas, dit Drew en resserrant son emprise autour de ses jambes."
My music library has gotten me out of a lot of sticky social situations.,Ma bibliothèque musicale m'a permis de me sortir de bien des situations sociales délicates.,Mon bibliothèque de musique m'a sorti de beaucoup de situations sociales délicates.
"""Don't fucking lie to me again,"" I growl, still angry but so in love with this guy.","Ne me mens plus jamais, grogné-je, toujours en colère mais tellement amoureux de ce type.","Ne me trompe pas encore, grondé-je, encore en colère mais tellement amoureux de ce type."
"I push myself onto him, and, just as I thought, he slips in easily.","Je me pousse contre lui et, comme je le pensais, il se glisse facilement à l'intérieur.","Je m'accroche à lui et, comme je le pensais, il entre facilement."
"""And I really feel like you should take pity on me and tell me what you know about this hotel,"" he said with a teasing smile that had her returning his smile as she glanced back down at her notes and found herself wondering about something.","Et je pense que tu devrais vraiment avoir pitié de moi et me dire ce que tu sais sur cet hôtel, dit-il avec un sourire taquin qu'elle lui retourna, puis elle regarda ses notes et commença à réfléchir à quelque chose.","Ça me semble que tu devrais m'épargner et me dire ce que tu sais sur cet hôtel, dit-il avec un sourire provocateur qui la fit retourner son regard vers ses notes et se demander quelque chose."
That happened to other people.,Cela n'arrivait qu'aux autres.,Ça arrivait à d'autres personnes.
"He's the CEO of Carta Hotels,"" the woman said with a polite smile.","C'est le PDG des Hôtels Carta, répondit la femme avec un sourire poli.","Ça fait deux ans qu'il est le PDG des Hôtels Carta, dit la femme avec un sourire poli."
"I mentally kick myself when relief washes over me, but it's quickly followed by a wave of tenderness for this man that knocks the air out of me.","Je me donne une tape mentale lorsque le soulagement m'envahit, mais ce sentiment est rapidement suivi d'une vague de tendresse pour cet homme qui me coupe l'herbe sous le pied.","Je me donne une botte mentale lorsque le soulagement me envahit, mais il est rapidement suivi d'une vague de tendresse pour cet homme qui me fait perdre le souffle."
I may not survive this night.,Je ne survivrai peut-être pas à cette nuit.,Ça pourrait m'être fatal.
"""And Chase doesn't want me,"" she babbled.","Et Chase ne veut pas de moi, bafouilla-t-elle.","Ça fait que Chase ne veut pas moi, balbutia-t-elle."
The portrait occupied a prized spot on the bar wallone that would typically be filled by a mirror in most bars.,"Le portrait occupait une place de choix sur le mur du bar, une place qui serait normalement occupée par un miroir dans la plupart des bars.","Le portrait occupait une place privilégiée sur le mur du bar, qui serait généralement occupée par un miroir dans la plupart des bars."
You had to be a fool to go out on the oceaneven that close to shoreon a surfboard.,"Il fallait être fou pour aller sur l'océan, même si c'était près du rivage, avec une planche de surf.","Ça fallait être un imbécile de sortir sur l'océan, même si ce n'était pas loin de la côte, sur un planche de surf."
He cut through the beach access beside his bar and headed down the boardwalk to the stairs.,Il coupa par l'accès à la plage à côté de son bar et descendit la promenade jusqu'aux escaliers.,Il traversa la plage pour accéder à son bar et se dirigea vers les marches.
"As he turned the white disk over, it broke in half in his grip, and dusty fragments spilled into the air and onto the counter.","En retournant le coquillage, ce dernier se brisa en deux dans sa main et des fragments poussiéreux se répandirent dans l'air et sur le comptoir.","En retournant le disque blanc, il se brisa en deux dans sa prise, et des fragments poussiéreux s'éparpillèrent dans l'air et sur le comptoir."
"""Not for a few hours,"" Andi pointed out, shifting anxiously next to him.","Pas avant quelques heures, souligna Andi, se déplaçant anxieusement à côté de lui.","Ça ne durera pas plusieurs heures, souligna Andi en se déplaçant anxieusement à côté de lui."
"""Better sit in the middle.",Mieux vaut s'asseoir au milieu.,Ça vaut mieux s'asseoir au milieu.
I don't know what to make of this shift in his mood.,Je ne sais pas quoi penser de ce changement d'humeur.,Je ne sais pas quoi en penser de ce changement d'humeur.
"Perched on one elbow, I position my lips over the swollen head of his cock and lift my eyes to his face.","En appui sur un coude, je positionne mes lèvres sur son gland engorgé et je lève les yeux vers son visage.","Je me pose sur un coude et positionne mes lèvres sur le gland gonflé de sa queue, puis je lève les yeux vers son visage."
"""We've been spending a lot of time together, like I said, and it's been...well, it's been fucking incredible.""","Nous avons passé beaucoup de temps ensemble, comme je l'ai dit, et c'est...","Ça a été... bien, ça a été incroyable."
Especially nice to be fantasizing about Chase.,Et surtout de fantasmer sur Chase.,Ça était particulièrement agréable de fantasmer sur Chase.
"I swirl my tongue around the tip, exploring every bump and ridge, every dip and curve.","Je fais tourner ma langue autour de son gland, explorant chaque bosse et chaque crête, chaque creux et chaque courbe.","Je fais tourner ma langue autour de l'extrémité, explorant chaque bosse et chaque crête, chaque creux et chaque courbure."
And the sex had been amazing.,Et le sexe avait été extraordinaire.,Et le sexe avait été incroyable.
Too bad they couldn't have spent more time together under different circumstances.,Dommage qu'ils n'aient pas pu passer plus de temps ensemble dans d'autres circonstances.,Ça serait dommage qu'ils n'aient pas pu passer plus de temps ensemble sous des circonstances différentes.
"I can smell the citrus and sandalwood of John's shampoo, or maybe it's his deodorant, and I quietly take it into my lungs.","Je peux sentir les agrumes et le bois de santal du shampoing de John, ou peut-être est-ce l'odeur de son déodorant, et je m'en imprègne en respirant doucement.","Je sens le citron et le bois de santal du shampooing de John, ou peut-être c'est son déodorant, et je l'inhale tranquillement dans mes poumons."
"""Tell me about you and Luke at the beach.",Parle-moi de toi et de Luke à la plage.,Parle-moi de toi et de Luke à la plage.
"He smirked. ""That he was a last fling before our marriage.",Qu'il n'était qu'une dernière aventure avant notre mariage.,Ça signifiait qu'il était un dernier coup avant notre mariage.
"Why are you giving in so easily?"" He squinted.",Pourquoi cèdes-tu si facilement ?,Pourquoi te rends si facilement ?
I find the school's directory and look through it for a ‘Patrick.',"Je trouve l'annuaire de l'école et je cherche un ""Patrick"".","Je trouve le répertoire de l'école et j'y cherche un ""Patrick""."
A fantasy.,Un fantasme.,Ça faisait partie de ses fantasmes.
He slips a hand up into my curly hair and cups the back of my skull.,Il glisse une main dans mes cheveux bouclés et attrape l'arrière de mon crâne.,Il glisse une main dans mes cheveux bouclés et s'accroche à la base de mon crâne.
"Lead the way.""",Montre-moi le chemin.,Passe devant.
I've never seen anyone eat like him.,Je n'ai jamais vu quelqu'un manger comme lui.,Je n'ai jamais vu quelqu'un manger comme lui.
There's a hint of a dimple.,Il a un soupçon de fossettes.,Ça laisse entrevoir un petit dimple.
"""I said stop.","J'ai dit ""stop"".",Ça fait un moment que je disais arrête.
"You've been Debby Downer for months, now.""",Tu es rabat-joie depuis des mois.,Ça fait des mois que tu es devenue Debby Downer.
"""Maybe think about what you would have done in his place.",Réfléchis à ce que tu aurais fait à sa place.,Peut-être que tu devrais penser à ce que tu auras fait dans son cas.
She was naked.,Elle était nue.,Ça lui était nu.
"""That's not what I hear,"" Nicholas murmured, looking thoughtful.","Ce n'est pas ce que j'ai entendu, murmura Nicholas, l'air pensif.","Ça n'est pas ce que je sens, murmura Nicholas, l'air pensif."
People think it's strange until we meet up for quiz night at the pub.,Les gens trouvent ça bizarre jusqu'à ce qu'on se retrouve pour une soirée quiz au pub.,Ça semble étrange jusqu'à ce que nous nous retrouvions pour le quiz au pub.
"The brunette has wrapped her arms around his waist, and I want to scratch her eyes out.",La brune a enroulé ses bras autour de sa taille et j'ai envie de lui arracher les yeux.,"La brune a enroulé ses bras autour de son hanche, et je veux lui arracher les yeux."
"I'm smart enough not to take risks.""",Je suis assez intelligente pour ne pas prendre de risques.,Ça m'est assez intelligent pour ne pas prendre de risques.
I turn to see who's uttered the filthy slur.,Je me retourne pour voir qui a proféré l'immonde injure.,Je me retourne pour voir qui a prononcé ce mot sale.
"""Goodnight, G.""","Bonne nuit, G.","Bonne nuit, G."
He dabbed at the leaking ice pack again.,Il tamponna à nouveau la poche de glace qui fuyait.,Il s'essuya à nouveau avec la bouteille de glace.
Chase watched it soar out over the beach.,Chase la regarda s'envoler au-dessus de la plage.,Chase la regarda s'élancer sur la plage.
"I'm gonna check the weather again, then I'll join you.","Je vais encore vérifier la météo, puis je te rejoins.","Ça fait encore un peu froid, je vais vérifier encore une fois le temps, puis je vais te rejoindre."
"""We have a problem,"" Lucas said, grabbing a thick manilla folder from his bag and tossed it on the small table in front of him.","Nous avons un problème, dit Lucas en sortant de son sac un épais dossier en papier kraft qu'il jeta sur la petite table devant lui.","Ça pose problème, dit Lucas en prenant un dossier en carton épais dans son sac et en le jetant sur la petite table devant lui."
"It starts off sweetly enough, but then, holy fuck, he's really going for it.","Ça commence doucement, mais ensuite, il y va à fond.","Ça commence assez doucement, mais puis, putain, il va vraiment à l'essai."
"""I don't like the dark.""",Je n'aime pas l'obscurité.,Je n'aime pas le noir.
"He had to, as it might be his only chance, ever.","Il le fallait, car c'était peut-être sa seule chance.","Ça lui fallait, car c'était peut-être sa seule chance, jamais."
"The warmth spread over him like a summer tide and memories engulfed him, good memories of happy times.",Une chaleur se répandit en lui comme une marée d'été et les souvenirs le submergèrent de bons souvenirs des temps heureux.,"Le chaleur s'étendait sur lui comme une marée d'été et les souvenirs l'engloutissaient, des souvenirs de bonnes heures, de bonnes années."
"Only two more, and he'd be standing on the beachnear the water.","Plus que deux, et il serait sur la plage, près de l'eau.","Il en restait encore deux, et il serait sur la plage, près de l'eau."
"""What do you want, Franklin?""","Que veux-tu, Franklin ?","Ça va, Franklin ?"
"It was a dumb fucking move, but one that he couldn't regret, not when being with her made him happy for the first time in years.","C'était une décision stupide, mais qu'il ne pouvait pas regretter, pas quand être avec elle le rendait heureux pour la première fois depuis des années.","Ça était une gaffe, mais une qu'il ne pouvait pas regretter, pas quand être avec elle lui donnait de la joie pour la première fois depuis des années."
I wait until he meets my eyes.,J'attends qu'il croise mon regard.,Je fais attendre son tour.
"It's like heroin, or at least how I imagine the opiate would feel hitting your bloodstream at a million decibels.","C'est comme de l'héroïne, ou du moins ce que j'imagine être la sensation de l'opiacé quand il coule dans nos veines à un million de décibels.","Ça ressemble à l'héroïne, au moins c'est ainsi que je m'imagine l'opiac serait ressenti lorsqu'il frapperait vos veines à un million de décibels."
"Hot and wet, with just the right amount of pressure to melt my brain.","Le baiser est chaud et humide, avec juste ce qu'il faut de pression pour me faire perdre la tête.","Ça brûlait et était mouillé, avec juste la pression nécessaire pour faire fondre mon cerveau."
"She needed a change, Andi reminded herself as she plastered a polite smile on her face and stood up only to frown when the man that had been watching her since she sat down pushed away from the wall and moved to join them.","Andi se remémora qu'elle avait besoin de changement alors qu'elle affichait un sourire poli sur ses lèvres et se levait, mais elle fronça les sourcils quand l'homme qui l'observait, depuis qu'elle s'était assise, s'écarta du mur et vint les rejoindre.","Ça lui fallait un changement, se dit Andi en collant un sourire poli sur son visage et en se levant, mais elle fronça les sourcils lorsqu'il poussa le mur et se dirigea vers eux."
The sound of steel teeth parting fills the gaps between my breathless panting as he eases my zipper down.,"Le son des dents d'acier qui s'écartent remplit les intervalles entre mes halètements, tandis qu'il abaisse ma fermeture éclair.",Le bruit des dents de métal se séparant remplit les espaces entre mes soupirs et mes halétés alors qu'il abaisse ma fermeture.
"He pressed a kiss against her lips, his eyes locking with hers as he slid his arms beneath her legs and his hands found hers.","Il déposa un baiser sur ses lèvres, ses yeux s'accrochèrent aux siens, il glissa ses bras sous ses jambes et ses mains trouvèrent les siennes.","Il pressa un baiser contre ses lèvres, ses yeux s'accrochant à les siennes alors qu'il glissait ses bras sous ses jambes et que ses mains trouvaient les siennes."
"She ignored him and kept walking, kicking at the sand in defiance with every step.","Elle l'ignora et continua à marcher, donnant des coups de pied dans le sable en signe de défi à chaque pas.","Elle l'ignora et continua à marcher, donnant des coups de pied au sable en signe de défi à chaque pas."
"""As long as you're careful, I would say you have until your contract is up to turn this fucking mess around, which is really fucked-up since this wasn't your mistake,"" Lucas said, ramming his fingers through his hair.","Tant que tu fais attention, je dirais que tu as jusqu'à la fin de ton contrat pour régler ce merdier ce qui est vraiment tordu puisque ce n'était pas ta faute, dit Lucas en passant ses doigts dans ses cheveux.","Ça dépend de ce que tu fais, mais tu as jusqu'à la fin de ton contrat pour faire quelque chose, ce qui est vraiment bizarre car ce n'était pas ta faute, dit Lucas en passant ses doigts dans ses cheveux."
"Our thirst for learning, our drive to reach the kids under our charge.""","Notre soif d'apprendre, notre volonté de faire progresser les enfants dont nous avions la charge.","Notre soif de connaissances, notre envie de toucher les enfants sous notre charge."
"He knew these were the right words to say to comfort her, but the words did anything but ease his anxiety.","Il savait que c'était les bons mots à dire pour la réconforter, mais ces mots ne servaient qu'à rien d'autre qu'à apaiser son anxiété.","Ça était le bon mot pour la consoler, mais les mots n'étaient pas du tout capables de calmer son anxiété."
"He needed to hurry, or there would be nothing left to save.","Il devait se dépêcher, sinon il n'y aurait plus rien à sauver.","Il fallait qu'il se précipite, sinon il ne resterait plus rien à sauver."
"Look at you, so ready for me.""","Regarde-toi, si prêt à m'accueillir.","Ça te fait quoi, ça me fait tellement plaisir."
Nothing would be left after she told Chase she didn't love him.,Il ne resterait plus rien après qu'elle ait dit à Chase qu'elle ne l'aimait pas.,Ça ne resterait plus après qu'elle ait dit à Chase qu'elle ne l'aimait pas.
"""You don't do requests,"" Dyer states, frowning.","Tu ne réponds pas aux demandes, déclare Dyer en fronçant les sourcils.","Ça ne fait pas partie de ton répertoire, déclare Dyer, fronçant les sourcils."
"They'd had absolutely nothing in common, but they'd hit if off almost immediately.",Ils n'avaient rien en commun mais le courant était passé immédiatement.,"Ça n'avait rien à voir, mais ils s'étaient bien entendus presque immédiatement."
He put the flashlights in a straight line from shortest to tallest.,"Il plaça les lampes de poche en ligne droite, de la plus courte à la plus grande.","Il mettait les lampes de poche en ligne, du plus petit au plus grand."
"""You didn't have to walk me home,"" Andi said as she came to a stop in front of a door with an Eeyore sticker above the peephole.","Vous n'étiez pas obligé de me raccompagner, dit-elle en s'arrêtant devant la porte dont le judas était orné d'un autocollant Bourriquet.","Ça n'était pas nécessaire de m'amener chez moi, dit Andi alors qu'elle s'arrêtait devant une porte avec un sticker de Winnie l'ourson au-dessus de la serrure."
"It was love.""",C'était de l'amour.,Ça s'appelait l'amour.
"""You know I'm moving away from the ocean.",Tu sais que je vais m'éloigner de l'océan.,Ça te dit que je me déplace loin de l'océan.
"I'm sure he didn't know who he could trust.""",Je suis sûr qu'il ne savait pas à qui il pouvait faire confiance.,Ça m'est sûr qu'il ignorait qui pouvait être confié.
"""Are you really going to mess us up over stupid shit?""",Tu vas vraiment nous faire tourner en bourrique pour des conneries ?,Êtes-vous vraiment prêt à nous mettre en colère pour de la chienne ?
"""She doesn't have a company phone,"" Devyn pointed out.","Elle ne dispose pas de téléphone professionnel, fit remarquer Devyn.","Ça ne lui permet pas de répondre au téléphone, fit remarquer Devyn."
"""I want you,"" I say, which probably sounds crazy to him because we're both spent, our cocks still twitching.","J'ai envie de toi, dis-je, ce qui doit lui paraître fou parce que nous sommes tous les deux épuisés, nos bites tressautant encore.","Ça doit sembler fou à lui, car nous sommes tous les deux épuisés, nos verges encore frémit."
The sun brightened and Mari shielded her eyes.,Le soleil s'était mis à briller et Mari se protégea les yeux.,Le soleil s'éclaira et Mari se couvrit les yeux.
"You zipped up right after I told you about the mermaid.""",Tu t'es tu juste après que j'ai parlé de la sirène.,Ça a été immédiat après que je t'ai parlé de la sirène.
A few drops of rain dotted her cheeks like tears.,Quelques gouttes de pluie parsemaient ses joues comme des larmes.,Quelques gouttes de pluie tachaient ses joues comme des larmes.
"I don't know if he's seen what I'd been doing online, but I figure there's no reason for me to lie, at least.","Je ne sais pas s'il a vu ce que j'ai fait en ligne, mais je me dis qu'il n'y a pas de raison que je mente, au moins.","Je ne sais pas s'il a vu ce que j'avais fait en ligne, mais je ne vois pas pourquoi je devrais mentir, du moins."
"""We'll ditch him in the fun house.""",On le sèmera dans le palais du rire.,Ça lui faudra un peu de courage pour entrer dans le palais du rire.
"Here, where we vacationed as we grew up, and everywhere I look, I see him.","Ici, où nous avons passé nos vacances en grandissant, et où que je regarde, je le vois.","Ça fait des années que je suis là, où nous passions nos vacances en grandissant, et partout où je regarde, je le vois."
"His muscles twitched as she touched him, and he let out a small gasp.","Ses muscles se contractèrent lorsqu'elle le toucha, et il laissa échapper un petit halètement.","Ses muscles se contractèrent lorsqu'elle le toucha, et il expira un petit soupir."
"""Please, don't let me hurt you.""","S'il te plaît, ne me laisse pas te faire du mal.","S'il te plaît, ne me laisse pas blessé."
"""How?"" He asks, leaning forward to place his elbows on his knees.","demande-t-il, se penchant en avant pour poser ses coudes sur ses genoux.","Ça, comment ?"
"She rubbed her arms and looked toward the door, her eyes widening.","Elle se frotta les bras et regarda vers la porte, les yeux écarquillés.","Elle se frotta les bras et regarda la porte, les yeux s'écarquillant."
