sources,references,translations
The lights flickered.,Les lumières clignotèrent.,Les lumières vacillaient.
"It's not safe near shore right now, but I know the area well,"" Mesa said.","Il n'est pas prudent de s'approcher du rivage pour l'instant, mais je connais bien la région, dit Mesa.","Ça ne fait pas de bon près des côtes pour l'instant, mais je connais bien l'endroit, répondit Mesa."
Chapter 10,Chapitre 10,10
"Still, only two broken windows in the whole place seemed like a miracle, given the strength of the storm.","Cependant, le fait que seules deux fenêtres aient été brisées dans toute la structure était proche du miracle, compte tenu de la force de la tempête.","Ça, c'était un miracle, même si la tempête avait été violente, car il n'y avait que deux fenêtres cassées dans tout le bâtiment."
"If things were different, he would have asked her on a date or three.","Si les choses avaient été différentes, il l'aurait invitée à un ou deux rendez-vous.","Si les choses étaient différentes, il aurait demandé à sortir avec elle ou trois fois."
John rolls me to my stomach with an ease that surprises me.,John me fait rouler sur le ventre avec une facilité qui me surprend.,John me fait rouler sur le ventre avec une facilité qui me surprend.
"Though we could imagine there's a Ferris wheel in Paris, we could call it the Eiffel Tower.""","On pourrait imaginer qu'il y a une grande roue à Paris, on pourrait l'appeler la Tour Eiffel.","Ça, on pourrait imaginer qu'il y ait une grande roue à Paris, mais on pourrait aussi la nommer la Tour Eiffel."
"""I know the area you are talking about.",Je connais le coin dont tu parles.,"Ça me fait rire, je connais bien l'endroit que tu parles."
"The words come out on a shuddering breath because John lowers his head to my skin, lips brushing over the ink.","Les mots sortent dans un souffle tremblant parce que John baisse la tête contre ma peau, ses lèvres effleurant l'encre de mon tatouage.","Ça sort sur un soupir, car John baissé la tête sur ma peau, les lèvres effleurant l'encre."
"You're not usually on Saturdays.""",Tu ne travailles pas généralement le samedi.,Ça ne te fait pas d'habitude de venir samedi.
"When he pulled back, he rolled his hips slower, taking her with slow strokes so that he could savor every slide back inside her.","Lorsqu'il se retira, il fit rouler ses hanches plus lentement, la prenant avec des coups lents afin de pouvoir savourer chaque glissement à l'intérieur d'elle.","Quand il se retira, il roula ses hanches plus lentement, la prenant avec des coups de bâton lents pour pouvoir savourer chaque retour à l'intérieur d'elle."
"""You don't owe me an explanation, John.""","Tu ne me dois pas d'explications,","Ça ne t'oblige pas à m'expliquer, John."
They had nothing to gain.,Ils n'avaient rien à y gagner.,Ça ne leur apportait rien.
"I was grateful in the beginning that he'd gone out of his way not to be a distraction during my shifts, but I'm now I'm feeling a bit left out.","Au début, j'étais reconnaissant qu'il fasse tout son possible pour ne pas être une distraction pendant mes heures de travail, mais maintenant, je me sens un peu exclu.","Ça m'a fait plaisir au début qu'il n'ait pas fait de bruit pendant mes déplacements, mais maintenant je me sens un peu laissé de côté."
"Wood cracked and splinteredthough he couldn't see it, he knew the bar roof was close to stripping away, shingles probably flying everywhere.","Le bois cognait et se brisait  bien qu'il ne puisse pas le voir, il savait que le toit du bar était sur le point de s'arracher, et que les bardeaux volaient probablement dans tous les sens.","Le bois craqua et se fendit, mais il ne pouvait pas le voir, il savait que le toit du bar était sur le point de s'effacer, les tuiles volant probablement partout."
"Make sure that she takes her meds, takes it easy, and changes her bandage.""","Assure toi qu'elle prenne ses médicaments, qu'elle se ménage et qu'elle change son bandage.","Ça fait bien, assure-toi qu'elle prend ses médicaments, qu'elle se reposent et qu'elle change de bandage."
"""Get out of here, Mari,"" Chase yelled.","Sors d'ici, Mari, cria Chase.","Ça va, Mari, crie Chase."
And he wasn't going to get away with stalking anyone either.,Et il n'allait pas non plus s'en tirer en harcelant qui que ce,Ça ne lui allait pas faire de mal de le suivre.
"I'm so open to him, so eager to receive him.","Je suis tellement ouvert à lui, tellement désireux de le recevoir.","Ça me fait si ouvert à lui, si désireux de le recevoir."
It's a déjà vu moment if I've ever had one.,C'est un moment de déjà-vu.,Ça ressemble à un déjà-vu si jamais j'en ai eu un.
"When I'm with someone, I want to share the good and the bad.","Quand je suis avec quelqu'un, je veux partager les bons et les mauvais moments.",Ça fait partie de mon rapport avec quelqu'un d'être là pour partager les bonheurs et les maux.
"""You have a lot of eighties music here,"" John observes.","Tu as beaucoup de musique des années 80, observe John.","Ça fait beaucoup de musique des années 80, remarque John."
"I can escape with little effort.""",Je peux m'échapper sans trop d'efforts.,Ça me permet d'échapper avec peu d'efforts.
"At some spots, the island was so narrow you could throw a stone from the sound side to the waves.","À certains endroits, l'île était si étroite que l'on pouvait jeter une pierre sur les vagues du rivage et elle atterrirait dans les profondeurs.","Ça faisait des kilomètres, et à certains endroits, l'île était si étroite que vous pouviez jeter une pierre du côté du bruit jusqu'aux vagues."
"""When I finish up here.",Quand j'aurai fini ici.,Ça va finir ici.
How could her mother ever expect her to marry someone like Inna?,Comment sa mère avait-t-elle pu s'attendre à ce qu'elle épouse quelqu'un comme Inna ?,Ça aurait fallu qu'elle ait l'esprit d'un loup pour s'attendre à ce que sa fille se marie avec quelqu'un comme Inna.
A real kiss.,Un vrai baiser.,"Ça, c'était un vrai baiser."
It also got me my gig as a disc jockey.,C'est aussi ce qui m'a permis de devenir disc-jockey.,Ça m'a aussi permis d'obtenir mon poste de disc jockey.
"""No!"" came the hysterical reply that had him sighing heavily as he reached down and grabbed hold of the comforter and slowly pulled it off the woman that refused to leave the hotel.","une pointe d'hystérie dans la voix, ce qui le fit soupirer lourdement en attrapant la couette et en la retirant lentement à la femme qui refusait de quitter l'hôtel","Ça ne peut pas être ! répondit-il hystériquement, ce qui le fit soupirer lourdement alors qu'il descendait et attrapait la couette et la retirait lentement de la femme qui refusait de quitter l'hôtel."
The wind and rain had been scarier than she'd ever experienced.,Le vent et la pluie avaient été plus effrayants qu'ils ne lui étaient jamais apparus.,Ça avait été plus effrayant que ce qu'elle avait jamais vécu.
He'd been there that day when she had come upon the divers.,Il était là ce jour-là quand elle avait rencontré les plongeurs.,Ça a été ce jour-là qu'il était là lorsqu'elle avait croisé les plongeurs.
"""Amelia never remarried but lived on the bounty Christopher had stored and hidden on the island.",Amelia ne s'est jamais remariée mais a vécu grâce à la prime que Christopher avait stockée et cachée sur l'île.,"Amelia ne s'est jamais remariée, mais elle a vécu grâce à la réserve de nourriture que Christopher avait stockée et cachée sur l'île."
"""Only bloody thing they ever gave me,"" I murmur.","C'est la seule chose qu'ils m'aient jamais donnée , murmuré-je.","Ça fait un seul objet qu'ils m'aient donné, murmuré-je."
"""Tell me you didn't, please!""","Dis-moi que tu ne l'as pas fait, s'il te plaît !","Ça ne t'est pas arrivé, dis-moi, s'il te plaît !"
"The wind whipped by, catching the hem of his T-shirt in a flutter, exposing his firm abdomen for a too-brief moment.","Le vent soufflait en trombe, faisant voltiger l'ourlet de son tee-shirt, dévoilant son abdomen ferme pendant un trop bref instant.","L'air s'emporta, attrapant le bord de son t-shirt dans un flottement, exposant son abdomen ferme pendant un instant trop court."
"You never would.""",Tu ne le ferais jamais.,Ça ne te serait jamais passé par la tête.
Then they were separatedpossibly foreverto save her life.,Puis ils ont été séparés  peut-être pour toujours  afin de lui sauver la vie.,Ça les sépara  peut-être pour toujours  pour sauver sa vie.
"""I would probably quake in fear for the rest of my life at the mere mention of your name,"" Devyn said dryly as he watched her return to glaring at him as she hastily toed off her slippers and kicked them aside, determined to make sure that he was properly terrified.","Je tremblerais probablement de peur pour le reste de ma vie à la simple mention de ton nom, dit Devyn d'un ton moqueur en la regardant se remettre à le fixer du regard tandis qu'elle enlevait précipitamment ses pantoufles et les écartait d'un coup de pied, bien décidée à s'assurer qu'il était bien terrifié.","Ça me ferait probablement trembler de peur pour le reste de ma vie à la simple mention de ton nom, dit Devyn sèchement en la regardant retourner à glacer de lui un regard, avant de se détacher rapidement de ses mocassins et de les jeter de côté, déterminée à s'assurer qu'il était bien effrayé."
"It was water, nothing more.","C'était de l'eau, rien de plus.","Ça était de l'eau, rien de plus."
"""Probably.""",Probablement.,Ça va probablement.
"""Well, I don't think your brother would approve of you picking up and leaving the bar and everything you built here together.",Je ne pense pas que ton frère approuverait que tu prennes tes affaires et que tu quittes le bar et tout ce que vous avez construit ici ensemble.,"Ça, je ne pense pas que ton frère ait approuvé de te lever et de quitter le bar et tout ce que tu as construit ici ensemble."
"Let's start tonight.""",Commençons ce soir.,Ça commence ce soir.
"I claim the right.""",Je revendique ce droit.,Ça me revient de dire.
"In the new sunlight, he saw her body jerk and twitch.","Dans la nouvelle lumière du soleil, il vit son corps tressaillir et se contracter.","Dans le nouveau soleil, il vit son corps se jerker et se contorsionner."
"She was by the ocean, making her own way, despite her mother.","Elle était au bord de l'océan, traçant son propre chemin, malgré sa mère.","Ça faisait des années qu'elle était près de l'océan, qu'elle faisait ce qu'elle voulait, malgré sa mère."
"""No, I'm not because I'm not going,"" Andi said with a firm nod as Uncle Shawn placed her back on her chair as she did her best to ignore the curious stares being sent her way by the kids that never seemed to appreciate her efforts to teach them the fundamentals of advanced algebra.","Non, parce que je n'irai pas en CM1, dit Andi en hochant fermement la tête alors qu'Oncle Shawn l'asseyait sur une chaise et qu'elle faisait son possible pour ignorer les regards curieux que lui lançaient les enfants qui n'appréciaient jamais ses efforts pour leur enseigner les bases en calcul avancé.","Ça ne me regarde pas, car je ne vais pas y aller, dit Andi avec un hochement de tête ferme alors que Oncle Shawn la remettait sur son siège, alors qu'elle faisait de son mieux pour ignorer les regards curieux des enfants qui ne semblaient jamais apprécier ses efforts pour leur enseigner les bases de l'algèbre avancée."
"Air whooshes out of my lungs and the fuzzy feeling in my head, which I hadn't even noticed, fades.","L'air s'échappe de mes poumons et la sensation de flou dans ma tête, que je n'avais même pas remarquée, s'estompe.","Ça s'évacue de mes poumons et la sensation floue dans ma tête, que je n'avais même pas remarquée, s'estompe."
"""I was thinking,"" he says, rolling to his back after we catch our breath.","J'étais en train de réfléchir, dit-il en se mettant sur le dos après que nous ayons repris notre souffle.","Ça m'est venu à l'esprit, dit-il en se retournant sur le dos après que nous ayons respiré."
"""I left the candle on the vanity, and there's a lighter beside it.""","J'ai laissé la bougie sur le meuble, et il y a un briquet à côté.","Ça y est, je laisse la bougie sur le bureau de toilette et il y a une allumette à côté."
"""This way I get some time between school and the work I do for you guys at the station.""","...Comme ça, j'ai un peu de temps entre l'école et le travail que je fais pour vous à la station radio.",Ça me donne du temps entre l'école et le travail que je fais pour vous à la station.
I hope that you enjoyed reading Devyn and Andi's story as much as I enjoyed writing it.,J'espère que vous avez pris autant de plaisir à lire l'histoire de Devyn et Andi que j'ai eu à l'écrire.,Je espère que tu as aimé lire l'histoire de Devyn et d'Andi autant que je l'ai aimée écrire.
Your mother sent me.,C'est ta mère qui m'envoie.,Ça vient de ta mère.
Like he's been comfortable in the pool but is ready to step into the ocean.,Comme s'il était assez à l'aise dans la piscine et qu'il était prêt à aller dans l'océan.,"Ça lui a plu de se baigner dans la piscine, mais il est prêt à entrer dans l'océan."
She stared at the flickering candles.,Elle fixa les bougies vacillantes.,Elle fixa les bougies qui s'éteignaient et s'allumaient.
"I feel the stinging pressure of his teeth on the hardening nub before he sits back, running his hands along my chest and abdomen.","Je sens la morsure cuisante de ses dents sur mon téton qui durcit avant qu'il ne s'assoie, passant ses mains le long de ma poitrine et de mon abdomen.","Je sens la pression douloureuse de ses dents sur le bouton qui durcit avant qu'il ne se redresse, passant ses mains sur mon torse et mon abdomen."
John leans back in his chair and takes a swig of his beer.,John s'adosse à sa chaise et boit une gorgée de sa bière.,John se penche en arrière dans son fauteuil et boit une gorgée de bière.
"""I thought we were more,"" he said.","Je pensais que nous étions plus que ça, dit-il.","Ça m'a fait penser que nous étions plus, dit-il."
She was crawling on top of him and laying her head on his chest with a soft sigh as he wrapped his arms around her and couldn't help but feel like she was exactly where she belonged.,"Elle se glissa sur lui et posa sa tête sur sa poitrine en soupirant doucement, tandis qu'il l'entourait de ses bras et ne pouvait s'empêcher de penser qu'elle était exactement à sa place.","Ça lui faisait plaisir de se laisser tomber sur lui et de poser sa tête sur son torse avec un doux soupir, tandis qu'il l'entourait de ses bras et ne pouvait s'empêcher de se dire qu'elle était exactement où elle devait être."
I have to jog to catch up.,Je dois trottiner pour le rattraper.,Ça me faut de courir pour rattraper le rythme.
"If we don't hurry, we're going to get caught in the dark.""","Si on ne se dépêche pas, on va se faire surprendre par l'obscurité.","Ça fait trop chaud, si nous ne faisons pas de hâte, nous allons être pris au piège dans l'obscurité."
Mari's tail twitched in excitement.,La queue de Mari s'agita sous l'effet de l'excitation.,Ça fait pousser la queue de Mari de joie.
Were better left forgotten.,Il vaut mieux les oublier.,Ça vaut mieux oublier.
"I should've told you about Inna, but I didn't expect to see him here on the islandnot after the storm, and certainly not while I was with you.","J'aurais dû te parler d'Inna, mais je ne m'attendais pas à le voir ici sur l'île  pas après la tempête, et certainement pas pendant que j'étais avec toi. Je ne l'épouserai pas, quoi qu'il arrive.","Ça aurait dû être dit, mais je n'avais pas prévu de le voir ici sur l'île, pas après la tempête, et certainement pas pendant que je te suis accompagné."
"""Yeah?"" I'm logging my playlist, trying to keep my focus off our proximity to one another.","J'enregistre ma playlist, en essayant de ne pas me concentrer sur notre proximité.",Ça va ?
"By the time enough merfolk had gathered to save her, the pirate ship was gone, harbored somewhere, no doubt.","Le temps que suffisamment d'habitants des mers se rassemblent pour la sauver, le bateau pirate avait disparu, sans doute caché quelque part.","Ça faisait déjà assez de temps que suffisamment de créatures marines étaient réunies pour la sauver, mais le navire pirate était déjà parti, caché quelque part, sans doute."
Did her mother know about the revenge plot?,Sa mère était-elle au courant du projet de vengeance ?,Ça faisait-il partie du plan de vengeance ?
"""You don't know that,"" came the sadly mumbled reply that had his lips twitching.","Tu n'en sais rien, marmonnant tristement la jeune femme entre ses lèvres, ce qui le fit sourire","Ça ne t'est pas arrivé, répondit-il tristement, ce qui fit trembler ses lèvres."
"He'd never understood why Devyn didn't play the same game, probably never would, and now that he knew about Andi...","Il n'avait jamais compris pourquoi Devyn ne jouait pas le même jeu, pourquoi il ne le ferait probablement jamais, et maintenant qu'il savait pour Andi...","Ça ne l'avait jamais étonné que Devyn ne jouât pas le même jeu, probablement qu'il ne le ferait jamais, et maintenant qu'il savait que c'était Andi..."
The urge to possess her thrummed through him to the point he could barely think.,L'envie de la posséder l'envahissait à tel point qu'il avait du mal à réfléchir.,L'envie de la posséder le traîna dans son corps jusqu'à ce qu'il ne puisse plus penser.
"""You should check the supply closet.""",Tu devrais vérifier le placard à fournitures.,Ça te faut vérifier le fourneau.
I'm telling you what I need.,Je te dis ce dont j'ai besoin.,"Ça, c'est ce que je veux."
Want to get to know you.,Je veux apprendre à te connaître.,Ça veut dire que je veux te connaître.
His face brightens.,Son visage s'éclaire.,Son visage s'illumine.
Why would he risk that for either of them?,Pourquoi risquerait-il cela pour l'un ou l'autre ?,Ça pourquoi risquerait-il ça pour l'un ou l'autre ?
Best not to think about that at all.,Mieux valait ne pas y penser.,Ça ne vaut pas la peine de penser à ça.
"There are several articles about the football team, one about the debate team.","Il y a plusieurs articles sur l'équipe de football, un sur l'équipe de débat.","Ça y a plusieurs articles sur l'équipe de football, un sur l'équipe de débat."
"He didn't move, his gaze fixed on the bar ceiling.","Il ne bougea pas, le regard fixé sur le plafond du bar.","Ça ne bougeait pas, son regard fixé sur le plafond du bar."
I spit this out like some jilted lover.,Je crache ça comme un amoureux éconduit.,Ça me sort comme un amant rejeté.
"I've paired it with a soft pair of black corduroys that he hasn't seen yet, but I thank him for the compliment.","Je l'ai associé à un pantalon en velours côtelé noir qu'il n'a pas encore vu, mais je le remercie pour le compliment.","Ça va avec un jean noir doux en corduroy qu'il n'a pas encore vu, mais je lui remercie du compliment."
"He was so sure.""",Il en était si sûr.,Ça lui semblait si sûr.
"To his credit, he slaps a hand over his mouth.","À sa décharge, il porte une main sur sa bouche.","Ça lui vaut du crédit, il pose une main sur sa bouche."
Would he ever get control of the rage inside him?,Parviendra-t-il un jour à contrôler la rage qui l'habitait ?,Ça lui arriverait-il de maîtriser la rage qui le dévore ?
His stomach knotted at the doubt that swirled around him.,Son estomac se noua devant le doute qui l'envahissait.,Son estomac se noua sous le doute qui l'entourait.
She should slip under and swim away.,Elle devrait se glisser sous l'eau et s'enfuir à la nage.,Ça lui fallait de se glisser sous l'eau et de nager loin.
"""Well, surely he had it painted before he died.""",Il l'a sûrement fait peindre avant de mourir.,"Ça va, il l'avait certainement peint avant de mourir."
Talking about my childhood illicits foreign sensations.,Parler de mon enfance provoque des sensations étranges.,Être questionné sur mon enfance me fait ressentir des sensations étrangères.
"He wasn't sure what hurt more, his head or his ribs, but at that moment, he wished the asshole that attacked him had finished the fucking job and put him out of his misery.","Mais, à cet instant, il aurait aimé que le connard qui l'avait agressé ait fini le boulot et mette fin à ses souffrances.","Ça lui était difficile de savoir si c'était sa tête ou ses côtes qui lui faisaient le plus de mal, mais à ce moment-là, il souhaitait que l'assassin qui l'avait attaqué ait fini le travail et l'eût mis hors de ses souffrances."
He tasted the zinc that his mother had insisted he put on his nose and that always melted and dribbled down into his mouth.,Il goûta la crème solaire que sa mère insistait pour qu'il mette sur son nez et qui finissait par fondre et couler dans sa bouche.,Ça tait le zinc que sa mère lui avait insisté pour mettre sur le nez et qui se fondait et coulait dans sa bouche.
She stood between him and the ocean like a lifeguard station or lighthouse.,"Elle se tenait entre lui et l'océan, comme un poste de sauvetage ou un phare.",Ça lui faisait office d'une station de sauvetage ou d'un phare.
"""Nothing is stopping you from moving the carpentry to part-time, maybe on the weekends or something.""","Rien ne t'empêche de passer la menuiserie à temps partiel, peut-être le week-end ou quelque chose comme ça.","Ça ne te fait pas de mal de passer la menuiserie à temps partiel, peut-être les week-ends ou quelque chose."
That really would have been too much to take.,Cela aurait été vraiment trop dur à supporter.,Ça aurait été trop pour moi.
"""No,"" he says, grabbing my hand.","Non, dit-il en m'attrapant la main.","Non, dit-il en s'emparant de ma main."
I plaster on a smile and move away from them as he hands me a pint glass filled with a golden liquid.,J'esquisse un sourire et m'éloigne d'elles tandis qu'il me tend un verre rempli d'un liquide doré.,Je me détache d'eux en me frottant le visage et il me tend un verre de bière rempli d'un liquide doré.
Chase had told her they would get through the storm togetherthat was the sweet and protective man she loved.,Chase lui avait dit qu'ils traverseraient la tempête ensemble  c'était l'homme doux et protecteur qu'elle aimait.,Ça faisait partie de l'homme doux et protecteur qu'elle aimait.
Mine is practically immobilized inside his grasp.,La mienne est pratiquement immobilisée dans son emprise.,Ça est presque immobilisé dans sa griffe.
"After a last look around, she flipped off the shop's main lights.","Après avoir jeté un dernier coup d'œil autour d'elle, elle éteignit les lumières principales de la boutique.","Ça lui donnait une dernière fois la possibilité de regarder autour d'elle, puis elle éteignit les lumières principales du magasin."
He wanted to hold her close and listen to her laughter and share in her happiness.,"Il voulait la serrer contre lui, écouter ses rires et partager son bonheur.",Ça lui faisait envie de la tenir près de lui et d'écouter son rire et de partager sa joie.
"She stepped up into the cart, tipping it forward and setting it swaying and creaking.","Elle monta dans la cabine, la faisant basculer vers l'avant et la faisant osciller et grincer.","Ça lui fit prendre de l'élan, la faisant avancer et s'incliner, craquant."
"And your mother is holding up his end of the bargain, as she should.","Et ta mère tient sa part du marché, comme il se doit.","Ça va, et ta mère tient sa promesse, comme elle devrait le faire."
"""Did I mention that I really need to use the bathroom?"" she asked, sending the bathroom a hopeful look.",Ai-je mentionné que j'ai vraiment besoin d'aller aux toilettes ?,"Ça me dit que je dois vraiment aller aux toilettes, dit-elle en envoyant un regard espérant au salon de bains."
I let you rescue him.,Je t'ai laissé le sauver.,Ça m'a permis de le sauver.
But he's looking at me like it's the first time.,Mais il me regarde comme si c'était la première fois.,Ça lui fait l'effet d'une première fois.
"I have better things to do than to waste my time worrying about what other people think.""",J'ai mieux à faire que de perdre mon temps à savoir ce que pensent les autres.,Ça me fait mieux que de perdre mon temps à me soucier de ce que pensent les autres.
The smile he gives me leaves me uncharacteristically breathless.,Le sourire qu'il m'adresse me laisse sans voix.,"Ça me laisse un peu sans souffle, ce sourire qu'il me donne."
"I can totally picture John Burton as a teacher, he has the personality for it.","Je peux tout à fait imaginer John Burton comme professeur, il a la personnalité qu'il faut.","Ça me fait totalement penser à John Burton en professeur, il a le caractère pour ça."
"""We'll have a big party before I close for good.",Nous ferons une grande fête avant de fermer pour de bon.,Ça va être une grande fête avant que je ne ferme pour de bon.
Hurricane Giselle was nothing to fool around with.,L'ouragan Giselle n'était pas à prendre à la légère.,Ça faisait 24 heures que le cyclone Giselle menaçait de détruire tout sur son passage.
"Oh, that couldn't be good, she thought when she saw the puddle forming on the floor around her.","Oh, ça ne présageait rien de bon, pensa-t-elle en voyant la flaque qui se formait sur le sol autour d'elle.","Ça ne pouvait pas être bon, pensa-t-elle lorsqu'elle vit la formation d'un petit lac autour d'elle."
"We can duck out for a little while, yeah?""","On peut s'éclipser un moment, d'accord ?","Ça fait un peu de temps que je ne suis pas allé au cinéma, alors on peut s'en aller un peu, oui ?"
"I have to make sure the bar's safe first.""",Je dois d'abord m'assurer que le bar est sécurisé.,Ça fait que je dois d'abord s'assurer que le bar est en sécurité.
No more...anything.,Plus rien.,Ça suffit...
"Maybe some Joy Division, a little Sigur Ros, a bit of Bilal, definitely James Blake.","Peut-être un peu de Joy Division, un peu de Sigur Ros, un peu de Bilal, certainement du James Blake.","Ça pourrait être du Joy Division, un peu de Sigur Rós, un peu de Bilal, et définitivement James Blake."
Want to know how those wine-stained lips of yours might taste.,Connaître le goût de tes lèvres colorées par le vin.,Ça te fait envie de savoir comment ces lèvres teintées de vin pourraient goûter.
"In the peace and calm of the eye of life's ever-growing hurricane, they'd found a moment.","Dans la paix et le calme de l'œil de l'ouragan de la vie, ils avaient trouvé un moment.","Dans la paix et le calme du centre de la tempête qui grandit sans cesse, ils avaient trouvé un moment."
"At least she had everything that she needed, Andi thought as she reached down and grabbed her iPad and the notebook that she'd been working on along with a carefully select assortment of pens that she'd helped herself to from the supply closet at work, only to realize that she'd left her phone at home.","Au moins, elle avait tout ce dont elle avait besoin, pensa Andi en se penchant pour attraper son iPad et le carnet sur lequel elle travaillait, ainsi qu'un assortiment de stylos soigneusement sélectionnés qu'elle s'était procuré dans le placard à fournitures du bureau, avant de réaliser qu'elle avait laissé son téléphone à la maison.","Ça faisait au moins qu'elle avait tout ce qu'elle avait besoin, pensa Andi en s'approchant de sa tablette et de son cahier de notes qu'elle avait en train de remplir, ainsi qu'une sélection soigneusement choisie de stylo qu'elle s'était approprié dans le placard de fournitures à l'entreprise, avant de se rendre compte qu'elle avait laissé son téléphone à la maison."
It wasn't going to stop him from making sure that the little bastard paid for what he did to Andi.,Ça ne l'empêcherait pas de s'assurer que ce petit salaud paie pour ce qu'il a fait à Andi.,Ça ne l'empêcherait pas de s'assurer que ce petit salaud payait pour ce qu'il avait fait à Andi.
"""I'm going to run and see if I can get the fire department.",Je vais courir et voir si je peux appeler les pompiers.,"Ça va, je vais courir et voir si je peux appeler les pompiers."
It's suddenly the most important thing in the world.,C'est soudain la chose la plus importante au monde.,Ça devient soudain la chose la plus importante du monde.
It's been a rough twenty-four hours.,Les dernières vingt-quatre heures ont été difficiles.,Ça a été dur les vingt-quatre dernières heures.
"The shop was the first thing she could truly call her own, and now it was at risk.","Le magasin était la première chose qu'elle pouvait vraiment appeler la sienne, et maintenant il était en danger.","Ça faisait partie de ce qu'elle pouvait vraiment appeler la sienne, et maintenant, elle était en danger."
She would certainly bear Chase's kids.,Elle porterait certainement les enfants de Chase.,"Ça ne serait pas de son goût, mais elle porterait certainement les enfants de Chase."
"""It's going to be very cold out there, Miss Dawson,"" Devyn said, watching as his favorite place on earth was slowly revealed.","Il va faire très froid dehors, Mlle Dawson, dit Devyn, en regardant son endroit préféré sur Terre se dévoiler progressivement.","Ça va être très froid dehors, Mlle Dawson, dit Devyn en regardant sa place préférée sur Terre se révéler lentement."
"She drew her knees up and circled them with her arms, squeezing as tight as she could.","Elle remonta ses genoux et les entoura de ses bras, serrant aussi fort qu'elle le pouvait.","Elle fit monter ses genoux et les cercla de ses bras, serrant autant qu'elle pouvait."
This stops me mid-chew.,Cela m'arrête en plein milieu de  ma mastication.,Ça me fait arrêter de mâcher.
The sea beckoned her.,La mer l‘appelait.,L'océan lui faisait signe.
"I'm shaking, held up by John, who doesn't seem to have full control over his body either.","Je tremble, soutenu par John qui, lui non plus, ne semble pas avoir le contrôle total de son corps.","Ça me tremble, je suis soutenu par John, qui ne semble pas avoir le contrôle total de son corps."
My breath leaves me.,Mon souffle me quitte.,Ça me quitte.
"He wasn't muscular in the same way as Chase, but thick and solid.","Il n'était pas aussi musclé que Chase, mais il était fort et massif.","Ça ne faisait pas de lui un homme musclé comme Chase, mais épais et solide."
"What I'm about to do is invasive, I know, but...","Ce que je vais faire est invasif, je le sais, mais...","Ça va être invasif, je le sais, mais..."
"""I see,"" Devyn murmured, applying the last bandage.","Je vois, murmura Devyn en appliquant le dernier bandage.","Ça va, murmura Devyn en appliquant le dernier bandage."
"""Let me talk.""",Laisse-moi parler.,Ça me permet de parler.
"""Look at the domain.",Regarde le nom de domaine.,Ça regarde le domaine.
"He took a deep breath, focusing on the inhale, and then the exhale.","Il inspira profondément, se concentrant sur l'inspiration, puis sur l'expiration.","Ça lui fit prendre une profonde inspiration, se concentrant sur l'inspiration, puis sur l'expiration."
"I stretch out beside him, draw his leg up and drape it over mine.","Je m'étire à côté de lui, remonte sa jambe et la fait  passer par-dessus la mienne.","Je me tends à côté de lui, leve son jambage et le plie sur le mien."
"""They're mostly in awe of you,"" he says, his voice taking on that honeyed timber he'd had when he asked me out on this date.","Ils sont surtout en admiration devant toi, dit-il, sa voix prenant ce timbre mielleux qu'il avait lorsqu'il m'a demandé de sortir avec lui.","Ça, c'est surtout de l'admiration, dit-il, la voix prenant l'accent doux qu'il avait lorsqu'il m'avait demandé de sortir avec lui ce soir."
"My style could be called dormitory chic, my flat furnished with a collection of mismatched pieces acquired over the life of my residency.","Mon style pourrait être qualifié de dortoir chic, mon appartement étant meublé d'une collection de pièces dépareillées acquises depuis que j'ai signé le bail.","Ça pourrait être qualifié de style ""chic des résidences"", mon appartement meublé d'une collection de meubles incohérents achetés au fil de ma résidence."
"""Yes, daughter.","Oui, ma fille.","Ça va, ma fille."
"My ass, my thighs, the muscles of my back melt under John's ministrations.","Mon cul, mes cuisses, les muscles de mon dos fondent sous les doigts de John.","Ça fait fondre mon cul, mes cuisses, les muscles de mon dos sous les soins de John."
"He is so fucking beautiful, my heart hurts.","Il est si beau, putain, que j'en ai mal au cœur.","Ça fait si bien, que mon cœur meurt."
"""You're gorgeous,"" John breathes, leaning forward.","Tu es magnifique, souffle John en se penchant en avant.","Ça fait un beau, dit John, se penchant en avant."
This is why I'm not cut out for relationships.,Voilà pourquoi je ne suis pas fait pour les relations.,Ça explique pourquoi je ne suis pas fait pour les relations.
"""How the hell did we miss that?""",Comment diable avons-nous pu rater ça,"Ça fait quoi, nous avons manqué de voir ça ?"
"She began to sob gently, covering her face with her hands.","Elle se mit à sangloter doucement, se couvrant le visage de ses mains.","Ça commença à pleurer doucement, couvrant son visage de ses mains."
If he got stranded on the island during the storm...,S'il se retrouvait bloqué sur l'île pendant la tempête...,Si il était coincé sur l'île pendant la tempête...
Not to accept that he can see me so clearly.,De ne pas accepter qu'il lise en moi si clairement.,Ça ne veut pas dire que je peux le voir si clairement.
His fingers were sore and stiff from the wood's rough assault.,Ses doigts étaient endoloris et raides à cause de la rugosité du bois.,Ses doigts étaient douloureux et rigides à cause de l'assaut brutal du bois.
"You should have been paying attention to the news.""",Tu aurais dû faire attention aux informations.,Ça aurait dû te faire attention aux nouvelles.
"""Yes,"" he bit out, watching as her lips twitched.","Oui, dit-il sèchement en regardant les lèvres de la jeune femme se contracter.","Ça va, dit-il, regardant ses lèvres se contorsionner."
I laugh and shake my head.,Je ris et secoue la tête.,Ça me fait rire et je secoue la tête.
"But anyway, Amelia's country sent a team to murder her and her human lover.""","Mais de toute façon, le pays d'Amelia a envoyé une équipe pour l'assassiner, elle et son amant humain.","Ça n'a pas d'importance, mais le pays d'Amelia a envoyé une équipe pour la tuer et son amant humain."
This open.,Aussi ouvert.,Ça est ouvert.
"What's the bad news?""",Quelle est la mauvaise nouvelle ?,Ça va mal ?
"The lot is crowded, but we get lucky with a spot close to the entrance.","Ce dernier est bondé, mais nous avons la chance d'avoir une place près de l'entrée.","Ça fait chaud, mais nous sommes chanceux d'avoir trouvé un parking près de l'entrée."
It's also the reason why we're here.,C'est aussi la raison pour laquelle nous sommes ici.,Ça est aussi la raison pour laquelle nous sommes ici.
I thought we had a chance to make this work.,Je pensais que nous avions une chance de faire en sorte que ça marche.,Ça me semblait que nous avions une chance de faire marcher ça.
"""I'm not saying what he did was right, it's ten different flavors of wrong, but...""","Je ne dis pas que ce qu'il a fait est bien, le mal peut prendre plusieurs formes, mais...","Ça ne veut pas dire que ce qu'il a fait était juste, c'est une dizaine de goûts de faux, mais..."
"The kid is so grateful to John, it's heartwarming.",Le jeune homme est si reconnaissant envers John que cela fait chaud au cœur.,"Ça fait chaud, le gosse est si reconnaissant envers John."
"The smoke billowed and curved like a dark, beastly creature and Chase blinked back tears as it stung his eyes.","La fumée ondulait et se courbait comme une créature sombre et bestiale, et Chase essuya ses larmes quand elle lui piqua les yeux.","L'air se mit à fumer et à courber comme un créature sombre et bestiale, et Chase se cligna des yeux pour repousser les larmes alors qu'il lui piquait les yeux."
He could finally breathe.,Il pourrait finalement respirer.,Ça lui permettait enfin de respirer.
A total loss for sure.,"Une perte totale, c'était sûr.",Ça fait un total perdu.
"He shouldn't have given in to his desires, and he was mad at himself.","Il n'aurait pas dû céder à ses désirs, et il s'en voulait.","Ça ne devait pas lui arriver, et il était furieux contre lui-même."
"""Medical bills.""",Des factures d'hôpital à payer.,Ça fait des frais médicaux.
"""You didn't answer your cell.",Tu n'as pas répondu à ton téléphone portable.,Ça ne te réveille pas ?
"""We've become family to each other.",... Nous sommes devenus une famille l'un pour l'autre.,Ça nous a fait de la famille.
People would still buy.,Les gens achèteraient quand même.,Ça ne les empêcherait pas d'acheter.
"He'd fight it, fight for her.","Il se battrait, se battrait pour elle.","Ça ne l'empêcherait pas de se battre, de se battre pour elle."
It was none of her business why and where he went.,Ce n'était pas ses affaires de savoir pourquoi et où il allait.,Ça ne lui importait pas pourquoi et où il allait.
"""Burton,"" he corrects me, but his eyes are liquid.","Burton, me corrige-t-il, mais ses yeux sont liquides.","Ça s'appelle Burton, me corrige-t-il, mais ses yeux sont liquides."
"His fingers are a little calloused, though less than I would have thought for a man that worked with his hands.","Ses doigts sont un peu calleux, mais moins que je ne l'aurais cru pour un homme qui travaille avec ses mains.","Ça fait un peu de callosité, mais moins que je ne l'aurais pensé pour un homme qui travaille avec les mains."
"""She's mad at you.""",Elle est en colère contre toi.,Ça fait rage à toi.
"She'd sit on the bar's deck, pretending to read and watching the patrons.","Elle s'asseyait à la terrasse du bar, faisant semblant de lire et observant les clients.","Ça lui arrivait de s'asseoir sur le pont du bar, de feigner de lire et de regarder les clients."
That's what hurts – so much.,C'est ce qui fait mal  tellement mal.,"Ça fait mal, tellement."
"My mood has improved dramatically since he told me he was coming, and I'm smiling already.","Mon humeur s'est considérablement améliorée depuis qu'il m'a dit qu'il venait, et je souris déjà.","Ça a beaucoup amélioré mon humeur depuis qu'il m'a dit qu'il venait, et je suis déjà souriant."
"She pressed her body against his, and heat tingled in his abdomen.","Elle pressa son corps contre le sien, et sa chaleur lui picota l'abdomen.","Elle appuya son corps contre le sien, et le chaleur tinglait dans son abdomen."
"For the first time since the storm, he was glad the electricity was out.","Pour la première fois depuis l'orage, il était content que l'électricité soit coupée.",Ça faisait pour la première fois depuis la tempête qu'il était heureux que l'électricité soit coupée.
"That all happened when she was diagnosed with myeloma, bone marrow cancer.","Tout cela est arrivé quand on lui a diagnostiqué un myélome, un cancer de la moelle osseuse.","Ça a tout commencé lorsqu'elle a été diagnostiquée de myélome, un cancer du moelle osseuse."
"""Go change those wet clothes before you catch a cold.""",Va changer ces vêtements mouillés avant d'attraper froid.,"Ça fait froid, va changer tes vêtements mouillés avant de prendre un froid."
Check flashlight batteries?,Vérifier les piles de la lampe de poche ?,Ça fait un moment que je vérifie les batteries de ma lampe de poche ?
"Surprising she could read and write, given the times.""","Il est surprenant qu'elle ait su lire et écrire, compte tenu de l'époque.","Ça était surprenant qu'elle puisse lire et écrire, compte tenu des temps."
"""So much so, that I want you to do the same thing for the rest of Carta Hotels.""",À tel point que je veux que tu fasses la même chose pour le reste des hôtels Carta.,Ça va jusqu'à ce que je veuille que tu fasses la même chose pour le reste des Hôtels Carta.
"""Better figure it out soon.""",Tu ferais mieux de t'en rendre-compte rapidement.,Ça faut qu'il s'en sorte bientôt.
We made it through the storm with minimal damage.,Nous avons traversé la tempête avec un minimum de dégâts.,"Ça a fait un peu de mal, mais nous avons survécu à la tempête avec des dégâts minimes."
"Sharing with a mate from uni, who has since moved.",Je partageais le logement avec un ami de l'université qui a déménagé depuis.,"Ça a été partagé avec un copain d'université, qui s'est depuis déplacé."
Come Undone: Romance Stories Inspired by the Music of Duran Duran,Come Undone : Histoires d'amour inspirées par la musique de Duran Duran,Come Undone : des histoires de romances inspirées par la musique de Duran Duran
And now he was planning to leave her behind and farm some dry land somewhere a million miles away.,"Et maintenant, il prévoyait de la laisser derrière lui et de cultiver une terre aride quelque part à un million de kilomètres d'ici.",Ça faisait maintenant un an qu'il avait l'intention de la laisser derrière lui et de s'installer sur un terrain sec quelque part à un million de kilomètres de là.
"I squirt a generous amount over my fingers and slick his cock, encouraging him to pump into my hand.","J'en verse une quantité généreuse sur mes doigts et j'enduis sa bite, l'encourageant à pomper dans ma main.","Je jette une quantité généreuse sur mes doigts et je le serrer, l'encourageant à pousser dans ma main."
Inna might have her already.,Inna l'avait peut-être déjà attrapé.,Ça pourrait être déjà fait.
"The first time that he'd heard her humming, he'd squeezed his eyes shut and waited for the pain to explode in his head, only to have the soft, hypnotic sound slowly lull him to sleep.","La première fois qu'il l'avait entendu, il avait fermé ses yeux et attendu que la douleur explose dans sa tête, mais ce fut le contraire.","Ça faisait plus d'un mois qu'il l'entendait humer, et il avait fermé les yeux et attendu que la douleur explose dans sa tête, mais il s'était endormi sous l'effet du son doux et hypnotique."
Towering clouds formed a barricade of weather that was bound to bring a lot of wind and rain to the little island.,Des nuages imposants formaient une enceinte climatique qui allait certainement apporter beaucoup de vent et de pluie sur la petite île.,Les nuages élevés formaient une barrière de météo qui devait apporter beaucoup de vent et de pluie sur l'île.
She turned the page and found herself frowning as she went through the rest of the list and decided that perhaps she should just get started when she realized that there was a third page.,Elle décida qu'elle ferait mieux de commencer lorsqu'elle réalisa qu'il y avait une troisième page.,Elle tourna la page et se mit à froncer les sourcils en parcourant le reste de la liste et décida qu'elle devrait peut-être juste commencer lorsqu'elle réalisa qu'il y avait une troisième page.
His heart sped as he realized the potential that hung heavily in the moment.,Son cœur s'accéléra lorsqu'il réalisa le potentiel qui planait sur ce moment.,Son cœur battait de joie lorsqu'il réalisa le potentiel qui pendait lourdement dans ce moment.
"Tears flowed down Mari's cheeks, mixed with the rainfall and the seawater.","Les larmes coulaient sur les joues de Mari, se mêlant à la pluie et à l'eau de mer.","Les larmes coulèrent sur les joues de Mari, mêlées à la pluie et à l'eau de mer."
"You're foolish to try.""",C'est idiot d'essayer.,Ça te fait du fou de t'essayer.
"""I want to take you somewhere you've been dying to go.",Je veux te faire plaisir et t'emmener dans un endroit où tu meurs d'envie d'aller.,Ça me fait envie de te mener où tu as envie de t'y rendre.
"He's been eye-fucking me since the moment he walked in the door, and I'm finding it harder and harder to resist him with every pull from my glass.","Il me fait de l'œil depuis qu'il a franchi la porte, et j'ai de plus en plus de mal à lui résister à chaque fois que je bois un verre.","Ça fait des années qu'il me regarde comme ça, et je trouve de plus en plus difficile de le résister avec chaque verre."
"""The only room I can stand to be in, really, is my bedroom.""","La seule pièce que je peux supporter, c'est ma chambre à coucher.","Ça fait que la seule pièce où je peux me tenir, vraiment, c'est ma chambre."
She owes me and she knows it.,Elle me doit quelque chose et elle le sait.,Ça lui doit et elle le sait.
His expression is sober.,Son expression est sérieuse.,Son expression est sérieuse.
Though the hostage thing might work.,Bien que la prise d'otage semblât être une bonne idée.,Ça pourrait marcher avec l'hôte.
"His eyes lock on the place where our bodies join, his expression positively feral.","Ses yeux se fixent sur l'endroit où nos corps se rejoignent, son expression est positivement féroce.","Ça fait comme si ses yeux s'attiraient vers le point où nos corps se rejoignent, son expression est positivement féroce."
"Hopefully, the repair wouldn't delay closing on the bar's sale.","Avec un peu de chance, la réparation ne retarderait pas la conclusion de la vente du bar.",Ça ne retarderait pas la vente du bar.
"He didn't know how long they sat on the couch holding each other, but it felt like forever.","Il ne savait pas combien de temps ils étaient restés assis sur le canapé à se serrer l'un contre l'autre, mais cela lui a semblé une éternité.","Ça durait des années, mais il semblait qu'ils s'étaient assis sur le canapé et s'étaient tenus l'un contre l'autre depuis toujours."
He had to be at work in a few hours.,Il devait être au travail dans quelques heures.,Ça lui fallait être au travail dans quelques heures.
"He rubbed his arm, trying to stop the itching that suddenly overtook his skin.","Il se frotta le bras, essayant d'arrêter les démangeaisons qui envahissaient soudain sa peau.","Il se frotta son bras, essayant d'arrêter l'étranglement qui s'était soudainement installé sur sa peau."
"I hadn't even known he'd been paying attention, since he'd been distracted then too.","Je ne savais même pas qu'il était attentif, puisqu'il avait été distrait à ce moment-là aussi.","Ça ne m'avait même pas fait savoir qu'il s'intéressait, car il était aussi distrait à l'époque."
It was honestly the perfect job for her.,"Pour être honnête, c'était le travail idéal pour elle.",Ça était vraiment le travail idéal pour elle.
He stumbled across the room and put his palms against the wooden door.,Il traversa la pièce en titubant et posa ses paumes contre la porte en bois.,Il s'échappa dans la pièce et posa ses mains contre la porte en bois.
"She'd worked hard making the Mermaid's Purse a success, and it wasn't fair that her work was threatened both by a hurricane and by Chase's demonsat the same time.","Elle avait travaillé dur pour faire de la Bourse de la Sirène un succès, et il n'était pas juste que son travail soit menacé à la fois par un ouragan et par les démons de Chase, en même temps.","Ça faisait longtemps qu'elle travaillait dur pour faire du succès du Crabe-Croche, et il n'était pas juste que son travail soit menacé à la fois par un ouragan et par les démons de Chase."
"""Sorry, I wasn't thinking.","Désolé, je n'ai pas réfléchi.","Ça m'est arrivé, je n'étais pas en train de penser."
"He nibbled at her earlobe, his hot breath sending shivers down her torso and into her legs.","Il lui mordilla le lobe de l'oreille, son souffle chaud faisant frissonner sa poitrine et ses jambes.",Ça lui donnait des frissons dans le torse et dans les jambes.
"By diver man's family.""",Par la famille du plongeur.,Ça vient d'une famille de plongeurs.
"I feel his body jolt beneath mine, muscles going rigid.","Je sens son corps tressaillir sous le mien, ses muscles se raidissent.","Je sens son corps se tordre sous le mien, ses muscles se rigider."
"""And I'm sure that there was a good reason why you didn't contact my office,"" Devyn said, moving to return his attention to the woman that hadn't been happy when she'd discovered that he'd planned on doing this audit in person.","Et je suis sûr qu'il y a une bonne raison pour laquelle vous n'avez pas contacté mon bureau, dit Devyn, reportant son attention sur la femme qui n'avait pas été heureuse d'apprendre qu'il avait prévu de faire cet audit en personne.","Ça va, je suis sûr que tu as une bonne raison d'avoir ignoré mon bureau, dit Devyn, revenant à l'attention de la femme qui n'était pas heureuse de découvrir qu'il avait prévu de faire l'audit en personne."
He'd showered and his damp hair stood in spikes.,Il s'était douché et ses cheveux humides se dressaient en épis.,Ça faisait un moment qu'il avait douché et ses cheveux humides se dressaient en éperons.
"This is my kingdom, my domain.","C'est mon royaume, mon domaine.","Ça fait partie de mon royaume, de mon domaine."
"Maybe you can reach me.""",Tu pourras peut-être m'atteindre.,Ça pourrait te parvenir.
"""When she finally shows up, tell her that Devyn MacGregor, CEO of Carta Hotels, is here to do an inspection,"" Devyn said evenly.","Lorsqu'elle se présentera enfin, dites-lui que Devyn MacGregor, PDG des Hôtels Carta, est ici pour une inspection, dit Devyn d'un ton calme.","Ça fait des années qu'elle ne répond plus à mes messages, mais quand elle arrivera enfin, dis-lui que Devyn MacGregor, PDG des Hôtels Carta, est là pour faire une inspection, dit-il d'une voix calme."
"""I wish we could've evacuated.""",J'aurai aimé qu'on évacue.,Ça aurait été mieux si nous avions pu évacuer.
"As in, people actually have some.","En fait, les gens ont des attentes, tout simplement.",Ça veut dire que les gens en ont.
"I follow him back to the booth, where I'd been in the middle of setting up my next block of songs.","Je le suis jusqu'au studio, où j'étais en train d'installer mon prochain bloc de chansons.","Je le suis jusqu'au stand, où j'étais en train de mettre en place le prochain bloc de chansons."
"This time, I can't stop the shiver that races down my spine.","Cette fois, je ne peux pas arrêter le frisson qui me parcourt l'échine.","Ça fois, je ne peux pas arrêter le frisson qui traverse ma colonne vertébrale."
"""Practice like this?""",S'entraîner comme ça ?,Ça s'appelle pratiquer comme ça ?
"She moaned, then tipped her head back to give him access, her tongue tangling with his larger one.","Elle gémit, puis bascula sa tête en arrière pour lui donner un accès total, sa langue s'emmêlant avec celle plus imposante de Chase.","Ça grogna, puis elle renversa la tête pour lui donner accès, sa langue se tanglant avec la sienne plus grande."
"His ears are turning red, and his hands flutter a bit when he reaches for the pita bread.",Ses oreilles rougissent et ses mains s'agitent un peu lorsqu'il attrape le pain pita.,"Ça fait rougir ses oreilles, et ses mains tremblent un peu lorsqu'il attrape le pain pita."
"His name is Inna.""",Il s'appelle Inna.,Ça s'appelle Inna.
"""This must have cost a fortune,"" I tell him, pouring another glass.","Cela a dû coûter une fortune, lui dis-je en me versant un autre verre.","Ça doit avoir coûté une fortune, lui dis-je en verseant un autre verre."
He's a good teacher.,C'est un bon professeur.,Ça fait un bon professeur.
She leaned over the railing and pretended to look at the dune.,Elle se pencha sur la balustrade et fit semblant de regarder la dune.,Elle se pencha sur la balustrade et prit l'air de regarder la dune.
"The puppies were adorable,"" Andi said with a solemn nod, making him chuckle as she handed the chocolate bar over to him so that she could grab the notebook that he wasn't allowed to touch after he'd made the mistake of marking a page by folding a corner so that he could come back to it later.","Les chiots étaient adorables, déclara Andi avec un hochement de tête solennel, le faisant rire alors qu'elle lui tendait la barre de chocolat afin de pouvoir saisir le carnet qu'il n'avait pas le droit de toucher après avoir commis l'erreur de marquer une page en pliant un coin pour pouvoir y revenir plus tard.","Ça faisait rire Andi, qui lui tendit le barreau de chocolat, pour qu'elle puisse s'emparer du cahier qu'il n'était pas autorisé à toucher après avoir commis l'erreur de marquer une page en pliant un coin pour pouvoir y revenir plus tard."
Wouldn't that make leaving much easier for him?,Cela ne rendrait-il pas son départ plus facile ?,Ça ne le ferait-il pas quitter plus facilement ?
"Her face didn't hide the pain in her heart, the pain he hadn't noticed before.","Son visage ne cachait pas la douleur au fond de son cœur, une douleur qu'il n'avait pas remarquée auparavant.","Son visage ne cachait pas la douleur de son cœur, la douleur qu'il n'avait pas remarquée auparavant."
"""Before the transfer finished coming through, they attempted to authorize a transfer, but the authorization for the transfer came into question and our accounting department flagged it.""","Avant que le transfert ne soit terminé, ils ont tenté d'autoriser un transfert, mais l'autorisation a été remise en question et notre service comptable l'a signalé.","Ça a été tenté avant que le transfert ne soit terminé, mais l'autorisation du transfert a été mise en doute et notre service comptabilité l'a signalé."
"A few drops of water from the structure over them rained down at the motion and she ducked her head, laughing.",Quelques gouttes d'eau provenant de la structure qui les surplombait tombèrent à cause du mouvement et elle baissa la tête en riant.,"Ça plu quelques gouttes d'eau de la structure sur eux à son geste et elle se pencha la tête, riant."
"""We...don't really talk.""",Nous... ne nous parlons pas vraiment.,Ça... nous... nous ne parlons pas vraiment.
I get out and jog around the car to grab his hands.,Je sors et contourne la voiture pour lui prendre les mains.,Je me dégage et cours autour de la voiture pour attraper ses mains.
And it isn't something I've ever shared with anyone else.,Et ce n'est pas un secret que je n'ai jamais partagé avec quelqu'un d'autre.,"Ça, je n'ai jamais partagé avec personne d'autre."
Her head swam and she struggled to keep herself under control.,Sa tête s'était mise à tourner et elle luttait pour garder le contrôle.,Son tête tournait et elle lutta pour rester en contrôle.
"My cock bobs eagerly between us, and John's perks up to say hello.","Ma bite oscille entre nous avec impatience, et celle de John se réveille pour dire bonjour.","Ça se débattait entre nous, et celui de John se redresse pour nous dire bonjour."
And I mean he really listens as the singer promises not to let him drown in whatever is troubling him.,"Et, par-là, j'entends qu'il écoute vraiment, car le chanteur lui promet de ne pas le laisser se noyer dans ce qui le trouble.","Ça veut dire qu'il écoute vraiment, tandis que le chanteur promet de ne pas le laisser noyer dans ce qui le trouble."
"His back is to me, shoulders scrunched up to his ears.","Il me tourne le dos, les épaules haussées jusqu'aux oreilles.","Ça a le dos tourné vers moi, les épaules enroulées jusqu'à ses oreilles."
A fucking hurricane was outside his window and he was thinking about getting laid?,Un putain d'ouragan était derrière sa fenêtre et il pensait à s'envoyer en l'air,Ça faisait un putain de tempête dehors et il pensait à se faire baiser ?
"He needed to stay focused, he kept reminding himself as he lay there, staring up at the ceiling as he thought about everything that was at stake, the list of hotels that they still needed to take a closer look at, and going over everything he had to do today, anything to stop thinking about the woman in the other room.","Il devait rester concentré, ne cessait-il de se rappeler alors qu'il était allongé, fixant le plafond en pensant à tout ce qui était en jeu, à la liste des hôtels qu'ils devaient encore examiner de plus près, et en passant en revue tout ce qu'il devait faire aujourd'hui, tout était bon pour cesser de penser à la femme dans l'autre pièce.","Ça lui fallait de rester concentré, il se disait en se reposant là-bas, en regardant le plafond, en pensant à tout ce qui était en jeu, à la liste des hôtels qu'ils avaient encore à examiner de près, et en repassant en tête de tout ce qu'il avait à faire aujourd'hui, n'importe quoi pour ne pas penser à la femme dans la pièce voisine."
"""Tell my mother I'll be home soon.",Dis à ma mère que je serai bientôt à la maison.,Ça dit à ma mère que je reviendrai bientôt.
He'd managed to negotiate a contract that benefitted them both.,Il avait réussi à négocier un contrat qui convenait aux deux parties.,Ça avait été un contrat qui leur avait profité à tous les deux.
"But I'm sure...""",Mais je suis sûr...,Ça me semble...
"""But you came for another reason.""","Mais, tu es venue pour une autre raison.","Ça, c'est pour une autre raison."
"Grinning, I queue up Coldplay's Always in My Head.","En souriant, je mets en file d'attente Always in My Head de Coldplay.",Je grimace et je mets en file d'attente Always in My Head de Coldplay.
"""He's here,"" Dyer's voice trails off.","Il est là, dit Dyer d'une voix étouffée.","Ça arrive, dit Dyer, la voix s'évanouissant."
"""Only when I talk to you,"" she said, blinking up at him before following that up with, ""What did you do for Christmas?""","Seulement quand je te parle, dit-elle, clignant des cils avant de poursuivre :","Ça ne se passe que quand je te parle, dit-elle, l'ayant regardé du coin de l'œil avant de continuer : ""Qu'est-ce que tu as fait pour Noël ?"
I know he'll leave marks on my skin.,Je sais qu'il laissera des marques sur ma peau.,Ça laisse des traces sur ma peau.
Anything you fucking want!,"Tout ce que tu veux, putain !","Ça, tu veux !"
"I always have these harebrained schemes that seem like great ideas...at the time.""",J'ai toujours ces projets farfelus qui semblent être de bonnes idées... sur le moment.,Ça fait toujours des années que j'ai des idées folles qui semblent être des idées géniales... à l'époque.
"But there isn't much of a demand for them anymore.""",Mais il n'y a plus beaucoup d'offres pour ce métier.,Ça n'y a plus beaucoup de demande.
He and the unpowered wheel were both broken by storms.,Lui et la roue sans moteur avaient tous deux étés brisés par les tempêtes.,Ça et la roue non motorisée avaient tous les deux été brisés par les tempêtes.
They'd be lucky to have power by morning if the storm held true to predictions.,Ils auront de la chance d'avoir de l'électricité le matin si la tempête se maintient.,Ça serait une chance de disposer d'électricité dès l'aube si la tempête se conformait aux prévisions.
"But with John, I want the circle of his strong arms around me.","Mais avec John, je veux le cercle de ses bras forts autour de moi.","Ça fait un an que je ne l'ai pas vu, mais avec John, je veux que le cercle de ses bras forts s'enroule autour de moi."
It's the first genuine laugh I've had all week.,C'est le premier vrai rire que j'ai eu de toute la semaine.,Ça fait la première vraie rire que j'ai eu cette semaine.
"I know she'd take me up on any offer I made her, and she knows I know.","Je sais qu'elle accepterait n'importe quelle offre que je lui ferai, et elle sait que je le sais.","Ça me dit qu'elle accepterait n'importe quelle offre que je lui ferais, et elle sait que je sais."
"""Sorry you're stuck spending the night with me.""","Désolée que tu sois coincé ici, obligé de passer la nuit avec moi.","Ça va, tu as malheureusement passé la nuit avec moi."
"Might be the last hot meal you get for a while.""",C'est peut-être le dernier repas chaud que tu auras avant longtemps.,Ça pourrait être la dernière fois que tu aies une bonne bouffée pendant un certain temps.
"""Is that a hint of jealousy I see?""",Est-ce une pointe de jalousie que je sens ?,Ça fait penser à un soupçon de jalousie ?
I suck the tip of his index finger into my mouth and run my tongue over it.,J'aspire le bout de son index dans ma bouche et passe ma langue dessus.,"Je suis attiré par le bout de son index et le suce dans ma bouche, puis je le traîne avec ma langue."
A little pain would divert the fear in his gut.,Un peu de douleur détournerait la peur qui le tenaillait.,Ça lui donnerait un peu de douleur pour détourner la peur qui le gonflait.
"One of his denim-clad legs is folded beneath him, the other stretched toward me.","L'une de ses jambes vêtue de denim est repliée sous lui, l'autre tendue vers moi.","L'un de ses jambes recouvertes de denim est pliée sous lui, l'autre s'étend vers moi."
You'd think I'd never been touched before.,On pourrait croire que je n'ai jamais été touché auparavant.,Ça me ferait croire que je n'avais jamais été touché auparavant.
"She met his tongue with her own, wishing to tell him everything she'd kept secret from him.","Elle rencontra sa langue avec la sienne, souhaitant lui dire tout ce qu'elle avait gardé secret.","Elle rencontra sa langue avec la sienne, souhaitant lui dire tout ce qu'elle avait gardé secrète."
"""I know plenty about you,"" he assured her as he swiped to the next email.","Je sais beaucoup de choses sur vous, lui assura-t-il alors qu'il passait à l'e-mail suivant.","Ça, je sais bien, lui assura-t-il en passant à l'email suivant."
"""I need to get back,"" John says, abruptly.","Je dois rentrer, dit John brusquement.","Ça me faut, dit John, brusquement."
As always.,Comme toujours,Ça fait toujours partie de mon programme.
"""Yes,"" Andi murmured, snuggling in closer until he took the hint and carefully wrapped his arm around her and pulled her closer.","Oui, murmura Andi, se blottissant plus près jusqu'à ce qu'il comprenne l'allusion et l'entoure soigneusement de son bras pour l'attirer plus près de lui.","Ça va, murmura Andi, s'approchant de plus en plus jusqu'à ce qu'il prenne le bâton et qu'il l'entoure de son bras et la rapproche de lui."
"It's been weeks.""",Ça fait des semaines.,Ça fait des semaines.
Nothing he'd like better than to lay her down and make love to her again and again.,Rien ne lui plairait plus que de l'allonger et de lui faire l'amour encore et encore.,Ça lui plairait mieux du monde de la déposer et de l'aimer à nouveau et à nouveau.
"""As long as the surge doesn't get too much bigger than they predict, we'll be okay.","Tant que l'onde de tempête n'est pas plus forte que ce qu'ils prévoient, tout ira bien.","Ça ne devrait pas être trop grand, sinon nous sommes perdus."
"I can tell, just listening to him, how much teaching there meant to John.","Je peux dire, rien qu'en l'écoutant, à quel point l'enseignement a compté pour John.","Ça me dit, juste en l'écoutant, à quel point l'enseignement a été important pour John."
"""So, about dinner...""","Alors, à propos du dîner...",Ça fait donc dîner...
Flames licked at the pre-dawn sky and heat radiated from the structure.,Les flammes léchaient le ciel d'avant l'aube et la chaleur irradiait de la structure.,Les flammes léchaient le ciel avant l'aube et la chaleur s'échappait de la structure.
"She'd never been through a tornado, if that's what it was, and she never wanted to experience it again.","Elle n'avait jamais traversé de tornade, si c'était bien de cela qu'il s'agissait, et elle ne voulait plus jamais en faire l'expérience.","Ça n'avait jamais été un tornade, si c'était ça, et elle ne voulait pas l'expérimenter à nouveau."
"Once she and Chase were married, of course, and his mom was her mother-in-law.","Une fois qu'elle et Chase seraient mariés, bien sûr, et que sa mère serait sa belle-mère.","Ça allait bien, elle et Chase se marieraient, bien sûr, et sa mère serait sa belle-mère."
"As long as you know it isn't accurate.""",Tant que tu sais que ce n'est pas vrai.,Ça suffit à savoir que ce n'est pas exact.
I'm not ever marrying you.,Je ne me marierai jamais avec toi.,Ça ne se passera jamais.
"""Do you want me to stop, or do you want more?"" I'm pressing in, even as I ask the question.",Tu veux que je m'arrête ou tu veux plus ?,"Ça suffit, ou veux-tu plus ?"
"Nodding absently, Andi returned her attention to the bear and-","Hochant la tête distraitement, Andi reporta son attention sur l'ours et...","Acquiesçant distraitement, Andi reprit son attention pour le ours et..."
"""I'm taking you to dinner, Miss Dawson,"" Devyn said, smiling as he slowly brushed his lips against hers one last time before he stood up as she sent a panicked gaze at the window and-","Je vous emmène dîner, Mlle Dawson, dit Devyn en souriant et en effleurant lentement ses lèvres une dernière fois avant de se lever, alors qu'elle jetait un regard paniqué vers la fenêtre et...","Ça va être un dîner, Mlle Dawson, dit Devyn, souriant tandis qu'il effleurait lentement ses lèvres avec les siens une dernière fois avant de se lever alors qu'elle envoyait un regard paniqué à la fenêtre et..."
"""It's been called that for as long as I remember.""",On l'appelle ainsi depuis aussi longtemps que je m'en souvienne.,Ça s'appelle ainsi depuis que je me souviens.
"His expression is so open, so vulnerable, and it brushes up against a tender spot near my heart.","Son expression est si ouverte, si vulnérable, et elle effleure un point sensible près de mon cœur.","Ça fait si bien, il est si ouvert, si vulnérable, et il touche un point tendre près de mon cœur."
Kill me now.,Tuez-moi sur le champ !,Ça me tue.
"He was still incredibly handsome, Andi thought as she debated pointing out that he should be back in bed.","Il était toujours très beau, se dit Andi tout en se demandant si elle devait lui dire de retourner au lit.","Ça faisait encore un homme incroyablement beau, pensa Andi alors qu'elle se demandait s'il fallait le rappeler à son lit."
"""You're a child of the eighties, aren't you?""","Tu es un enfant des années quatre-vingt, n'est-ce pas ?","Ça fait un enfant des années 80, n'est-ce pas ?"
"He blamed himself for Luke's death, and the passage of time hadn't lessened his feelings in the least.","Il se sentait responsable de la mort de Luke, et le temps qui passait n'avait en rien atténué ses sentiments.","Ça lui faisait responsable de la mort de Luke, et le temps n'avait pas atténué ses sentiments du tout."
"After what happened with Luke, then the mess with Kelly.","Après ce qui s'est passé avec Luke, puis avec Kelly","Ça fait déjà un moment que je ne suis plus avec Luke, puis il y a eu le bêtissage avec Kelly."
"I'm a little peeved at the orphaned butterfly that flutters in my stomach when I see his photo on my screen, shirtless and glistening by the pool.","Je suis un peu fâché par le papillon solitaire qui palpite dans mon estomac quand je vois sa photo sur mon écran, torse nu et luisant au bord de la piscine.","Ça me fait un peu de peine de voir le papillon orphelin qui flotte dans mon estomac lorsque je vois sa photo sur mon écran, sans chemise et brillant autour de la piscine."
"Then, they'd bring those skills back to North Carolina and run a bar and, with the proceeds, eventually open a diving school for civilians.","Ensuite, ils ramèneraient leurs compétences en Caroline du Nord, tiendraient un bar et, avec les bénéfices, ouvriraient éventuellement une école de plongée pour les civils.","Ça a été un moment difficile, mais ils ont apporté ces compétences en Caroline du Nord et ont ouvert un bar, avec les bénéfices, ils ont finalement ouvert une école de plongée pour les civils."
"I feel myself opening already, anticipating him.","Je me sens déjà en train de m'ouvrir, je l'attends.","Ça me fait déjà ouvrir, je l'anticipais déjà."
Anthologies:,Anthologies :,Anthologies :
"At least, for now.",Du moins pour l'instant,"Ça dit, pour l'instant."
"John was right when he said the man was handsome, but he doesn't hold a candle to my brawny lad.","John avait raison quand il a dit que l'homme était beau, mais il n'arrive pas à la cheville de mon mec musclé.","Ça fait bien dire John que l'homme était beau, mais il n'a pas la moindre idée de ce que mon gosse est bête."
"She ran her gaze from the small bandage covering the cut on his temple that was probably going to leave a small scar down to the dark bruise that ran from his temple to his jaw, absently noting that it was beginning to fade.","Elle promena son regard sur lui, allant du bandage qui recouvrait sa coupure à la tempe et qui allait sûrement laisser une cicatrice, à l'ecchymose sombre qui courait de sa tempe à sa mâchoire.","Elle parcourut son regard du petit bandage qui recouvrait la coupure sur son front, qui allait probablement laisser un petit cicatrice, jusqu'à la bruise sombre qui s'étendait de son front à sa mâchoire, remarquant distraitement qu'elle commençait à s'évanouir."
"""Maybe a few shingleshard to tell.""","Peut-être quelques bardeaux, c'est difficile à dire.",Ça pourrait être une poignée de tuiles qui ont été arrachées.
"Then again, none of this made any sense.","En même temps, rien de tout ceci n'avait aucun sens.","Ça ne faisait pas de sens, non plus."
"I think it's the one thing I was put on this earth to do.""",Je pense que c'est la seule chose pour laquelle j'ai été mis sur cette terre.,"Ça, je pense que c'est la chose pour laquelle j'ai été mis sur terre."
"""You're gorgeous, successful, grounded...""","Tu es magnifique, tu as du succès, tu as les pieds sur terre...","Ça fait un beau couple, tu es magnifique, tu es réussi, tu es bien ancré..."
And then I'm out like a spent match.,Et puis je m'éteins comme une allumette usée.,Ça fait que je me mets à dormir comme une allumette éteinte.
"I'm not in love with him, but I still love him.","Je ne suis pas amoureux de lui, mais je l'aime toujours.","Ça ne veut pas dire que je suis amoureux de lui, mais je l'aime toujours."
He's a jolly sort. A kind of Sicilian Santa Claus.,Une sorte de Père Noël sicilien.,Ça fait rire.
"I'll stay a few days and visit, as long as my shop is still fine.","Je resterai quelques jours pour visiter, tant que mon magasin va bien.","Ça durera quelques jours et je visiterai, tant que mon magasin sera en état."
"""I'm cautiously optimistic,"" he hedged, taking a sip of apple juice as he pulled his phone back out of his pocket.","Je suis prudemment optimiste, nuança-t-il avant de prendre une gorgée de jus de pomme et de reprendre son téléphone.","Ça fait que je suis optimiste avec précaution, dit-il en buvant un verre de jus de pomme tout en retirant son téléphone de sa poche."
They almost reached the beach stairs when he stopped.,Ils avaient presque atteint les escaliers de la plage lorsqu'il s'arrêta.,"Ça faisait presque un kilomètre, ils étaient presque arrivés à la rampe d'accès à la plage, quand il s'arrêta."
"When Devyn only glared, Lucas said, ""That's why.""","Comme Devyn se contenta de lui jeter un regard noir, Lucas dit : ""Voilà pourquoi.""","Ça, c'est pourquoi."
"It hasn't been that long.""",Ça ne fait pas si longtemps.,Ça n'a pas été si longtemps.
What the hell would he think if he found her talking to a naked man?,Que penserait-il s'il la surprenait en train de parler à un homme nu ?,Ça lui ferait quoi si il la trouvait en train de parler à un homme nu ?
"For a moment, he considered trying to make his way back to his room so that he could pass back out on his bed, but the thought of soaking in a hot bath sounded really fucking good at the moment.","Pendant un instant, il envisagea l'idée de retourner dans sa chambre et de s'évanouir encore une fois dans son lit, mais l'idée d'un bon bain chaud était tout aussi tentante à cet instant.","Ça durait un moment à l'idée de retourner dans sa chambre pour s'endormir sur son lit, mais l'idée de se baigner dans une baignoire chaude lui semblait vraiment très bonne à l'instant."
They spring out of my head in Medusa spirals that I pretend to control in the morning.,Elles jaillissent de ma tête en spirales comme Méduse que je fais semblant de contrôler le matin.,Ça sort de ma tête en spirales de Méduse que je me fais croire contrôler le matin.
"""Let's simply say your father made a bet and lost.",Disons simplement que ton père a fait un pari et qu'il a perdu.,Ça veut dire simplement que ton père a fait un pari et a perdu.
"Tied up, or of his own free will.","Attaché, ou de son plein gré.","Ça fait penser à un lien, ou à une décision prise de son plein gré."
The woman who'd pledged her life to me.,La femme qui m'avait juré de m'aimer toute ma vie.,Ça fait référence à la femme qui a promis sa vie à moi.
Every fiber of his heart wanted to reach in and claim those lips.,Toutes les fibres de son cœur voulaient s'approcher et s'emparer de ces lèvres.,Ça faisait tout son cœur trembler de désir de s'y plonger et de s'emparer de ces lèvres.
"""Neither of us knew what we were doing.""",Aucun de nous ne savait ce qu'il faisait.,Ça ne nous avait pas dit quoi faire.
"Something is really eating at the man, and I wish I knew him well enough for me to be able to ask.","Quelque chose le ronge vraiment, et j'aimerais le connaître assez pour pouvoir le lui demander.","Ça lui fait vraiment mal, et je souhaiterais le connaître assez bien pour pouvoir lui poser la question."
"""Please don't make this more difficult than it already is.""","S'il te plaît, ne rends pas les choses plus difficiles qu'elles ne le sont déjà.","Ça ne fait pas plus de mal, mais ne fais pas de plus de mal."
"""Do I have a choice?""",Ai-je le choix ?,Ça m'est-il laissé le choix ?
"""I'll tell you about that oil portrait hanging over the bar.",Je vais te parler de cette peinture à l'huile accrochée au-dessus du bar.,"Ça, je vais te raconter l'histoire de ce portrait en huile qui pend au-dessus du bar."
"He'd led her on, knowing he couldn't give her what she really needed.",Il avait couché avec elle sachant qu'il ne pouvait pas lui donner ce dont elle avait vraiment besoin.,"Ça lui avait donné l'impression qu'il pouvait lui donner ce qu'elle voulait, alors qu'il savait qu'il ne pouvait pas lui donner ce qu'elle vraiment avait besoin."
"He's smiling, despite the uncertainty in his eyes.","Il sourit, malgré l'incertitude dans ses yeux.","Ça lui fait sourire, malgré l'incertitude dans ses yeux."
It occurs to me that it's been over a month since I got laid.,Je me rends compte que cela fait plus d'un mois que je ne me suis pas envoyé en l'air.,Ça me vient à l'esprit que c'est plus d'un mois que je ne suis pas allé à l'affaire.
"""Did you step on any glass?""",As-tu marché sur du verre ?,Ça a-t-il pu être un verre ?
"Are you going to leave me here and run away?""",Qu'est-ce que tu vas faire ? Tu vas me laisser ici et t'enfuir ?,Ça veut dire que tu vas me laisser ici et que tu vas fuir ?
Chase took a bite of his sandwich then set it down.,Chase croqua une bouchée de son sandwich puis le reposa.,"Chase prit une bouchée de son sandwich, puis le posa."
"I know she's doing what she thinks is best.""",Je sais qu'elle fait ce qu'elle pense être le mieux.,"Ça, je sais qu'elle fait ce qu'elle pense être le meilleur."
"In a split second, she threw her arms around his neck and craned to kiss him, giving him a peck beneath his chin.","En une fraction de seconde, elle lui passa les bras autour du cou et se pencha pour l'embrasser, lui faisant un petit bisou sous le menton.","Ça lui fallait un clin d'œil pour l'entourer de ses bras et se pencher pour le embrasser, lui donnant un baiser sous le menton."
He liked falling asleep with her in his arms more than he should.,"Il aimait, beaucoup plus qu'il ne devait, s'endormir avec elle dans ses bras.",Ça lui plaisait de s'endormir avec elle dans ses bras plus qu'il ne devrait.
"Better grab a candle or two.""",Je ferais mieux de prendre une ou deux bougies.,Ça me faut un ou deux candélabres.
"The mentholated cream soothed his skin as he rubbed, though he was careful not to lather near the cut.","La crème mentholée apaisa sa peau lorsqu'il frotta, bien qu'il fît attention à ne pas faire mousser la crème près de la coupure.","L'huile mentholée apaisait sa peau lorsqu'il la frottait, mais il s'assurait de ne pas lather à proximité de la blessure."
"""This is no time to be afraid of the ocean.",Ce n'est pas le moment d'avoir peur de l'océan.,Ça ne fait pas de bon moment d'être peureux à l'égard de l'océan.
"When the backs of his knees hit it, I release him, and he tumbles down.","Lorsque l'arrière de ses genoux le touche, je le libère et il se tomber.","Quand les talons de ses genoux le touchent, je le lâche, et il tombe."
"The crash of waves onto the sand echoed against the dunes, and the darkened skeletal remains of the pier jagged from the water.","Le fracas des vagues sur le sable résonnait contre les dunes, et les vestiges squelettiques de la jetée se détachaient de l'eau.","Les vagues s'écrasaient sur le sable, et les restes squelettiques sombres de la jetée se brisaient dans l'eau."
"""What do you think?"" Andi asked as she waited for Drew, her twin brother, best friend, and the man that she was counting on to tell her that she wasn't making a mistake to say something.","demanda Andi en attendant que Drew, son frère jumeau, son meilleur ami et l'homme sur qui elle comptait pour lui dire qu'elle n'était pas en train de commettre une erreur, dise quelque chose.",Ça te plaît ?
"No one would have ever put bets on finding a buyer that fast.""",Personne n'aurait jamais parié sur le fait de trouver un acheteur aussi rapidement.,Ça ne serait jamais arrivé à personne de trouver un acheteur aussi rapidement.
Like Inna said.,Comme l'avait dit Inna.,Ça ressemble à ce que dit Inna.
"Sniffing my shirt, maybe?","Il renifle mon t-shirt, peut-être ?","Ça sentait mon tee-shirt, peut-être ?"
I've never seen it before.,Je ne l'avais jamais vue auparavant.,Ça ne m'a jamais été arrivé.
"""He'll see me if I move it.",Il me verra si je la bouge.,Ça me verra si je le déplace.
"""You called me your date.""",Tu as dit que j'étais ton rendez-vous.,Ça veut dire que tu m'as appelé ton compagnon de soirée.
"Now that the storm brought them back to reality, she could sense him tightening again with worry.","Maintenant que la tempête les ramenait à la réalité, elle sentait qu'il se crispait à nouveau d'inquiétude.","Ça faisait maintenant un moment que la tempête les avait ramenés à la réalité, elle pouvait le sentir se resserrer à nouveau sous l'effet de la peur."
"""You like him.""",Tu l'aimes bien.,Ça te plaît.
"He knew that he was taking a chance by spending the last month on the road, but he didn't have a choice.","Il savait qu'il prenait un risque en passant le dernier mois sur la route, mais il n'avait pas le choix.","Ça faisait un mois qu'il était sur la route, et il savait qu'il prenait un risque, mais il n'avait pas d'autre choix."
"That couldn't be good, Andi thought even as she followed the mystery man that commandeered her interview, curious to see where this was going.","Ça ne présageait rien de bon, pensa Andi même si elle suivait l'homme mystérieux qui la convoquait pour un entretien afin de voir où tout ça la menait.","Ça ne pouvait pas être bon, pensa Andi même en suivant l'homme mystérieux qui avait pris le contrôle de son entretien, curieuse de voir où ça allait mener."
"She kept her face buried in the couch, her ass high in the air.","Elle gardait le visage enfoui dans le canapé, les fesses en l'air.","Elle garda son visage enfoui dans le canapé, son cul en l'air."
I say this to John when he gives me his mood for the night.,C'est ce que je dis à John lorsqu'il me fait part de son humeur du soir.,"Ça, je le dis à John lorsqu'il me donne son humeur pour la soirée."
Damn the bad memories and damn his chivalry.,Au diable les mauvais souvenirs et au diable sa galanterie.,Ça me fout les mauvais souvenirs et sa chevalerie.
"Biting back a disappointed sigh, Andi reluctantly stood up and followed him to the door, hoping that he'd change his mind.","Réprimant un soupir de déception, Andi se leva à contrecœur et le suivit jusqu'à la porte, espérant qu'il changerait d'avis.","Ça lui faisait du mal de se lever et de le suivre jusqu'à la porte, espérant qu'il changerait d'avis."
"She leaned against him, his body damp with sweat and warm.","Elle s'appuya contre lui, son corps humide de sueur et chaud.","Elle s'appuya contre lui, son corps mouillé de sueur et chaud."
"""Not me, my, uh, niece.","Pas moi, ma, euh... nièce.","Ça ne m'intéresse pas, c'est ma, uh, nièce."
"He tried to back up, but he slid, his feet not gaining any traction on the shifting mess.","Il essaya de reculer, mais il glissa, ses pieds n'ayant aucune prise sur le sable mouvant.","Il essaya de reculer, mais il glissa, ses pieds ne trouvant aucune prise sur le désordre en mouvement."
"If only she knew how to ease his grief about his brotherthen, she might be able to get his attention on other things, like living.","Si seulement elle savait comment soulager son chagrin à propos de son frère, elle pourrait alors attirer son attention sur d'autres choses, comme vivre.","Ça lui aurait été bien de savoir comment soulager son chagrin à propos de son frère, alors elle aurait pu attirer son attention sur d'autres choses, comme la vie."
But she was old enough and independent enough to do this on her own.,Mais elle était assez âgée et indépendante pour le faire toute seule.,Ça faisait assez longtemps qu'elle était assez âgée et assez indépendante pour faire ça tout seule.
"""John, please, oh please, tell me you've had sex in the last eight years.""","John, s'il te plaît, oh s'il te plaît, dis-moi que tu as fait l'amour au cours des huit dernières années.","Ça fait huit ans, John, s'il te plaît, s'il te plaît, dis-moi que tu as eu des relations sexuelles."
Focus on the ropes and climbing.,Elle se concentra sur les cordes et sur l'escalade.,Ça se passe avec les cordes et la montée.
"""I'm glad you did,"" I admit, still shaky.","Je suis content que tu l'aies fait, admets-je, encore tremblant.","Ça me fait plaisir, admis-je, encore tremblant."
"It also didn't hurt that she was always early, worked hard, never bitched or complained when he asked her to do something, didn't bother kissing his ass, and, of course, he hadn't found her curled up in the fetal position underneath her desk yet.","À ça, il fallait rajouter qu'elle arrivait toujours tôt, travaillait dur, ne se plaignait jamais quand il lui demandait de faire quelque chose, elle ne lui léchait pas les bottes, et bien sûr, il ne l'avait pas trouvé en position fœtale sous son bureau pour l'instant.","Ça ne faisait pas non plus de mal qu'elle était toujours en retard, qu'elle travaillait dur, qu'elle ne se plaindrait jamais lorsqu'il lui demandait de faire quelque chose, qu'elle ne se faisait pas de peine à se faire l'amour avec son cul, et, bien sûr, qu'il n'avait pas encore trouvé sa petite fille en position fetale sous son bureau."
"Still don't, but it's thick and silky as the pads of my fingers slide along the waves.","Je ne le sais toujours pas, mais ils sont épais et soyeux lorsque la pulpe de mes doigts glisse dans ses cheveux ondulés.","Ça ne l'est pas encore, mais elle est épaisse et silky comme les doigts de ma main glissent sur les vagues."
"He'd offered to put this deal on hold until after she had the twins, but she'd been determined to see this thing through to the end and-","Il lui avait proposé de mettre cette affaire en suspens jusqu'à ce qu'elle ait accouché des jumeaux, mais elle était déterminée à aller jusqu'au bout et...","Ça avait été proposé de mettre en attente ce contrat jusqu'après qu'elle eut eu les jumeaux, mais elle avait été déterminée à voir ce projet jusqu'au bout et..."
"Silence stretches on between us, and I feel vindicated.",Le silence s'étire entre nous et je me sens validé.,"Ça fait un silence entre nous, et je me sens justifié."
"""Chase will be back soon.",Chase sera bientôt de retour.,Ça va revenir bientôt.
The bar was covered with lit candles and Mari was whistling some unknown song and twirling around.,Le bar était couvert de bougies allumées et Mari sifflait une chanson inconnue en tournant sur elle-même.,Le bar était recouvert de bougies allumées et Mari était en train de siffler une chanson inconnue et de se tourner en rond.
"""Yes, when he left her, she was carrying his child.""","Oui, quand il l'a quittée, elle portait son enfant.","Ça, oui, quand il l'a quittée, elle était enceinte de lui."
"It probably wouldn't have been so bad if she'd been allowed to focus on one thing at a time, but apparently, that wasn't an option.","Elle s'en serait probablement sortie s'il lui avait permis de se concentrer sur une seule tâche à la fois, mais apparemment, c'était impossible.","Ça aurait peut-être pas été si mauvais si elle avait pu se concentrer sur une chose à la fois, mais apparemment, c'était impossible."
It wasn't too late.,Il n'était pas trop tard.,Ça n'était pas trop tard.
That should be enough water.,Il devrait y avoir assez d'eau.,Ça devrait suffire.
"""I...it's just so wrong not having you with me,"" he groans.","Je... ça fait tellement mal de ne pas t'avoir avec moi, gémit-il.","Ça... c'est tellement faux de ne pas avoir de toi avec moi, gémit-il."
"""Let me get you a towel,"" he said in his forced calm and hopefully nice voice.","Je vais te chercher une serviette, dit-il de sa voix calme et, espérait-il, agréable.","Ça me fait peur, dis-je en montrant mon calme forcé et espérant qu'il soit gentil."
"""I know, I'm too awesome to be single forever.""","Je sais, je suis trop génial pour rester célibataire toute ma vie.","Ça va, je suis trop cool pour être célibataire à jamais."
Clearly his body and mind weren't on the same page.,"Manifestement, son corps et son esprit n'étaient pas sur la même longueur d'onde.",Ça faisait clairement que son corps et son esprit n'étaient pas d'accord.
"If Chase left, she'd have to marry Inna, or run away and live in a hidden cove somewhere her tribe couldn't find her.","Si Chase partait, elle devrait épouser Inna, ou s'enfuir et vivre dans une crique cachée, quelque part où sa famille ne pourrait pas la trouver.","Si Chase partait, elle devrait se marier avec Inna, ou s'enfuir et vivre dans une baie cachée où son peuple ne la trouverait pas."
Twitter: @kerryadrienne,Twitter : @kerryadrienne,Twitter : @kerryadrienne
"When she'd come to shore, she'd left behind everything she'd ever known to make it on her own and sometimes the weight of that choice caused her a pang of indecision.","Lorsqu'elle était arrivée sur la terre ferme, elle avait laissé derrière elle tout ce qu'elle avait connu pour se débrouiller seule et, parfois, le poids de ce choix lui causait un sentiment de doute.","Ça faisait longtemps qu'elle était de retour à terre, elle avait laissé tout derrière elle pour se faire une place et parfois le poids de cette décision lui faisait un moment de doute."
"I know this fun house.""",Je connais ce palais du rire.,"Ça, c'est un manège."
Andi Dawson.,Andi Dawson,Andi Dawson.
"Too many to count, and yet not enough to satisfy.","Trop pour les compter, et pourtant pas assez pour les satisfaire.","Ça fait trop pour être compté, et pourtant pas assez pour satisfaire."
And arranged marriages aren't always a bad thing.,Et les mariages arrangés ne sont pas toujours une mauvaise chose.,Ça ne veut pas dire que les mariages arrangés sont toujours mauvais.
"When she came out of the bathroom, she scanned the empty bar.","En sortant de la salle de bains, elle balaya du regard le bar vide.","Quand elle sortit de la salle de bain, elle scana le bar vide."
"Since he'd been standing at the railing, clouds had filled most of the sky over the ocean and crept toward the shore.","Depuis qu'il se tenait à la balustrade, les nuages avaient envahi la majeure partie du ciel au-dessus de l'océan et s'étaient rapprochés du rivage.","Ça faisait maintenant plusieurs heures qu'il se tenait à la balustrade, et les nuages avaient rempli la majeure partie du ciel au-dessus de l'océan et avançaient vers la côte."
"She peeked to see what he was doing, and he held his hands up and wiggled his fingers.","Elle jeta un coup d'œil pour voir ce qu'il faisait, et il leva les mains et remua les doigts.","Ça lui fit peur, elle regarda ce qu'il faisait, et il leva les mains et balança les doigts."
"I moan, and suck, and lick, and nibble, and give John Burton's cock every bit of pleasure I can dream up.","Je gémis, je suce, je lèche, je mordille et je donne à la queue de John Burton tout le plaisir que je peux imaginer.","Ça me fait gémir, sucer, lécher, mâcher et donner à la verge de John Burton tout le plaisir que je peux imaginer."
"""Come on, Chase, it'll be a nice break from being cooped up in here.""","Viens, Chase, ce sera une bonne pause après avoir été enfermés ici.","Ça va être une bonne pause de ne pas être enfermé ici, dit-il."
"My patience with you is...gone.""",Ma patience en ce qui te concerne est... épuisée.,Ça fait que ma patience avec toi est... disparue.
The merpeople were incensed at Amelia's departure and hunted down the ship.,Les habitants des mers étaient furieux du départ d'Amelia et avaient pris le bateau en chasse.,Les habitants des mers étaient incrédules à l'idée que la princesse Amelia ait quitté le royaume et les chassèrent de la mer.
"God, he wasn't ready for it to end yet.","Bon sang, il n'était pas encore prêt à ce que ça se termine.","Ça, il n'était pas prêt à s'arrêter."
"Right now, family isn't one of the positives.""","En ce moment, ma famille ne fait pas partie des choses positives.",Ça ne fait pas partie des positifs pour l'instant.
"""My shop will be a complete loss.",Mon magasin est totalement foutu.,Ça va être un vrai désastre pour mon magasin.
"""I wasn't planning on going,"" Devyn said, knowing better than to waste any time on bullshit, not when he only had four months to clean this mess.","Je n'avais pas prévu d'y aller, dit Devyn qui avait mieux à faire que de perdre son temps dans ces bêtises alors qu'il n'avait que quatre mois pour tout arranger.","Ça ne m'avait pas été prévu, dit Devyn, sachant mieux que personne ne perdre de temps sur les choses qui n'ont pas d'importance, pas quand il n'avait que quatre mois pour nettoyer ce désastre."
"A small, tight eye meant a strong, well-organized storm.",Un oeil de cyclone de petite taille était synonyme d'une tempête forte et rigoureuse.,"Ça faisait un petit œil fermé, c'était un fort et bien organisé."
This has been a sore spot for us ever since the beginning.,"Depuis le début, c'est un point sensible entre nous.",Ça a été un point sensible pour nous dès le début.
What kind of relationship would that be?,Quel genre de relation cela serait-il ?,Ça ferait quelle sorte de relation ?
"Right now, I watch John float back to earth.","Pour l'instant, je regarde John revenir sur terre.","Ça, je regarde John revenir à la terre ferme."
Desperately.,Désespérément.,Ça me fait désespérer.
"I prefer to remain anonymous online.""",Je préfère rester anonyme en ligne.,Ça me plaît de rester anonyme en ligne.
"Overbearing, sometimes.","Trop autoritaire, parfois.","Ça peut être surprotecteur, parfois."
"You've mentioned it a few times.""",Tu l'as mentionné plusieurs fois.,Ça a été mentionné à plusieurs reprises.
"John looks over my head, and the scent of falafel fills my nose as the waiter reaches around me and sets our lunch orders on the table.",John regarde par-dessus ma tête et l'odeur des falafels m'emplit le nez lorsque le serveur me contourne et dépose nos commandes sur la table.,"Je regarde John qui me surplombe, et le parfum de falafel remplit mon nez alors que le serveur passe autour de moi et pose nos commandes de déjeuner sur la table."
Plenty of stuff in the kitchen.,Il y a plein de choses dans la cuisine.,Ça y avait beaucoup de choses dans la cuisine.
She had to make sure that wouldn't happen.,Elle devait s'assurer que cela n'arriverait pas.,Ça ne pouvait pas arriver.
"At first, he thought it was some kind of sick joke played on him when he was drunk, and he'd tried to scrub it off, thinking it might be ink pen.","Au début, il avait cru qu'il s'agissait d'une mauvaise blague qu'on lui avait faite lorsqu'il était ivre, et il avait essayé de l'effacer en pensant qu'il s'agissait peut-être d'encre de stylo.","À première vue, il avait cru qu'il s'agissait d'un gros blagueur, quand il était ivre, et il avait essayé de l'effacer, pensant qu'il s'agissait d'un stylo à bille."
"He really got into the Artic Monkeys.""",Il a vraiment aimé les Arctic Monkeys.,Ça lui a vraiment plu les Arctic Monkeys.
"She wanted to memorize his every move, capture every touch and preserve the moments when they came together as one.","Elle voulait mémoriser chacun de ses mouvements, capturer chaque contact et immortaliser les moments où ils ne faisaient qu'un.","Ça lui faisait plaisir de mémoriser chaque mouvement, de capturer chaque contact et de conserver les moments où ils se sont unis en un."
He couldn't let her get him more upset.,Il ne pouvait pas la laisser l'énerver davantage.,Ça ne pouvait pas l'amener à se mettre plus en colère.
"""I'm not ready yet,"" she said.","Je ne suis pas encore prête, dit-elle.","Ça ne va pas encore, dit-elle."
"Not really caring how it got there, Andi grabbed her bag and-","Sans se soucier de la façon dont il était arrivé là, Andi l'attrapa et...","Ça ne l'intéressait pas vraiment de savoir comment il était arrivé là, et elle attrapa son sac et..."
"I've only turned on two of the lamps in my living room, and the walls merely glow softly around us.","Je n'ai allumé que deux des lampes de mon salon, et les murs se contentent de diffuser une douce lueur autour de nous.","Ça fait deux lampes que j'ai allumées dans mon salon, et les murs luminescent doucement autour de nous."
I'm only half-serious.,Je ne suis qu'à moitié sérieux.,Ça ne fait que moitié de sérieux.
"She scampered after him, her flip-flops squeaking on the floor as she tried to run through the mirrored maze without tripping or falling or knocking over mirrors.","Elle lui emboita le pas, ses tongs crissant sur le sol alors qu'elle essayait de courir à travers le labyrinthe de miroirs sans trébucher, tomber ou renverser les miroirs.","Ça lui faisait du bruit, elle essayait de courir sans tomber, sans se tromper, sans casser des miroirs."
"""Music speaks to me,"" I find myself saying.","La musique me parle, me trouvé-je à dire.","Ça me parle, me dis-je."
Nicki takes a sudden interest in the papers on her desk.,Nicki s'intéresse soudain aux papiers posés sur son bureau.,Nicki prend soudain un intérêt pour les papiers sur son bureau.
"""That's better, now drink this.""","C'est mieux, maintenant bois ça.","Ça va mieux, bois ça maintenant."
"""I don't think I've heard it,"" John admits.","Je ne pense pas l'avoir entendu, admet John.","Ça ne m'a pas été dit, admit John."
"So far, the only thing that they knew was that whoever was behind it had access, which meant that every member of the board and several high-ranking executives at the company was a suspect.","Jusqu'à présent, la seule chose qu'ils savaient, c'était que la personne qui était derrière tout ça avait un accès à la gestion des Hôtels Carta, ce qui signifiait que tous les membres du conseil d'administration et plusieurs cadres supérieurs de l'entreprise étaient suspects.","Ça faisait encore peu de temps que les choses se précisaient, mais il était clair que celui qui était derrière cela avait accès aux données, ce qui signifiait que tous les membres du conseil d'administration et plusieurs hauts fonctionnaires de la société étaient suspects."
"""I don't know,"" he yelled.","Je ne sais pas, cria-t-il.","Ça, je ne sais pas, cria-t-il."
Chapter 19,Chapitre 19,19e chapitre
But she knew what she didn't want.,"Mais, elle savait ce dont elle ne voulait pas.",Ça lui donnait une idée de ce qu'elle ne voulait pas.
"I'll tell you about the painting later.""",Je te parlerai du tableau plus tard.,"Ça, je t'en dirai plus tard."
"There's nothing here for you anymore.""",Il n'y a plus rien ici pour toi.,Ça ne te sert plus de rien.
"""Nothing changed, except maybe my ability to deny the truth.","Rien n'a changé, sauf peut-être ma capacité à nier la vérité.","Ça n'a pas changé, à part peut-être mon aptitude à nier la vérité."
"The water, cool for September, pushed and pulled at her until she was over waist deep.","L'eau, fraîche pour un mois de septembre, la poussait et la tirait jusqu'à ce qu'elle ait dépassé sa taille.","L'eau, fraîche pour septembre, la poussa et la tirait jusqu'à ce qu'elle soit au-dessus de la taille."
"The moon is nearly full, waxing or waning I don't know, but it's bright.","La lune est presque pleine, je ne sais pas si elle est croissante ou décroissante, mais elle est brillante.","La lune est presque pleine, je ne sais pas si elle est en croissance ou en décroissance, mais elle est brillante."
"When the wet heat of John's mouth surrounds me for the first time, I know that I'm going to embarrass myself.","Lorsque la chaleur humide de la bouche de John m'entoure pour la première fois, je sais que je vais me ridiculiser.","Quand la chaleur humide de la bouche de John m'entoure pour la première fois, je sais que je vais me faire honte."
"He must have figured out where we went.""",Il a dû comprendre où on était allés.,Ça doit lui avoir fait penser à notre destination.
"""I promise I won't let anything happen to you.""",Je te promets que je ne laisserai rien t'arriver.,"Ça, je te promets que rien ne t'arrivera."
And I'm a little tongue-tied when he leans down and leaves a soft kiss on my cheek before he sits in the chair across from me.,Et je reste muet lorsqu'il se penche et dépose un doux baiser sur ma joue avant de s'asseoir sur la chaise en face de moi.,Ça me fait un peu peur quand il se penche et dépose un doux baiser sur ma joue avant de s'asseoir dans la chaise qui se trouve à l'opposé de moi.
He'd be on a boat. On the water.,Il serait sur un bateau.,Ça veut dire qu'il serait sur un bateau. Sur l'eau.
"""I'll see you before I leave tomorrow.""","On se verra demain, avant mon départ.","Ça, je te verrai avant de partir demain."
"His other arm boasted some type of navy diver tattoo, faded and smudged.","Son autre bras arborait une sorte de tatouage de plongeur de la Marine, délavé et abîmé.","Son autre bras portait un tatouage d'un plongeur de la marine, taché et effacé."
"""We have more important things to discuss,"" Devyn said with a pointed look at the files in his hands as he placed them on the coffee table.","Nous avons des choses plus importantes à discuter, déclara Devyn avec un regard appuyé sur les dossiers entre ses mains alors qu'il les posait sur la table basse.","Ça ne nous intéresse pas, dit Devyn avec un regard pointé vers les dossiers qu'il tenait dans sa main, avant de les poser sur la table basse."
"We can clean tomorrow.""",Nous pourrons nettoyer demain.,Ça peut se nettoyer demain.
Old-time pirates scared her.,Les pirates d'antan lui faisaient peur.,Les pirates d'autrefois la faisaient peur.
"Maybe this wouldn't be so bad, Andi tried telling herself as she glanced back at the door to find Uncle Shawn standing there, shooting her a wink and a reassuring smile that was supposed to make this better.","Peut-être que ça ne sera pas si mal, se dit Andi alors qu'elle jetait un œil à l'embrasure de la porte où se tenait Oncle Shawn, lui lançant un clin d'œil et un sourire rassurant censés rendre les choses plus agréables.","Ça ne serait pas si mal, essaya de le lui dire Andi en regardant le portail pour trouver Oncle Shawn debout, lui faisant un clin d'œil et un sourire réconfortant qui devait rendre les choses meilleures."
"I stare up at John's sad, popcorn ceiling until I drift off into an exhausted, dreamless sleep.",Je fixe le triste plafond en crépi de John jusqu'à ce que je sombre dans un sommeil épuisant et sans rêve.,"Je regarde le plafond de John, triste et couvert de papiers peints, jusqu'à ce que je me lassé et que je tombe dans un sommeil épuisé et sans rêve."
"Before I realize what I've done, my hands are on his shoulders.","Avant que je ne réalise ce que j'ai fait, mes mains sont sur ses épaules.","Je ne réalise pas ce que j'ai fait, mais mes mains sont sur ses épaules."
"""Yeah, maybe, but the whole arranged marriage thing sounds a little crazy.","Oui, peut-être, mais cette histoire de mariage arrangé me semble un peu folle.","Ça pourrait être, mais le tout mariage arrangé me semble un peu fou."
If he knew her fantasies.,Si seulement il connaissait ses fantasmes.,Si il connaissait ses fantasmes.
"She keeps every door open, as if inviting partygoers to slip away and indulge in whatever they might fancy.","Elle laisse toutes les portes ouvertes, comme si elle invitait les fêtards à s'éclipser et à se laisser aller à leurs envies.","Ça fait comme si elle laissait toutes les portes ouvertes, invitant les invités à s'échapper et à se laisser aller à ce qu'ils auraient de plus délicieux."
"""Did you come out before you moved here or after?""",As-tu fait ton coming out avant d'emménager ici ou après ?,Êtes-vous sorti de l'ombre avant de venir s'installer ici ou après ?
"When I run a slick fingertip around his hole, he loses the battle, surging up and into the back of my throat.","Lorsque je passe le bout d'un doigt luisant sur le pourtour de son anus, il perd la bataille, s'arc-boutant  et s'enfonçant au fond de ma gorge.","Quand je trace un doigt humide autour de son trou, il perd la bataille, s'élançant et s'engouffrant dans le fond de ma gorge."
"""Remember, this is a story.",N'oublie pas que c'est une histoire.,"Ça, c'est une histoire."
As far-fetched as the story the merfolk told?,Était-elle aussi farfelue que l'histoire racontée par le peuple des mers ?,Être aussi improbable que l'histoire racontée par les habitants des mers ?
"""And no rule says we have to meet up for lunch.""",Et aucune règle ne dit que nous devons nous retrouver pour déjeuner.,Ça ne dit pas que nous devions nous rencontrer pour le déjeuner.
"""I know it's a tattoo, silly mermaid.","Je sais que c'est un tatouage, stupide sirène.","Ça, c'est un tatouage, ta putain de sirène."
"And had given me the sweetest, softest kiss.",Et il m'avait donné le plus doux des baisers.,Ça avait été le plus doux et le plus tendre.
"Relieved that this was finally over, Devyn reached for his pen and-","Soulagé d'en finir, Devyn saisit son stylo et...","Relié de ce que cette affaire était enfin terminée, Devyn s'approcha de son stylo et..."
"For the most part, the scene is still.","La plupart du temps, la scène est immobile.","Ça, pour l'essentiel, est encore."
He rubbed his arms to silence the tingling she'd caused.,Il se frotta les bras pour faire taire les picotements qu'elle avait provoqués.,"Ça lui faisait tingler les bras, il les frotta pour se calmer."
"When she hesitated, he looked up and met her gaze as he said, ""Please,"" and found herself lying down as she noted the pained expression in his beautiful eyes.","Lorsqu'elle hésita, il leva les yeux et croisa son regard en disant : ""S'il te plaît"", et elle se retrouva allongée en remarquant l'expression de douleur dans ses beaux yeux.","Quand elle hésita, il leva les yeux et rencontra son regard en disant : ""S'il te plaît"", et se retrouva allongée alors qu'elle remarquait l'expression de douleur dans ses beaux yeux."
"I'm nearing six feet, but John Burton's got a good five inches on me, at least.","J'approche le mètre quatre-vingt-dix, mais John Burton fait au moins cinq centimètres de plus que moi.","Je mesure près de six pieds, mais John Burton a au moins cinq centimètres de plus que moi."
"""Let's enjoy this evening together, okay?","Profitons de cette soirée ensemble, d'accord ?","Ça fait bien, allons profiter de cette soirée ensemble, d'accord ?"
"As long as it's been, I'm still sad when I think about him.","Malgré tout le temps passé, je suis toujours triste quand je pense à lui.","Ça fait longtemps que je ne l'ai pas vu, mais je reste toujours triste quand je pense à lui."
As if she didn't already have enough problems.,Comme si elle n'avait pas déjà assez de problèmes.,Ça faisait comme si elle n'avait pas déjà assez de problèmes.
"I sit up, feeling like I've been hit by a cement lorry.","Je me redresse, avec l'impression d'avoir été renversé par un camion benne.","Je me redresse, me sentant comme si j'avais été frappé par un camion de béton."
"""You owe me more of an explanation.""",Tu me dois plus d'explications.,Ça me faut une explication plus précise.
"It's slow and sweet and almost makes me miss my next cue, but I wouldn't have stopped the kiss if he hadn't pulled away.","C'est lent et doux, me faisant presque rater la chanson suivante à préparer, mais je n'aurai pas arrêté le baiser s'il ne s'était pas éloigné.","Ça est lent, doux et m'a presque fait manquer ma cueille, mais je ne l'aurais pas arrêté si il n'avait pas retiré sa langue."
"""Make no mistake, if you run, I will chase you.","Ne te méprends pas, si tu t'enfuis, je te poursuivrai.","Ça ne fait pas de doute, si tu te fais fuir, je te poursuivrai."
He grabbed her hand and half dragged her as he took off running.,Il lui prit la main et la traîna à moitié pendant qu'il se mettait à courir.,Il lui prit la main et la traîna un peu tout en s'envolant à toute vitesse.
"For most of her life, she'd felt lost, but when she was in Devyn's arms, she felt like she was exactly where she was supposed to be and that scared her.","Pendant la majeure partie de sa vie, elle s'était sentie perdue, mais lorsqu'elle était dans les bras de Devyn, elle avait l'impression d'être exactement là où elle devait être et ça l'effrayait.","Ça faisait plus de trente ans qu'elle se sentait perdue, mais quand elle était dans les bras de Devyn, elle se sentait exactement où elle devait être, et cela la terrifiait."
"""John,"" I say after I set up the first block of songs for the night.",dis-je après avoir lancé le premier bloc de chansons de la soirée.,"Ça va, dit-je après avoir mis en place le premier bloc de chansons de la soirée."
"Like, when his parents announced they were getting divorced.",Comme lorsque ses parents ont annoncé qu'ils divorçaient.,"Ça, comme quand ses parents avaient annoncé qu'ils se séparaient."
I set the paper aside and look at the bottle of lube.,Je mets le papier de côté et regarde la bouteille de lubrifiant.,Je laisse tomber le papier et j'examine la bouteille de lubrifiant.
I need to steer us toward safer ground.,J'ai besoin de nous diriger vers un terrain plus sûr.,Ça me faut pour nous diriger vers un terrain plus sûr.
"You'll get a formal letter asking you to vacate, but I thought I'd stop in and tell you personally.","Tu recevras une lettre officielle te demandant de quitter les lieux, mais j'ai pensé que c'était mieux de passer te le dire personnellement.","Ça te sera envoyé par lettre formelle, mais je me suis dit que je te le disais personnellement."
"""They fell in love.""",Ils sont tombés amoureux.,Ça a fait tomber les deux en amour.
"""It's not exactly appropriate for a restaurant,"" Andi mumbled sadly, because she would actually love to go to dinner with him.","Ce n'est pas vraiment approprié pour un restaurant, marmonna Andi avec tristesse, parce qu'elle aurait vraiment aimé aller dîner avec lui.","Ça n'est pas exactement approprié pour un restaurant, marmonna tristement Andi, car elle aurait vraiment aimé dîner avec lui."
The deck railing creaked as he grasped it.,La rambarde du pont grinça lorsqu'il la saisit.,L'échine du pont craqua lorsqu'il la saisit.
"""He's the guy that's made you so happy, your entire body language has changed.",C'est lui qui t'a rendu si heureux que ton langage corporel a changé.,"Ça fait que tu es si heureux, ton comportement a totalement changé."
"What's wrong with my couch?""",Qu'est-ce qui ne va pas avec mon canapé ?,Ça va mal à mon canapé ?
John is handling this much better than I am.,John gère cela beaucoup mieux que moi.,"Ça va bien pour John, mais pas pour moi."
"They settle on my hips, and he squeezes hard.",Elles se posent sur mes hanches et il serre fort.,Ça s'installe sur mes hanches et il me presse fort.
She pushed her hair over her shoulders and headed to the beach walkway so she could see the pier up close and inspect the damage.,Elle repoussa ses cheveux sur ses épaules et se dirigea vers la promenade de la plage afin de voir la jetée de plus près et d'inspecter les dégâts.,Elle poussa ses cheveux sur ses épaules et se dirigea vers la promenade de la plage pour voir la jetée de près et inspecter les dégâts.
"Even when you're not being real, there's still a truth behind everything you do and say.""","Même quand tu te caches, il y a toujours une vérité derrière tout ce que tu fais et dis.","Ça ne fait pas que tu sois vrai, mais il y a toujours une vérité derrière tout ce que tu fais et ce que tu dis."
"I'd give it to him, I'm sure, regardless.","Je le lui donnerais, j'en suis sûr, peu importe ce que c'est.","Ça me donnerait, je suis sûr, même sans cela."
"He turned away, sure that his cheeks had flamed at the sight.","Il se détourna, certain que ses joues s'étaient enflammées à cette vue.","Ça lui avait fait rougir, sûr de ce qu'il avait rougi à la vue."
"""I told you, he hates this.""","Je te l'ai dit, il déteste tout ça.","Ça te disais, il déteste ça."
"""The renovations are moving along.",Les rénovations avancent.,Ça avance bien dans les travaux de rénovation.
If only Chase knew who watched out for whom.,Si seulement Chase savait qui surveillait qui.,Ça dirait que Chase ne savait pas qui gardait qui.
"""Am I too loud?"" John looks so guilty I feel like I should be apologizing.",John paraît tellement coupable que j'ai l'impression que c'est moi qui devrais m'excuser.,Ça fait trop de bruit ?
"She looked small against the vast ocean, like a grain of sand on the beach.","Elle paraissait si petite face à l'immensité de l'océan, comme un grain de sable sur la plage.","Ça lui donnait l'air petite face à l'océan immense, comme un grain de sable sur la plage."
"He snatched his hand away, blood rushing to his face at the thought she'd caught him fondling her while she was asleep.","Il retira sa main, le sang lui montant au visage à l'idée qu'elle l'ait surpris en train de la caresser pendant qu'elle dormait.","Ça lui fit repousser la main, le sang s'envahissant de son visage à l'idée qu'elle l'avait pris en train de caresser sa femme alors qu'elle dormait."
He couldn't be more confusing if he tried.,Il ne pouvait  pas être plus déroutant même s'il essayait.,Ça ne pouvait être plus confus s'il en avait essayé.
"Luke had always preferred the whale, and they'd passed up a turn on the wheel numerous times to wait for the blue cart to come available.","Luke avait toujours préféré ""la baleine"", et ils avaient renoncé plusieurs fois à un tour de roue pour attendre que la cabine bleue se libère.","Luke avait toujours préféré le baleine, et ils avaient renoncé à leur tour de conduire à plusieurs reprises pour attendre que le chariot bleu devienne disponible."
He shrugged and set the last glass ornament in the box.,Il haussa les épaules et déposa le dernier ornement en verre dans la boîte.,"Ça, c'est ça, dit-il en posant le dernier ornement dans la boîte."
"""Something like that.""",Quelque chose comme ça.,Ça ressemble à ça.
"The queen shielded her eyes and looked to the bar, now simmering and smoking.","La reine se protégea les yeux et regarda le bar, maintenant réduit en un tas frémissant et fumant.","La reine se couvrit les yeux et regarda le bar, maintenant en fumée et en flammes."
"Smoke hadn't filled the bedroom, but something was burning somewhere in the bar.","La fumée n'avait pas envahi la chambre, mais quelque chose brûlait quelque part dans le bar.","Ça n'avait pas rempli la chambre, mais quelque chose brûlait quelque part dans le bar."
The number of times I've fantasized about this very moment is incalculable.,Le nombre de fois où j'ai fantasmé sur ce moment précis est incalculable.,Ça fait des années que je rêve de ce moment.
"""Next week,"" Chase said.","La semaine prochaine, dit Chase.","Ça sera la semaine prochaine, dit Chase."
"they didn't have time for another round of sex, even if he thought it was a good idea, which it wasn't.","Il ne pouvait pas s'impliquer et ils n'avaient pas le temps pour une autre partie de jambes en l'air, même s'il pensait que c'était une bonne idée; ce qui n'était pas le cas.","elles n'avaient pas le temps d'avoir une autre fois de sexe, même si il pensait que c'était une bonne idée, ce qui n'était pas le cas."
"""I'm sorry, Devyn,"" Andi said, wishing that she'd never brought it up.","Je suis désolée, Devyn, déclara Andi, souhaitant n'avoir jamais abordé le sujet.","Ça va, Devyn, dit Andi, regrettant de l'avoir évoqué."
He's a self-talker.,Il se parle à lui-même.,"Ça fait un bon an que je le connais, et il est toujours aussi étrange."
"""Five times?"" he asked as they headed down a side street towards the long line of apartment complexes that lined the street.",reprit-il alors qu'ils se dirigeaient vers une rangée d'appartements qui bordait un des côtés de la rue dans laquelle ils se trouvaient.,Ça fait cinq fois ?
He eyes the crowd of reporters like he wants to tear them apart with his bare hands.,Il regarde la foule des journalistes comme s'il voulait les déchiqueter à mains nues.,Ça lui fait envie de déchirer la foule de journalistes à mains nues.
Time to choose the future.,Il était temps de choisir l'avenir.,Ça fait temps de choisir son avenir.
"""Is that a bad thing?"" he asked as they slowly made their way past the reason why they'd been stuck on the highway for the past two hours as the road crew pulled back the orange cones.",demanda-t-il alors qu'ils dépassaient lentement la raison pour laquelle ils étaient restés bloqués sur l'autoroute depuis deux heures alors que l'équipe de sécurité routière retirait les cônes orange.,Ça veut dire qu'il n'y a pas de problème ?
"""Don't think about all that stuff right now,"" she said.","Ne pense pas à tout cela pour l'instant, dit-elle.","Ça ne te fait pas penser à tout ça pour l'instant, dit-elle."
"Instead, he'd left the clothes and shoes strewn about and his books and magazines piled around the room.","Au lieu de cela, il avait laissé les vêtements et les chaussures éparpillés, les livres et les magazines empilés dans la pièce.","Ça, c'était ce qu'il avait fait : il avait laissé ses vêtements et ses chaussures par terre et ses livres et ses magazines en tas dans la pièce."
"""Hey, mister,"" she said.","Hé, monsieur, dit-elle.","Ça va, monsieur, dit-elle."
"It took time to figure out how to turn my love of music into a career.""",Il m'a fallu du temps pour comprendre comment transformer mon amour de la musique en carrière.,Ça a pris du temps pour savoir comment transformer mon amour de la musique en une carrière.
"Reluctantly, hands shaking so badly I can barely get them to do my bidding, I click.","À contrecœur, les mains tremblant à tel point que j'ai du mal à les faire fonctionner, je clique.","Je clique, de mauvaise grâce, les mains tremblantes à tel point que je ne peux même pas les faire obéir à mes ordres."
"He was on a sunny beach, and the wind was light, hugging.","Il se trouvait sur une plage ensoleillée, et le vent était léger, enveloppant.","Ça faisait chaud, il était sur une plage ensoleillée, et le vent était doux et caressant."
The duvet was high-quality cotton and cool to the touch in the muggy room.,La couette était en coton de haute qualité et fraîche au toucher dans la pièce moite.,L'étendard était en coton de qualité et frais à la touche dans la pièce chaude.
"""That porn you were going to tell me about?""","Alors, ce porno dont tu allais me parler ?","Ça, la pornographie que tu allais me dire ?"
"Worth your forgiveness.""",S'il vaut la peine que tu lui pardonnes.,Ça vaut ta pardon.
"Numbness flowed through him like molasses, and he clenched his biceps.",Une sensation d'engourdissement le traversa comme de la mélasse et il serra les biceps.,"L'asphyxie le traversa comme de la mélasse, et il serrit ses biceps."
She'd use whatever she could to get him to stick around long enough to fall in love.,Elle ferait tout ce qu'elle pourrait pour qu'il reste assez longtemps pour tomber amoureux.,Ça lui servirait à tout prix pour qu'il reste assez longtemps pour tomber amoureux d'elle.
"He set the glass of water in front of her, then drew up a tall beer for himself.","Il posa le verre d'eau devant elle, puis se servit une grande bière.","Il posa la verre d'eau devant elle, puis se procura une bière."
They started following her.,Ils ont commencé à la suivre.,Ça a commencé à la suivre.
"I don't want to fall this fast, but I don't know how to stop the slide.","Je ne veux pas tomber amoureux aussi vite, mais je ne sais pas comment arrêter la chute.","Ça ne me plaît pas de tomber si vite, mais je ne sais pas comment arrêter la descente."
Local teacher fired after claims he seduced a student.,Un enseignant local licencié après avoir été accusé d'avoir séduit un élève.,Un professeur local a été licencié après des accusations de l'avoir séduit.
John is at the podium now.,John est maintenant sur le podium.,Ça fait maintenant un moment que John est à l'estrade.
"""Michael John Dalton is innocent,"" the older woman begins.","""Michael John Dalton est innocent"", commence la femme la plus âgée.","Ça fait longtemps que je ne suis pas allée à l'église, dit-elle."
Maybe he'd reach someone who could help in time.,Peut-être qu'il aurait pu joindre quelqu'un qui pourrait l'aider à temps.,Ça pourrait arriver qu'il atteigne quelqu'un qui puisse l'aider à temps.
The positive.,Les choses positives.,Ça va.
"""He's trying to get up.""",Il essaie de se lever.,Ça tente de se lever.
This is a tiny lie.,C'est un petit mensonge.,Ça fait un petit mensonge.
"But yours isn't much better.""",Mais le tien n'est pas beaucoup mieux.,Ça ne te va pas mieux.
"""Welcome to the Emerald Cove.",Bienvenue à Emerald Cove.,Bienvenue au Cône d'Émeraude.
"""Do you have a problem with long hours?""",Est-ce que les grandes amplitudes horaires vous posent un problème ?,Ça te pose-t-il de travailler des heures longues ?
He thinks he can bully me into marriage.,Il pense qu'il peut faire pression pour que je me marie.,Ça lui semble qu'il peut me forcer à l'épouser.
"""I need to get the painting of Christopher.",Je dois récupérer le tableau de Christopher.,Ça me faut le tableau de Christopher.
"""You need to let him explain.",Tu dois le laisser s'expliquer.,Ça fait que tu dois lui laisser expliquer.
No point in hearing the same thing over and over.,Ce n'est pas la peine d'entendre la même chose encore et encore.,Ça ne sert à rien d'entendre la même chose à chaque fois.
"""2356 multiplied by 23.""","""2356 multiplié par 23.",2356 multiplié par 23.
"He ran his tongue lightly over her soft lips, tasting her again and again.","ll passa légèrement sa langue sur ses lèvres douces, la goûtant encore et encore.","Il passa sa langue légèrement sur ses lèvres douces, goûtant-la à nouveau et à nouveau."
"Most of the people I know are cynics, or reformed cynics.","La plupart des gens que je connais sont des cyniques, ou des cyniques repentis.","90 % des gens que je connais sont des cyniques, ou des cyniques réformés."
He spat on the ground.,Il cracha sur le sol.,Il cracha sur le sol.
"He should be losing his fucking mind trying to figure out how he was going to fix this in time, but right now, all he felt was relief.","Il aurait dû être en train de péter les plombs en essayant d'arranger ce merdier, mais au lieu de ça, il se sentait soulagé.","Ça devrait le faire perdre la tête en essayant de trouver un moyen de le réparer à temps, mais pour l'instant, il ne ressentait que du soulagement."
"I'll drag his ass out there and show him what power I have, and then I'll let him feel what it's like to die because you can't breathe.","Je vais le traîner là-bas et lui montrer le pouvoir que j'ai, puis je lui ferai sentir ce que c'est que de mourir parce qu'on ne peut plus respirer.","Ça va me falloir le tirer par les cheveux et lui montrer ce que je peux faire, puis je lui ferai sentir ce que c'est que de mourir parce que tu ne peux pas respirer."
"God, she really didn't want to be the one to tell him.","Bon sang, elle ne voulait vraiment pas être celle qui le lui annoncerait.","Ça, elle ne voulait pas être celle qui lui le dirait."
The last few hours of listening to Chase talk had been a delicious distraction from both the storm and Inna's revelation.,Les dernières heures passées à écouter Chase avaient été une délicieuse distraction par rapport à la tempête et à la révélation d'Inna.,"Ça faisait des heures que Chase parlait, et cela avait été un délice de distraction, tant pour la tempête que pour la révélation d'Inna."
"Side note, Prince is infinitely better on vinyl.",À noter que Prince est infiniment meilleur sur vinyle.,"Ça fait un bon côté, Prince est infiniment meilleur en vinyle."
"Andi found herself wondering as she reluctantly turned around, resigning herself to never knowing the joy of making a snow angel and decided that this moment deserved a heartfelt sigh.","en se retournant à contrecœur, se résignant à ne jamais connaître la joie de faire un ange de neige et décidant que ce moment méritait un soupir sincère.","Ça lui fit penser, malgré son réticence, qu'elle n'aurait jamais connu le plaisir de faire un ange de neige et décida que ce moment méritait un soupir sincère."
"I don't pine after straight men, but I sure as fuck don't mind looking.","Je ne me languis pas des hommes hétérosexuels, mais ça ne me dérange pas de les regarder.","Ça ne me fait pas de peine de regarder les hommes hétérosexuels, mais je ne me plains pas de le faire."
It's there in the tremble of his hands as they ghost over my thighs.,"C'est là, dans le tremblement de ses mains qui se promènent sur mes cuisses.",Ça est là dans le tremblement de ses mains qui se glissent sur mes cuisses.
"We had our time, but..."" He exhales.","Nous avons eu notre temps, mais... Il lâche un soupir.","Ça a duré, mais..."
"""Well, you're good at it.""","Eh bien, tu es doué pour ça.","Ça va, tu as du talent."
"Cradling her face in his hands, Devyn slowly breathed into her mouth.","Prenant délicatement son visage entre ses mains, Devyn inspira lentement dans sa bouche.","Cradulant son visage dans ses mains, Devyn respira lentement dans sa bouche."
"""Let's move over to the couch where it's more comfortable.","Allons-nous installer sur le canapé, c'est plus confortable.","Ça va, allons-y sur le canapé où il est plus confortable."
"Giving his gorgeous dick one last lick, I climb up his body.",Je lèche une dernière fois sa superbe queue et  grimpe le long de son corps.,"Je lui donne un dernier lécher, puis je gravis son corps."
"""I told you to take care of her and you fucking left her there!"" Devyn shouted, slamming him back against the wall.","Je t'ai dit de prendre soin d'elle et putain, tu l'as laissée là-bas !",Ça te disais de la prendre en charge et tu l'as laissée là !
"You're still here because of him, aren't you?""","C'est à cause de lui que tu es encore là, n'est-ce pas ?","Ça veut dire que tu es encore là grâce à lui, n'est-ce pas ?"
"I let my head drop to my chest as he works my glutes, my cock twitching already.","Je laisse ma tête retomber contre ma poitrine pendant qu'il frotte mon fessier, ma bite tressaillant déjà.","Je laisse tomber ma tête sur mon torse alors qu'il travaille mes glutés, mon coche se tordant déjà."
"They are in the way of my mission.""",Elle m'empêche d'accomplir ma mission.,Ça me gêne dans ma mission.
"""I don't want to work in accounting,"" she reminded him.","Je ne veux pas travailler à la comptabilité, lui rappela-t","Ça ne me plaît pas de travailler dans le domaine comptable, lui rappela-t-elle."
"""Thank you for saving me the trouble,"" Lucas said smoothly as he clicked to the next slide.","Merci de m'avoir épargné cette peine, dit Lucas d'une voix doucereuse en cliquant sur la diapositive suivante.","Ça m'a épargné le détour, dit Lucas d'une voix lisse en cliquant sur la diapositive suivante."
"I stroke my thumb over the fabric of his tee, wishing like hell it were bare skin.","Je passe mon pouce sur le tissu de son T-shirt, souhaitant ardemment que ce soit de la peau nue.","Je passe mon pouce sur le tissu de sa tee, souhaitant à tout prix qu'il soit de peau."
"""I told you, the family, they can't...""","Je te l'ai dit, sa famille ne peut pas...","Ça, je t'ai dit, la famille, ils ne peuvent pas..."
The ocean breeze lifted her sundress and sent it flapping against her thigh and it was all he could do to keep from reaching for her.,"La brise de l'océan soulevait sa robe d'été et l'envoyait battre contre sa cuisse, et il fit tout son possible pour ne pas tendre la main vers elle.","L'air marin souleva sa robe de lin et la fit flotter contre sa cuisse, et c'est tout ce qu'il put faire pour ne pas s'approcher d'elle."
"""Most of the restaurant stuff is staying with the bar.""",La plupart du matériel du restaurant ainsi que le bar restent.,90 % des équipements du restaurant resteront avec le bar.
"I feel him take a deep breath, and then he sighs sweetly.","Je le sens prendre une profonde inspiration, puis soupirer doucement.","Je le sens prendre une profonde inspiration, puis il soupire doucement."
"Things could have been much worse, for sure.","Les choses auraient pu être bien pires, c'est certain.","Ça aurait pu être bien pire, c'est sûr."
And he's back to avoiding eye contact.,Et il recommence à éviter le contact visuel.,Ça lui a repris de s'éviter le regard.
Of course.,Évidemment.,Ça va sans dire.
"I've fallen silent again because I'm trying to be present for him, but he's probably misinterpreting things.","Je me tais à nouveau car j'essaie d'être présent pour lui, mais il interprète probablement mal les choses car il continue.","Ça fait que je suis de nouveau silencieux, car j'essaie d'être présent pour lui, mais il a probablement mal interprété les choses."
"""Then I guess I should give this to someone else,"" came the softly murmured words that had her swallowing hard as she looked up and found Devyn standing in her doorway.","Alors, je devrais donner ça à quelqu'un d'autre, les mots doucement murmurés qui la firent déglutir alors qu'elle levait les yeux et trouvait Devyn dans l'embrasure de sa porte.","Ça veut dire que je devrais le donner à quelqu'un d'autre, dit-il doucement, ce qui la fit avaler difficilement alors qu'elle leva les yeux et trouva Devyn debout dans son portail."
"I reach up and slide a hand into his hair, run my other fingers along the dips and curves of his back.","Je me lève et glisse une main dans ses cheveux, je passe mes autres doigts le long des creux et des courbes de son dos.","Je me lève et glisse une main dans ses cheveux, je passe mes autres doigts le long des creux et des courbes de son dos."
"""Let the human go.""",Laisse partir l'humain.,Lâchez l'humain.
"""Why did it have to be Luke?",Pourquoi fallait-il que ce soit Luke ?,Ça aurait pu être quelqu'un d'autre ?
"The beach lay in darkness, and Inna could lurk anywhere among the dunes or pier remains.","La plage était plongée dans l'obscurité, et Inna pouvait se cacher n'importe où parmi les dunes ou les vestiges de la jetée.","L'endroit était plongé dans l'obscurité, et Inna pouvait se cacher n'importe où, parmi les dunes ou les restes du quai."
Chapter 34,Chapitre 34,34
"His fingers tweak one of my nipples, and I moan into yet another kiss.",Ses doigts titillent l'un de mes mamelons et je gémis dans un nouveau baiser.,Ses doigts s'attachent à un de mes mamelons et je gémis dans un autre baiser.
"God, that felt so fucking good.","Mon Dieu, que ça faisait du bien.",Ça sentait tellement bon.
But he wasn't good at that kind of thing.,Mais il n'était pas doué pour ce genre de choses.,Ça ne lui convenait pas.
"I don't only mean the millions of songs in the digital archive, someone in the station's history had hoarded vinyl like it was going out of style.","Je ne parle pas seulement des millions de chansons contenues dans les archives numériques, mais du fait qu'une personne, dans l'histoire de la station, ait accumulé des vinyles comme si c'était démodé.","Ça ne veut pas dire que je ne parle pas des millions de chansons dans l'archive numérique, mais quelqu'un dans l'histoire de la station avait rassemblé des disques vinyle comme si c'était à la mode."
"After maneuvering around a few tables, he laid her on the corner couch.","Après avoir contourné quelques tables, il l'allongea sur le canapé du coin.","Après avoir manœuvré autour de quelques tables, il la posa sur le canapé."
I hum the line to him and search his face for recognition.,Je lui fredonne le morceau et cherche sur son visage pour voir s'il a reconnu la mélodie.,Je l'humais à lui et je cherche sa reconnaissance sur son visage.
"""Do you think it will ever go away?",Penses-tu que cela disparaîtra un jour ?,Ça va-t-il jamais disparaître ?
"Any other day, his eye contact would be filed in the fantasy category called ""replay.""","N'importe quel autre jour, son contact visuel aurait été catalogué dans l'esprit de Mari dans la catégorie des fantasmes appelée ""replay"".","Ça, d'habitude, serait classé dans la catégorie des fantasmes appelée ""replay""."
"""Such a cynic, you are.""",Tu es un vrai cynique.,"Ça fait un cynique, toi."
Too relieved to be inside the circle of his embrace again to fight it.,Je suis trop soulagé d'être à nouveau dans le cercle de son étreinte pour lutter.,Ça lui donnait trop de soulagement d'être à nouveau dans le cercle de son bras pour le combattre.
Not my John.,Pas mon John.,Ça n'est pas mon John.
"I debate driving back down to Philly, even though it's not a good idea in my current frame of mind.","J'envisage de retourner à Philadelphie en voiture, même si ce n'est pas une bonne idée dans l'état d'esprit où je me trouve.","Je débats de retourner à Philadelphie, même si c'est une mauvaise idée dans mon état d'esprit actuel."
"And even though the sea held darkness, the land did too.","Et même si la mer contenait des ténèbres, la terre en contenait aussi.","Et même si la mer était sombre, la terre l'était aussi."
"But you all don't care about that, you have a juicy story for your ratings and your newspapers.","Mais vous vous en moquez tous, vous avez une histoire juteuse pour vos audiences et vos journaux.","Ça ne vous importe pas, vous avez une belle histoire pour vos audiences et vos journaux."
"Sunset was near, though it was impossible to tell with the blossoming of dark clouds across the sky.","Le coucher du soleil était proche, même s'il était impossible de le deviner avec l'éclosion de nuages sombres dans le ciel.","L'aube était proche, même si l'apparition de nuages sombres rendait impossible de le déterminer."
"And besides, pirates didn't have coffee with cream and sugar.","Et puis, les pirates ne prenaient pas de café avec de la crème et du sucre.",Ça ne faisait pas partie de leur code.
She dropped her clothes on the sand and placed a rock on them to keep them from blowing away then glanced at Inna.,"Elle laissa tomber ses vêtements sur le sable et posa une pierre dessus pour les empêcher de s'envoler, puis jeta un coup d'œil à Inna.","Elle déposa ses vêtements sur le sable et posa une pierre dessus pour les empêcher de s'envoler, puis regarda Inna."
"He wraps his arms around me, one across my collar and one around my chest, and it feels so damned good.","Il m'entoure de ses bras, l'un autour de mon cou et l'autre autour de ma poitrine, et c'est tellement bon.","Ça sent le bonheur, il enroule ses bras autour de moi, l'un sur mon col et l'autre autour de mon torse, et ça sent tellement bon."
He pulls out a Steely Dan.,Il sort un vinyle de Steely Dan.,Ça fait un Steely Dan.
"He'd used her weakness against her, something that she would not forget.",Il avait utilisé sa faiblesse contre elle ;,"Ça lui avait permis de l'utiliser contre elle, ce qu'elle ne l'oublierait pas."
Quivering like a pair of virgin teenagers.,Frémissant comme deux ados puceaux.,Ça tremblait comme un couple de jeunes filles vierges.
The rain was picking up and it wouldn't be long until it was constant.,La pluie s'intensifia et ne tardera pas à devenir continue.,Ça pleuvait de plus en plus et il ne resterait pas longtemps avant que la pluie ne soit constante.
The dune grass bent almost horizontally to the ground and clouds of sand rolled down the beach like tumbleweeds.,L'herbe des dunes se courbaient presque horizontalement vers le sol et des nuages de sable roulaient sur la plage comme des chenilles.,L'herbe des dunes s'inclinait presque horizontalement au sol et des nuages de sable roulaient sur la plage comme des tumeurs.
"Mesa turned to walk away, then stopped and looked back.","Mesa se tourna pour s'éloigner, puis s'arrêta et se retourna.","Mesa se tourna pour s'éloigner, puis s'arrêta et regarda en arrière."
"""It's a great offer,"" he added.","C'est une excellente offre, ajouta-t-il.","Ça fait une très bonne offre, ajouta-t-il."
"I watch him through the double-paned glass of the booth, and I can hear him through the open door.",Je le regarde à travers le double vitrage de la cabine et je l'entends par la porte ouverte.,"Je le regarde à travers le double vitrage de la cabine, et je le peux entendre à travers la porte ouverte."
"""I have a reservation for Andi Dawson,"" Andi said with a satisfied sigh as she reached for her credit card only to end up grumbling when Devyn narrowed his eyes on her until she put it away.","J'ai une réservation au nom d'Andi Dawson, dit Andi avec un soupir de satisfaction en tendant sa carte de crédit, mais elle finit par grommeler quand Devyn la fixa, les yeux plissés  jusqu'à ce qu'elle la range.","Ça, c'est une réservation pour Andi Dawson, dit Andi avec un soupir satisfait en tendant sa carte de crédit, mais elle finit par grommeler lorsque Devyn la fixa d'un regard acerbe jusqu'à ce qu'elle la mette de côté."
"The sooner they could find out what condition the island was in, the sooner he could leave.","Plus vite ils sauraient dans quel état se trouvait l'île, plus vite il pourrait partir.","Plus tôt ils pourraient découvrir l'état de l'île, plus tôt il pourrait partir."
"Today is Sunday, and Nicki has invited everyone to a celebratory brunch at Rick's Pub.",Nous sommes dimanche et Nicki a invité tout le monde à un brunch de célébration au Rick's Pub.,"Ça fait un dimanche, et Nicki a invité tout le monde à un brunch de fête au Rick's Pub."
"It had taken being disavowed in a very public, painful way to get Dyer to walk away from the two years he'd invested.",Il a fallu qu'il soit désavoué de manière très publique et douloureuse pour que Dyer abandonne les deux années qu'il avait investi dans cette relation.,Ça avait fallu qu'il soit déshonoré de façon très publique et très douloureuse pour qu'il se détache des deux années qu'il avait investies.
Was this what being a grown-up was like?,"Était-ce ça, être adulte ?","Ça, c'était ce que c'était d'être adulte ?"
No telling what the tide pushed up near the shore.,On ne sait pas ce que la marée poussait près du rivage.,Ça ne faisait pas de doute que la marée avait poussé des débris près de la côte.
It rubs over my raw nerves and makes my heart ache.,Elle gratte mes nerfs à vif et me fait mal au cœur.,Ça me fait frémir sur mes nerfs rauques et fait battre mon cœur.
Inna kicked at the floor planks with his bare foot.,Inna donna un coup de pied sur les planches du sol avec son pied nu.,Inna donna un coup de pied à la planche de sol avec son pied nu.
Was Christopher the pirate who killed Inna's great-great-something-grandmother?,Christopher était-il le pirate qui avait tué l'arrière-arrière-grand-mère d'Inna ?,Ça faisait-il partie des pirates qui avaient tué la grand-mère de sa grand-mère ?
"John's erection is thicker than mine, though shorter.","L'érection de John est plus épaisse que la mienne, bien que plus courte.","L'érection de John est plus épaisse que la mienne, mais plus courte."
"He scanned the beach, looking for Inna.","Il balaya la plage du regard, à la recherche d'Inna.",Il balaya la plage à la recherche d'Inna.
"The water here is still and silent, green with algae and moss, and brackish in my nostrils.","Ici, l'eau est calme et silencieuse, verte avec des algues et de la mousse, et saumâtre dans mes narines.","Ça fait des années que je ne suis pas descendu dans les eaux de la rivière, mais je me souviens bien de sa tranquillité et de son silence."
"He's so big and so solid, I can't help but feel safe with him.",Il est si grand et si solide que je ne peux m'empêcher de me sentir en sécurité avec lui.,"Ça fait si grand et si solide, que je ne peux m'empêcher de me sentir en sécurité avec lui."
You've built a great little business here and you should be proud.,Tu as créé une belle petite affaire et tu peux en être fière.,Ça fait un bon petit business que tu as construit ici et tu devrais être fier.
"A light breeze hit her, pushing away the sticky humidity for a moment, and she gulped the fresh airso clean.","Une légère brise l'atteignit, chassant un instant l'humidité poisseuse, et elle avala l'air frais, si pur.","Ça lui donna une légère brise qui chassa la humidité sticky pendant un instant, et elle respira l'air frais."
"""And that film is still your birthright.""",Et ce film fait partie de ton patrimoine !,"Ça, c'est toujours ton droit de naissance."
"""What's complicated about it?",Qu'est-ce qui est compliqué ?,Ça n'est pas compliqué ?
"""Super helpful,"" Andi mumbled as she tossed it aside and grabbed another one.","Super utile, marmonna Andi en le jetant de côté et en prenant un autre.","Ça a été très utile, marmonna Andi en l'écartant et en attrapant une autre."
He opened his eyes and reached for a glass to pour some of his favorite Scotch into.,Il ouvrit les yeux et attrapa un verre pour y verser son scotch préféré.,Ça lui fit ouvrir les yeux et il tendit la main pour prendre un verre pour y verser un peu de son whisky préféré.
"""Really, Franklin?""","Vraiment, Franklin ?","Ça va, Franklin ?"
"Well, that wasn't entirely true because Ben had been more than happy to make sure that she didn't have any reason to come back to the office, call, text, or even send an email.","Enfin, ce n'était pas tout à fait vrai parce que Ben avait été plus qu'heureux de s'assurer qu'elle n'avait aucune raison de revenir au bureau, d'appeler, d'envoyer un message ou même d'envoyer un e-mail.","Ça n'était pas tout à fait vrai, car Ben avait été plus que content de s'assurer qu'elle n'avait aucune raison de revenir au bureau, de téléphoner, de texter ou même d'envoyer un e-mail."
There are some things I can't share.,Il y a des choses que je ne peux pas partager.,"Ça y est, il y a des choses que je ne peux pas partager."
"""And if my sister wasn't already lost in whatever the hell you just gave her, she'd remember her manners and introduce us.","Et si ma sœur n'était pas déjà perdue dans ce que tu viens de lui donner, elle se souviendrait de ses bonnes manières et nous présenterait.","Ça va, et si ma sœur n'était pas déjà perdue dans ce que tu viens de lui donner, elle se souviendrait de ses manières et nous présenterait."
"That's one thing I'll miss when I movefresh seafood.""",C'est une chose qui me manquera quand je déménagerai : les fruits de mer frais.,"Ça, c'est une chose que je vais manquer quand je me déplacer  des fruits de mer frais."
"Then a long nap to forget the weather, the bar, Mari.","Puis une longue sieste pour oublier le temps qu'il faisait, le bar, Mari.","Ça fait longtemps que je n'ai pas dormi, je vais me coucher pour oublier le temps, le bar, Mari."
"That's the third or fourth time I've seen him hauling records out of here.""",C'est la troisième ou quatrième fois que je le vois sortir des disques d'ici pour leur donner.,Ça fait le troisième ou le quatrième fois que je le vois sortir des disques de là.
"After one last look at The Charlton, Devyn climbed back in the car with a murmured, ""The Mason.""","Après avoir jeté un dernier coup d'œil au Charlton, Devyn remonta dans la voiture en murmurant : ""Le Mason"".","Ça va, dit-il en murmurant ""Le Mason""."
During a storm.,Pendant une tempête.,Ça a été pendant une tempête.
"One afternoon he'll choose, and another I will.","Un après-midi, c'est lui qui choisit le lieu, et l'après-midi suivant, c'est moi.","Ça arrivera un après-midi, il choisira, et l'autre, je le choisirai."
"In fact, it was the only option left.","En fait, c'était la seule option qui lui restait.",Ça faisait en fait partie des dernières options.
"""I've been fascinated by fairs, amusement parks, and Ferris wheels since Luke and I were little.","Je suis fasciné par les foires, les parcs d'attractions et les grandes roues depuis que Luke et moi sommes petits.","Ça fait des années que je suis fasciné par les foires, les parcs d'attractions et les roues de fortune, depuis que Luke et moi sommes petits."
"In the pack, with the water, and a cell phone with no signal.""","Dans le sac, avec l'eau et un téléphone portable sans signal.","Ça fait un pack, de l'eau, et un téléphone portable sans signal."
"""Dyer doesn't do domestic,"" he deadpans before he spins in his rainbow Chuck Taylors and scurries off.","Dyer ne fait pas le ménage, dit-il avant de tourner les talons dans ses Chuck Taylors arc-en-ciel et de s'enfuir en courant.","Ça ne fait pas partie de ses préoccupations, dit-il sans expression, avant de faire un tour dans ses chaussures à rayures de l'arc-en-ciel et de s'enfuir."
"""If you need anything, don't bother calling the front desk.","Si vous avez besoin de quoi que ce soit, n'appelez pas la réception.","Si vous avez besoin de quelque chose, n'hésitez pas à appeler la réception."
I had a client up from the city.,J'avais un client qui venait de la ville.,Ça faisait un mois que j'avais un client de la ville.
She dove under to swim to him.,Elle plongea pour nager jusqu'à lui.,Elle plongea pour nager vers lui.
You can tell me.,Tu peux me le dire.,Ça te fait peur ?
He'd seen himit wasn't his imagination.,"Il l'avait vu, ce n'était pas son imagination.",Ça l'avait vu  c'était pas son imagination.
"And that may be, but I'm not made for you.","C'est possible, mais je ne suis pas fait pour toi.","Ça peut être, mais je ne suis pas fait pour toi."
"He caught his breath, then moved closer to the pier ruins where she stood.","Il reprit son souffle, puis se rapprocha des ruines de la jetée où elle se tenait.","Ça lui donna du souffle, puis il se rapprocha des ruines du quai où elle se tenait."
I don't like the waterespecially the ocean.,"Je n'aime pas l'eau, surtout l'océan.","Ça me fait peur, surtout l'océan."
"""Of course, it won two Grammys,"" I tell him.","Bien sûr, ils ont gagné deux Grammys avec cet album, lui dis-je.","Ça a bien gagné deux Grammys, lui dis-je."
"Dad was a fisherman, and Mom liked to be near the water.",Papa était pêcheur et maman aimait être près de l'eau.,"Ça faisait longtemps que mon père était pêcheur, et ma mère aimait être près de l'eau."
"""After I graduated, I started at the bottom, took every shift I could get my hands on, read every book that I could find that I thought would help, and worked my way up to the top and when I heard about the position at Carta Hotels, I went after it, knowing that if I could pull it off that it would be enough","Après avoir obtenu mon diplôme, j'ai commencé au bas de l'échelle, j'ai pris tous les postes qui me tombaient sous la main, j'ai lu tous les livres que j'ai pu trouver et qui pouvaient m'aider.","Ça a commencé après mon diplôme, j'ai commencé à la base, j'ai pris tous les postes que j'ai pu obtenir, j'ai lu tous les livres que j'ai pu trouver qui m'auraient semblé pouvoir m'aider, et j'ai gravi les échelons jusqu'au sommet, et quand j'ai entendu parler du poste chez les Hôtels Carta, j'ai pris la peine de le chercher, sachant que si je pou"
"""If you've never been, you don't know if Kansas is better.""","Si tu n'y es jamais allée, tu ne sais pas si le Kansas est mieux ou pas.","Ça veut dire que si tu n'y es jamais allé, tu ne sais pas si le Kansas est mieux."
"I think Interpol has a file.""",Je pense qu'Interpol a un dossier sur le sujet.,Ça me semble que l'Interpol a un dossier.
All muscles and strength.,Tout en muscles et en force.,Tous ses muscles et sa force.
"""Sorry, been prepping for the storm.""","Désolé, je me préparais à la tempête.","Ça va, j'ai préparé la maison pour la tempête."
"Still, he wasn't a lost cause.","Pourtant, ce n'était pas une cause perdue.",Ça ne signifiait pas qu'il était perdu.
"""The stubborn little pain in the ass has gone into labor,"" came the words that had her opening her mouth, only to close it with a grumble since she really couldn't argue with that.","La petite enquiquineuse bornée a commencé le travail, furent les mots qui lui firent ouvrir la bouche, avant de la refermer avec un grognement, car elle ne pouvait vraiment pas contester cette information.","Ça fait un petit pain dans le cul qui a mis le couche, dit-il, ce qui la fit ouvrir la bouche, puis la fermer avec un gémissement, car elle ne pouvait pas s'y opposer."
"You know the significance of that tattoo.""",Tu connais la signification de ce tatouage.,Ça te rappelle le sens de ce tatouage.
"Her sister never had issuessing a song, snag a man.","Sa sœur n'avait jamais eu de problème  une chanson, un homme. Du moins, c'est ce qu'il lui semblait.","Sa sœur n'avait jamais de problèmes  à écrire une chanson, à attraper un homme."
"""God, I love bacon,"" his new assistant murmured with a happy little sigh as she nibbled on what looked like an egg sandwich with an unhealthy amount of bacon while Devyn stood there, wondering why his new assistant was sitting outside at six-thirty in the morning.","murmura sa nouvelle assistante avec un petit soupir heureux alors qu'elle grignotait ce qui ressemblait à un sandwich aux œufs avec une quantité astronomique de bacon, alors que Devyn était planté là à se demander ce que sa nouvelle assistante faisait à l'extérieur du bâtiment à six heures et demie du matin.","Ça, je l'aime bien, murmura avec un petit soupir de contentement sa nouvelle assistante en mâchant ce qui ressemblait à un sandwich au fromage avec une quantité excessive de bacon alors que Devyn restait là, se demandant pourquoi sa nouvelle assistante s'était assise à l'extérieur à six heures du matin."
I hadn't done anything but sit and hold him for a while.,Je n'ai rien fait d'autre que de m'asseoir et de le tenir dans mes bras pendant un moment.,Ça n'avait rien fait que de me sasseoir et de le tenir un peu.
It was only months later that he realized Kelly had been lonely.,Ce n'était que des mois plus tard qu'il avait compris que Kelly se sentait seule.,Ça a été plusieurs mois plus tard qu'il réalise que Kelly était seule.
"I'm peripherally aware of the heads turning and the looks that trail his trip toward me, but my focus is entirely on him.","Je suis conscient des têtes qui se tournent et des regards qui suivent son chemin vers moi, mais je me concentre entièrement sur lui.","Je suis à moitié conscient des têtes tournées et des regards qui suivent son chemin vers moi, mais mon attention est entièrement tournée vers lui."
And I will catch you.,Et je t'attraperai.,Ça va me faire attraper.
"I guess I have two things, then.",Je suppose donc que j'ai deux choses à moi.,"Ça fait deux choses, alors."
Andi rushed to explain as she threw a panicked look at the large security guard reaching for her and-,Andi se dépêchait de s'expliquer en jetant un regard paniqué à l'énorme agent de sécurité qui s'approchait et...,"Ça va, elle se précipita pour expliquer alors qu'elle jetait un regard paniqué vers le grand gardien de sécurité qui s'approchait d'elle et..."
"""He has been very busy working behind the scenes, arranging transfers, intercepting audits, and doing everything that he could to keep us distracted.""","Il a été très occupé à travailler dans les coulisses, à organiser des transferts, à intercepter des audits et à faire tout ce qu'il pouvait pour nous distraire.","Ça a été très occupé à travailler à l'arrière-scène, à organiser des transferts, à intercepter les audits, et à faire tout ce qu'il pouvait pour nous distraire."
That hadn't been enough to annul thingstoo much riding on the union of the tribes.,Cela n'avait pas suffi à annuler les promesses  trop de choses dépendaient de l'union de leurs deux tribus.,Ça n'avait pas été suffisant pour annuler les choses  trop de choses étaient en jeu avec l'union des tribus.
"Of course, this wasn't Hawaii, but up near the point was some darn good East Coast surfing.","Bien sûr, ce n'était pas Hawaï, mais près de la pointe, il y avait de sacrés bons coins pour surfer sur la côte Est.","Ça n'était pas Hawaii, mais près du cap, il y avait de la mer d'une qualité d'onde qui était d'une excellente qualité."
"""I'll be back,"" he says, breathless.","Je reviens, dit-il, essoufflé.","Ça va me faire, dit-il, à souffle court."
She pointed to the bar.,Elle désigna le bar.,"Ça, c'est le bar."
It was his dream too.,C'était aussi son rêve.,Ça était aussi son rêve.
"She didn't look like she was trying to kill him, Devyn thought, taking a sip of the large caramel coffee that he was forced to grab from the employee cafeteria when it became painfully obvious that his new assistant didn't know how to make coffee.","Elle n'avait pourtant pas l'air de vouloir le tuer, se dit Devyn en buvant une gorgée du café au caramel qu'il avait dû prendre à la cafétéria des employés quand il était devenu évident que sa nouvelle assistante ignorait comment faire du café.","Ça ne semblait pas qu'elle essaye de le tuer, pensa Devyn, en buvant une gorgée du grand café au caramel qu'il avait dû s'emparer de la cafétéria des employés lorsque sa nouvelle assistante avait montré qu'elle ne savait pas faire du café."
She stretched out her legs and laid her head on the couch pillow and softly whistled some nondescript '80s pop song.,"Elle étendit ses jambes, posa sa tête sur le coussin du canapé et siffla doucement une chanson pop des années 80.","Elle étendit ses jambes, posa sa tête sur le coussin du canapé et siffla doucement une chanson pop des années 80 sans nom."
Gayle pauses when she reaches the door and looks at me like I'm out of my head.,Gayle s'arrête au niveau de la porte et me regarde comme si j'avais perdu la tête.,Ça fait un moment que Gayle s'arrête devant la porte et me regarde comme si je ne faisais pas partie de ce monde.
"""I don't want to be fair, I want you here.""","Je ne veux pas être juste, je veux que tu sois là.","Ça ne me fait pas de bien, je veux que tu sois ici."
"Once he was gone, Devyn sat down on the couch and watched Andi, still amazed by how quickly her mind worked as she went through the files that he'd brought.","Une fois qu'il fut parti, Devyn s'assit sur le canapé et observa Andi, toujours étonné par la rapidité avec laquelle son esprit travaillait alors qu'elle parcourait les dossiers qu'il avait apportés.","Ça ne faisait pas longtemps qu'il était parti, Devyn s'assit sur le canapé et regarda Andi, toujours étonné de la rapidité avec laquelle son esprit fonctionnait alors qu'elle parcourait les dossiers qu'il avait apportés."
It's easy to picture John in front of a classroom.,C'est facile d'imaginer John dans une salle de classe.,Ça est facile de voir John devant une classe.
"I've always known, even before he came back to his flat that night and found that I'd learned the truth about him.","Je l'ai toujours su, même avant qu'il ne revienne à son appartement cette nuit-là et qu'il découvre que j'avais appris la vérité à son sujet.","Ça m'a toujours été clair, même avant qu'il revienne dans son appartement cette nuit-là et que je lui aie appris la vérité sur lui."
And it's clear he looks up to him.,Et il est clair qu'il l'admire.,Ça est clair qu'il le respecte.
"As a boy, he'd relished that meditative quality that grew where the water met the land and the sun blanketed everything in a golden warmth that lingered in the soul forever.","Enfant, il avait savouré cette faculté méditative qui naissait là où l'eau rencontrait la terre et où le soleil recouvrait tout d'une chaleur dorée qui s'attardait dans l'âme","Ça faisait des années qu'il aimait cette qualité méditative qui se développait à la rencontre de l'eau et de la terre, et où le soleil recouvrait tout d'une chaleur dorée qui restait dans l'âme pour toujours."
"""He likes the classics.",Il aime les classiques.,Ça lui plaît aux classiques.
She had Chase now.,Elle avait Chase maintenant.,Ça lui avait donné Chase.
"""I love the warmth of the sun on my skin, and the brush of a cool breeze, and the clarity of music on land.""","J'aime la chaleur du soleil sur ma peau, le frôlement d'une brise fraîche et la clarté de la musique sur la terre ferme.","Ça me fait plaisir de sentir la chaleur du soleil sur ma peau, la brise fraîche, et la clarté de la musique sur terre."
Then I look up at him.,Puis je lève les yeux vers lui.,Je lève les yeux vers lui.
"Do your thing, I'll be tuning in.""","Fais opérer ta magie, je serai à l'écoute.","Ça va, fais-toi de ta part, je vais me mettre à l'antenne."
Fall into her arms again.,Tomber à nouveau dans ses bras.,Être à nouveau dans ses bras.
"But he flashes his blinding smile, and the woman grins, blushing as she ushers her kidlet into the restaurant.","Mais il affiche son sourire aveuglant et la femme sourit, rougissant en faisant entrer son enfant dans le restaurant.","Ça lui fait un sourire aveuglant, et la femme sourit, rougissant en emmenant son petit dans le restaurant."
She rose on her elbows and watched him pull his T-shirt over his head.,Elle se redressa sur ses coudes et le regarda passer son tee-shirt par-dessus sa tête.,Elle se redressa sur ses coudes et le regarda tirer son tee-shirt sur sa tête.
"He didn't move away, and she leaned in close.","Il ne bougea pas, et elle se rapprocha.",Ça ne l'empêcha pas de se rapprocher d'elle.
"You know, the one where the Ex brings the stuff you've left at their place and vice versa.","Vous savez, cet échange où l'ex apporte les affaires que tu as laissées chez lui et vice versa.","Ça, c'est celui où l'ex-petit ami apporte les affaires que tu as laissées chez lui et vice-versa."
"""It's only an hour and a half.",Ce n'est qu'à une heure et demie de trajet.,Ça ne dure qu'une heure et demie.
"""It's a beautiful country.""",C'est un pays magnifique.,Ça fait un beau pays.
I could automate my entire set.,Je pourrais automatiser l'ensemble de mon travail.,Je pourrais automatiser mon ensemble entier.
"God, just thinking about the burnt, cold, creamy, grainy concoction...","Mon Dieu, rien que de repenser à cette mixture granuleuse, froide et avec un goût de brûlé...","Ça me fait peur, juste à l'idée de cette purée brûlante, froide, crèmeuse et grumeleuse..."
"""I already have that,"" Andi pointed out with a disappointed sigh and a sad shake of her head as she glanced back at Nicholas.","Je l'ai déjà ça, dit Andi avec un soupir déçu et un triste hochement de tête en regardant Nicholas.","Ça, je l'ai déjà, remarqua Andi avec un soupir déçu et un secouement de tête triste en regardant Nicholas."
"""So, all the stories I heard about Christopher and Amelia...""","Alors, toutes les histoires que j'ai entendues sur Christopher et Amelia...",Ça veut dire que toutes les histoires que j'ai entendues sur Christopher et Amelia...
"""Yeah,"" I agree, and trail off myself because John could leave anyone speechless, but especially me.","Oui, dis-je en signe d'acceptation, et je m'interromps parce que John peut laisser n'importe qui sans voix, mais surtout moi.","Ça va, je l'accepte, et je m'éloigne moi-même parce que John peut rendre silencieux tout le monde, mais surtout moi."
"They'd be stupid to fire him, Andi reminded herself, repeating the words that had gotten her through the last ten hours.","Ils seraient stupides de le licencier, se rappela Andi, répétant les mots qui l'avaient aidée à traverser les dix dernières heures.","Ça serait stupide de le licencier, se rappela Andi, répétant les mots qui lui avaient permis de passer les dix dernières heures."
"The faint smell of burning wood reaches my nose, and I inhale deeply.",L'odeur légère du bois brûlé parvient à mon nez et j'inspire profondément.,"Ça sent le bois brûlant, et je respire profondément."
"I just don't know whether I'd end up in the warm embrace of his impossibly long arms, or if my heart would smash into bits on some outcropping of rocks that I can't see but know are probably there.","J'ignore si je finirais dans l'étreinte chaleureuse de ses bras incroyablement longs, ou si mon cœur se briserait en mille morceaux sur un affleurement de rochers que je ne peux pas voir mais dont je devine la présence.","Ça me fait peur de penser que je pourrais finir dans l'embrassement chaleureux de ses bras impossiblement longs, ou que mon cœur se briserait en morceaux sur une roche qui ne me fait pas peur, mais que je sais être là."
"And I refuse to believe she can't sing, not with a tone like that.","Et je refuse de croire qu'elle ne sait pas chanter, pas avec un tel timbre.","Ça me fait refuser de croire qu'elle ne peut pas chanter, pas avec un ton comme ça."
And what was he supposed to do with a crying woman?,Et qu'était-il censé faire avec une femme qui pleurait ?,Ça lui fallait quoi faire avec une femme qui pleurait ?
"""It was an observation.""",C'était juste une remarque.,Ça était une observation.
"""You knew killed my brother and you didn't tell me?""",Tu savais que mon frère avait été tué et tu ne me l'as pas dit ?,Ça veut dire que tu as tué mon frère et que tu ne m'en as pas dit ?
A lovely lunch made by Chase.,Un délicieux déjeuner préparé par Chase.,Ça faisait un délicieux déjeuner préparé par Chase.
"""Wow, you are lucky to have a family record from that far back.",Tu as de la chance d'avoir des objets de famille aussi anciens.,"Ça fait vraiment chaud, tu as un record de famille depuis si longtemps."
I'm weighing my options - Melrose Diner for its proximity or Broad Street Diner for its superior batter - when the phone rings.,"Je pèse mes options : le Melrose Dinner pour sa proximité ou le Broad Street Diner pour sa pâte supérieure, lorsque le téléphone sonne.","Je pèse les avantages et les inconvénients du Melrose Diner pour sa proximité ou du Broad Street Diner pour sa batterie supérieure, lorsque le téléphone sonne."
"I shiver with pleasure and shake my head hard, wrenching his hand away from my needy flesh.","Je frissonne de plaisir et secoue la tête avec force, éloignant sa main de ma chair en manque ""Stop !""","Je frissonne de plaisir et je secoue la tête durement, lui arrachant sa main de ma chair avide."
"""You won't think so once you know the truth.""",Tu ne le penseras plus quand tu connaîtras la vérité.,Ça ne te semblera pas une fois que tu sauras la vérité.
"Did she know him, or had they just met?",Le connaissait-elle ou venaient-ils de se rencontrer ?,"Ça lui était-il connu, ou avaient-ils juste rencontré ?"
He would not win.,Il ne gagnerait pas.,Ça ne marcherait pas.
Or cancel the contract.,Ou annuler le contrat.,Ça veut dire qu'il peut annuler le contrat.
"""For sixty-seven days?""",Depuis soixante-sept jours ?,67 jours ?
The moonlight streaks John's hair with gold.,"Au clair de lune, les cheveux de John se teintent d'or.","Lumière de la lune, John a les cheveux dorés."
"I'm supposed to be putting you to sleep with my droning.""",Je suis censé t'endormir avec mon histoire barbante.,"Ça me fait rire, je suis censé te faire dormir avec mon dronner."
"That's beyond crazy, it's creepy.""","C'est plus que fou, c'est effrayant.","Ça dépasse la folie, c'est effrayant."
"""I thought you wanted to go to the park.",Je croyais que tu voulais aller au parc.,Ça me semblait que tu voulais aller au parc.
"And Christopher loved her enough to sacrifice everything for her.""",Et Christopher l'aimait suffisamment pour tout sacrifier pour elle.,Ça fait que Christopher l'aimait assez pour sacrifier tout pour elle.
"What the hell are you doing under my desk?""","Que faites-vous sous mon bureau, bon sang ?","Ça va, qu'est-ce que tu fais sous mon bureau ?"
It wouldn't be the same.,Ce ne serait pas la même chose.,Ça ne serait pas le même.
"Naturally, a young mother with her toddler wanders into the area just as those delightful words leave Dyer's mouth.","Naturellement, une jeune mère et son bambin entrent dans le restaurant juste au moment où ces mots charmants sortent de la bouche de Dyer.","Ça va de soi, une jeune mère avec son petit enfant s'aventure dans la zone juste après que ces mots délicieux sont sortis de la bouche de Dyer."
"We found out about the child, but no record of Amelia.""","Nous avons découvert l'enfant, mais aucune trace d'Amelia.","Ça a été découvert, mais il n'y a aucune trace d'Amelia."
"Or to a place you really love.""",Ou dans un endroit que tu aimes vraiment.,Ça pourrait être un endroit où tu aimes vraiment.
"It's Saturday again, and I've invited John to go with me to a giant record fair in Cherry Hill, New Jersey.","Nous sommes samedi, et j'ai invité John à m'accompagner à une gigantesque foire aux disques à Cherry Hill, dans le New Jersey.","Ça fait un samedi, et j'ai invité John à venir avec moi à une foire aux disques à Cherry Hill, dans le New Jersey."
"""Give me a minute,"" he mumbled, and small sobs wracked his body, sending visible tremors through his shoulders.","Donne-moi une minute, marmonna-t-il, et de petits sanglots secouèrent son corps, provoquant des tremblements visibles dans ses épaules.","Ça me faut une minute, marmonna-t-il, et de petits sanglots secouèrent son corps, provoquant des tremblements visibles sur ses épaules."
"The sun glints in his snowy, blonde hair.",Le soleil brille dans ses cheveux blonds comme la neige.,Le soleil scintille dans ses cheveux blancs et blond.
Then...not so much.,Ensuite... plus vraiment.,Ça a été... pas si mal.
"""Lexi is the sister of the boy that...?""",Lexi est la sœur du garçon qui... ?,"Ça fait un moment que je ne vois pas Lexi, la sœur de ce garçon qui... ?"
"I don't know why I'm so nervous, except that I have no idea what's going on between us.","Je ne sais pas pourquoi je suis si nerveux, mis à part que je n'ai aucune idée de ce qui se passe entre nous.","Ça ne me dit pas pourquoi je suis si nerveux, sauf que je ne sais pas quoi de plus de ce qui se passe entre nous."
"I can blame the pirate in the painting for all my troubles.""",Je peux blâmer le pirate du tableau pour tous mes problèmes.,"Ça, je peux le blâmer au pirate du tableau pour toutes mes peines."
She'd never forget the perfection of the moment.,Elle n'oublierait jamais la perfection de ce moment.,"Ça ne l'oublierait jamais, la perfection du moment."
"""I would have killed your diver man that day toobut you were there.","J'aurais tué ton plongeur ce jour-là aussi, mais tu étais là.","Ça aurait pu être toi qui mourrais ce jour-là, mais tu étais là."
She needed an antacid more than dinner.,Elle avait plus besoin d'un antiacide que d'un dîner.,Ça lui fallait un antacide plutôt qu'un dîner.
He leaned forward and buried his face in his hands.,Il se pencha en avant et enfouit son visage dans ses mains.,Il se pencha et enfouit son visage dans ses mains.
"It's just that he seems so lost, at the moment.","C'est juste qu'il semble si perdu, en ce moment.","Ça, c'est juste qu'il semble si perdu, pour l'instant."
Tangy warmth filled her mouth and her taste buds opened up.,La chaleur acidulée emplit sa bouche et ses papilles gustatives se réveillèrent.,Ça avait une saveur acidulée et une chaleur qui remplissait sa bouche.
"""Before we could decide exactly what we were going to do, a large wave washed over the jelly.""","Avant que nous ayons pu décider exactement ce que nous allions faire, une grande vague s'était abattue sur la méduse.","Ça a été trop vite pour que nous puissions décider exactement de ce que nous allions faire, une grande vague s'est élevée et a emporté la gélatine."
He couldn't help but smile back.,Il ne put s'empêcher de sourire à son tour.,Ça lui était impossible de ne pas sourire en retour.
"He hasn't seen me yet, which is a both a blessing and a curse.","Il ne m'a pas encore vu, ce qui est à la fois une bénédiction et une malédiction.","Ça fait que je ne l'ai pas encore vu, ce qui est à la fois une bénédiction et une malédiction."
"""Roman Palms is our highest earner,"" Devyn said, watching as she scrolled to a financial report.","Roman Palms est l'hôtel qui nous rapporte le plus, dit Devyn, en la regardant faire défiler un rapport financier.","Ça fait des années que Roman Palms est notre plus gros gagnant, dit Devyn en regardant la jeune femme faire défiler un rapport financier."
It's become our thing.,C'est devenu notre truc.,Ça est devenu notre chose.
I hear rustling and know he's settling in for a conversation I don't know I want to have with him.,J'entends des bruits de mouvements et je sais qu'il s'installe pour une conversation que je ne suis pas sûr d'avoir envie d'entamer avec lui.,Ça fait du bruit et je sais qu'il s'installe pour une conversation dont je ne sais pas si je veux avoir avec lui.
"She ought to tell him the whole story, and that Inna was after him toobut she was tired and emotionally drained.","Elle devrait lui raconter toute l'histoire, et lui dire qu'Inna lui en voulait à lui aussi, mais elle était fatiguée et à bout de nerfs.","Ça lui fallait de lui dire l'histoire entière, et que Inna était sur ses trousses, mais elle était fatiguée et émotionnellement épuisée."
"I know that I could get you an interview,"" Drew said with a sympathetic smile.","Je sais que je peux t'obtenir un entretien, dit Drew avec un sourire compatissant.","Ça me semble que je pourrais te faire obtenir une interview, dit Drew avec un sourire sympathique."
It's a lot to swallow.,C'est beaucoup à avaler.,Ça fait mal à la gorge.
"His eyes open, half-lidded with lust, and I lick my bottom lip, sucking it into my mouth and biting it before I stretch my tongue out to taste him.","Ses yeux s'ouvrent, mi-clos de désir, et je lèche ma lèvre inférieure, l'aspirant dans ma bouche et la mordillant avant d'étirer ma langue pour le goûter.","Ça fait ouvrir les yeux de l'homme, demi-clos par la lèche, et je lèche mon lèvre inférieure, la suçant et la mordant avant de tendre ma langue pour le goûter."
"""And your glorious fucking arse.""",Et ton putain de cul glorieux.,"Ça fait un an que tu es là, et ton cul glorieux."
His t-shirt rides up to reveal a flat stomach covered in a light dusting of strawberry blonde hair.,Son t-shirt remonte et révèle un ventre plat recouvert d'une légère couche de poils blond vénitien.,Son tee-shirt monte pour révéler un ventre plat recouvert d'un léger poudroi de cheveux roux clair.
"And the rent was cheaper, too.",Et le loyer était moins cher.,"Ça faisait moins cher, aussi."
"""Yes, you did,"" Devyn murmured in agreement with a pointed look at the notes that Andi made last night.","Oui, vous l'avez fait, murmura Devyn en signe d'accord avec le regard pointé sur les notes qu'Andi avait prises la nuit précédente.","Ça va, tu as fait ça, murmura Devyn d'accord avec un regard pointu vers les notes que Andi avait faites la veille."
Good thing her fantasies didn't beam out of the top of her head and project onto the ceiling.,Heureusement que ses fantasmes ne sortaient pas de sa tête pour se projeter au plafond.,Ça lui aurait été bien plus difficile.
And then he withdrew.,Et puis il s'est éloigné.,Et il se retira.
"""Yes, since you set me up with nightly play dates.""","Oui, puisque tu m'as arrangé des créneaux de rendez-vous nocturnes pour que je m'amuse.","Ça va, depuis que tu m'as mis en couple avec des rendez-vous nocturnes."
The wind gusted and showered them with a spray of misty rain.,Le vent souffla en rafales et les aspergea d'une pluie fine.,Le vent s'agita et les arrosa d'une brume de pluie.
"""I don't think he's a guard.",Je ne pense pas que ce soit un gardien.,Je ne pense pas qu'il soit un gardien.
"""You can't dive in Kansas unless you're planning on diving corn plants.""","On ne peut pas plonger au Kansas, à moins d'avoir l'intention de plonger dans des champs de maïs.","Ça ne fait pas de bon, de plonger au Kansas, sauf si vous avez l'intention de plonger dans les plantes de maïs."
"Mari climbed the stairs, disappearing for a moment on the other side of the dunes.","Mari monta les escaliers, disparaissant un instant de l'autre côté des dunes.","Mari grimpa les escaliers, disparaissant pendant un instant de l'autre côté des dunes."
His attention had been on her and no one else.,Son attention s'était portée sur elle et sur personne d'autre.,Son attention était sur elle et sur personne d'autre.
"?"" He asks.",demande-il.,Ça ?
"For a moment, Devyn considered taking a look at the notebook on the couch next to her to find out what she was working on, only to decide against it since that would probably end with him feeling like the biggest asshole alive when that bottom lip started trembling and she sadly mumbled, ""My notebook.""","Pendant un instant, Devyn envisagea de jeter un coup d'œil au carnet posé sur le canapé à côté d'elle pour savoir sur quoi elle travaillait, mais il décida de ne pas le faire parce qu'il finirait probablement par se sentir comme le plus grand connard lorsque sa lèvre inférieure se mettrait à trembler et qu'elle marmonnerait tristement : ""mon carnet.""","Ça durait un instant, Devyn considéra prendre un coup d'œil au cahier sur le canapé à côté d'elle pour voir ce qu'elle travaillait, avant de décider de ne pas le faire, car ça finirait probablement par le faire sentir comme le plus grand con vivant lorsque son lèvre inférieure commença à trembler et qu'elle marmonna tristement :"
"""I didn't know you made a habit of riding out storms.""",Je ne savais pas que tu avais l'habitude de traverser les tempêtes.,Ça m'était inconnu que tu faisais l'habitude de passer les tempêtes.
"""I don't know,"" she said, raising her voice over the sound of the water.","Je ne sais pas, dit-elle en élevant la voix au-dessus du bruit de l'eau.","Ça, je ne sais pas, dit-elle, levant la voix au-dessus du bruit de l'eau."
"""Then you should probably answer quickly,"" he said, not really looking all that concerned that she was about to create a memory that neither one of them would ever forget.","Alors, tu devrais probablement répondre rapidement, dit-il, ne semblant pas vraiment préoccupé par le fait qu'elle était sur le point de créer un souvenir que ni l'un ni l'autre n'oublierait jamais.","Ça veut dire que tu devrais répondre rapidement, dit-il, sans vraiment paraître trop inquiet qu'elle allait créer une mémoire qu'ils ne oublieront jamais."
"""I'd just found out my little sister has cancer!"" The teen screams, startling the room.",Je viens d'apprendre que ma petite sœur a un cancer !,"Ça, je viens de découvrir que ma petite sœur a le cancer !"
Dyer is unreasonably handsome.,Dyer est d'une beauté démesurée.,Dyer est trop beau.
"Hoping that this would be quick, Andi opened the door only to find a large man standing in the hallway.","En espérant que ce serait rapide, Andi ouvrit la porte et trouva un homme imposant qui se tenait dans le couloir.","Ça devrait être rapide, pensa Andi en ouvrant la porte, mais il y avait un homme de taille imposante dans le couloir."
"""If you stay, I do too.","Si tu restes, je reste aussi.","Ça va, si tu restes, je reste aussi."
"He swipes at it, but another soon takes its place.","Il l'essuie, mais une autre prend rapidement sa place.","Ça se déplace, mais un autre le remplace rapidement."
"Besides, it gives me time to think.","Et puis, ça me laisse le temps de réfléchir.",Ça me donne du temps pour penser.
"His grip on me is light, but it burns hot.","Son emprise sur moi est légère, mais elle est brûlante.","Ça me prend doucement, mais il brûle."
"""You have to admit, it was a smart move to blame me.",Tu dois admettre que c'était une bonne idée de m'accuser.,"Ça fait bien, tu dois admettre que c'était une bonne idée de me blâmer."
"When I first landed on America's shores, I'd had high hopes of becoming a music journalist.","Lorsque j'ai débarqué sur le sol américain, j'avais le grand espoir de devenir journaliste musical.","Ça fait déjà longtemps que je suis arrivé sur les rivages américains, et j'avais de grandes ambitions de devenir journaliste musical."
"I snatch up the rest of my things, and then I walk out of  John's bedroom.",Je ramasse le reste de mes affaires et je sors de la chambre de John.,"Je ramasse le reste de mes affaires, puis je quitte la chambre de John."
"But if he does, then he'll see how desperately I want him to do just that.","Mais s'il le fait, il verra à quel point j'ai désespérément envie qu'il le fasse.","Ça ne veut pas dire qu'il ne le fera pas, mais s'il le fait, il verra à quel point je veux qu'il le fasse."
"He's such a sweetheart, so tender and gentle, and yet so powerful.","Il est si gentil, si tendre et si doux, et pourtant si puissant.","Ça fait si bien, il est si doux, si tendre et si doux, et pourtant si puissant."
He remembered how much he loved the ocean before the accident.,Il se souvient à quel point il aimait l'océan avant l'accident.,Ça lui rappelait à quel point il aimait l'océan avant l'accident.
You would have been collateral damage if I hadn't been able to rescue you.,Tu aurais été un dommage collatéral si je n'avais pas pu te sauver.,Ça aurait été une conséquence collatérale si je n'avais pas pu te sauver.
"They look rather cozy, actually.","Ils ont l'air plutôt sympathiques, en fait.","Ça a l'air assez confortable, en fait."
Like he's using me to test waters he's been afraid to swim in for whatever reason.,Comme s'il m'utilisait pour tester des eaux dans lesquelles il a peur de nager pour une raison ou une autre.,"Ça me semble qu'il utilise mon amour pour tester les eaux qu'il a peur de nager, pour quelque raison que ce soit."
Her mouth barely moved as she spoke.,Sa bouche bougeait à peine lorsqu'elle parla.,Son bouche ne bougeait que très peu lorsqu'elle parlait.
"""Right now, Roman Palms is renting their ballroom space for the Winter Wonderland and a few other low attendance events at a fraction of the price because it's easier, but it's costing them in the long run,"" Andi explained as he took the iPad from her and swiped through the file, taking a closer look at the numbers.","En ce moment, Roman Palms loue sa salle de bal pour le Winter Wonderland et quelques autres événements peu fréquentés à une fraction du prix normal parce que c'est plus facile, mais ça leur coûte cher à long terme, expliqua Andi en lui prenant l'iPad et en parcourant le fichier, examinant les chiffres de plus près.","Ça fait du bien, mais ça coûte cher, expliqua Andi en prenant l'iPad à elle et en faisant glisser la page, s'attardant à l'examen des chiffres."
I don't have complete control over my body at the moment.,Je n'ai pas le contrôle total de mon corps en ce moment.,Je n'ai pas le contrôle complet de mon corps en ce moment.
"You act like you know him.""",Tu agis comme si tu le connaissais.,Ça va comme si tu le connaissais.
The Hollywood Hearts Series:,La série Hollywood Hearts :,La série Hollywood Hearts :
"The room fills up rapidly around us, its dark walnut tables wobbling under the weight of glasses, dishes, and errant elbows.","La salle se remplit rapidement autour de nous, les tables en noyer sombre vacillent sous le poids des verres, de la vaisselle et des coups de coude.","La pièce se remplit rapidement autour de nous, ses tables en noyer sombre tremblant sous le poids de verres, de plats et d'épaules errantes."
But she didn't say that.,Mais elle n'avait pas dit ça.,"Ça, elle ne l'a pas dit."
"Of course, he'd keep it all for himself.","Bien sûr, il garderait tout pour lui.",Ça va sans dire qu'il garderait tout pour lui.
"""Yeah,"" he grunts into my neck.","Oui, grogne-t-il dans mon cou.","Ça va, grommelle-t-il dans mon cou."
It was all you could do when the air ran out.,C'est tout ce qu'on peut faire quand il n'y a plus d'air.,Ça était tout ce que tu pouvais faire quand l'air s'était épuisé.
And then he's racked by a choking sob that takes him to his knees.,Puis un sanglot étouffé le fait tomber à genoux.,Et il est frappé par un gémissement qui le fait tomber à genoux.
"Maybe tomorrow if there isn't much damage from the weather.""",Peut-être demain s'il n'y a pas trop de dégâts,Ça pourrait être demain si le temps est clément.
I'll take him as a faux pirate since the real ones need baths and a dentist anyway.,Je le considérerai comme un faux pirate puisque les vrais ont de toute façon besoin d'un bain et d'un dentiste.,"Ça fait un faux pirate, car les vrais en ont besoin d'un bain et d'un dentiste."
"Wait until my mother hears about you trying to kill me.""",Attends que ma mère apprenne que tu as essayé de me tuer.,Ça vaudra à toi de patienter jusqu'à ce que ma mère apprenne que tu as essayé de me tuer.
"He'd gone years without touching a woman, but the thought of going even one day without touching her...","Il avait passé des années sans toucher une femme, mais l'idée de passer ne serait-ce qu'un jour sans la toucher...","Ça faisait des années qu'il ne touchait pas de femme, mais l'idée de passer un jour sans la toucher..."
"His are dark, darker than I've ever seen them, the pupils completely blown.","Les siens sont sombres, plus sombres que je ne les ai jamais vus, les pupilles complètement dilatées.","Ça fait des années que je ne les ai pas vus aussi sombres, les pupilles complètement dilatées."
"I've never ordered your pimento cheese, but it tastes different than what I've had before.""","Je n'ai jamais commandé ton fromage pimenté, mais il a un goût différent de ceux que j'ai déjà mangé.","Ça fait longtemps que je n'ai pas commandé de fromage pimenté, mais il a un goût différent de ce que j'ai déjà goûté."
It's the question glaring at me from the top of my screen.,C'est la question qui m'interpelle en haut de mon écran.,Ça est la question qui me regarde de haut de mon écran.
"""Why do I have a feeling that this is about more than just a job?""",Pourquoi ai-je l'impression qu'il s'agit de bien plus qu'un simple travail,Ça me donne l'impression que ce n'est pas juste un travail.
"""Let's get the last window on this side done.",Nous allons terminer la dernière fenêtre de ce côté.,Ça fait un moment que je veux faire la fenêtre de la dernière pièce.
"A flash of a distant transformer going, and then memories burned in his stomach like a whirlpool.","Un éclair venant d'un transformateur lointain qui se mettait en marche, puis des souvenirs brûlèrent dans son l'estomac comme un tourbillon.","Ça faisait un flash, un transformateur à distance s'éteignait, puis des souvenirs brûlaient dans son estomac comme un tourbillon."
"The strong flame flickered in his sight, the remnants of his tears making halo rainbows around the flame.","La forte flamme vacilla sous ses yeux, les restes de ses larmes formant des arcs-en-ciel autour de la flamme.","L'étincelle de feu se faufilait dans son champ de vision, les restes de ses larmes formant des arcs-en-ciel autour de la flamme."
"""Luke was about seven, I think.","Luke avait environ sept ans, je crois.","Ça faisait environ sept ans, je pense."
"The little place felt more like a home than anywhere she'd lived, and she wasn't ready to leave it behind.","Ce petit endroit ressemblait plus à un foyer que n'importe quel autre endroit où elle avait vécu, et elle n'était pas prête à le laisser derrière elle.","Ça ressemblait plus à un foyer qu'à un endroit où elle avait vécu, et elle n'était pas prête à l'abandonner."
"""I didn't want to delay the project,"" she mumbled sadly only to open her eyes and glare at the man who'd quickly become like a big brother to her over the past year and seemed to really enjoy tormenting her when he muttered, ""Pain in the ass.""","Je ne voulais pas retarder le projet, marmonna-t-elle tristement, avant d'ouvrir les yeux et de fixer l'homme qui était rapidement devenu un grand frère pour elle au cours de l'année écoulée et qui prenait plaisir à la tourmenter en marmonnant : ""Casse-pieds"".","Ça ne me plaisait pas, marmonna-t-elle tristement, avant d'ouvrir les yeux et de l'adresser à l'homme qui avait rapidement devenu comme un grand frère pour elle au cours de l'année écoulée et qui semblait vraiment apprécier de la torturer, en disant :"
"""That's not really an answer,"" Andi said as she carefully slipped her feet back into her shoes.","Ce n'est pas vraiment une réponse, dit Andi alors qu'elle remettait avec précaution ses chaussures.","Ça n'est pas vraiment une réponse, dit Andi en remettant prudemment ses pieds dans ses chaussures."
Where were all the birds?,Où étaient tous les oiseaux ?,"Ça faisait si longtemps qu'il n'y avait plus de vols de papillons, de chauves-souris ou de chats, et où étaient tous les oiseaux ?"
"I'm very, very busy, you know.","Je suis très, très occupé, tu sais.","Ça fait très longtemps que je suis très, très occupé, tu sais."
It was going to be an easy cleanup with no water damage to contend with.,Le nettoyage allait être facile et il n'y aurait pas de dégâts des eaux à déplorer.,"Ça allait être un nettoyage facile, sans dommages causés par l'eau à gérer."
John and I?,John et moi ?,"Ça, c'est John et moi ?"
My parents already thought I was obsessed.,Mes parents pensaient déjà que j'étais obsédé.,Ça faisait déjà penser à mes parents que je me faisais obséder.
A cool wave slid over her feet and her tail throbbed.,Une vague fraîche glissa sur ses pieds et sa queue palpita.,Une vague froide glissa sur ses pieds et sa queue battait.
"She leaned into him, relishing the warmth and safety of his hug.","Elle se pencha vers lui, savourant la chaleur et la sécurité de son étreinte.","Elle s'approcha de lui, jouissant de la chaleur et de la sécurité de son embrassement."
"""But of course you'd be a butterfly.""",Mais bien sûr que tu deviendras un papillon.,Ça va sans dire que tu serais une papillon.
"Before I know it, I've closed the door and grabbed him from behind.","Avant même de m'en rendre compte, j'ai refermé la porte et je l'ai attrapé par derrière.",Ça ne me prend pas longtemps à me fermer la porte et à le prendre par derrière.
I was busy boarding up the windows and closing the storm shutters.,J'étais occupé à barricader les fenêtres et à fermer les volets.,Ça me faisait chaud de fermer les volets et de fermer les fenêtres.
"He's clearly educated, and I've seen his patience in action.",Il est manifestement instruit et j'ai vu sa patience à l'œuvre.,"Ça est clair qu'il est éduqué, et j'ai vu sa patience en action."
"He looked so stressed, Andi thought as she lay there, watching Devyn as he worked on the couch that he'd dragged in here to keep an eye on her because apparently, he had trust issues and-","Il paraissait tellement stressé, pensa Andi alors qu'elle était allongée là, regardant Devyn travailler sur le canapé qu'il avait traîné ici pour garder un œil sur elle parce qu'apparemment, il avait des problèmes de confiance et...","Ça lui donnait tellement l'impression d'être stressé, pensa Andi en se reposant, en regardant Devyn travailler sur le canapé qu'il avait ramené ici pour garder un œil sur elle, car il semblait avoir des problèmes de confiance et..."
Gulls shrieked warnings in the distance.,Des goélands criaient des avertissements au loin.,Les goélands criaient des avertissements à distance.
"She's strong in her convictions, anyone with eyes can see it.","Elle est tient droite dans ses bottes, n'importe qui avec des yeux peut le voir.","Ça fait que sa conviction est forte, et qu'elle est évidente pour tout le monde."
The men didn't need to cross paths.,Les deux hommes n'avaient pas besoin de se croiser.,Les hommes n'avaient pas besoin de se croiser.
It's romantic.,C'est romantique.,Ça est romantique.
"After handing the keys to the valet, Devyn, who kept sending her accusing glares, led her inside the incredibly beautiful hotel lobby.","Après avoir remis les clés au voiturier, Devyn, qui ne cessait de lui lancer des regards accusateurs, la conduisit à l'intérieur du hall de l'hôtel, d'une beauté incroyable.","Après avoir remis les clés au valet, Devyn, qui continuait de la regarder avec des regards accusateurs, la mena à l'intérieur de l'hôtel, dont le hall était incroyablement beau."
Maybe this Patrick was the reason.,Peut-être que ce Patrick en était la raison.,Ça pourrait être le raisonnement de Patrick.
"""I thought you were resting.",Je croyais que tu te reposais.,Ça me semblait que tu reposais.
"He took her mouth in his, taking in the sweetness of her breath and the yielding fullness of her lips.","Il prit sa bouche dans la sienne, profitant de la douceur de son souffle et de la souplesse de ses lèvres.","Il prit sa bouche dans la sienne, respirant la douceur de son souffle et la pleine souplesse de ses lèvres."
"He should give her one last kiss goodbye and head for the door, but...","Il devrait lui donner un dernier baiser d'adieu et se diriger vers la porte, mais...","Ça lui fallait donner un dernier baiser et partir à l'entrée, mais..."
"I can't describe the noise I make, part newborn kitten, part whiny toddler.","Je ne peux décrire le bruit que je fais, on dirait à la fois un chaton nouveau-né et un enfant pleurnichard.","Ça ne se décrit pas, c'est un miaulement de chaton, un gémissement de petit enfant."
"""Are you ready to tell me what happened between you two?""",Es-tu prêt à me dire ce qui s'est passé entre vous deux ?,Êtes-vous prêt à me dire ce qui s'est passé entre vous deux ?
Pterodactyls take up residence in my gut.,Des ptérodactyles s'installent dans mes tripes.,Ça fait des années que des ptérodactyles s'installent dans mon intestin.
"Dizzied, she couldn't separate Chase's licks from his nibbles, and she fell over the edge in one frantic shout.","Étourdie, elle n'arrivait pas à distinguer les coups de langue de Chase de ses mordillements, et elle tomba dans le vide en poussant un cri frénétique.","Ça la déboussolait, elle ne pouvait pas séparer les lézards de Chase des mordillons, et elle tomba à l'abîme dans un cri de détresse."
"Who has time to bake bread anymore?""",Qui a encore le temps de faire du pain ?,Ça fait si longtemps que je n'ai plus le temps de faire du pain ?
"I hold up a hand, hating the fact that it wobbles.","Je lève une main, détestant le fait qu'elle tremble.","Je lève une main, haïssant le fait qu'elle tremble."
"LPs, CDs, and rare box sets, both vinyl and digital.","Des vinyles, des CD et des coffrets rares, tant en vinyle qu'en numérique.","33 tours, CDs et boîtes rares, en vinyle et en numérique."
"""This is Frankie L, and I'm here to take you on a journey.",Je suis Frankie L. et je suis là pour vous faire voyager.,Ça s'appelle Frankie L et je suis là pour vous emmener sur un voyage.
"""While I was taking a look at Roman Palms Hotel's files, I got curious about a few things, mostly about their off-months,"" she began as he took the hint and sat up only to release a small grunt when she climbed between his legs and grabbed the iPad back out of his hands so that she could take over.","Pendant que je jetais un coup d'œil aux dossiers de l'hôtel Roman Palms, j'ai été curieuse de certaines choses, surtout à propos de leurs mois creux, commença-t-elle.","Ça fait que, pendant que je faisais un tour des dossiers du Roman Palms Hotel, j'ai été curieuse de quelques choses, surtout de leurs mois creux, dit-elle, alors qu'il se mit à assister à sa révélation et se redressa, mais il fit un petit grognement lorsqu'elle s'installa entre ses jambes et lui reprendit l'iPad pour prendre le dessus."
"But yeah, I'm pretty sure we're going to end up naked.","Mais oui, je suis presque sûr que nous allons finir nus.","Ça va, je suis assez sûr que nous allons finir nu."
"She'd gotten a little sad, mostly because she'd never known her dad.","Elle s'était sentie un peu triste, surtout parce qu'elle n'avait jamais connu son père.","Ça lui avait fait un peu de tristesse, surtout parce qu'elle n'avait jamais connu son père."
"How'd you get through high school?""",Comment as-tu fait pour survivre les années lycée ?,"Ça va, ça va, ça va, ça va, ça va, ça va, ça va, ça va, ça va, ça va, ça va, ça va, ça va, ça va, ça va, ça va, ça va, ça va, ça va, ça va, ça va, ça va, ça va, ça va, ça va, ça va, ça va, ça va, ça va, ça va, ça va, ça va,"
"""Give me what I want, Frankie,"" John growls.","Donne-moi ce que je veux, Frankie, grogne John.","Ça va, Frankie, dit John, grommelant."
"""That's not what I'm focusing on right now,"" I mutter.","Ce n'est pas ce sur quoi je me concentre en ce moment, murmuré-je.","Ça n'est pas ce que je me concentre sur le moment, murmuré-je."
"He hopped off the barstool and grabbed all the dishes with the finesse of a longtime waiter, stacking everything on his forearm and parading to the kitchen door.","Il sauta du tabouret et attrapa toute la vaisselle avec la dextérité d'un serveur expérimenté, empilant le tout sur son avant-bras et se dirigeant vers la porte de la cuisine.","Ça lui fit sauter du barstool et il attrapa tous les plats avec la finesse d'un serveur expérimenté, les empilant sur son avant-bras et faisant une promenade jusqu'à la porte de la cuisine."
"""Forgot we don't have lights.",J'ai oublié que nous n'avions pas de lumière.,Ça nous est échappé que nous n'avons pas de lumières.
"""I'll..."" I try to swallow and end up coughing.",J'essaie d'avaler ma salive et je finis par tousser.,Ça... je vais... je tente de déglutir et je finis par m'éternuer.
"Looks like you're done.""",On dirait que tu as fini.,Ça semble que tu aies fini.
Doing hurricane prep.,Je prépare l'arrivée de l'ouragan.,Ça fait partie des préparatifs pour une tempête.
"""I..."" I shake my head, trying to laugh off this, whatever it is.","Je secoue la tête, essayant de rire de tout ça, peu importe ce que c'est.","Ça... Je secoue la tête, essayant de rire de tout ça."
He's practically dead on his feet tonight.,Il est pratiquement mort de fatigue ce soir.,Ça fait presque un mort sur les pieds ce soir.
He had to stay strong for her.,Il devait rester fort pour elle.,Ça lui fallait de rester fort pour elle.
"""Trust me, there's nothing wrong with this deal.","Fais-moi confiance, il n'y a rien qui cloche avec ce contrat.","Ça va, il n'y a rien de mal à ce contrat."
"At the first gush of his warm breath on me, I buck hard.","À la première bouffée de son souffle chaud sur moi, je me cabre.","À la première gorgée de son souffle chaud sur moi, je recoil hardi."
"""So?"" She turned to look over the sound at the sun slung low in the sky.",Alors... Elle se tourna pour regarder le soleil bas dans le ciel.,Ça va ? Elle se tourna pour regarder le soleil qui se couchait dans le ciel.
"When John frowns, I continue.","Devant le froncement de sourcils de John, je poursuis.","Quand John fronce les sourcils, je continue."
It's a distraction.,C'est une sacrée distraction.,Ça sert de distraction.
"He's not looking at me, his eyes are trained on the ceiling.","Il ne me regarde pas, ses yeux sont rivés au plafond.","Ça ne me regarde pas, ses yeux sont fixés sur le plafond."
"They walked without talking, Mari whistling what sounded like a mash-up of Jingle Bells and America, the Beautiful, and Chase trying to keep up with her brisk pace.","Ils marchaient sans parler, Mari sifflant ce qui ressemblait à un mélange de Jingle Bells et d'America, the Beautiful, et Chase essayant de suivre son rythme rapide.","Ça marchait sans qu'ils parlent, Mari sifflant ce qui sonnait comme un mash-up de Jingle Bells et de America, the Beautiful, et Chase essayant de tenir le pas avec sa cadence rapide."
"He's been up all night, and it shows.",Il n'a pas dormi de la nuit et cela se voit.,"Ça fait une nuit entière qu'il est à l'affût, et ça le montre."
We've never even exchanged contact information.,Nous n'avons jamais échangé nos coordonnées.,Ça ne nous a jamais permis de nous échanger nos numéros de téléphone.
"It is a lie.""",C'est un mensonge.,Ça fait un mensonge.
"""Hey, John, good to see you again.""","Hé, John, content de te revoir !","Ça va, John, c'est bien de te revoir."
"He set the dishes on the counter, then headed to the bar.",Il posa les plats sur le comptoir et se dirigea vers le bar.,"Il posa les assiettes sur le comptoir, puis se dirigea vers le bar."
Blood dripped onto his shirt.,Du sang coulait sur son tee-shirt.,Le sang s'écoulait sur son tee-shirt.
"If Amelia had survived, then there were lots of part-mer, part-humans out there on Chase's family tree.","Si Amelia avait survécu, c'est qu'il y avait beaucoup de métis de sirènes et d'humains dans l'arbre généalogique de Chase.","Si Amelia avait survécu, il y avait beaucoup de mi-mér, mi-humains sur l'arbre généalogique de la famille de Chase."
"""Oh, no,"" he says, and his laugh is...not bitter, it's a laugh of disbelief.","Oh, non ! dit-il, et son rire n'est pas amer, c'est un rire d'incrédulité.","Ça, non, dit-il, et son rire est... pas amère, c'est un rire de désespoir."
I often wonder if she's got hidden cameras.,Je me demande souvent si elle a des caméras cachées.,Ça me fait souvent penser qu'elle a des caméras cachées.
"So much wind.""",Il y a tellement de vent.,Ça fait si fort vent.
"""I was almost killed by a tourist attraction.""",J'ai failli être tuée par une attraction touristique.,"Ça m'a presque tué, une attraction touristique."
"Within seconds, his gaze went from panicked to determined.","En quelques secondes, son regard passa de la panique à la détermination.",Ça ne lui avait pas fallu plus de quelques secondes pour passer de paniqué à déterminé.
"In fact, he looks like he hasn't slept since primary school.","En fait, on dirait qu'il n'a pas dormi depuis l'école primaire.",Ça fait en fait l'air qu'il n'ait pas dormi depuis l'école primaire.
"""Sure, there's a balcony just off the guest bedroom.""","Bien sûr, il y a un balcon dans la chambre d'amis.","Ça va, il y a un balcon juste à côté de la chambre des invités."
"In the meantime, I try to stick to mornings at the school district.""","En attendant, j'essaie de m'en tenir aux matinées à l'école...",Ça me donne le temps de me concentrer sur les matins à l'école.
"Step by step, he drew closer.","Pas à pas, il se rapprocha.","Ça de pas en pas, il s'approchait de lui."
"There are stars behind my eyes, and a whirring sound in my ears, followed by pounding in my ribcage.","J'ai des étoiles derrière les yeux et un bourdonnement dans les oreilles, suivi d'un martèlement dans la cage thoracique.","Ça fait des étoiles derrière mes yeux, un bruit de tourbillon dans mes oreilles, suivi d'un battement de cœur dans ma poitrine."
Wasn't that the legend?,N'est-ce pas ce que disait la légende ?,Ça faisait partie de la légende ?
"""I enjoy those things,"" he says, a frown over his beautiful eyes.","J'aime ces instants-là, dit-il en fronçant les sourcils.","Ça me plaît, dit-il, un froncement de sourcils sur ses beaux yeux."
"""So, I couldn't help but notice that there was a lovely hotel on the way here,"" Andi pointed out, already reaching for her phone.","Je n'ai pas pu m'empêcher de remarquer qu'il y avait un bel hôtel sur le chemin, souligna Andi, en attrapant déjà son téléphone.","Ça m'a fait remarquer que j'avais vu un beau hôtel sur le chemin, dit Andi, déjà en train de prendre son téléphone."
"""I did,"" he readily agreed as he began caressing the back of her hand with his thumb.","C'est vrai, reconnut-il volontiers en commençant à caresser le dos de sa main avec son pouce.","Ça, oui, il répondit rapidement en commençant à caressé le dos de sa main avec son pouce."
She peered out the window and whistled Jingle Bells under her breath.,Elle jeta un coup d'œil par la fenêtre et siffla doucement Jingle Bells.,Elle regarda à travers la fenêtre et siffla discrètement Jingle Bells.
"John toes out of his Skechers and lifts, first one leg, then the other as I strip him of his jeans.","John enlève ses Skechers et soulève d'abord une jambe, puis l'autre, tandis que je le débarrasse de son jean.","John sort de ses Skechers et soulève, d'abord une jambe, puis l'autre, tandis que je lui enlève ses jeans."
"""I'm going to try,"" Nicholas said, his lips twitching with amusement as he helped himself to another slice of bacon.","Je vais essayer, dit Nicholas, ses lèvres se tordant d'amusement tandis qu'il se servait une autre tranche de bacon.","Ça vaudra la peine, dit Nicholas, ses lèvres se plissant de rire alors qu'il prenait une autre tranche de bacon."
"Amelia swam into the still waters, and when she saw Christopher, she lifted her arms like she wanted to board the ship.","Amelia avait nagé dans les eaux calmes, et quand elle avait vu Christopher, elle avait levé les bras comme si elle voulait monter à bord.","Amelia plongea dans les eaux calmes, et lorsqu'elle vit Christopher, elle leva les bras comme s'il s'agissait d'embarquer sur le bateau."
"""...wasn't a homophobic asshat?",... n'était pas un connard homophobe ?,Ça ne faisait pas de toi un putain d'homophobe ?
"""I'll leave you to negotiate that with John,"" Gayle answers as she gathers her things to go.","J'te laisse négocier ça 'vec John, répond Gayle en rassemblant ses affaires pour partir.","Ça, je laisse à John de négocier avec toi, répond Gayle en rassemblant ses affaires pour partir."
That look has me trembling.,Ce regard me fait trembler.,Ça me fait trembler.
"Besides, if anything happens, I'll be right there to keep you safe,"" Travis said as she forced herself to look away from Devyn, wondering what the hell was wrong with her.","De plus, si quelque chose devait arriver, je serai là pour vous protéger, déclara Travis alors qu'elle s'efforçait de détourner le regard de Devyn, se demandant ce qui n'allait pas chez elle.","Ça dit, si quelque chose arrive, je serai là pour te protéger, dit Travis alors qu'elle se forçait à se détourner de Devyn, se demandant ce qu'il se passait en elle."
I don't have to tell him twice.,Je n'ai pas besoin de le lui dire deux fois.,Ça ne me faut pas de le dire deux fois.
"Thunder echoed in the distance and stalks of bright lightning dropped out of the sky near the horizon, momentarily lighting up the surface of the ocean like polished silver.","Le tonnerre résonnait au loin et des éclairs brillants tombaient du ciel près de l'horizon, illuminant momentanément la surface de l'océan comme de l'argent poli.","Le tonnerre échoa à l'horizon et des éclairs lumineux s'abattaient du ciel près de l'horizon, éclairant momentanément la surface de l'océan comme du argent poli."
Seemed like baseball was always on lately.,On aurait dit que le baseball était toujours à l'écran ces derniers temps.,Ça semblait que le baseball était toujours diffusé récemment.
"I hear the tell-tale snick of the cap of a bottle, and then cold liquid drips down my crease.","J'entends le bruit caractéristique du bouchon de bouteille qu'on ouvre, puis un liquide froid coule le long de mon pli.","Ça fait un cliquetis, c'est le bouchon d'une bouteille qui se détache, puis un liquide froid s'écoule dans ma fente."
"Before she could finish the sentence that promised to break the perfection of the moment, he tipped her chin higher and grazed her lips with his.","Avant qu'elle ne puisse terminer la phrase qui promettait de briser la perfection du moment, il lui fit relever le menton et effleura ses lèvres.","Avant qu'elle puisse terminer la phrase qui promettait de rompre la perfection du moment, il élévata le menton et effleura ses lèvres avec les siens."
"The setting sun streamed across the park, casting long shadows of rides onto the empty beach like an invading army of giant insects.","Le soleil couchant traversa le parc, projetant de longues ombres de manèges sur la plage vide, telle une armée envahissante d'insectes géants.","L'après-midi, le soleil s'éteignait au-dessus du parc, projetant de longues ombres des attractions sur la plage déserte, comme une armée d'insectes géants envahissant la plage."
She loved the way the light streaked across his angry eyes like a flash of lightning over a dark sea.,"Elle aimait la façon dont la lumière traversait ses yeux en colère, comme un éclair sur une mer sombre.",Ça lui plaisait de voir la lumière traverser ses yeux en colère comme une éclair de tonnerre sur une mer sombre.
"I'm fuller than I've ever been, stretched and aching with a pleasure I can barely process.","Je n'ai jamais été aussi rempli, étiré et endolori par un plaisir que j'ai du mal à assimiler.","Ça me remplit de plaisir, me tend et me fait avaler une joie que je ne peux que difficilement assimiler."
"""I'm sorry you had to leave a job you loved, the place you grew up,"" I say, and I mean it.","Je suis désolé que tu aies dû quitter un travail que tu aimais, l'endroit où tu as grandi, dis-je, et je le pense vraiment.","Ça me fait peur que tu aies dû quitter un travail que tu aimais, le lieu où tu as grandi, dis-je, et je le dis avec sincérité."
"It's the least I can do.""",C'est le moins que je puisse faire.,Ça fait le moins que je puisse.
Her heart thumped and she whistled the Imperial March from Star Wars.,Son cœur battait la chamade et elle siffla la Marche impériale de La Guerre des étoiles.,Son cœur battait de la peur et elle siffla la marche impériale de Star Wars.
"He lifted her chin and kissed her, his lips pressing against hers in fervent desire.","Il lui souleva le menton et l'embrassa, ses lèvres se pressant contre les siennes dans un désir fervent.","Il leva le menton et l'embrassa, ses lèvres s'accrochant à les siennes avec un désir fervent."
"""I love seeing you wearing that necklace,"" he murmured.","J'aime te voir porter ce collier, murmura-t-il.","Ça me fait plaisir de te voir porter ce collier, murmura-t-il."
"""So, I think I figured it out,"" Andi said, already completely fucking lost in whatever was on the iPad that she'd managed to get her hands on as she rolled onto her back.","Ah, j'ai trouvé, dit Andi, déjà complètement perdue dans ce qu'il y avait sur l'iPad sur lequel elle avait réussi à mettre la main, alors qu'elle se roulait sur le dos.","Ça va, je pense avoir compris, dit Andi, déjà complètement perdue dans ce qui était sur l'iPad qu'elle avait réussi à obtenir, en se retournant sur le dos."
"""We'd better get to work.""",Nous ferions mieux de nous mettre au travail.,Ça fait mieux de travailler.
His voice pours over me like melted chocolate.,Sa voix se déverse sur moi comme du chocolat fondu.,Son voix s'épanche sur moi comme du chocolat fondu.
"I'm sure they made the best decision, given the conditions.""","Je suis sûre qu'ils ont pris la meilleure décision, compte tenu des conditions.","Ça me semble qu'ils ont pris la meilleure décision, compte tenu des conditions."
"I don't know how long we stand in my doorway, but I eventually slip out of his arms and lead him over to the couch.","Je ne sais pas combien de temps nous sommes restés sur le seuil de ma porte, mais j'ai fini par me défaire de son étreinte et je le conduis jusqu'au canapé.","Je ne sais pas combien de temps nous restons debout dans mon portail, mais je finis par sortir de ses bras et le mène jusqu'au canapé."
"""I can't give you what you need.",Je ne peux pas te donner ce dont tu as besoin.,Ça ne me permet pas de te donner ce que tu as besoin.
"""I guess you weren't kidding about the whole birthright thing.""",Je suppose que tu ne plaisantais pas à propos de l'héritage culturel.,Ça veut dire que tu n'as pas joué avec la question du droit de naissance.
"I have the overwhelming urge to kiss him there, and so I do.","J'ai une envie irrésistible de l'embrasser à cet endroit, et c'est ce que je fais.","Ça me donne une impulsion irrépressible pour le baiser là-bas, et je le fais."
"Whether she had hidden it, or he hadn't looked closely enough to see it, he didn't know.","Qu'elle l'ait cachée ou qu'il ne l'ait pas regardée d'assez près pour la voir, il ne le savait pas.","Ça pouvait être qu'elle l'avait caché, ou qu'il n'avait pas regardé de près pour la voir, il ne le savait pas."
I don't think I've ever met anyone so ready to experience joy.,Je crois que je n'ai jamais rencontré quelqu'un d'aussi enclin à éprouver de la joie.,Ça me semble que je n'ai jamais rencontré personne aussi prêt à vivre le plaisir.
Mari leaned over to see.,Mari se pencha pour voir.,Mari se pencha pour voir.
She was always at the hospital.,Elle était toujours à l'hôpital.,Ça faisait toujours partie de son quotidien.
It probably saved me.,Elle m'a probablement sauvé.,Ça m'a probablement sauvé.
"A bit worried about the storm, yeah.""","Je suis un peu inquiète à cause de la tempête, c'est tout.","Ça fait un peu peur de la tempête, oui."
No sign of Inna anywhere.,Aucune trace d'Inna.,Pas de signe d'Inna nulle part.
"He's blinking up at the ceiling, and he's gone quiet.","Il cligne des yeux en regardant le plafond, et il est devenu silencieux.","Ça fait un moment qu'il est en train de cligner les paupières vers le plafond, et il est tombé dans le silence."
"""I'd go for a swim if I didn't worry about all the debris in the water.""",J'irai bien nager si je ne m'inquiétais pas de tous les débris dans l'eau.,Ça me ferait plaisir de me baigner si je ne me souciais pas de tout le débris dans l'eau.
"Can't you get out of the contract?""",Tu ne peux pas rompre ce contrat ?,Ça ne te permet pas de sortir du contrat ?
"Determined to ignore it, she cleared her throat, slapped a smile on her face and watched as Devyn's eyes narrowed on her as he reached over and plucked the phone out of her hand.","Déterminée à l'ignorer, elle se racla la gorge, afficha un sourire et regarda Devyn qui, les yeux rivés sur elle, s'approcha et lui enleva le téléphone des mains.","Ça l'avait déterminée à l'ignorer, elle se frotta la gorge, posa un sourire sur ses lèvres et regarda Devyn qui fixa ses yeux sur elle alors qu'il tendait la main et attrapait le téléphone dans la sienne."
"""More,"" he responds.","Plus, répond-il.","Ça, c'est trop, dit-il."
"""Oh yes, we'll be married.","Oh oui, nous nous marierons.","Ça va, nous serons mariés."
Will there be?,Y en aura-t-il ?,Ça y sera ?
He winced as a streak of pain shot through his face at her touch.,Il grimaça lorsqu'un trait de douleur traversa son visage à son contact.,Ça lui fit grimacer lorsqu'une brève douleur traversa son visage à son contact.
"It only takes one breach, and there'll be water and mess all over the bar.""",Il suffit d'une brèche pour qu'il y ait de l'eau et des dégâts partout dans le bar.,"Ça suffit d'une fuite, et il y aura de l'eau et du brouillard partout dans le bar."
"It's a necessity.""",C'est une nécessité.,Ça est une nécessité.
My focus is on the Big Plates section of the menu until John's voice rumbles across the table.,Je me concentre sur la catégorie des grandes assiettes sur le menu jusqu'à ce que la voix de John retentisse à l'autre bout de la table.,Je me concentre sur la section des Plats de la carte jusqu'à ce que la voix de John traverse la table.
"""We talked about that,"" Andi pointed out as she googled Hillshire Hotels to see how they were holding up after yesterday, only to swallow hard when she saw the first headline.","Nous en avions déjà parlé, fit-elle remarquer, tout en cherchant sur Google ""Hôtels Hillshire"" pour voir comment ils s'en sortaient depuis la veille","Ça a été abordé, remarqua Andi en cherchant les Hôtels Hillshire sur Google pour voir comment ils se portaient après hier, avant de gonfler de honte lorsqu'elle vit la première ligne de l'article."
"He'd never made promises, never offered more than he could give, and it was never anything that he couldn't live without, but God help him, he knew that he'd lose his fucking mind if he had to live without this.","Il n'avait jamais fait de promesses, n'avait jamais offert plus que ce qu'il pouvait donner, et ce n'était jamais quelque chose dont il ne pouvait pas se passer, mais que Dieu lui vienne en aide, il savait qu'il perdrait la tête s'il devait se passer de ça.","Ça ne l'avait jamais fait, il n'avait jamais fait de promesses, il n'avait jamais offert plus qu'il ne pouvait donner, et c'était toujours quelque chose qu'il pouvait vivre sans, mais Dieu l'aide, il savait qu'il perdrait sa tête s'il devait vivre sans ça."
"He reached up and took down the mermaid sun catcher, then set it gently into the box, surrounding it with packing material.","Il tendit le bras et décrocha l'attrape-soleil en forme de sirène, puis le déposa délicatement dans la boîte, en l'entourant de papier bulle.","Ça lui arrivait de s'élever et de prendre le soleil de la pêcheuse, puis il le plaça doucement dans la boîte, l'entourant de matériel de remplissage."
Never knew what I was missing until now.,Je n'ai jamais su ce qui me manquait jusqu'à présent.,Ça m'a toujours échappé jusqu'à ce jour.
"Good-looking, hard-working, and sensitive, he was all that.","Beau, travailleur et sensible, il était tout cela.","Ça lui plaisait, il travaillait dur et il était sensible, il en avait tout."
"He grinned and lowered himself to her, his warm skin setting her afire more.","Il sourit et s'approcha d'elle, sa peau déjà chaude s'enflammant encore plus.","Ça lui fit grimacer et il s'approcha d'elle, sa peau chaude la faisant brûler encore plus."
"""I really don't think that I can do this,"" Andi stressed as she continued taking in the room that they were expected to stay in.","Je ne pense vraiment pas que je puisse le faire, souligna Andi en continuant d'observer la pièce dans laquelle ils sont censés séjourner.","Ça, je ne pense vraiment pas que je puisse le faire, insisté Andi en continuant à absorber la pièce où ils devaient rester."
"""You like me when I'm hard,"" he says, laughing.","Tu aimes quand je suis dur, réplique-t-il en riant.","Ça te plait quand je suis dur, dit-il en riant."
I need to know what's going through that enigmatic head of his.,J'ai besoin de savoir ce qui se passe dans sa tête énigmatique.,Ça me faut pour savoir ce qui passe dans cette tête enigmatique.
"""Are you worried you won't get off the island before the storm hits?""",Tu as peur de ne pas pouvoir quitter l'île avant la tempête ?,Êtes-vous inquiet de ne pas quitter l'île avant que la tempête ne frappe ?
"She'd saved him from death, for goodness sake.","Elle l'avait sauvé de la mort, pour l'amour du ciel.","Ça lui avait sauvé la vie, pour l'amour de Dieu."
"""Which is why I contacted Hillshire Hotels and asked them to send the files again when I let them know that you weren't going to be able to make it to New York to meet with their CEO.",C'est pourquoi j'ai contacté les Hôtels Hillshire pour qu'ils me renvoient une copie des dossiers et leur dire que vous ne pourriez pas vous rendre à New York pour rencontrer leurs PDG.,Ça fait que j'ai contacté les Hôtels Hillshire et j'ai demandé à leur envoyer à nouveau les fichiers lorsque j'ai appris que tu ne pourrais pas arriver à New York pour rencontrer leur PDG.
"He had a good crew.""",Il avait un bon équipage.,Ça faisait une bonne équipe.
She could swim another day.,Elle pourrait nager un autre jour.,Ça lui restait une journée de plus pour nager.
"""It is and it isn't,"" she said, worrying her bottom lip between her teeth, wondering why she couldn't seem to figure out what she wanted.","Ça l'est et ça ne l'est pas, dit-elle, mordillant sa lèvre inférieure entre ses dents, se demandant pourquoi elle n'arrivait pas à comprendre ce qu'elle voulait","Ça l'est et ça ne l'est pas, dit-elle en se frayant la lèvre inférieure entre ses dents, se demandant pourquoi elle ne parvenait pas à se décider à ce qu'elle voulait."
And it's pretty far-fetched.,Et elle est assez farfelue.,Ça est assez improbable.
"Seize this moment and hold it tight because we never know what the next moment's going to bring.""",Saisir ce moment et le serrer fort parce qu'on ne sait jamais ce que le moment suivant va nous apporter.,"Ça fait partie de la vie, s'emparer de ce moment et de le garder ferme parce que nous ne savons jamais quoi attendre du prochain."
"Until that terrible day, he'd always been able to protect his younger brother.","Jusqu'à ce jour terrible, il avait toujours été capable de protéger son jeune frère.","Ça durait depuis toujours, il avait toujours pu protéger son frère cadet."
Looks like it started with Christopher.,On dirait que ça a commencé avec Christopher.,Ça semble commencer par Christopher.
She didn't want him feeling bound to her because she'd saved him or because he was physically attracted to her.,Elle ne voulait pas qu'il se sente lié à elle parce qu'elle l'avait sauvé ou parce qu'il était physiquement attiré par elle.,Ça ne devait pas l'amener à se sentir lié à elle parce qu'elle l'avait sauvé ou parce qu'il était physiquement attiré par elle.
"I'm fucking Johnny like an animal, getting closer to God, using the rhythm of the music to drive us both insane.","Je baise Johnny comme un animal, me rapprochant de Dieu, utilisant le rythme de la musique pour nous rendre tous les deux fous.","Ça me fait faire l'amour à Johnny comme un animal, je me rapproche de Dieu, j'utilise le rythme de la musique pour nous rendre tous les deux fous."
"Inna was waiting, and he didn't like to wait.","Inna attendait, et il n'aimait pas attendre.","Ça faisait attendre Inna, et il ne supportait pas attendre."
"She was surely tired too, but she hadn't complained a bit.","Elle aussi devait sûrement être fatiguée, mais elle ne s'était pas plainte.","Ça lui avait certainement fait fatigue, mais elle n'avait pas fait un seul mot de plaintes."
"He bent his head, and her lips met his with a slow kiss.",Il pencha la tête et ses lèvres rencontrèrent les siennes dans un lent baiser.,Il baissa la tête et ses lèvres se joignirent à la sienne pour un baiser lent.
A large percentage of guests going to the Winter Wonderland in January are only going to kill time and the others are locals just going so that their children can go on the ice slides.,Une grande partie des visiteurs qui se rendent au Winter Wonderland en janvier n'y vont que pour tuer le temps et les autres sont des locaux qui viennent juste pour que leurs enfants puissent faire des glissades sur la glace.,Un grand pourcentage des invités du Winter Wonderland en janvier vont seulement passer du temps et les autres sont des locaux qui vont simplement pour que leurs enfants puissent glisser sur les glissades.
I can't believe I hadn't noticed when the music stopped.,Je ne peux pas croire que je n'ai pas remarqué que la musique s'était arrêtée.,Ça me fait peur de ne pas avoir remarqué que la musique s'était arrêtée.
"And although John isn't technically a virgin, I can't help but feel like I'm about to deflower him.","Et bien que John ne soit pas techniquement vierge, je ne peux m'empêcher de penser que je suis sur le point de le déflorer.","Et bien que John ne soit pas vraiment un vierge, je ne peux m'empêcher de me sentir comme si je l'allais déflorer."
"""Why can't you leave us all alone?",Pourquoi ne pouvez-vous pas nous laisser tranquilles ?,Ça te fait passer ?
"Again, with the stupid.","Encore une fois, c'est stupide.",Ça fait encore un peu de bêtise.
"He believed me for years.""",Il m'a cru pendant des années.,Ça fait des années qu'il m'a cru.
"The only thing I hear is my pounding heart, our mingled breaths, and the snick-snick-snick of...","La seule chose que j'entends, c'est mon cœur qui bat la chamade, nos respirations qui se mélangent et le bruit de...","Ça, c'est tout ce que je peux entendre : mon cœur qui bat de la fureur, nos souffles mélangés et le cliquetis de..."
"Sure, he'd enjoyed swimming in the oceanspent a couple years diving on WWII wrecks for the US Navy.","Bien sûr, il avait aimé nager dans l'océan  il avait passé quelques années à plonger à l'intérieur d'épaves de la Seconde Guerre mondiale pour l'US Navy.","Ça va, il avait aimé nager dans les océans  il avait passé deux ans à plonger sur les épaves de la Seconde Guerre mondiale pour la Marine américaine."
"""Doesn't look like she got the message,"" Lucas said, sounding amused.","On dirait bien qu'elle ne l'a pas compris, rétorqua Lucas avec amusement.","Ça ne semble pas qu'elle ait compris le message, dit Lucas, avec un air amusé."
"""I think some of the other guys plan to come by the bar to help, so I don't have to have you here, but there'll be work if you want it.""","Je pense que d'autres gars ont prévu de venir au bar pour aider, donc tu n'es pas obligé de venir, mais il y aura du travail si tu le veux.","Ça me semble que certains des autres viennent au bar pour aider, donc je ne dois pas avoir besoin de toi, mais il y aura du travail si tu veux."
She shielded her eyes from the bright sun and strained to see if she recognized the dark figure approaching from the northern section of the beach.,Elle se protégea les yeux du soleil et s'efforça de reconnaître la silhouette sombre qui s'approchait de la partie nord de la plage.,Elle se protégea des rayons du soleil et s'efforça de voir si elle reconnaissait la silhouette sombre qui approchait depuis la partie nord de la plage.
"Did you know the 1893 fair in Chicago was the celebration of four hundred years since Columbus landed?""",Savais-tu que la foire de 1893 à Chicago célébrait les quatre cents ans du débarquement de Christophe Colomb ?,Ça te dit que la Foire de 1893 à Chicago était une célébration des quatre cents ans depuis le débarquement de Christophe Colomb ?
"Against his mates' recommendations, he threw the rope ladder over the side and she came aboard.","Contre les recommandations de ses compagnons, il avait jeté l'échelle de corde par-dessus bord et elle était montée à bord.","Ça ne faisait pas de bon, mais il jeta la échelle de sauvetage par-dessus bord et elle monta à bord."
"""Carta Hotels' board has decided after careful consideration that it might be in their best interest to find someone who shares their vision,"" Devyn said, looking lost in thought as he absently drummed his fingertips against the armrest.","Les membres du conseil d'administration des Hôtels Carta ont décidé, après mûre réflexion, qu'il était dans leur intérêt de chercher quelqu'un qui partageait leur vision, dit Devyn semblant perdu dans ses pensées alors que ses doigts pianotaient distraitement sur le l'accoudoir du canapé.","Ça fait un moment que le conseil d'administration des Hôtels Carta a décidé, après une réflexion soigneuse, qu'il pourrait être dans leur meilleur intérêt de trouver quelqu'un qui partage leur vision, dit Devyn, perdu dans ses pensées alors qu'il tapait distraitement ses doigts contre le dossier de l'armoire."
"""I quit!"" she managed to get out before returning to mumbling, ""We're going to die!"" over and over again as she released the cutest fucking sniffles while he did his best to stop fucking smiling.","Elle réussit à dire : ""Je démissionne !"" avant de se remettre à marmonner : ""On va mourir !», encore et encore, en lâchant un reniflement des plus mignons, tandis qu'il faisait de son mieux pour arrêter de sourire.","Ça suffit !, put-elle s'écrier avant de retourner à marmonner : ""Nous allons mourir !"", à chaque instant, tout en libérant les plus adorables gémissements, tandis qu'il faisait de son mieux pour arrêter de sourire."
"How would he tell her that he wanted to stay on the island, wanted to take a chance with her?","Comment allait-il lui dire qu'il voulait rester sur l'île, qu'il voulait tenter sa chance avec elle ?","Ça, comment lui dire qu'il voulait rester sur l'île, qu'il voulait prendre un risque avec elle ?"
"John...I don't know what he's doing, but he is looking at me, and suddenly I feel exposed.","je ne sais pas ce qu'il fait, mais il me regarde, et soudain, je me sens exposé.","Ça fait que je ne sais pas quoi de lui, mais il me regarde, et soudain je me sens exposé."
"I also found the emails and letters from Hillshire Hotels to the fake account that Mr. Anderson set up, informing him of the hotel's dire situation.","J'ai également trouvé les e-mails et les lettres envoyés par les Hôtels Hillshire au faux compte créé par M. Anderson, l'informant de la situation désastreuse de l'hôtel.","Je suis aussi parvenu à trouver les e-mails et les lettres des Hôtels Hillshire adressés au compte faux que M. Anderson avait créé, lui informant de la situation désastreuse du hôtel."
"We'd sometimes grab a bite to eat afterward.""",Nous allions parfois manger un morceau après.,Ça faisait parfois que nous prenions un petit déjeuner après.
"""I assume he felt obligated to finish out his contract as privateer.",Je suppose qu'il s'était senti obligé de terminer son contrat de corsaire.,Ça me semble qu'il s'est senti obligé de terminer son contrat de corsaire.
Of course she could read.,"Bien sûr, qu'elle savait lire.",Ça va sans dire qu'elle pouvait lire.
Too bad diverboy hadn't shown any instalove back.,Dommage que le plongeur n'ait pas eu le coup de foudre en retour.,Ça me fait mal que diverboy n'ait pas montré d'instalove.
Is that heat in his voice?,Y a-t-il de la chaleur dans sa voix ?,Ça y est-il du chaleur dans sa voix ?
"It's a hot day, but inevitably cooler up here than it would be in the city.","Il fait chaud, mais il fait indéniablement plus frais ici qu'en ville.","Ça fait chaud, mais il est inévitablement plus frais ici qu'à la ville."
"""Well, this was fun,"" Andi said brightly with a satisfied sigh as she made her way back to the elevator.","Eh bien, c'était amusant, dit Andi avec un soupir de satisfaction en retournant vers l'ascenseur.","Ça a été amusant, dit Andi avec une voix brillante et un soupir satisfait en retournant vers l'ascenseur."
"""I like you too much, I think.""","Je t'aime trop, je crois.","Ça me plaît trop, je pense."
Even more unusual up in New Bromley.,C'est encore plus rare à New Bromley.,Ça était encore plus inhabituel à New Bromley.
"""We're well equipped for dark, then.""","Nous sommes bien équipés pour la nuit, alors.",Ça veut dire que nous sommes bien équipés pour la nuit.
"He poked at it with a piece of driftwood, trying to see if it had tentacles, but all that was left were stubsmost had been sheared off as the tide brought the jellyfish to shore.""","Il la toucha avec un morceau de bois flotté, essayant de voir si elle avait des tentacules, mais il ne restait que des bouts  la plupart avaient été arrachés quand la marée avait ramené la méduse sur le rivage.","Ça, il l'attaqua avec une branche de bois flottant, essayant de voir s'il avait des tentacules, mais tout ce qui restait étaient des échalotes  la plupart avaient été arrachées lorsque la marée avait amené les méduses sur la plage."
Chase had taken the money and built the bar.,Chase avait pris l'argent et construit le bar.,Chase avait pris l'argent et construit le bar.
"As long as I'm with you, everything will be fine.""","Tant que je serai avec toi, tout ira bien.",Ça ira tant que je serai avec toi.
"""I'll have your name added to the list,"" he promised, making a mental note to put her name on the list if she was still here at the end of the week.","Je ferais ajouter votre nom à la liste, promit-il, en le notant dans un coin de sa tête au cas où elle travaillait encore là d'ici la fin de la semaine.","Ça va être ajouté à la liste, promis-il, se faisant une note mentale pour ajouter son nom à la liste si elle était encore là à la fin de la semaine."
"""Looks like he passed out,"" the guard said.","On dirait qu'il s'est évanoui, dit le garde.","Ça semble qu'il ait perdu connaissance, dit le gardien."
"Not enough places to hide.""",Il n'y a pas assez d'endroits où se cacher.,Ça ne suffit pas pour cacher les choses.
"""You'd be surprised.",Tu pourrais être surpris.,Ça te surprendrait.
John nudges my shoulder when one woman tells me she earned her bachelor's degree listening to me while she studied.,John me donne un coup d'épaule lorsqu'une femme me dit qu'elle a obtenu sa licence en m'écoutant pendant qu'elle étudiait.,Ça fait rire John quand une femme me dit qu'elle a obtenu son bac en l'écoutant tout en étudiant.
Or no shirt.,Ou sans chemise aussi.,"Ça, ou pas de tee-shirt."
"It's as if all the weeks and months of wanting him or trying not to want him, have coalesced into an incessant need.",C'est comme si toutes les semaines et les mois passés à le désirer ou à essayer de ne pas le désirer s'étaient transformés en un besoin incessant.,"Ça semble comme si toutes les semaines et les mois pendant lesquelles je le désirais ou que je ne le désirais pas, se sont concentrées en un besoin incessant."
Too close.,Trop proche.,Ça fait trop près.
I'll hide in the dune grassI want to hear you break his heart.,"Je me cacherai dans les dunes, je veux t'entendre lui briser le cœur.",Ça me fera plaisir de te cacher dans l'herbe des dunes  Je veux te voir casser son cœur.
"He was her boss and she was a complication that he didn't need right now, Devyn reminded himself only to realize that he didn't care.","Il était son patron et elle était une complication dont il n'avait pas besoin en ce moment, se rappela Devyn juste pour se rendre compte qu'il s'en fichait.","Ça faisait partie de son travail et elle était une complication qu'il n'avait pas besoin d'avoir en ce moment, se rappela Devyn, pour réaliser qu'il ne s'en faisait pas."
"""Saturday works.""","Samedi, ça marche.",Ça marche samedi.
He pulled out his razor and cream.,Il sortit son rasoir et sa crème de rasage.,"Ça, c'est un rasoir et un crème."
Appreciate it.,L'apprécier.,Ça me plaît.
"Making a mental note about that for later, he set it aside only to frown when he saw the financial report beneath it.","Il le nota mentalement pour plus tard et la mit de côté, mais fronça les sourcils en voyant le rapport financier qui se trouvait en dessous.","Ça lui fit un mental note pour plus tard, il le déposa à côté de lui, mais il fronça les sourcils lorsqu'il vit le rapport financier sous le rapport sur les ventes."
Inna's head snapped up.,La tête d'Inna se releva d'un coup.,Ça fit lever la tête d'Inna.
The picture was a total diversion.,Le tableau était une véritable diversion.,Ça faisait totalement diversion.
"""Careful,"" he says as I step over the edge.","Attention, dit-il alors que j'enjambe le bord.","Ça va, dit-il alors que je passe à l'extérieur."
"You've taken that thing a million times.""",Tu l'as pris un million de fois.,"Ça, tu l'as pris un million de fois."
"""Just ignore him,"" she said with a conspiratorial wink and smile.","Ignorez-le simplement, dit-elle avec un clin d'œil complice et un sourire.","Ça, ignore-le, dit-elle avec un clin d'œil et un sourire conspirateurs."
All Mine Series:,Série All Mine :,La série All Mine :
How could he consider this?,Comment pouvait-il envisager cela ?,Ça lui était possible ?
"""Since I was the one that introduced you, yes.""","Oui, puisque c'est moi qui vous ai présenté.","Ça fait que je suis le seul à avoir introduit les deux, donc oui."
"""Me too,"" he says and kisses me gently.","Moi aussi, dit-il en m'embrassant doucement.","Ça m'arrive aussi, dit-il en me embrassant doucement."
"And I don't see him again until the air starts to cool, and the leaves begin to change color.",Et je ne l'ai plus revu jusqu'à ce que l'air commence à se rafraîchir et que les feuilles commencent à changer de couleur.,"Ça fait des mois que je ne le vois plus, jusqu'à ce que l'air commence à se refroidir et que les feuilles commencent à changer de couleur."
"""It's a lot of work.""",C'est beaucoup de travail.,Ça fait beaucoup de travail.
"""Clearly, it likes you too.""","Manifestement, tu lui plais aussi.",Ça t'aime aussi clairement.
"In real life, he was better than any fantasy, and things were simply too perfect.","Dans la vraie vie, il était mieux que dans n'importe quel fantasme, et les choses étaient tout simplement trop parfaites.","Ça faisait trop bien, il était meilleur que tout ce qu'il y avait dans ses fantasmes, et les choses étaient trop parfaites."
"""You mean your room,"" Lucas pointed out as Devyn sat there, clenching his jaw as he met his best friend's gaze head-on.","Tu veux dire ta chambre, fit remarquer Lucas alors que Devyn s'asseyait, serrant la mâchoire alors qu'il croisait le regard de son meilleur ami.","Ça veut dire ta chambre, remarqua Lucas alors que Devyn s'assit là, serrant la mâchoire tandis qu'il rencontrait le regard de son meilleur ami."
My patience is thin.,Ma patience a atteint ses limites.,Mon patience est mince.
"Oh gods, how long had he been watching?","Mon Dieu, depuis combien de temps regardait","Ô dieux, combien de temps avait-il regardé ?"
"""And we don't know when the portrait was paintedwhether it was before he disappeared, or afterward, on Amelia's direction.","Et nous ne savons pas quand le portrait a été peint, si c'était avant sa disparition, ou après, sur les instructions d'Amelia.","Ça ne nous dit pas quand le portrait a été peint, ni si c'était avant qu'il disparaisse, ou après, à la demande d'Amelia."
"He raised his gaze to meet hers, and for a moment, ""spend the night"" took on a whole new meaning.","Il leva son regard pour rencontrer le sien et, pendant un instant, ""passer la nuit"" prit une toute nouvelle signification.","Ça faisait un moment que son regard se joignait à la sienne, et pour un instant, ""passer la nuit"" prit un tout nouveau sens."
"""You can spend next Christmas with my family,"" she said with a firm nod as though that settled everything.","Tu peux venir passer le prochain Noël avec ma famille, dit-elle avec un hochement de tête ferme, comme si ça réglait tout.","Ça vaudra pour que tu passes les fêtes de Noël avec ma famille, dit-elle avec un geste ferme, comme si tout était résolu."
"""Ditch the shoes,"" Chase said.","Enlève tes chaussures, dit Chase.","Ça va, jette les chaussures, dit Chase."
He pulled her farther under him.,Il l'attira plus loin sous lui.,Ça l'attira plus loin sous lui.
"""The park, silly.","Le parc, idiot.","Ça, le parc, idiot."
"Christ, out of all the women that he'd sent to lure the bastard, the secretaries, assistants, and that fucking hooker, and the woman that had finally brought him to his knees was a small woman who had no fucking idea what she was getting herself into.","Bon sang, parmi toutes les femmes qu'il avait envoyé pour appâter ce salaud, les secrétaires, les assistantes, et cette putain de prostituée, celle qui l'avait finalement mis à genoux était une petite femme qui n'avait aucune putain d'idée de ce dans quoi elle s'engageait.","Ça, de toutes les femmes qu'il avait envoyées pour attirer ce salaud, les secrétaires, les assistantes, et cette putain de putain, et la femme qui l'avait finalement amené à ses genoux était une petite femme qui n'avait aucune idée de ce qu'elle se faisait."
"That looked confident, didn't it?","Elle avait l'air sûre d'elle, n'est-ce pas ?","Ça avait l'air d'être confiant, n'est-ce pas ?"
"""I'll walk you out.""",Je vais te raccompagner.,"Ça, je te le ferai."
"I want to engage him, to bring back the cheeky inquisitive guy that used to grab lunch with me every other day.","Je veux le faire parler, faire revenir le curieux insolent qui avait l'habitude de déjeuner avec moi tous les deux jours.","Ça me fait envie de l'engager, de ramener le garçon curieux qui prenait de l'assiette avec moi tous les jours."
My skin there is on fire.,"Ma peau, à cet endroit, est en feu.",Ça me brûle la peau.
"""I try to get the early classes, so I can be done by early afternoon.""",J'essaie de prendre les premiers cours pour pouvoir terminer en début d'après-midi.,"Je tente d'avoir les cours du matin, pour être terminé d'ici l'après-midi."
"A butterscotch leather jacket hangs off his frame like it was made for him, and the burgundy button-down he has on underneath makes the copper and red highlights in his beard pop.","Une veste en cuir caramel lui colle à la peau comme si elle avait été conçue pour lui, et la chemise bordeaux qu'il porte en dessous fait ressortir les reflets cuivrés et rouges de sa barbe.","Un gilet en cuir brun-orange est suspendu à son cadre, comme s'il était fait pour lui, et le chemisier burgundy qu'il porte sous le gilet met en valeur les reflets rouge-orangé de sa barbe."
Then sing her heart out.,Puis chanter à tue-tête.,"Ça, chante-toi le cœur."
At least I try to.,"Du moins, j'essaie.",Ça fait du moins un effort.
"Too many times, he'd stopped himself.","Trop de fois, il s'en était empêché.",Ça lui était arrivé trop souvent de s'arrêter.
"It's not my smile, so I tamp down my jealousy.","Ce n'est pas mon sourire, alors j'étouffe ma jalousie.","Ça n'est pas mon sourire, alors je réprime mon jalousie."
"Oh, and you make soup.","Oh, et tu fais de la soupe.","Ça, et tu fais de la soupe."
"Dyer rolls his lips inward as I eye him, and I can't help but poke at him.","Les lèvres de Dyer se retroussent quand je le regarde, et je ne peux pas m'empêcher d'insister.","Dyer roule ses lèvres vers l'intérieur alors que je l'observe, et je ne peux m'empêcher de le piquer."
"Clearing his throat uncomfortably, Thomas Brandon, assistant manager of the Carta Castle Hotel, said, ""He quit.""","Se raclant la gorge, Thomas Brandon, directeur adjoint de l'hôtel Carta Castle, déclara :","Ça fait mal, dit Thomas Brandon, adjoint au directeur de l'Hôtel Carta Castle, ""il a démissionné."""
"""As soon as possible.""",Dès que possible.,Ça va être bientôt.
His eyes no doubt follow John around the room just as mine do.,"Ses yeux suivent sans doute John dans la pièce, tout comme les miens.","Ça fait sans doute que ses yeux suivent John dans la pièce, comme les miens le font."
"Based on what they'd said, he'd been hoping that she would be able to quickly adapt to her new role, but so far, it wasn't working out.","En se basant sur ce qui lui avait été dit, il espérait qu'Andi s'adapterait rapidement à son nouveau poste ;","Ça se passait comme ça, car elle avait dit qu'elle allait rapidement s'adapter à son nouveau rôle, mais jusqu'à présent, cela ne fonctionnait pas."
"""Analog is so much warmer than digital,"" I say.","L'analogique est tellement plus chaleureux que le numérique, dis-je.","Ça fait si chaud, dit-je."
"""I loved my mother.",J'aimais ma mère.,"Je t'aime, mère."
That had been met with a horrified look and a slight trembling of her bottom lip that had him quickly promising never to touch her notebook again.,Ça lui avait valu un regard horrifié et un léger tremblement de sa lèvre inférieure qui avait rapidement fait promettre à Devyn de ne plus jamais y toucher.,"Ça lui avait valu un regard horrifié et un léger tremblement de sa lèvre inférieure, ce qui l'avait amené à promettre de ne plus jamais toucher son carnet."
"He'd been given two years to turn this mess around, and so far, he'd been able to surpass every expectation, but now that his contract was set to expire in a few months, Devyn was having a hell of a time getting anything done with every assistant that he hired quitting and making his life a hell of a lot harder than it needed to be.","mais maintenant que son contrat allait expirer d'ici quelques mois, Devyn peinait beaucoup à faire avancer les choses, toutes ses assistantes qui démissionnaient lui rendait la vie beaucoup plus difficile qu'elle n'aurait dû l'être.","Ça faisait deux ans qu'il avait été donné deux ans pour redresser la situation, et il avait réussi à dépasser toutes les attentes, mais maintenant que son contrat expirait dans quelques mois, Devyn avait du mal à faire quelque chose, car chaque assistante qu'il embauchait quittait et rendait sa vie bien plus difficile qu'elle ne devait l'être."
Better to get the evening over with and worry about the bar tomorrow.,Il valait mieux en finir avec cette soirée et se préoccuper du bar demain.,Ça vaut mieux que de passer la soirée à se soucier de la baraque et de se préoccuper de la baraque demain.
"The slightest of pulls from his hand on my nape has me leaning down to him, but he stops my descent before I can touch my lips to his.","La moindre traction de sa main sur ma nuque me fait me pencher vers lui, mais il arrête ma descente avant que je ne puisse toucher ses lèvres.","Ça ne fait qu'un léger tir de sa main sur ma nuque, mais il me fait arrêter ma descente avant que je ne puisse toucher mes lèvres à la sienne."
"Dyer's right, I haven't spoken to him, or anyone, about what's happening between John and me.","Dyer a raison, je ne lui ai pas parlé  ni à personne d'ailleurs  de ce qui se passe entre John et moi.","Ça va, Dyer a raison, je n'ai pas parlé à personne de ce qui se passe entre John et moi."
"""And you have to tell him you don't love himnever did.""","Et tu dois lui dire que tu ne l'aimes pas, que tu ne l'as jamais aimé.",Ça veut dire que tu dois lui dire que tu ne l'aimes pas  tu n'en aimes pas.
"Slowly, I turn my head.","Lentement, je tourne la tête.",Je tourne lentement la tête.
"John's words should make me feel better, but they don't.","Les mots de John devraient me rassurer, mais ce n'est pas le cas.","Ça devrait me faire mieux, mais non."
"She'd wanted to ask him why he'd gotten it, since she first saw it after Luke's death, but it seemed like such an intimate question.","Elle avait voulu lui demander pourquoi il se l'était fait faire, depuis qu'elle l'avait vu pour la première fois après la mort de Luke, mais la question lui avait semblé si intime.","Ça lui avait fait envie de lui demander pourquoi il l'avait acheté, car elle l'avait vu pour la première fois après la mort de Luke, mais elle avait trouvé la question trop intime."
Quiet time?,Du temps calme ?,Ça fait du temps que tu es calme ?
Anger darkens the green of his eyes from emerald to forest.,La colère assombrit le vert de ses yeux qui passent de l'émeraude à la forêt.,"L'anger obscurcit le vert de ses yeux, de l'émeraude à celui du bois."
He didn't know.,Il ne savait pas.,Ça ne lui disait rien.
"""Don't speak to my daughter with disrespect.",Ne manqua pas de respect à ma fille.,Ne parle pas à ma fille avec dédain.
Nine Inch Nails fills my head.,Nine Inch Nails remplit ma tête.,9 Inch Nails remplit ma tête.
"I feel the flood of warmth and wet surround my cock as I pulse, spilling into the condom.","Je sens le flot de chaleur et d'humidité entourer ma bite alors que je pulse, me déversant dans le préservatif.","Je sens la chaleur et la humidité envahir mon coche lorsque je pulsé, jetant mon sperme dans le préservatif."
This wasn't just about sex.,Il ne s'agissait pas seulement de sexe.,Ça n'était pas juste une question de sexe.
"Instead, he fucked off to God knows where.","Au lieu de cela, il s'est barré Dieu sait où.","Ça, c'est qu'il s'est enfui à Dieu sait où."
"He'd better switch to the cheaper stuff soon, or he'd regret drinking up his reserve stash.","Il ferait mieux de passer bientôt aux bouteilles moins chères, sinon il regretterait d'avoir épuisé sa réserve.","Ça lui faudrait bien passer à la bonbane, sinon il regretterait de boire sa réserve."
But it's a peaceful walk that not many people know about.,Mais c'est une promenade paisible que peu de gens connaissent.,Ça fait une promenade paisible que peu de gens connaissent.
You got a fucking virgin!,Tu as un putain de puceau !,"Ça va, tu as un putain de vierge !"
"Swallowing hard, he listened as Andi quietly tiptoed throughout the small apartment, shutting lights off as she went and then-","Déglutissant, il écouta Andi marcher sur la pointe des pieds dans le petit appartement, éteignant les lumières au fur et à mesure, puis...","Çaillant, il écouta Andi se glisser en silence dans l'appartement, éteignant les lumières à mesure qu'elle avançait, puis..."
"Wherever you go, I'll be watching you.","Où que tu ailles, je te surveille.","Ça ne fait aucun mal où tu vas, je te regarderai."
"""Right now, I'm occupied with these eight.""","Pour l'instant, je suis occupé par ces vingt centimètres là.","Ça, je me préoccupe de ces huit."
"He slammed her against the covered window, pressing his body against the length of hers.","Il la plaqua contre la fenêtre barricadée, pressant tout son corps contre le sien.","Il la frappa contre la fenêtre couverte, pressant son corps contre la longueur de la sienne."
That's worth celebrating.,Cela vaut la peine d'être célébré.,Ça vaut une fête.
The tattoo that marked her as mermaid.,Le tatouage qui la marquait comme sirène.,L'encre qui la marquait comme sirène.
The deep-blue sky burst with hints of orange where the sun hung low in the west.,Le ciel d'un bleu profond se teintait d'orange là où le soleil était bas à l'ouest.,Le ciel bleu profond se fendait de reflets orangés où le soleil se couchait à l'ouest.
Like they had a connection beyond the present.,Comme s'ils avaient une connexion au-delà du présent.,Ça faisait comme s'ils avaient une connexion au-delà du présent.
I scroll down and find one story that has a video.,Je fais défiler l'écran et trouve un article avec une vidéo.,Je descends et trouve une histoire qui a un vidéo.
"The muscle tenses under my palm, and I drop my arm to my side, sighing inwardly.",Le muscle se crispe sous ma paume et je laisse tomber mon bras sur le côté en soupirant intérieurement.,"L'muscle se tend sous ma paume, et je laisse tomber mon bras à côté de moi, soupirant à l'intérieur."
"""I need one more thing,"" Chase said.","J'ai besoin d'une dernière chose, dit Chase.","Ça me manque d'une chose, dit Chase."
"Their cousins, the Sirens, sang a song and trapped a man.","Leurs cousines, les harpies, chantaient une chanson pour piéger les hommes.","Ça fait des années que leurs cousines, les Sirènes, chantaient une chanson et piégeaient un homme."
"""Look at me, Mari,"" he said, squeezing her knee.","Regarde-moi, Mari, dit-il en lui pressant le genou.","Ça me regarde, Mari, dit-il en lui pressant le genou."
One thing was for certain.,Une chose était sûre.,Ça faisait certain.
"""No, the regular had a family emergency.""","Non, le DJ habituel a eu une urgence familiale.","Non, le régulier avait une urgence familiale."
Who in the twenty-first century doesn't Google someone after meeting them?,"Qui, au vingt-et-unième siècle, ne cherche pas quelqu'un sur Google après l'avoir rencontré ?","Ça fait partie du jeu, n'est-ce pas ?"
"Unless there's a ghost tattoo artist around the island, I swear I don't know where these tattoos keep coming from.""","A moins qu'il n'y ait un tatoueur fantôme sur l'île, je jure que je ne sais pas d'où viennent ces tatouages.","Ça ne peut pas être un tatoueur fantôme qui se trouve sur l'île, je jure que je ne sais pas d'où viennent ces tatouages."
"I can't move, don't want to, and John seems content to have me covering him.","Je ne peux pas bouger, je n'en ai pas envie, et John semble satisfait que je sois sur lui.","Ça me fait mal, je ne veux pas bouger, et John semble satisfait de me voir le couvrir."
"As his skin heats, his earthy musk hits my senses, making my mouth water.","Au fur et à mesure que sa peau se réchauffe, son odeur de musc et de terre s'impose à mes sens et me met l'eau à la bouche.","Ça fait chauffer sa peau, son musc terreux me parvient, me faisant saliver."
"I was unhappy.""",J'étais malheureux.,Ça m'avait rendu malheureux.
LOCAL HIGH SCHOOL TEACHER ARRESTED ON SUSPICION OF SEX WITH STUDENT,UN ENSEIGNANT D'UN LYCÉE LOCAL ARRÊTÉ POUR SUSPICION DE RELATIONS SEXUELLES AVEC UNE ÉLÈVE,Un professeur d'un lycée local a été arrêté sur suspicion de relations sexuelles avec un élève
"""What's this?"" I ask, removing the paper, though I already know.","demandé-je en retirant le papier, bien que je le sache déjà.","Ça, qu'est-ce que c'est ?"
"""Oh, you mean he'd tell you his moods.",Tu veux dire qu'il te disait son humeur.,Ça veut dire qu'il te dirait ses humeurs.
"When I call Dyer and ask him to sit in on my shift, he only hesitates for a moment before agreeing.","Lorsque j'appelle Dyer pour lui demander de me remplacer, il hésite un instant avant d'accepter.","Quand je contacte Dyer et lui demande de venir me remplacer, il hésite un instant avant d'accepter."
"He stood, dabbing his eye with the ice pack.",Il se leva et se tamponna l'œil avec la poche de glace.,"Ça se passe, il se leva et s'essuya l'œil avec le sac à glace."
"Why is it suddenly hot out here, has summer returned in the last hour or so?","Pourquoi fait-il soudain chaud ici, l'été serait-il revenu depuis une heure ?","Ça fait subitement chaud ici, l'été est-il revenu dans les dernires heures ?"
"This time, Travis led her through the large hole in the side of the ship, making her smile as she watched yellow, orange, and blue fish race out the other side, following Travis as he made his way back up to the surface and-","Cette fois, Travis la fit passer à travers le grand trou sur le flanc du navire, la faisant sourire en regardant des poissons jaunes, oranges et bleus sortir de l'autre côté, suivant Travis alors qu'il remontait à la surface et...","Ça faisait rire Travis, qui la menait à travers la grande brèche dans le côté du navire, alors qu'elle regardait des poissons jaunes, oranges et bleus s'enfuir de l'autre côté, suivant Travis qui remontait à la surface et..."
"He follows them down to the floor and helps me step out of, first my Vans sneakers, and then the denim.","Il le suit jusqu'au sol et m'aide à enlever d'abord mes baskets Vans, puis le jean.","Ça va, je les suivrai jusqu'au sol et je te ferai sortir, d'abord mes sneakers Vans, puis mon denim."
"""Shut up, woman.""","Tais-toi, femme.","Ça suffit, femme."
"She was going to spend the rest of her life telling herself that it was good enough, she thought, deciding that definitely earned another heartfelt sigh.","Elle allait passer le reste de sa vie à se dire que c'était suffisant, pensa-t-elle, décidant que ça valait bien un autre soupir du fond du cœur.","Ça allait lui servir de base pour le reste de sa vie, pensait-elle, décidant qu'elle méritait un autre soupir sincère."
"And then, after finally accepting the painful realization that I'll never see the man again, it sure is a shock to the system when he walks into Nicki's house during her annual fall mixer.","Et puis, après avoir finalement accepté la dure réalité que je ne reverrai jamais cet homme, ça m'a fait un vrai choc lorsqu'il entre dans la maison de Nicki lors de sa soirée annuelle d'automne.","Et puis, après avoir enfin accepté la réalisation douloureuse que je ne le verrai plus, c'est une véritable surprise pour le système lorsqu'il entre dans la maison de Nicki lors de son mélange annuel d'automne."
He spoke her thoughts aloud.,Il exprima ses pensées à voix haute.,"Ça lui passait par la tête, il le disait."
He'd thought about that a lot and just how badly he wanted to do it again.,Il avait souvent repensé à cela et à quel point il avait envie de le refaire.,Ça lui était souvent passé par la tête et à quel point il voulait le faire encore.
"And this nightmare will be over.""",Et ce cauchemar sera terminé.,Ça va finir.
"She stared at him as he tried to maneuver partway down the sand-covered stairs, and his pulse raced at the scrutiny.","Elle le dévisagea alors qu'il tentait de descendre les marches couvertes de sable, et son pouls s'accéléra à l'examen minutieux de la situation.","Ça lui faisait peur de la regarder alors qu'il essayait de descendre à mi-hauteur des marches recouvertes de sable, et son pouls s'accélérait sous son regard."
"Still, I can't say I'm not disappointed that we won't be strolling hand-in-hand through the fair.","Pourtant, je ne peux pas dire que je ne suis pas déçu que nous ne nous promenions pas main dans la main à travers la foire.",Ça ne veut pas dire que je ne suis pas déçu de ne pas pouvoir promener la main dans la main à travers le marché.
The day had been a cacophony of noises from wind to Inna to rain to cheesy music.,"La journée avait été une cacophonie de bruits, du vent à Inna, de la pluie à la musique ringarde.","Ça avait été un cacophonie de bruits, du vent aux cris d'Inna, de la pluie à la musique câline."
"Aren't those reasons enough?""",Ces raisons ne sont-elles pas suffisantes ?,Ça ne suffit-il pas ?
Inna wasn't going to mess things up with Chase.,Inna n'allait pas tout gâcher avec Chase.,Ça ne faisait pas de bon pour Inna de compliquer les choses avec Chase.
"Now, there was no chance of saving Chase from Inna's angerhe had every mer-legal right to kill the man who'd seduced his betrothed.","Maintenant, il n'y avait plus aucune chance de sauver Chase de la colère d'Inna  il avait tous les droits légaux de tuer l'homme qui avait séduit sa promise.",Ça ne faisait plus de sens de sauver Chase de l'ira d'Inna  il avait le droit légal de tuer l'homme qui avait séduit sa fiancée.
He looks so happy.,Il a l'air si heureux.,Ça lui donne tant de joie.
Another romp with him would drown out any fears she had.,Une autre partie de jambes en l'air avec lui noierait toutes les craintes qu'elle avait.,"Ça lui donnerait une nouvelle confiance en lui, et cela effacerait tous ses doutes."
"""I should get back to...""",Je devrais retourner à...,Ça me faut de revenir à...
"Not too much, too soon.","Pas trop, pas trop tôt.",Ça ne va pas trop vite.
"He's a good guy, and I enjoy talking to him.""","C'est un bon gars, et j'aime bien lui parler.",Ça fait plaisir de le parler.
"""My mom loves me, Chase.","Ma mère m'aime, Chase.","Ça fait rien, Chase, ma mère m'aime."
"""You're from Scotland?"" He asks, his eyes following the flight of a bird from one treetop to the next.","me demande-t-il, ses yeux suivant le vol d'un oiseau d'une cime à une autre.",Ça veut dire que tu es écossais ?
"It didn't help that she'd been afraid to close her eyes, terrified that if she closed them for even a minute that something would happen to him.","La peur qu'il lui arrive quelque chose si elle fermait les yeux, ne serait-ce","Ça ne l'avait pas aidé qu'elle avait peur de fermer les yeux, terrifiée par l'idée qu'elle fermerait les yeux pendant une minute et que quelque chose se passerait à lui."
"""I really don't, though,"" Andi said, sniffling at the end there as she once again found herself heading towards another long night of searching through files and trying to come up with a way to improve the hotel's bottom line as she kept an eye out for anything that could help them figure out who the mysterious James Jamerson was.","Je ne sais vraiment pas, dit Andi, en reniflant à la fin, alors qu'elle se dirigeait une fois de plus vers une longue nuit de recherche dans les dossiers et de tentatives pour trouver un moyen d'améliorer les résultats de l'hôtel, tout en gardant un œil sur tout ce qui pourrait les aider à découvrir qui était le mystérieux James Jamerson.","Ça ne me fait pas vraiment plaisir, dit Andi, s'éclatant de sanglot à la fin, alors qu'elle se dirigeait vers une autre longue nuit de recherche de dossiers et d'essais pour trouver une façon de faire monter les bénéfices de l'hôtel, tout en gardant un œil sur tout ce qui pourrait leur permettre de découvrir l'identité du mystérieux James Jamerson."
"I nod, reaching up to hold his face in my hands.","J'acquiesce, en levant les bras pour prendre son visage dans mes mains.","Ça, je le fais, je lève les bras pour le prendre dans mes mains."
"This is the best news ever.""",C'est la meilleure nouvelle qui soit.,Ça fait le meilleur nouvel an de ma vie.
"""I like listening to you.""",J'aime t'écouter.,Ça me plaît de te lister.
"We also discovered the responsible party, James Jamerson,"" Devyn explained, making Harold frown in confusion.","Nous avons également découvert le responsable, James Jamerson, expliqua Devyn, ce qui fit froncer les sourcils de Harold, confus.","Ça a aussi permis de découvrir la personne responsable, James Jamerson, expliqua Devyn, ce qui fit froncer les sourcils de Harold de confusion."
"""But, really, I tend to go along with whatever.","Mais, en fait, j'ai tendance à me laisser faire.","Ça, vraiment, je suis plutôt d'accord avec tout ce qui se passe."
He set his plate beside hers.,Il posa son assiette à côté de la sienne.,Il posa son assiette à côté d'elle.
"When she deepened the kiss, he wished she were on a bed where he could press harder against her, feeling every contour of her soft body beneath his.","Lorsqu'elle approfondit le baiser, il souhaita qu'elle soit dans un lit où il pourrait se presser plus fort contre elle, sentant chaque contour de son corps doux sous le sien.","Quand elle profonda le baiser, il souhaita qu'elle soit sur un lit où il pourrait la presser plus fort, sentant tous les contours de son corps doux sous le sien."
"God, if he only knew how wanted he was.",Si seulement il savait à quel point il est désiré.,"Ça, si seulement il savait à quel point il était désiré."
"Mari dipped under the water as a large wave washed over her, then came back up, slicking her hair away from her face.","Mari plongea sous l'eau lorsqu'une grosse vague la submergea, puis remonta, écartant ses cheveux de son visage.","Mari plongea sous l'eau lorsqu'une grande vague la traversa, puis remonta à la surface, l'éloignant de son visage."
"A mermaid has no business on land, and now look what's happened.","Une sirène n'a rien à faire sur terre, et regarde ce qui s'est passé.","Ça ne fait pas de bonne affaire pour une sirène de se trouver sur terre, et voilà ce qui est arrivé."
"I glance over at Dyer, and he's studying me.","Je jette un coup d'œil à Dyer, et il m'étudie.",Je jette un coup d'œil à Dyer et il me regarde.
Until John Burton.,Jusqu'à John Burton.,Ça a duré jusqu'à John Burton.
One way or another.,D'une manière ou d'une autre.,Ça va de soi.
"He could face her now, find out exactly what the man meant by ""engaged.""","Il pouvait l'affronter maintenant, découvrir exactement ce que l'homme entendait par ""fiancé"".","Ça lui permettait de la regarder maintenant, de découvrir exactement ce que le homme entendait par ""engagé""."
"Or what's left of it.""",Ou ce qu'il en reste.,"Ça, ou ce qui en reste."
"She struggled to climb the pile of sand, her flip-flops in one hand.","Elle s'efforça de grimper sur le tas de sable, ses tongs dans une main.","Elle lutta pour grimper sur la pile de sable, ses chaussettes de plage dans une main."
"There's awe in his face, the way his lips part ever-so-slightly, and his eyes widen just a little bit.","Il y a de l'admiration sur son visage, la façon dont ses lèvres s'écartent légèrement, et ses yeux s'écarquillent un tout petit peu.","Ça fait peur, la façon dont ses lèvres se séparent, et ses yeux s'élargissent un peu."
We're so very different from one another.,Nous sommes très différents l'un de l'autre.,"Ça fait si longtemps que nous sommes ensemble, que nous sommes si différents."
"What was the point of all this – of us -  if you can't trust me?""",Quel était le but de tout cela  de nous  si tu ne peux pas me faire confiance ?,"Ça vaut le coup de tout ça, de nous, si tu ne peux pas m'aimer ?"
"The way you are with music, that's how he is with beer.","Il est comme toi et la musique, mais avec la bière.","Ça ressemble à ça avec la musique, c'est comme ça avec la bière."
"""The eye should make landfall approximately midnight or a little after, depending on whether the storm slows a lot as it moves inland.","""L'œil du cyclone devrait toucher terre vers minuit ou un peu plus tard, en fonction de la vitesse de déplacement de la tempête vers l'intérieur des terres.","Ça devrait faire terre vers minuit ou un peu après, selon que la tempête ralentit beaucoup en s'éloignant de la mer."
She moved to look out over the railing and saw the lighted pier lanterns bobbing as the pier swayed and groaned under the weight of the swollen waves.,Elle se déplaça pour regarder par-dessus la balustrade et vit les lanternes allumées de la jetée qui se balançaient tandis que la jetée elle-même se balançait et gémissait sous le poids des vagues déchaînées.,Ça lui fit pencher pour regarder par-dessus le parapet et voir les lanternes du quai flotter tandis que le quai se balançait et gémissait sous le poids des vagues gonflées.
"To be with me, forever?","Être avec moi, pour toujours ?","Être avec moi, pour toujours ?"
"""It's too soon to tell,"" Devyn said, sighing heavily as he slid the daily report into his coat pocket.","Il est trop tôt pour le dire, soupira Devyn tout en glissant le rapport quotidien dans la poche de son manteau.","Ça fait trop peu de temps pour en dire quelque chose, dit Devyn, soupirant lourdement en plaçant le rapport quotidien dans sa poche."
Big trouble.,De gros ennuis.,Ça fait grand mal.
"Chase pushed Mari off his shoulder and leaped up, his heart throbbing in his throat as a wave of nausea rolled through him.","Chase repoussa Mari de son épaule et se leva d'un bond, le cœur palpitant dans sa gorge, tandis qu'une vague de nausée le traversait.","Chase l'éloigna de son épaule et sauta, son cœur battant dans sa gorge alors qu'une vague de nausée le traversait."
"""I think I can handle that,"" the man that still hadn't told her what job she was interviewing for murmured.","C'est gérable, marmonna l'homme qui ne lui avait toujours pas dit pour quel poste elle passait un entretien.","Ça me semble que je peux le gérer, murmura l'homme qui n'avait toujours pas dit à quelle fonction elle était candidate."
"Chase turned toward her, his eyes looking through her.","Chase se tourna vers elle, ses yeux la pénétrant.","Chase se tourna vers elle, les yeux qui la traversaient."
"I like seeing him like this, so close to the edge so soon.","J'aime le voir comme ça, si proche de craquer, si rapidement.","Ça me plaît de le voir comme ça, si proche du bord si tôt."
"""Thanks a lot, man.","Merci beaucoup, mec.","Ça va bien, mon ami."
"""No,"" Devyn bit out as she did a search for nearby hotels and found the one that she was looking for.","Non, dit Devyn en recherchant les hôtels des environs, et en trouvant celui qu'elle cherchait.","Non, dit-elle en effectuant une recherche de hôtels à proximité et en trouvant celui qu'elle cherchait."
"She pressed against him harder, well aware that he couldn't move until the screw was in or the plywood would fall.","Elle se serra plus fort contre lui, consciente qu'il ne pouvait pas bouger tant que la vis n'était pas enfoncée, sous peine de voir le contreplaqué tomber.","Ça la pressa plus fort, bien consciente qu'il ne pouvait pas bouger tant que le vis ne serait pas enfoncé, sinon le contreplaqué tomberait."
"""Need a beer or some water or something?""","Tu veux une bière, de l'eau ou autre chose ?",Ça te fait faim d'une bière ou d'une eau ou de quelque chose ?
The smile he gives me is stunning.,Le sourire qu'il m'adresse est stupéfiant.,Ça me fait un grand sourire.
I've wanted to have my own shop on the beach my whole life.,"Toute ma vie, j'ai voulu avoir ma propre boutique sur la plage.",Ça fait tout mon existence que je veuille avoir mon propre magasin sur la plage.
"I don't know what I was expecting from the residence of a man as talented with his hands as John is, but this isn't it.","J'ignore ce que j'attendais de la résidence d'un homme aussi doué de ses mains que John, mais ce n'est pas ça.","Je ne sais pas quoi attendre dans la résidence d'un homme aussi doué que John, mais ce n'est pas ça."
And it could burn down the bar.,Et elle pourrait brûler le bar.,Ça pourrait brûler le bar.
"She reached to her throat, but words had dried on her tongue.","Elle porta la main à sa gorge, mais les mots avaient séché sur sa langue.","Elle se joignit à sa gorge, mais les mots s'étaient asséchés sur sa langue."
And would have killed Chase if she hadn't been there to save him.,Et aurait tué Chase si elle n'avait pas été là pour le sauver.,Ça aurait tué Chase si elle n'était pas là pour le sauver.
"A local directory yielded a little info on John Burton, owner of Burton Construction.","Un annuaire local m'a permis d'obtenir quelques informations sur John Burton, propriétaire de Burton Construction.","Un répertoire local a fourni quelques informations sur John Burton, propriétaire de Burton Construction."
"""Two months!""",Deux mois !,2 mois !
"Placid, green oceans filled those same eyes when someone needed a helping hand.",Des océans verts et paisibles remplissaient ces mêmes yeux lorsque quelqu'un avait besoin d'une main secourable.,"Ça faisait des yeux calmes et verts, lorsqu'un être humain avait besoin d'une main tendue."
"""It's complicated,"" he said, picking up a file only to toss it back on his desk and go still when she blurted out, ""I have to tell you something.""","C'est compliqué, répondit-il, s'emparant d'un dossier pour le reposer aussitôt sur son bureau et de s'immobiliser quand elle lâcha :","Ça est compliqué, dit-il en levant un dossier pour le jeter de nouveau sur son bureau et en rester immobile lorsqu'elle dit :"
"His eyes blaze in the dark, but I can't make out his expression.","Ses yeux brillent dans l'obscurité, mais je n'arrive pas à distinguer son expression.","Ça fait briller ses yeux dans l'obscurité, mais je ne peux pas déceler son expression."
"But the studios have needed working on for a long time, and I'm glad our last fundraiser was enough to at least start on it.","Mais cela fait longtemps qu'il fallait rénover les studios, et je suis heureux que notre dernière collecte de fonds ait été suffisante pour au moins commencer à le faire.","Ça fait longtemps que les studios ont besoin de réparations, et je suis heureux que notre dernière levée de fonds ait suffi pour commencer les travaux."
"""We have nothing but time,"" Andi said, smiling hugely as she placed the colorful sack down at the top of the slide and gestured for him to sit down.","On a tout le temps, dit Andi, avec un grand sourire, en posant le sac coloré en haut du toboggan et en lui faisant signe de s'asseoir.","Ça nous reste du temps, dit Andi, souriant grandement en posant le sac coloré au sommet de la glissade et en lui faisant signe de s'asseoir."
"When someone tells you they've had it all and done it all, and feel no need for more when you're still reaching for every goddamned thing life can offer, what is there left to say?","Quand quelqu'un vous dit qu'il a tout eu et tout fait, et qu'il ne ressent pas le besoin d'en avoir plus alors que vous cherchez toujours tout ce que la vie peut vous offrir, que reste-t-il à dire ?","Ça arrive à quelqu'un de te dire qu'il a tout eu et tout fait, et qu'il n'a pas besoin de plus alors que tu es toujours en train de chercher tout ce que la vie peut offrir, qu'y a-t-il encore à dire ?"
The waves crashed on the sand and the water pooled near her.,Les vagues s'écrasaient sur le sable et l'eau s'accumulait près d'elle.,Les vagues s'écrasaient sur le sable et l'eau se réunissait près d'elle.
"""Frankie,"" John breathes into my wet hair.","Frankie, souffle John dans mes cheveux mouillés.","Ça va, Frankie, respire dans mes cheveux humides."
"She didn't want this day, no matter how hard the work was, to ever end.","Elle ne voulait pas que cette journée, même si le travail était difficile, se termine un jour.","Ça ne devait jamais finir, même si le travail était difficile."
His dimple is just so adorable.,Sa fossette est tellement adorable.,Ça fait si bien qu'il a un dimple.
He lets his eyes skate over me before he turns them back to the room.,Il laisse ses yeux glisser sur moi avant de les tourner de nouveau vers la pièce.,Ça fait un moment qu'il a laissé ses yeux glisser sur moi avant de les retourner vers la pièce.
"Humid, warm air rushed in and filled her lungs, and salty dampness coated her face.","L'air chaud et humide s'engouffra dans ses poumons, et une humidité salée recouvrit son visage.","L'air humide et chaud s'engouffra et remplit ses poumons, tandis que la saleté et l'humidité recouvraient son visage."
"""I'll keep her safe,"" Drew said, making Andi wince as she hung over his shoulder, struggling to keep the terror at bay.","Je la garderai en sécurité, dit Drew, faisant grimacer Andi qui s'accrochait à son épaule, s'efforçant de maintenir la terreur à distance.","Ça me fera, dit Drew, faisant grimacer Andi qui pendait sur son épaule, luttant pour contenir la terreur."
"Nicki's skin is a deep, rich mahogany that must have been painted on by the hand of God himself, it's so perfect.","La peau de Nicki est d'un acajou riche et profond qui a dû être peint par la main de Dieu lui-même, tant elle est parfaite.","Ça fait un an que je ne vois pas Nicki, mais je me souviens de sa peau, un mahogany profond et riche, qui doit avoir été peinte par la main de Dieu, elle est si parfaite."
"And I'm sitting here in the bar that was supposed to be both our legacies.""",Et je suis assis ici dans le bar qui était censé être notre héritage à tous les deux.,Ça fait un an que je suis assis ici dans le bar qui devait être notre héritage.
"No dark water surrounding him, just the bright and cold glare of sterility and the smell of bleach.","Il n'y avait plus d'eau sombre autour de lui, juste la froide lumière blafarde d'un endroit stérile et une odeur d'eau de Javel.","Pas d'eau noire l'entourant, mais seulement le clair et le froid du stéril et l'odeur de chlorure."
"That's the best news I've heard in ages.""",C'est la meilleure nouvelle que j'ai entendue depuis longtemps.,Ça fait le meilleur nouvelles que j'ai entendu depuis des années.
"I've done it a thousand times.""",Je l'ai fait des milliers de fois.,"Ça, je l'ai fait mille fois."
What a day.,Quelle journée !,Ça a été une journée.
A big part of me wants to pull John into my arms and shield him from everything and everyone that would ever wish him harm.,Une grande partie de moi veut prendre John dans mes bras et le protéger de tout ce qui pourrait lui faire du mal.,Ça fait une grande partie de moi qui veut tirer John dans mes bras et le protéger de tout et de tous ceux qui lui ferait du mal.
"It's me you want, not him.","C'est moi que tu veux, pas lui.","Ça, c'est moi que tu veux, pas lui."
Reds and blues and bright yellows swirled and clashed along the walls.,"Du rouge, du bleu et du jaune vif tourbillonnaient et se mélangeaient le long des murs.","Les rouges, les bleus et les jaunes vifs se mêlaient et s'affrontaient le long des murs."
"Merely acquaintances, as far as the world knew.","De simples connaissances, pour autant que le monde le sache.","Ça n'était qu'une amitié, d'après le monde."
It's intangible.,Ce n'est pas tangible.,Ça est intangible.
He was headed directly for them.,Il se dirigeait directement vers eux.,Ça allait directement vers eux.
"She'd fantasized about sucking him off many times, but it was never this good, this real.","Elle avait souvent fantasmé sur le fait de l'avoir en bouche, mais cela n'avait jamais été aussi bon, aussi vivace.","Ça lui avait souvent envolé l'esprit de le sucer, mais ça n'avait jamais été aussi bon, aussi réel."
"At first, I assume it's for work or for Lexi but, when I ask, he dodges the question or distracts me with sex.","Au début, je supposais que c'était pour le travail ou pour Lexi, mais quand je lui demande, il esquive la question ou me distrait avec du sexe.","À première vue, je suppose qu'il s'agit de travail ou de Lexi, mais quand je lui demande, il détourne la question ou me distrait avec du sexe."
"What a phenomenon.""",Quel phénomène !,Ça fait un phénomène.
"""If I had my way, we'd take out the privateer's whole linewomen too.","Si ça ne tenait qu'à moi, nous aurions éliminé toute la lignée du corsaire, y compris les femmes.","Ça me plairait, nous enleverions les filles de bord du pirate."
"Pinching the jacket for Sign O' the Times between two fingers, I ease it off the shelf.","En pinçant la pochette de Sign O' the Times entre deux doigts, je la sors de l'étagère.",Je pinche le jacket de Sign O' the Times entre deux doigts et le détache du rayon.
"""He's covering his ass,"" Devyn said, watching as she returned her attention back to the email and-","Il couvre ses arrières, dit Devyn, en la regardant reporter son attention sur l'e-mail et...","Ça, c'est pour se couvrir, dit Devyn, observant comme elle revenait à l'attention de l'e-mail et..."
"""Lot's happened in the past couple of days.""",Il s'est passé beaucoup de choses ces deux derniers jours.,Ça a beaucoup changé ces derniers jours.
I frame his face in my hands.,J'encadre son visage dans mes mains.,Je cadre son visage avec mes mains.
"""You're going to love the fourth grade,"" Uncle Shawn said, smiling as he picked her up and placed her on the chair as she frantically shook her head, knowing that this wasn't going to end well.","Tu vas adorer le CM1, dit Oncle Shawn en souriant alors qu'il la prenait dans ses bras et la déposait sur la chaise pendant qu'elle secouait frénétiquement la tête, car elle savait que ça n'allait pas bien se finir.","Ça va te plaire au quatrième grade, dit Oncle Shawn, souriant en la levant et la plaçant sur le fauteuil alors qu'elle secouait frénétiquement la tête, sachant que ça ne se terminerait pas bien."
"""You said he changed it,"" Garrett countered.","Tu as dit qu'il l'avait changé, rétorque Garrett.","Ça, tu as dit qu'il l'avait changé, répliqua Garrett."
My voice sounds like I've been chewing on asphalt and my words crumble under the crush of it.,Ma voix sonne comme si j'avais mâché de l'asphalte et mes mots s'effritent sous son poids.,Ça me semble que j'ai mâché de l'asphalte et que mes mots s'effondrent sous le poids de ce qui me vient à l'esprit.
"""I'll post guards near the beach,"" her mother said.","Je vais poster des gardes près de la plage, dit sa mère.","Ça, je vais faire poser des gardes près de la plage, dit sa mère."
"And I'm not gonna lie, I get off on living vicariously through others.","Et je ne vais pas mentir, je prends mon pied en vivant par procuration à travers les autres.",Ça me fait plaisir de vivre vicarieusement par d'autres.
"""Why didn't Christopher stay on land with her?",Pourquoi Christopher n'était-il pas resté sur la terre ferme avec elle ?,Ça veut dire que Christopher n'a pas resté sur terre avec elle ?
I know you feel the pull to the sea like I do.,"Je sais que tu es attiré par la mer, tout comme moi.",Ça me dit que tu ressens l'attraction pour la mer comme moi.
"Inna was already on the ropes, scaling like a spider on a web.","Inna était déjà sur l'échelle de cordes, se déplaçant comme une araignée sur une toile.","Ça faisait déjà un moment qu'Inna était sur le fil du rasoir, comme une araignée sur un filet."
He must see this because he continues.,"Il doit s'en apercevoir, car il continue.",Ça doit lui arriver parce qu'il continue.
"""I think it made everything better,"" she said, absently tracing his fingers, careful of the cuts.","Je pense que ça a tout amélioré, dit-elle, traçant distraitement le contour de ses doigts, prenant soin de ne pas toucher aux coupures.","Ça a tout amélioré, dit-elle, traçant distraitement ses doigts, en se prenant de soin des coupes."
"He stared into her almond-shaped eyes, then moved his hand and turned away.","Il fixa ses yeux en amande, puis déplaça sa main et se détourna.","Ça regarda ses yeux almonds, puis il déplaça sa main et se tourna."
"After wiping my mouth with the back of my hand, I slink to the floor by the (blessedly cleanish) toilet, unable to move.","Après m'être essuyé la bouche du revers de la main, je me glisse sur le sol près des toilettes (heureusement propres), incapable de bouger.","Je me suis essuyé la bouche avec la partie postérieure de ma main, puis j'ai glissé sur le sol à côté du (mercifulement propre) toilette, incapable de bouger."
"""Swimming lessons.",Des cours de natation.,Ça s'appelle des leçons de natation.
"The more he breathed the decision, the more it became clear that she was meant for him.","Plus il pensait à cette décision, plus il devenait évident qu'elle était faite pour lui.","Plus il respirait la décision, plus il devenait clair qu'elle était destinée à lui."
"""Michelle was my first,"" he offers.","Michelle était ma première, explique-t-il.","Ça fait longtemps que je ne suis pas avec une autre femme, dit-il."
She was supposed to be able to do a hundred different things at once and-,"Elle était censée pouvoir faire une centaine de tâches en même temps, et...",Ça lui fallait de pouvoir faire cent choses à la fois et...
"Dyer smiles, tossing the strap of his messenger bag over his head.","Dyer sourit, jetant la lanière de son sac par-dessus sa tête.","Dyer sourit, lâchant la bandoulière de son sac à dos."
"I take it back, he needs to stop doing that.","Je retire ce que j'ai dit, il doit arrêter de faire ça.","Ça, je le retire, il doit s'arrêter."
"Mermaids were often spotted during a stormthat is when sailors needed them, and when they helped humans most.",Les sirènes sont souvent aperçues pendant une tempête  c'est à ce moment-là que les marins ont besoin d'elles et qu'elles aident le plus les humains.,"Les sirènes étaient souvent aperçues pendant une tempête  c'était à ce moment-là que les marins en avaient besoin, et qu'elles aidaient les humains le plus."
"""Better?"" he asked, surprised at his breathiness.","demanda-t-il, surpris de son essoufflement.",Ça va mieux ?
"My skin is suddenly too tight, and my dick is arguing loudly in Garrett's favor, reminding me that we hadn't had sex in weeks before the end, so it's been - let me count - Jesus, nearly two months since I got laid.","Ma peau est soudain trop tendue, et ma bite plaide vigoureusement en faveur de Garrett, me rappelant que nous n'avions plus fait l'amour depuis des semaines avant la fin de notre histoire.","Ça fait des semaines que je n'ai pas eu de sexe avec Garrett, et mon pénis me rappelle que nous n'avons pas eu de relations sexuelles depuis des semaines avant la fin, donc c'est - laisse-moi compter - j'en suis presque deux mois que je n'ai pas eu de relations sexuelles."
It wasn't any different.,Ce n'était pas différent.,Ça n'était pas différent.
"For now, we need to figure out what to do.""","Pour l'instant, nous devons trouver quoi faire.","Ça pourrait être une bonne idée, mais pour l'instant, nous devons décider de quoi faire."
"I mean, fuck.","Je veux dire, putain.","Ça veut dire, putain."
"The winding path through the rides was mostly clean of sand and debris, and only a few of the rides and sideshow games showed any evidence that a powerful storm had ripped through the night before.","Le chemin sinueux qui traversait les manèges était presque entièrement débarrassé du sable et des débris, et seuls quelques manèges et jeux du parc d'attraction montraient des signes qu'une puissante tempête s'était abattue sur le parc la nuit précédente.","Le chemin sinueux des attractions était le plus partiellement dépourvu de sable et de débris, et seulement quelques attractions et jeux de la foire montraient des signes d'une puissante tempête qui avait traversé la nuit précédente."
"""Has anyone ever...confronted you?",Est-ce que quelqu'un t'a déjà... confronté ?,Ça a jamais été...
"John's hand, which he's lifted to sift through the hair at my nape, drifts down to cup the back of my neck.","La main de John, qu'il a soulevée pour la glisser dans les cheveux à l'arrière de mon crâne, descend jusqu'à ma nuque.","Ça, la main de John, qu'il a soulevée pour filtrer les cheveux à mon cou, s'abaisse pour s'accrocher à la nuque de mon dos."
"""This is a long series of firsts for me,"" he says, his voice quiet.","C'est une longue série de premières pour moi, dit-il, la voix calme.","Ça fait longtemps que je ne fais pas de premières, dit-il, la voix douce."
"""If my calculations are correct, I would say a little over twenty-two billion, forty-seven million, two hundred fifty-seven thousand dollars and eighty-three cents.","Si mes calculs sont corrects, je dirai un peu plus de vingt-deux milliards, quarante-sept millions, deux cent cinquante-sept mille dollars et quatre-vingt-trois centimes.","Si mes calculs sont corrects, je dirais un peu plus de vingt-deux milliards, quatre-vingt-dix-neuf millions, deux cent cinquante-sept mille dollars et huit cents."
"My skin is beech with a hint of henna, my wild, black curls have minds of their own.","Ma peau est de la couleur du hêtre avec un soupçon de henné, mes boucles noires et sauvages n'en font qu'à leur tête.","Ça fait un beau jour, dit-il en regardant le ciel."
"When she stepped, the ground seemed to fall out from under her feet and she stumbled on air.","Lorsqu'elle fit un pas, le sol sembla se dérober sous ses pieds et elle trébucha dans le vide.","Quand elle posa un pied, le sol semblait s'effondrer sous ses pieds et elle s'échoua dans l'air."
"""You too,"" I reply over my shoulder, as he starts his engine.","Toi aussi, répondis-je par-dessus mon épaule, tandis qu'il démarre son moteur.","Ça va pour toi aussi, réponds-je par-dessus mon épaule, alors qu'il démarrera son moteur."
Every nerve in her body hummed.,Chaque nerf de son corps frémissait.,Tous ses nerfs se tordaient.
I smack him on his rock-hard abs.,Je lui donne une claque sur ses abdominaux durs comme la pierre.,"Ça me fait rire, je lui donne un coup de poing sur ses abdominaux durs comme des roches."
"The sun warmed the top of his head and his shoulders, and the heated sand toasted his bare feet.","Le soleil lui réchauffait le sommet du crâne et les épaules, et le sable chaud brûlait ses pieds nus.","Le soleil réchauffait le sommet de sa tête et ses épaules, et le sable chauffé brûlait ses pieds nus."
"As sure as he was that he couldn't get close to anyone, he longed to feel her touch.","Même s'il était sûr de ne pas pouvoir être proche de quelqu'un, il avait envie de la toucher.","Ça lui semblait aussi sûr qu'il ne pouvait s'approcher de personne, qu'il désirait sentir son contact."
It'd sure be handy to talk to himhave him on her side in case the approaching figure turned out to be a menace.,"Ce serait bien pratique de lui parler, de l'avoir à ses côtés au cas où la silhouette qui s'approchait s'avérait être une menace.",Ça serait bien utile de pouvoir parler à lui  avoir un allié en casque l'approchant figure se révélait être une menace.
We had so much more in common.,Nous avions bien plus en commun.,Ça faisait tellement plus de nous.
"My cock dribbles nonstop, leaving threads of precome against my stomach.","Ma bite dégouline sans arrêt, laissant des fils de liquide séminal contre mon estomac.","Ça dribble sans arrêt, laissant des fils de précum dans mon estomac."
"""I'm not used to being snuck up on.",Je n'ai pas l'habitude de me faire surprendre.,Ça ne me fait pas plaisir d'être surpris.
"He and Luke had loved the birds when they were kids, but after owning the bar, he realized what a nuisance they could be.","Luke et lui avaient adoré les oiseaux lorsqu'ils étaient enfants, mais depuis qu'il était propriétaire du bar, il s'était rendu compte de la nuisance qu'ils pouvaient représenter.","Ça faisait des années qu'il aimait les oiseaux, mais après avoir acheté le bar, il avait compris à quel point ils pouvaient être un ennui."
"""Tell me that this is enough.""",Dis-moi que ça suffit.,"Ça suffit, dis-moi."
She paused to see if he was joking.,Elle s'arrêta net pour voir s'il plaisantait.,Elle s'arrêta pour voir s'il en était sérieux.
Or were they in love?,Ou étaient-ils amoureux ?,Ça faisait donc partie de leur amour ?
"""I don't know what Lucas has planned, but until I can make sure that you're safe, I need you to stay with your brother,"" Devyn explained as he placed the iPad and laptop in her backpack and handed it to Drew.","J'ignore ce que Lucas a prévu, mais jusqu'à ce que je puisse m'assurer que tu es en sécurité, j'ai besoin que tu restes avec ton frère, expliqua Devyn en plaçant l'iPad et l'ordinateur portable dans le sac à dos d'Andi et en le tendant à Drew.","Je ne sais pas quoi a prévu Lucas, mais jusqu'à ce que je puisse m'assurer que tu sois en sécurité, je dois que tu restes avec ton frère, expliqua Devyn en posant l'iPad et le laptop dans son sac à dos et en les remettant à Drew."
"He turns my head the way he wants it so that he can plunder my mouth, and I take it all.","Il tourne ma tête dans le sens qu'il veut pour pouvoir dévorer ma bouche, et je prends tout.","Ça me tourne la tête comme il le veut pour qu'il puisse piller ma bouche, et je le prends tout."
"For the first time in her life, she didn't care that she was in over her head or that she was probably making the biggest mistake of her life, not when he kissed her like this.","Pour la première fois de sa vie, elle ne se souciait pas de savoir qu'elle était dépassée par les événements ou qu'elle commettait probablement la plus grosse erreur de sa vie, pas quand il l'embrassait comme ça.","Ça faisait pour la première fois de sa vie qu'elle ne se soucrait pas d'être en dessous de la marée ou de commettre probablement la plus grande erreur de sa vie, pas quand il l'embrassait comme ça."
"""I heard you sold the bar.",J'ai entendu dire que tu avais vendu le bar.,Ça me dit que tu as vendu le bar.
"""What's this about, Lucas?"" Devyn asked because Lucas was the last person that he wanted to talk about Andi with.","demanda Devyn, parce que Lucas était la dernière personne avec qui il voulait parler d'Andi.","Ça veut quoi, Lucas ?"
"""We want different things, Frankie,"" he'd said, and it hadn't come as a surprise.","""Nous voulons des choses différentes, Frankie"", avait-il dit, et cela n'avait pas été une surprise.","Ça veut dire que nous voulons des choses différentes, Frankie, avait-il dit, et ce n'était pas une surprise."
"I catch him in my arms, taking his weight so that he doesn't face-plant in the middle of the street.","Je l'attrape dans mes bras, supportant son poids pour qu'il ne tombe pas la tête la première au milieu de la rue.","Je le attrape dans mes bras, prenant son poids pour qu'il ne se fasse pas planter au milieu de la rue."
"I scroll further and stop, not really able to wrap my head around the headlines for these articles.","Je fais défiler la page, puis je m'arrête, n'arrivant pas à comprendre les titres de ces articles.","Je fais défiler plus loin et je m'arrête, incapable de comprendre les titres de ces articles."
"He used to find reasons to stay after school, detention, clubs, anything was better than going back to rundown motels and boarding rooms without heat.","Il avait l'habitude de trouver des raisons de rester après l'école, les heures de colle, les clubs, tout valait mieux que de retourner dans des motels délabrés et des chambres d'internat sans chauffage.","Ça faisait des années qu'il trouvait des raisons pour rester après l'école, les détentions, les clubs, tout était mieux que de retourner dans les motels en ruine et les pensionnats sans chauffage."
I'll be his first for everything.,Je serai son premier pour tout.,Ça sera la première fois pour tout.
He set his glass of water on the coffee table between them.,Il posa son verre d'eau sur la table basse entre eux.,Il posa son verre d'eau sur la table basse entre eux.
"With Hillshire Hotels reorganizing and ready to sell off some of its properties to save itself, they didn't have a lot of time to waste.","Les Hôtels Hillshire étant en train de se réorganiser et prêts à vendre certains de leurs propriétés pour se sauver, ils avaient peu de temps à perdre.","Les Hôtels Hillshire se restructuraient et étaient prêts à vendre certains de leurs biens pour se sauver, ils n'avaient pas beaucoup de temps à perdre."
She'd protect Chase as long as she could.,Elle protégerait Chase aussi longtemps qu'elle le pourrait.,Ça lui donnerait le temps de protéger Chase.
"""Good intense?"" He asks, hopeful.","demande-t-il, plein d'espoir.",Ça a été bon ?
"I arch and shimmy and squirm as waves of pleasure pulse through me, from the soles of my feet to the crown of my head, and I disintegrate, clenching and releasing and clenching again.","Je me cambre, me trémousse et me tortille tandis que des vagues de plaisir me traversent, de la plante des pieds au sommet de la tête, et je me désintègre, me serrant, me relâchant et me serrant à nouveau.","Je arque mon dos, je danse et je me tortille sous les ondes de plaisir qui me traversent, de la sole de mes pieds à la couronne de ma tête, et je me décompose, contractant et relâchant, puis contractant à nouveau."
"She jumped to the last platform before the door, then stepped up to the landing.","Elle sauta sur la dernière plateforme avant la porte, puis s'avança sur le palier.","Elle sauta sur la dernière plateforme avant la porte, puis s'élança sur le plateau."
"There is one double ten-inch I've been after for bloody ages, a rare pressing of The Police's Regatta de Blanc.""","Il y a un double vinyle 10 pouces que je cherche depuis des lustres, un exemplaire rare de Regatta de Blanc de The Police.","Ça fait des années que je cherche un double 33 tours, une édition rare de Regatta de Blanc des Police."
"Family and pirate and all.""","La famille, les pirates et tout le reste.","Ça fait partie de la famille, du pirate et de tout ça."
"She kissed and licked his length, noting the way that it became harder with every touch of her tongue as she wrapped her hand around him and took the tip between her lips and moaned.","Elle embrassa et lécha son membre, notant la façon dont il devenait plus dur à chaque contact de sa langue, puis elle enroula sa main autour de lui, prit le bout entre ses lèvres et gémit.","Elle embrassa et lécha sa longueur, notant la façon dont il devenait plus dur avec chaque contact de sa langue, tandis qu'elle enveloppait sa main autour de lui et prenait le bout entre ses lèvres et gémissait."
Then I'm everybody's golden boy.,Je deviens alors le prodige de tous.,Ça veut dire que je suis le garçon d'or de tous.
Are they wider than before?,Sont-elles plus larges qu'avant ?,Êtes-elles plus larges que précédemment ?
"""I've been meaning to go there.",J'avais l'intention d'y aller.,Ça me faisait envie de y aller.
"From the distance, Mari could see Inna's scowl.","De loin, Mari pouvait voir la mine renfrognée d'Inna.","À distance, Mari pouvait voir le scandale d'Inna."
Damn birds were loudespecially in the quiet of the post-storm island.,"Ces satanés oiseaux étaient bruyants, surtout dans le calme de l'île après la tempête.","Ça faisait chier ces oiseaux,"
Of course she wanted to know how the jelly was.,"Bien sûr, qu'elle voulait savoir ce qu'il en était de la méduse.",Ça va sans dire qu'elle voulait savoir comment était la gelée.
But he was wiser now.,Mais il était plus sage maintenant.,Ça faisait un moment qu'il était plus sage.
The aroma of her coconut soap wafted up to him.,L'arôme de son savon à la noix de coco s'éleva jusqu'à lui.,L'odeur de son savon à la noix de coco se soulevait vers lui.
"Another gust of wind pelted her with prickles of sand, and she wiped her face.",Une nouvelle rafale de vent la bombarda de grains de sable piquants et elle s'essuya le visage.,"Ça lui fit pousser des grains de sable dans le visage, et elle se secoua."
"I'm a storm girl.""",Je suis une fille d'orage.,Ça fait un an que je suis une fille de tempête.
My uncle took good care of us.,Mon oncle s'est bien occupé de nous.,Mon oncle nous a bien pris en charge.
"""One of the largest on the East Coast.""",C'est l'une des plus grandes de la côte Est.,"""L'un des plus grands sur la côte Est."""
She held up a plate.,Elle brandit une assiette.,"Ça, c'est une assiette."
I open my mouth to say come join me when John's phone rings.,"J'ouvre la bouche pour dire ""viens me rejoindre"" quand le téléphone de John sonne.","Je me prépare à dire ""viens-moi rejoindre"" lorsque le téléphone de John sonne."
He was leaving and would never see her again.,Il partait et ne la reverrait jamais.,Ça allait partir et ne la reverrait jamais.
He dropped off the files that Devyn needed her to go over first thing in the morning and picked them up at night.,Il déposait chez elle les dossiers que Devyn voulait qu'elle examine le matin et venait les récupérer le soir.,Ça faisait un mois qu'il déposait les dossiers qu'il fallait qu'elle traite d'abord le lendemain matin et qu'il les ramassait le soir.
Her legs wobbled as she adjusted to standing on land for the first time in weeks.,Ses jambes vacillèrent tandis qu'elle s'habituait à se tenir sur la terre ferme pour la première fois depuis des semaines.,Ça lui faisait trembler les jambes alors qu'elle s'adaptait à la terre ferme pour la première fois depuis des semaines.
I also hate the fact that someone will be in my space tonight.,Je déteste aussi le fait qu'une personne soit dans mon espace ce soir.,Ça me fait aussi haine que quelqu'un soit dans mon espace ce soir.
I'm too stunned to respond. Too needy.,Je suis trop abasourdi pour répondre.,Ça me rend trop stupéfait pour répondre. Je suis trop dépendant.
"She smiled and pictured herself as a barista, dressed in a tiny pink skirt and tall heels, no panties.","D'accord, sourit-elle en s'imaginant en barista, vêtue d'une petite jupe rose et de talons hauts, sans culotte.","Ça lui fit sourire et elle se vit comme une barista, vêtue d'un minuscule skirt rose et de hauts talons, sans sous-vêtements."
Mari put her arms around his waist and lay her head on his back.,Mari passa ses bras autour de sa taille et appuya sa tête contre son dos.,Mari enroula ses bras autour de sa taille et posa sa tête sur son dos.
"He filled her completely, unlike any other man she'd been with, not that there'd been many.","Il la remplissait complètement, contrairement à tous les autres hommes qu'elle avait fréquenté, non pas qu'il y en ait eu beaucoup.","Ça la remplissait complètement, contrairement à tout autre homme avec qui elle avait eu des relations sexuelles, pas que ce soit beaucoup."
She wiped the last tears from her cheeks.,Elle essuya les dernières larmes sur ses joues.,Elle effaça les derniers larmes de ses joues.
Pursued the ship all over the Caribbean.,Ils l'avaient poursuivi dans tous les Caraïbes.,Ça a poursuivi le navire partout dans les Caraïbes.
"And good riddance.""",Et bon débarras.,"Ça va bien, dit-il."
"""More than Dyer?""",Plus que Dyer ?,Ça fait plus que Dyer ?
"""You're a little neurotic,"" he continues.","Tu es un peu névrosé, poursuit-il.","Ça fait que tu es un peu neurotique, poursuit-il."
"""Dyer recommended we do the chef's tasting.""",Dyer nous a recommandé de prendre la dégustation du chef.,Ça a été recommandé par Dyer que nous fassions le dégustation du chef.
"Inna wouldn't kill his family, would he?","Inna ne tuerait pas sa famille, n'est-ce pas ?","Ça ne serait pas Inna qui tuerait sa famille, non ?"
"""Yeah, though he's down in Florida.""","Oui, mais il est en Floride.","Ça va, mais il est en Floride."
"""Let's go,"" he said, gesturing to the elevators and destroying her last hope of sleeping in her own bed for the first time in a month.","Allons-y, dit-il en faisant un geste vers les ascenseurs et en détruisant son dernier espoir de dormir dans son propre lit pour la première fois depuis un mois.","Ça va, dit-il, en faisant signe vers les ascenseurs et en détruisant ainsi sa dernière chance de dormir dans son lit pour la première fois depuis un mois."
"""Can't you go to a motel or something?""",Tu ne peux pas aller dans un motel ou quelque chose comme ça ?,Ça ne te serait pas possible d'aller dans un motel ou quelque chose du genre ?
"""I can see that you're off in your own little world now, so I'm going to head back to work now,"" Drew said dryly, not that she was listening since an idea came to her, one that had her absently murmuring, ""Love you, too,"" as she climbed off the bed and grabbed her iPad.","Je vois que tu es dans ton petit monde maintenant, alors je vais retourner au travail, déclara sèchement Drew, non pas qu'elle l'écoutait puisqu'une idée lui était venue, une idée qui la fit distraitement murmurer : ""Moi aussi, je t'aime"", alors qu'elle sortait du lit et attrapait son iPad.","Ça me semble que tu es en train de te perdre dans ton monde, donc je vais rentrer au travail maintenant, dit Drew, sans qu'elle ne l'écoute, car une idée lui venait, une idée qui la fit murmurer distraitement : ""Je t'aime aussi"", alors qu'elle descendait du lit et prenait son iPad."
The glow of moonlight spread across her face like sparkling fairy dust over a summer meadow.,L'éclat de la lune se répandait sur son visage comme une poussière de fée scintillante sur une prairie d'été.,L'éclat de la lumière lunaire s'étendit sur son visage comme de la poussière de fée brillante sur un pré d'été.
"I can protect you then.""",Je pourrai alors te protéger.,"Ça, je peux te protéger."
Swimming away wouldn't solve anything and it wouldn't save Chase.,Nager loin ne résoudrait rien et ne sauverait pas Chase.,Être parti à la nage ne résoudrait rien et ne sauverait pas Chase.
"His seems okay now, so I remove my hands from his body and immediately miss the feel of him against my palms.","Il a l'air d'aller bien maintenant, alors j'enlève mes mains de son corps et la sensation  contre mes paumes me manque immédiatement.","Ça semble bien maintenant, alors je retire mes mains de son corps et je manque immédiatement de sentir sa peau contre mes paumes."
"Her hand trembled as she opened the hinged box, and she blew out the breath in a long, slow whistle.","Sa main tremblait lorsqu'elle ouvrit la boîte à charnière, et elle expira dans un long et lent souffle.","Son main tremblait lorsqu'elle ouvrit la boîte à coulisses, et elle expira un long et lent sifflement."
"""Some things,"" he begins after a long minute.","Certaines choses, commence-t-il après une longue minute.","Ça, des choses, commence-t-il après une longue minute."
"Besides, he didn't deserve to be close to anyone anymore.","D'ailleurs, il ne méritait plus d'être proche de qui que ce",Ça ne lui fallait pas d'être près de quelqu'un.
"""Walk me through how the requests were made.""",Expliquez-moi comment les demandes ont été faites.,"Ça va, explique-moi comment les demandes ont été formulées."
"She's mistaken,"" Lucas said, sighing heavily as he gestured for security to show her to the door.","Elle se trompe, dit Lucas, soupirant lourdement et faisant signe aux agents de sécurité de la sortir de la pièce.","Ça ne se passe pas comme ça, dit Lucas, soupirant lourdement alors qu'il faisait signe à la sécurité pour l'accompagner à la sortie."
"""Does she live far away or something?",Elle habite loin ou quelque chose du genre ?,Ça veut dire qu'elle habite loin ou quoi ?
"""It's my heartbeat,"" Devyn said, turning his hand over so that she could see the new smartwatch that he'd purchased to link his heartbeat to the bear's so that no matter where he was, she would never have to sleep alone again.","C'est mon rythme cardiaque, dit Devyn, en retournant sa main pour qu'elle puisse voir la nouvelle montre connectée qu'il avait achetée pour relier son rythme cardiaque à celui de l'ours, afin que, peu importe où il se trouve, elle n'ait plus jamais à dormir seule.","Ça, c'est mon rythme cardiaque, dit Devyn en retournant sa main pour qu'elle puisse voir le nouveau smartwatch qu'il avait acheté pour lier son rythme cardiaque à celui de l'ours, de sorte qu'il ne lui arrivât jamais de dormir seule."
Maybe I've earned some leeway.,Peut-être ai-je gagné une certaine marge de manœuvre.,Ça me donne peut-être le droit de faire une erreur.
"They should have deleted the rows instead of just hiding them, but that probably would have alerted the accounting department to the embezzlement sooner.","La personne aurait dû effacer les lignes de compte au lieu de les cacher, mais ça aurait probablement alerté plus tôt le service comptabilité sur le détournement de fonds.","Ça aurait dû les supprimer plutôt que de les cacher, mais cela aurait probablement alerté le service comptabilité plus tôt sur le vol."
She put her foot back onto the couch and closed her eyes again.,Elle reposa son pied sur le canapé et ferma à nouveau les yeux.,Elle remit son pied sur le canapé et ferma à nouveau les yeux.
Unless Inna went upstairs to the bar.,À moins qu'Inna ne monte au bar.,Ça ne signifie pas qu'Inna n'était pas allée au bar.
"And now it's my turn to dispense justice.""","Et maintenant, c'est à mon tour de rendre justice.","Ça me reste à faire, je suis le juge."
"""I thought that was only a story,"" she said.","Je croyais que ce n'était qu'une histoire, dit-elle.","Ça, je pensais qu'il s'agissait d'une histoire, dit-elle."
"He set everything down in a pile, caught the rolling flashlight, and then grabbed the handset.","Il posa tout en tas, attrapa la lampe de poche qui roulait, puis saisit le combiné.","Ça tout posa en une pile, attrapa la lampe à main qui roule, puis prit le téléphone."
"If I stretched out my arm, I could touch him.","Si je tends le bras, je pourrais le toucher.","Si je tendais l'armé, je pourrais le toucher."
"""What are you doing, can I come over?""","Que fais-tu,  je peux venir ?","Ça va, peux-je venir ?"
"Between going through the Hillshire Hotels' files and taking care of him, she was exhausted.","Entre l'examen des dossiers des Hôtels Hillshire et les soins apportés à Devyn, elle était épuisée.","Ça faisait qu'elle était épuisée, entre le fait de parcourir les dossiers des Hôtels Hillshire et de s'occuper de lui."
"""Sorry if I touched a nerve.""",Désolé si j'ai touché un point sensible.,Ça m'en pardonne si j'ai touché un nerf.
"Inna struggled and the guards shoved him to the ground, face-first.","Inna se débattit et les gardes le poussèrent au sol, la tête la première.","Inna lutta et les gardes le poussèrent au sol, face-à-terre."
John's laughter rumbles against my back.,Le rire de John gronde contre mon dos.,L'hilarité de John résonne contre mon dos.
"""Plus, we didn't get a lot of sleep last night.","En plus, on n'a pas beaucoup dormi la nuit dernière.",Ça fait aussi que nous n'avons pas dormi beaucoup hier.
I need to see him.,J'ai besoin de le voir.,Je dois le voir.
"In short, I was the guy sitting on the arm of his boyfriend's chair staring off into space while everyone around him espoused the genius of someone named Lena Dunham.","En bref, j'étais le gars assis sur le bras du fauteuil de son copain, regardant dans le vide pendant que tout le monde autour de lui vantait le génie d'une certaine Lena Dunham.","Ça va dire que j'étais le type assis sur l'arrière du fauteuil de son petit ami, regardant l'espace, tandis que tout le monde autour de moi louait le génie d'une certaine Lena Dunham."
"Maybe they were staging a rescue.""",Peut-être qu'ils organisaient un sauvetage.,Ça pourrait être un spectacle de sauvetage.
He needed answers and he couldn't get them from behind a desk.,Il avait besoin de réponses et il ne pouvait pas les obtenir derrière un bureau.,Ça lui fallait des réponses et il ne les pouvait pas obtenir derrière un bureau.
He couldn't protect anyone anymore.,Il ne pouvait plus protéger personne.,Ça ne lui permettait plus de protéger personne.
"""I have to question the logistics of what the report said because I'm not sure how Mrs. Grady would have been able to bend me over her desk with her bad hip and-""","Je dois remettre en question la logistique de ce que dit le rapport, car j'ignore comment Mme Grady aurait pu me pencher sur son bureau avec sa blessure à la  hanche et...",Ça me fait douter des logiques du rapport parce que je ne sais pas comment Mme Grady aurait pu me faire pencher sur son bureau avec sa mauvaise hanche et...
"""And you?""","Et, vous ?",Ça va pour toi ?
"""I wish I could do that, but I don't know how.""","J'aimerai pouvoir le faire, mais je ne sais pas comment.","Ça me ferait plaisir, mais je ne sais pas comment."
It was almost like he was a mood ring with a short-circuiting sensor.,C'était presque comme s'il était une bague d'humeur avec un court-circuit dans ses capteurs.,Ça ressemblait à si c'était un anneau à l'effet de mode avec un capteur en panne.
"She would go on and on about it, and that wasn't good for either of their anxieties.","Elle n'aurait cessé d'en parler, ce qui n'était pas bon pour leurs angoisses.","Ça allait durer, et ça ne faisait pas bon pour leurs angoisses."
"When I was old enough to dress myself, she says I didn't give a shit about girls' clothes or boys' clothes, I liked what I liked.","Quand j'ai eu l'âge de m'habiller seul, elle m'a dit que je me moquais de savoir si c'étaient des vêtements pour filles ou pour garçons, j'aimais ce que j'aimais.","Ça date de longue, dit-elle, quand j'étais assez grand pour me vêtir, je n'ai pas donné de merde pour les vêtements des filles ou des garçons, j'aimais ce que j'aimais."
"A stiff breeze rustles the trees above our heads, blowing my hair into my face.","Une forte brise fait bruisser les arbres au-dessus de nos têtes, soufflant mes cheveux sur mon visage.","Ça fait un vent fort qui agite les arbres au-dessus de notre tête, soufflant mes cheveux dans mon visage."
"We don't know what happened.""",Nous ne savons pas ce qui s'est passé.,Ça ne nous dit rien de ce qui s'est passé.
"For now, it had to stay hidden.","Pour l'instant, elle devait rester cachée.","Ça devait rester caché, pour l'instant."
"As he slipped into the ocean, he shifted into a dark, tentacled beast and slithered into the deeper water.","Alors qu'il s'enfonçait dans l'océan, il se transforma en une bête sombre à tentacules et s'enfonça dans les eaux plus profondes.","Il s'engouffra dans l'océan, se transforma en un monstre noir et tentaculé et s'enfonça dans les eaux plus profondes."
"Swallowing hard, she watched as he pulled his belt free and dropped it to the floor as he toed off his shoes.","Déglutissant, elle le regarda retirer sa ceinture et la laisser tomber sur le sol en même temps qu'il enlevait ses chaussures.","Çaillant, elle regarda comme il sortit sa ceinture et la laissa tomber sur le sol, tout en enlevant ses chaussures."
"Well, almost everything.","Enfin, de presque tout.","Ça, presque tout."
"Rows of bungalows lay along the road, empty for now, but each holding a family's memories within its walls.","Des rangées de bungalows s'étendaient le long de la route, vides pour l'instant, mais renfermant chacun les souvenirs d'une famille.","Lignes de bungalows bordaient la route, vides pour l'instant, mais chacun d'entre eux contenait les souvenirs d'une famille dans ses murs."
"Someone could see you.""",Quelqu'un pourrait te voir.,Ça pourrait être vu par quelqu'un.
"I sound whiny and not at all sure about this, which I'm not.","J'ai l'air pleurnichard et pas du tout sûr de moi, ce qui n'est pas le cas.","Ça me donne l'air de plaignard et de ne pas être du tout sûr de moi, ce qui n'est pas le cas."
"""The man in the painting.""",L'homme du tableau.,Ça fait référence à l'homme du tableau.
"He could barely believe it, as it felt like they'd been boarding up for weeks.","Il avait du mal à le croire, car il avait l'impression que cela faisait des semaines qu'ils fixaient des planches.",Ça lui semblait qu'ils avaient été bloqués depuis des semaines.
"When he pulled her fingertips to his lips for a kiss, she giggled.","Lorsqu'il porta le bout de ses doigts à ses lèvres pour l'embrasser, elle gloussa.","Quand il lui fit passer ses doigts sur ses lèvres pour lui donner un baiser, elle gémit."
"My heartbeat pulses in its tip, and know I'm already wetting the front of my boxer-briefs.",Mon cœur bat à l'extrémité de mon gland et je sais que je mouille déjà le devant de mon boxer.,"Ça bat de la chaleur dans le bout de mon cœur, et je sais que je me suis déjà trempé à l'avant de mes boxers."
"He peered down at her, his pupils dilating with need, and evidence of his desire reaching out to her.","Il la regarda, les pupilles dilatées par le besoin, et la preuve de son désir s'étendant jusqu'à elle.","Ça lui faisait peur, ses pupilles s'étirant sous l'effet de la passion, et l'évidence de son désir s'adressant à elle."
"The night would be memorable, one way or another.","La nuit allait être mémorable, d'une manière ou d'une autre.","Ça serait une nuit à ne pas oublier, de quelque façon que ce soit."
"He loved her, more than anything and he wasn't about to lose her because he'd fucked up and trusted the wrong person.","Il l'aimait, plus que tout, et il n'allait pas la perdre parce qu'il avait merdé et fait confiance à la mauvaise personne.","Ça lui faisait du bien, plus que tout et il ne l'allait pas perdre parce qu'il avait fait une bêtise et qu'il avait confié sa vie à la personne qui lui avait fait le plus de mal."
"The words come slowly, as if he's giving me time to process them.","Les mots viennent lentement, comme s'il me donnait le temps de les assimiler.","Les mots arrivent lentement, comme s'il me donnait le temps de les traiter."
"""It's a good place to be quiet and just think.""",C'est un bon endroit pour être tranquille et réfléchir.,Ça fait bon pour être tranquille et penser.
"""No, thanks,"" she said.","Non, merci, dit-elle.","Ça, non, merci, dit-elle."
"She didn't say anything but looked up at him with wild, wide eyes and kiss-swollen lips.","Elle ne dit rien, mais le regarda avec des yeux grands et furieux et des lèvres gonflées par leurs baisers.","Ça ne lui fit rien, mais elle le regarda avec des yeux sauvages et des lèvres gonflées par les baisers."
Almost reserved.,Presque réservée.,Ça ressemblait à un homme réservé.
"He wasn't about to lose everything, not after everything he had to do to get to this point, which meant that he had to stay focused and keep his head in the game.","Il n'allait pas tout perdre, pas après tout ce qu'il avait dû faire pour en arriver là, ce qui signifiait qu'il avait dû rester concentré et garder la tête froide pour rester dans la partie.","Ça ne faisait pas de lui un homme qui allait tout perdre, pas après tout ce qu'il avait dû faire pour arriver à ce point, ce qui signifiait qu'il devait rester concentré et garder la tête dans le jeu."
"For a moment, she debated whether or not she should ask, but...","Pendant un instant, elle se demanda si elle devait poser la question ou non, mais...","Ça dura un moment pour qu'elle débatte de demander ou non, mais..."
"I want to take my time tonight.""",Je veux prendre mon temps ce soir.,"Ça fait longtemps que je ne fais rien d'autre que de me détendre, et je veux profiter de ce soir."
"It was either that or they got lucky, Andi thought as she thought over everything that they'd learned over the past few months and-","C'était soit ça, soit ils ont eu de la chance, pensa Andi en réfléchissant à tout ce qu'ils avaient appris dans les derniers mois et...","Ça faisait ou qu'ils avaient eu du bonheur, pensa Andi en réfléchissant à tout ce qu'ils avaient appris ces derniers mois et..."
"Life isn't always fair.""",La vie n'est pas toujours juste.,Ça ne va pas toujours se passer comme ça.
"Unfortunately for her, and her bacon addiction, the only restaurant within walking distance that made them closed hours ago.","Malheureusement pour elle, et pour son addiction au bacon, le seul restaurant à proximité qui en faisait avait fermé il y a des heures.","Ça lui était malheureusement arrivé, ainsi que sa dépendance à la bacon, car le seul restaurant à proximité qui était ouvert avait fermé il y a des heures."
"""You can't up and leave all you've built here.""","Tu ne peux pas abandonner tout ce que tu as construit ici, continua-t","Ça ne te permet pas de partir tout à coup, tout ce que tu as construit ici."
"I wiggle my eyebrows, just to let him know I'm teasing.","ajouté-je tout en remuant les sourcils, juste pour lui faire comprendre que je le taquine","Ça fait un signe de sourcils, juste pour lui faire savoir que je te fais une blague."
"You're going to go down there, sit down, and keep your mouth shut while I break the news to the board about the unfortunate circumstances surrounding your impending resignation.","Tu vas t'y rendre, t'asseoir et te taire pendant que j'annonce au conseil les circonstances malheureuses de ta démission imminente.","Ça va te descendre, te siéger, et garder la bouche fermée pendant que je vais annoncer aux membres du conseil d'administration les circonstances désastreuses qui entourent ton prochain démission."
"I came in at the right time to clean this mess up and keep you distracted, especially since the files were already missing before I was hired, which makes me believe that the angle that Lucas was going for was that I came in after the fact to clean up the mess for a partner, perhaps a boss.","Je suis arrivée au bon moment pour faire le ménage dans ce bazar et vous distraire, d'autant plus que les dossiers avaient déjà disparu avant que je ne sois engagée, ce qui me fait penser que l'angle d'attaque de Lucas était que je suis arrivée après coup pour faire le ménage pour un partenaire, peut-être un patron.","Ça me fait croire que l'angle que Lucas avait pris était que je suis arrivé après les faits pour nettoyer le désordre pour un partenaire, peut-être un patron."
"""Beer, if you have an IPA.""","De la bière, si tu as une IPA.","Ça, si tu as une IPA."
"He poured a small amount of the golden-brown alcohol into his glass, then lifted it and took a whiff.","Il versa une petite quantité de l'alcool brun doré dans son verre, puis le souleva et le huma.","Il versa un petit peu de l'alcool doré dans son verre, le leva et en prit un soupir."
You'll like him.,Tu l'aimerais bien.,Ça te plaira.
"""Why are you pouting?"" came the question that had Andi releasing a shuddering sigh as she sat there, admittedly pouting, but for good reason.","""Pourquoi fais-tu la tête ?"" entendit Andi qui lâcha un soupir tremblant alors qu'elle était assise là, faisant certes la moue, mais pour une bonne raison.",Ça pourquoi tu te plains ?
Chase shifted the small backpack higher on his shoulders.,Chase déplaça le petit sac à dos plus haut sur ses épaules.,Chase déplaça le petit sac à dos plus haut sur ses épaules.
"I want to see his face when he finds out all about us.""",Je veux voir sa tête quand il apprendra tout sur nous.,Ça me fait envie de voir son visage quand il apprendra tout sur nous.
"He winks, and laughs, and something in my chest loosens a bit.","Il fait un clin d'œil et rit, et quelque chose dans ma poitrine se détend","Ça lui fait un clin d'œil, il rit, et quelque chose se détend un peu dans mon cœur."
She didn't scare him.,Elle ne lui faisait pas peur.,Ça ne l'avait pas effrayé.
"""Patrick and I, we could talk about anything and everything.","Patrick et moi, nous pouvions parler de tout et de rien.","Ça, Patrick et moi, nous pouvions en parler de tout et de rien."
"Christ, he'd never seen her coming, Lucas thought as he considered the small woman that had destroyed everything that he'd worked so hard for before shifting his attention to the black BMW parked only a few yards away.","Bon sang, il ne l'avait pas vue venir, pensa Lucas en considérant la petite femme qui avait détruit tout ce pour quoi il avait travaillé si dur, avant de reporter son attention sur la BMW noire garée à quelques mètres de là.","Ça, il n'avait jamais vu ça venir, pensa Lucas en considérant la petite femme qui avait détruit tout ce qu'il avait si longtemps travaillé pour obtenir, avant de faire un détour pour se pencher sur la BMW noire garée à quelques mètres de là."
She'd felt so fucking good in his arms and-,"Cette sensation de bien-être quand elle était dans ses bras, et...",Ça lui avait fait si bien de se trouver dans ses bras et...
Lingering outside in the wind and rain wasn't getting her any closer to her goal.,S'attarder dehors dans le vent et la pluie ne la rapprochait pas de son but.,"Être dehors, dans la pluie et le vent, ne l'aidait pas à atteindre son objectif."
"He pushed into his bedroom, navigating the dark space with ease.","Il pénétra dans sa chambre, se frayant un chemin dans l'espace sombre avec aisance.","Il poussa dans sa chambre, se déplaçant dans l'espace sombre avec aisance."
Of course it was worth it.,Bien sûr que ça en valait la peine.,Ça valait bien le coup.
"Any other time, I would signal my dining partner to let them know where I was.","À tout autre moment, je ferais signe à mon compagnon de table pour lui indiquer où je me trouve.","Ça aurait été autrefois, je signalerai mon partenaire de dîner pour lui faire savoir où je me trouve."
I wish my father were still alivehe'd understand.,J'aimerai que mon père soit encore en vie  il comprendrait.,"Ça me ferait plaisir si mon père était encore vivant, il comprendrait."
"When he rode it, he flew.","Lorsqu'il montait dedans, il volait.","Quand il la montait, il volait."
"""Nothing for me but thanks.""","Rien pour moi, mais merci.","Ça ne me sert à rien, mais merci."
"""I don't hear the wind howling as much.""",Je n'entends plus le vent hurler autant.,Ça ne souffle pas aussi fort.
She leaned forward and pushed a kiss onto his jeans' fly.,Elle se pencha en avant et déposa un baiser sur la braguette de son jean.,Elle s'avança et déposa un baiser sur le bouton de son jean.
"""I‘m so mad at you,"" I whisper between kisses, gripping his shoulders so hard, I know I'm leaving bruises.","Je suis tellement en colère contre toi, murmuré-je entre deux baisers, en serrant ses épaules si fort que je sais que je laisse des bleus.","Ça me fait si mal, murmuré-je entre deux baisers, serrant de toute ma force ses épaules, je sais que je laisse des empreintes."
Snowed Undercover,La neige sous couverture,Ça neige sous couverture
"Mermaid's Purse is my responsibility, and if it fails, I've got nothing.""","La Bourse de la Sirène est sous ma responsabilité, et si elle tombe en ruine, je n'ai plus rien.","Ça fait partie de mes responsabilités, et si ça échoue, je n'ai rien."
He scanned the deck but only reflected moonlight and the remaining bits of debris met his gaze.,"Il balaya le pont du regard, mais seuls le reflet de la lune et les débris restants rencontrèrent son regard.","Il scana la passerelle, mais il ne refléta que la lumière de la lune et les derniers morceaux de débris qui lui étaient opposés."
"""I have no fucking idea, but I plan on talking to Lucas to see what he thinks,"" Devyn said, taking one last sip of his coffee before placing it back on his nightstand as she found herself wondering how someone who'd been working on a project for almost two years didn't know that it was-","Je n'en ai aucune idée, mais j'ai prévu d'en parler à Lucas pour voir ce qu'il en pense, dit Devyn en buvant une dernière gorgée de son café avant de le reposer sur le chevet alors qu'elle se demandait comment quelqu'un qui avait travaillé sur ce projet pendant presque deux années n'avait pas se rendre compte que c'était","Ça me fait rire, mais je vais parler à Lucas pour voir ce qu'il pense, dit Devyn, prenant un dernier gulp de café avant de le placer de nouveau sur son tableau de nuit, alors qu'elle se demandait comment quelqu'un qui travaillait sur un projet pendant presque deux ans ne savait pas que c'était..."
"He looks up at me, his eyes so full of pain, a lump forms in my throat.","Il lève les yeux vers moi, ils sont si emplis de douleur qu'une boule se forme dans ma gorge.","Ça me fait un lump dans la gorge, il regarde vers le haut, ses yeux pleins de douleur."
Chase would never forgive her if he ever found out.,Chase ne lui pardonnerait jamais s'il le découvrait.,Ça ne l'aurait jamais pardonné si jamais il l'avait découvert.
Chapter 11,Chapitre 11,11
"If I lose everything...""",Si je perds tout...,Si je perdais tout...
"""It is a lovely hotel,"" Andi murmured in agreement with a solemn nod as she took her time selecting a slice of bacon off the huge platter in front of her.","C'est un bel hôtel, murmura Andi en acquiesçant d'un signe de tête solennel, tout en prenant le temps de choisir une tranche de bacon sur l'immense plateau qui se trouve devant elle.","Ça fait un beau hôtel, murmura Andi d'accord avec un léger hochement de tête, tout en prenant son temps pour choisir une tranche de bacon sur le grand plat qui se trouvait devant elle."
"This morning when he woke up and realized that she wasn't there, he'd realized just how much he liked waking up with her in his arms.","Ce matin, quand, à son réveil, il avait vu qu'elle n'était pas à ses côtés, il avait réalisé à quel point il aimait se réveiller dans ses bras.","Ça faisait moins d'une heure qu'il se réveillait et qu'il réalise qu'elle n'était pas là, et il avait compris à quel point il aimait se réveiller avec elle dans ses bras."
He had bumps and ridges everywhere he should.,Il avait des muscles saillants partout où il le fallait.,Ça avait des bosses et des crêtes partout où il devait en avoir.
"Well, that was...precise.","Eh bien, c'est... précis.",Ça a été... précis.
"After they'd graduated, Lucas's godfather gave him a junior management position at Carta Hotels while Devyn started at the bottom, working the overnight shift as a clerk for a chain of cheap hotels.","Après l'obtention de leurs diplômes, le parrain de Lucas lui avait offert le poste de cadre subalterne chez les Hôtels Carta alors que Devyn avait dû commencer en bas de l'échelle, en commençant à travailler de nuit comme réceptionniste pour une chaîne d'hôtels bon marché.","Après leur diplôme, le parrain de Lucas lui avait donné un poste de cadre dans les Hôtels Carta, tandis que Devyn commençait à la base, travaillant la nuit comme commis dans une chaîne d'hôtels de bas de gamme."
She wasn't happy that he wasn't interested in the job.,Elle n'était pas contente par le fait qu'il n'était pas intéressé par cette tâche.,Ça ne l'avait pas fait plaisir qu'il ne soit pas intéressé par le poste.
"""Come with me to Kansas.",Viens avec moi au Kansas.,"Ça va, viens avec moi au Kansas."
"There's day-old snow on the ground, and tiny ice cubes falling from the cloudy sky, but inside is toasty and warm.","Il y a de la neige de la veille sur le sol et de petits flocons qui tombent du ciel nuageux, mais à l'intérieur, il fait chaud et c'est chaleureux.","Ça neige depuis hier, et des petits cubes de glace tombent du ciel gris, mais à l'intérieur, c'est chaud et toasty."
"Blood ran from his cheek, and he swiped and smeared it across his face.","Du sang coulait de sa joue, il l'essuya et l'étala sur son visage.","Ça coulait de son joue, et il l'éclaboussa et le répandit sur son visage."
She was alive and that's all that mattered.,Elle était en vie et c'est tout ce qui comptait.,"Ça faisait partie de son essence, de son être."
"Chase watched the hem of her shirt ride up again, this time enough to reveal the skin of her back.","Chase regarda l'ourlet de son tee-shirt remonter, cette fois suffisamment pour dévoiler la peau de son dos.","Chase regarda le bord de son tee-shirt remonter à nouveau, cette fois-ci suffisamment pour révéler la peau de son dos."
"I've never been particularly empathetic, and I barely know the man, but there you have it.","Je n'ai jamais été particulièrement empathique, et je connais à peine cet homme, mais voilà.","Ça ne m'a jamais particulièrement touché, et je ne connais pas vraiment l'homme, mais là, c'est ça."
"It's delicious, in a perverted, self-destructive sense.","C'est délicieux, dans un sens pervers et autodestructeur.","Ça est délicieux, dans un sens pervers et auto-destructeur."
"We need to get our hands on another iPad and a laptop, log into our accounts and download those files before he gets a chance to alter them or delete them.""","Nous devons mettre la main sur un autre iPad et un ordinateur portable, nous connecter à nos comptes et télécharger ces fichiers avant qu'il n'ait le temps de les modifier ou de les effacer.","Ça fait qu'il faut que nous ayons un autre iPad et un ordinateur portable, que nous nous connections à nos comptes et que nous téléchargeons ces fichiers avant qu'il n'ait le temps de les modifier ou de les supprimer."
"""I could ask you the same,"" I say, letting the water wash the soap from my body.","Je pourrais te demander la même chose, dis-je en laissant l'eau rincer le savon de mon corps.","Ça me serait aussi bien passé, dis-je, laissant la douche éliminer le savon de mon corps."
"When his hands found her breasts, she moved into his touch, the move causing her to be exactly where he needed her.","Lorsque ses mains trouvèrent ses seins, elle se laissa toucher, se plaçant exactement à l'endroit où il avait besoin d'elle.","Quand ses mains trouvèrent ses seins, elle se plia à son contact, ce qui la fit se trouver exactement où il l'avait besoin."
"""And once you're in a relationship, I find that going out on actual dates just doesn't happen.""","Et une fois qu'on est en couple, je trouve qu'on ne sort plus en amoureux.","Ça ne se passe pas comme ça, et quand on est en couple, je trouve que sortir en couple n'arrive pas."
Many thanks to:,Un grand merci,Merci à :
"There's barely any natural light, so John has off-white, rice-paper lanterns scattered in the corners.","Comme il n'y a pratiquement pas de lumière naturelle, John a placé des lanternes en papier de riz, couleur blanc cassé dans les coins.","Ça n'y a pas beaucoup de lumière naturelle, donc John a placé des lanternes en papier de riz blanches dans les coins."
She loved the way that he gently caressed her cheek with his fingertips as he moaned her name until that wasn't enough.,"Elle aimait la façon de caresser doucement sa joue du bout des doigts en gémissant son nom, jusqu'à ce que ça ne suffise plus.","Ça lui plaisait de voir le bout de son doigt caressant doucement son joue, tout en gémissant son nom, jusqu'à ce qu'il ne soit plus suffisant."
Line-dancing area.,Une piste de danse en ligne.,Zone de line-dancing.
"""If what you say is truewell, it happened a long time ago.","Si ce que tu dis est vrai, c'est arrivé il y a longtemps.","Si ce que tu dis est vrai, bien sûr, c'est longtemps que ça a eu lieu."
A small smile tugs at the corner of his mouth.,Un petit sourire se dessine au coin de sa bouche.,Un petit sourire se dessine à l'angle de sa bouche.
"""I can't,"" was all he could muster, and even that sounded like the most pathetic excuse.","Tout ce qu'il avait pu dire, c'est ""Je ne peux pas"", et même cette excuse lui avait semblé des plus pathétiques.","Ça ne me va pas, fut tout ce qu'il put dire, et même ça sonnait comme la plus pathetique des excuses."
It takes everything in me not to look away.,Il me faut tout ce que j'ai en moi pour ne pas détourner le regard.,Ça me prend tout mon effort pour ne pas me détourner.
"The feel of him, tight around me, is almost too much to bear.","La sensation de son intérieur, serré autour de moi, est presque trop difficile à supporter.","Ça, son toucher, qui me serre autour, est presque trop pour supporter."
"He pushed the door mostly closed and looked out into the park, a stripe of late-day sunlight highlighting his face.","Il poussa la porte jusqu'à la fermer et regarda vers le parc, un rayon de soleil de fin de journée illuminant son visage.","Il poussa la porte à moitié fermée et regarda dans le parc, une bande de lumière tardive mettant en valeur son visage."
"Where else would we hide?""",Où d'autre pourrions-nous nous cacher ?,"Ça, où aurions-nous pu cacher ?"
"I'll hold him all night, if that's what he wants.","Je le tiendrai toute la nuit, si c'est ce qu'il veut.","Ça va durer toute la nuit, si c'est ce qu'il veut."
Our time together meant nothing.,Le temps que nous avons passé ensemble ne signifiait rien.,Ça n'avait aucune importance.
"I love music,"" he says.","J'aime la musique, dit-il.","Ça m'aime la musique, dit-il."
"After the often-crushing humidity of summer, fall in Philadelphia is crisp, like a ripe apple you can't wait to sink your teeth into.","Après l'humidité souvent écrasante de l'été, l'automne à Philadelphie est frais, comme une pomme mûre que l'on a hâte de croquer à pleines dents.","Ça fait longtemps que je ne respire pas aussi bien, je suis enfin en train de respirer."
"We'll sleep on the couches.""",On dormira sur les canapés.,"Ça, on dormira sur les canapés."
"He'd live in this moment, this night with her, with no promises.","Il vivrait ce moment, cette nuit avec elle, sans rien lui promettre.","Ça, c'était la vie, cette nuit avec elle, sans promesse."
"""We were having a difficult time putting the pieces together because of the missing files, but thankfully, Mr. Anderson was kind enough to create a fake hotel for every transfer.","Nous peinions à recoller les morceaux à cause des dossiers manquants, mais heureusement, M. Anderson a eu la gentillesse de créer un faux hôtel pour chaque transfert.","Ça nous a été difficile de mettre les pièces du puzzle ensemble à cause des fichiers manquants, mais grâce à la gentillesse de M. Anderson, il a créé un faux hôtel pour chaque transfert."
Even the girls have noticed me slinking around our flat.,Même les filles ont remarqué que je me faufilais dans notre appartement.,Ça a même attiré l'attention des filles qui ont remarqué que je me débrouillais dans notre appartement.
It never occurred to me that I might be hindering his progress by forcing him to keep quiet.,Il ne m'est jamais venu à l'esprit que je pouvais l'empêcher d'avancer en le forçant à se taire.,Ça ne m'est jamais venu à l'esprit que je pourrais l'empêcher de progresser en lui forçant à garder le silence.
"Chase hefted the plywood and set it against the window, lining up the pilot holes.","Chase souleva le contreplaqué et le plaça contre la fenêtre, alignant les avant-trous.","Chase souleva le contreplaqué et le posa contre la fenêtre, alignant les trous de pilotage."
"""They changed the schedule.",Ils ont changé les horaires.,Ça a changé le programme.
"""I'll go grab the bags,"" he said, that muscle in his jaw working double-time as he turned around and left, leaving her with no choice but to see this thing through on her own.","Je vais chercher nos bagages, ajouta-t-il, le muscle de sa mâchoire tiquant deux fois plus alors qu'il se retournait et partait, ne laissant pas d'autres choix à la jeune femme que de se débrouiller toute seule.","Ça, je vais aller chercher les sacs, dit-il, le muscle de sa mâchoire travaillant à plein régime alors qu'il se tournait et quittait la pièce, la laissant sans autre choix que de terminer seule cette chose."
If Chase ever found out the truth...,Si Chase découvrait la vérité...,Si Chase découvrait la vérité...
"The sun, half-risen and bright, glowed behind her head like an orange halo, outlining the edges of her hair in bright relief.","Le soleil, à moitié levé et brillant, rayonnait derrière sa tête comme un halo orange, soulignant les contours de ses cheveux d'un relief éclatant.","Le soleil, à mi-hauteur et brillant, brillait derrière sa tête comme un halo orange, mettant en relief les bords de ses cheveux."
It never lies.,Elle ne ment jamais.,Ça ne ment jamais.
Of course Inna set the fire.,Bien sûr qu'Inna avait mis le feu.,Ça va sans dire que c'est Inna qui a allumé le feu.
"But you will find someone.""",Mais tu trouveras quelqu'un.,"Ça va, tu trouveras quelqu'un."
"It didn't matter what her mother had promised him, or what her father owed him.","Peu importe ce que sa mère lui avait promis, ou ce que son père lui devait.","Ça ne comptait pas de quoi sa mère lui avait promis, ni de quoi son père lui devait."
"Not even a little bit, because she had plenty to keep her busy, and honestly, she didn't have time for anything else.","Pas même un peu, car elle avait de quoi s'occuper, et honnêtement, elle n'avait pas le temps pour quoi que ce soit d'autre","Ça ne l'avait pas empêchée, car elle avait beaucoup à faire, et honnêtement, elle n'avait pas le temps de faire autre chose."
The sun is stroking the highlights of John's auburn hair as if it can't keep its fingers out of the wavy locks.,"Le soleil caresse les reflets des cheveux auburn de John, comme s'il ne pouvait pas empêcher ses rayons de toucher ses mèches ondulées.",L'aube de John est caressée par le soleil comme s'il ne pouvait pas garder les doigts hors des boucles ondulantes.
"The pier cut out to sea a hundred yards north, and fishermen and tourists alike would always head to his bar for lunch.","La jetée s'enfonçait dans la mer à une centaine de mètres au nord, et les pêcheurs comme les touristes se rendaient toujours à son bar pour déjeuner.","Le quai s'avançait vers la mer sur une centaine de mètres au nord, et les pêcheurs et les touristes se rendaient tous deux à son bar pour se déjeuner."
"She turned to Inna, and the words formed sticky clumps in her mouth.","Elle se tourna vers Inna, et les mots formèrent des amas collants dans sa bouche.",Ça lui donnait une bouche collée.
"""It's from the Police, a song called Tea in the Sahara.""","C'est une chanson de Police qui s'appelle ""Tea in the Sahara"".","Ça vient de la police, une chanson appelée ""Thé au Sahara""."
"""If you'd be still, it wouldn't hurt.""","Si tu restais tranquille, tu n'aurais pas mal.",Ça ne te ferait pas de mal de rester immobile.
The storm shutters banged a raging rhythm as the strong winds roared inland.,Les volets claquaient à un rythme endiablé tandis que les vents violents s'engouffraient à l'intérieur des terres.,Les volets de protection battaient un rythme furieux tandis que les fortes vents s'enfonçaient à l'intérieur des terres.
"I know John was married to a woman, and that the marriage lasted for at least a few years.",Je sais que John était marié à une femme et que ce mariage a duré au moins quelques années.,"Ça me dit que John était marié à une femme, et que le mariage a duré au moins quelques années."
"""How did she survive, being a woman in that time?","Comment a-t-elle survécu, en tant une femme à cette époque ?","Ça a fallu de l'audace pour survivre, être une femme à cette époque ?"
"But John brought color and warmth to it, things I didn't know I'd been missing.","Mais John y a apporté de la couleur et de la chaleur, des choses qui je ne savais pas me manquaient.","Ça avait de la couleur et de la chaleur, des choses que je ne savais pas avoir manquées."
"""What?"" My question brings John back to the present.",Ma question ramène John au présent.,Ça quoi ?
"One slides up my neck and into my hair, where he grabs a fistful of my curls, pulling me down into his hungry, greedy kiss.","L'une d'elles remonte le long de mon cou jusqu'à mes cheveux, où il saisit une poignée de mes boucles, m'attirant plus bas dans un baiser affamé et avide.","Ça glisse sur mon cou et s'engouffre dans mes cheveux, où il attrape une boule de ma bouclure, me faisant tomber dans son embrassement affamé et avide."
"I turn away enough to give him some semblance of privacy, quietly putting my things in my backpack, but I stay close.","Je me détourne suffisamment pour lui laisser un semblant d'intimité, en rangeant discrètement mes affaires dans mon sac à dos, mais je reste près de lui.","Ça me suffit pour lui donner un peu de privé, je mets doucement mes affaires dans mon sac à dos, mais je reste proche."
"""I have no idea since you haven't told me what I'm doing exactly.",Je n'en ai aucune idée vu que tu ne m'as pas dit ce que je dois exactement faire.,"Ça me fait peur, car tu ne m'as pas dit exactement ce que je fais."
I'm a veritable treasure trove of useless knowledge.,Je suis un véritable puits de connaissances inutiles.,Ça fait que je suis un véritable trésor de connaissances inutiles.
She reached for him and touched his arm and his tattoo burned like she'd touched him with a torch.,"Elle s'approcha de lui, toucha son bras et son tatouage le brûla comme si elle l'avait touché avec une torche.",Elle l'attrapa et toucha son bras et son tatouage brûla comme s'il l'avait touché avec une flamme.
"John makes a sound in the back of his throat, something like a confirmation, and drops his head to his chest.","John émet un grognement, quelque chose comme une confirmation, et baisse la tête vers sa poitrine.","Ça fait un bruit dans sa gorge, quelque chose comme un confirmation, et il abaisse la tête sur son torse."
"""Huh?"" Mari sighed as the image of her and Chase vanished.",Mari soupira alors que l'image d'elle et de Chase disparaissait.,Ça ?
"I want inside you,"" he practically begs.","Je veux être en toi, supplie-t-il presque.","Ça me fait envie d'être à l'intérieur de toi, dit-il presque en suppliant."
"""He's not here,"" Mari whispered.","Il n'est pas là, murmura Mari.","Ça ne marche pas, dit Mari à voix basse."
Lights lit up the room and sickly carnival music blasted from unseen speakers.,Des lumières illuminèrent la pièce et une musique de carnaval discordante sortit de haut-parleurs invisibles.,Les lumières éclairaient la pièce et la musique de carnaval s'échappait des haut-parleurs invisibles.
"He could see more fire than bar, and he knew it was over.","Il voyait plus le feu que son bar, et il savait que c'était fini.","Ça faisait plus de bar qu'un feu, et il savait que c'était fini."
"He doesn't think I'm crazy when I stop, mid-sentence, to point out the song that's playing in the restaurant while we eat.","Il ne me prend pas pour un fou quand je m'arrête, au milieu d'une phrase, pour lui faire remarquer la chanson qui passe dans le restaurant pendant que nous mangeons.","Ça ne lui fait pas penser que je suis fou quand je me arrête, au milieu d'une phrase, pour signaler la chanson qui est en train de se jouer dans le restaurant pendant que nous mangeons."
Let me try to brace myself halfway.,Laisse-moi essayer de m'arc-bouter à mi-chemin.,"Ça me fera, je vais essayer de me tenir debout à mi-chemin."
"""I deserve to feel his death.",Je mérite de voir sa mort.,Ça me revient de sentir sa mort.
"The naked woman stood tall, her deep-brown hair reaching to her ankles.","La femme nue se tenait debout, ses cheveux d'un brun profond lui arrivaient aux chevilles.","La femme nue se tenait érecte, ses cheveux bruns allant jusqu'à ses ankles."
"Feeling more confident in her movements, she stroked him as she licked and sucked, grasping him firmly.","Plus confiante dans ses mouvements, elle le caressa tout en le léchant et en le suçant, l'empoignant fermement.","Ça lui donnait plus de confiance dans ses mouvements, elle le caressea tandis qu'elle léchait et suçait, le saisissant fermement."
"So, they tried to scare me off by telling me about all the monsters and the ghosts in the school, how mean the teacher really was, all the gross things the cafeteria lady was putting in the food, and unfortunately, it worked.","Elles ont donc essayé de m'effrayer en me parlant de tous les monstres et fantômes de l'école, de la méchanceté du professeur, de toutes les choses dégoûtantes que la dame de la cafétéria mettait dans la nourriture, et malheureusement, ça a fonctionné.","Ça a marché, ils m'ont effrayé en me disant que le prof était vraiment méchant, que la cafétéria mettait des choses grossières dans les repas, et que les monstres et les fantômes étaient partout dans l'école."
I hope my voice sounds firm.,J'espère que ma voix est ferme.,Je espère que ma voix sonne ferme.
"""I'm very thorough,"" Andi said, nibbling on a piece of bacon.","Je suis très minutieuse, dit Andi en grignotant un morceau de bacon.","Ça me fait rire, dit Andi en mâchant une tranche de bacon."
"After high school, she attended college, worked as a bellhop, fast food cook, and a museum worker until she decided to take an EMT course.","Après le lycée, elle est allée à l'université, a travaillé comme groom, cuisinière dans un fast-food et employée dans un musée, jusqu'à ce qu'elle décide de suivre des cours pour devenir ambulancière.","Après le lycée, elle a fréquenté l'université, travaillé comme valet de chambre, cuisinier dans un fast-food et employé dans un musée jusqu'à ce qu'elle décide de suivre un cours d'ambulancier."
"""His baby sister.",Sa petite sœur.,Sa petite sœur.
"""Welcome to the Emerald Cove, Mr. MacGregor,"" the clerk said with that warm smile that didn't seem to help the situation as Devyn continued to glare in a way that told her that she was never going to hear the end of this.","Bienvenue à l'Emerald Cove, M. MacGregor, dit la réceptionniste avec un sourire chaleureux qui ne semblait pas arranger la situation, alors que Devyn continuait de la fixer d'une manière qui lui disait qu'elle ne finirait jamais d'en entendre parler.","Ça va, monsieur MacGregor, dit l'employé avec ce sourire chaleureux qui ne semblait pas aider la situation, tandis que Devyn continuait à l'affronter de façon à lui dire qu'elle ne l'oublierait jamais."
Was this the end?,Était-ce la fin ?,Ça allait-il être la fin ?
The board would have fired his ass for gross incompetence.,Les membres du conseil d'administration l'auraient licencié pour incompétence grave.,Ça aurait été licencié pour grossière incompétence.
To escape.,Pour s'échapper.,Être en fuite.
"We expect landfall not long after midnight at the storm's current speed...""",Nous nous attendons à ce que la tempête touche terre peu après minuit vu sa vitesse actuelle...,"Ça ne fera pas longtemps avant minuit, à la vitesse actuelle de la tempête..."
I don't want any stray projectiles to catch either one of us unawares.,"Je ne veux pas qu'un projectile perdu nous prenne au dépourvu, l'un ou l'autre.",Ça ne me fait pas de plaisir de voir des projectiles errants nous prendre au dépourvu.
"I yank until I free myself, wincing, but the pain calms me down a little.","Je tire jusqu'à me libérer, en grimaçant, mais la douleur me calme","Ça me fait douleur, mais la douleur me calme un peu."
He looked out to the dark beach.,Il regarda la plage sombre.,Ça regardait la plage sombre.
"You haven't told me how you feel about him.""",Tu ne m'as pas dit ce que tu ressentais pour lui.,Ça ne m'a pas dit comment tu te sentais à son égard.
Serving Chase coffee in bed without his black T-shirt or pants.,"Servir un café à Chase dans son lit, sans son tee-shirt noir ni son pantalon.",Ça faisait servir du café Chase en lit sans sa tee-shirt noire ou ses pantalons.
"No going barefoot on the deck today, it wasn't safe.","Pas question d'aller pieds nus sur le pont aujourd'hui, ce n'était pas sûr.","Ça ne se faisait pas de pieds nus sur le pont aujourd'hui, c'était dangereux."
Lots of little girls with curls hanging to their waists and bright blue eyes...,Beaucoup de petites filles avec des boucles qui leur arriveraient à la taille et des yeux bleu brillant...,Ça faisait des petites filles aux cheveux bouclés jusqu'à leurs taille et aux yeux bleus lumineux...
What he faced now.,Ce qu'il affrontait maintenant.,Ça qu'il affrontait maintenant.
She freaking loved quiet time!,Elle adorait le temps calme !,Ça lui faisait plaisir de passer du temps en silence !
"The elevator doors barely had a chance to open when he was moving his ass, heading to his office, praying every step of the way that Andi was there.","Les portes de l'ascenseur avaient à peine eu le temps de s'ouvrir qu'il en sortait, se dirigeant vers son bureau, priant à chaque pas pour qu'Andi soit là.","Les portes de l'ascenseur n'avaient même pas eu le temps de s'ouvrir qu'il se mettait en marche, se dirigeant vers son bureau, priant à chaque pas qu'Andi soit là."
"""God, you'll never know how sorry I am.""","Bordel, tu ne peux pas savoir à quel point je suis désolé.","Ça, tu ne sauras jamais à quel point je suis désolé."
"""You hate the clutter I make with my records and my gadgets, and my clothing lying about the bedroom.""","Tu détestes le désordre que je crée avec mes disques, mes gadgets et mes vêtements qui traînent dans la chambre.","Ça te fait haine de la saleté que j'ai fait avec mes disques et mes gadgets, et de mes vêtements qui courent dans la chambre."
"""Who is he and what is he to you?""",Qui est-il et que représente-t-il pour toi ?,"Ça, qui est-ce qu'il est et à quoi il sert pour toi ?"
"""You'll be safer at home.""",Tu seras plus en sécurité à la maison.,Ça te sera plus sûr à la maison.
"Get control, mister.","Contrôlez-vous, monsieur.","Ça va, monsieur."
Not for anyone.,Pour personne.,Ça ne sert à rien.
"I look away, unable to handle the intensity of John's gaze, and stare unseeing at the computer screen.","Je détourne le regard, incapable de supporter l'intensité du regard de John, et je fixe l'écran de l'ordinateur sans le voir.","Je me détourne, incapable de supporter l'intensité du regard de John, et j'adresse un regard aveugle à l'écran du ordinateur."
"She fingered the pearl pendant, twisting it slowly.",Elle toucha le pendentif en perles et le fit tourner lentement.,"Elle caressa le pendant en perle, le tournant lentement."
"Then he reeled backward, almost falling off the platform.","Puis il recula, tombant presque de la plateforme.","Il recula alors, s'approchant de la chute."
"Every time I come in for my shift, I expect to find a note from Nicki, but she leaves me alone.","Chaque fois que j'arrive pour mon service, je m'attends à trouver un mot de Nicki, mais elle me laisse tranquille.","Ça fait des années que je suis à la radio, et chaque fois que je vais au travail, je m'attends à trouver une note de Nicki, mais elle me laisse tranquille."
"Breaking off the kiss, Andi reached for that bottle of bodywash and squeezed more into her hand before tossing the empty bottle aside and turning around in his arms, reaching up and pulled him back down to pick up where they left off while she reached between their bodies and-","Rompant le baiser, Andi attrapa la bouteille de gel douche et en pressa davantage dans sa main avant de jeter la bouteille vide de côté et de se retourner dans ses bras, tendant ses bras pour le mettre à son niveau et reprendre là où ils s'étaient arrêtés tandis qu'elle passait la main entre leurs corps et...","Ça cassa le baiser, Andi s'approcha de la bouteille de douche corporelle et enversa plus de liquide dans sa main avant de jeter la bouteille vide de côté et de se retourner dans ses bras, s'élançant et le tirant de nouveau vers le bas pour reprendre là où ils l'avaient laissé."
"And so damned tight, I start to babble.",Et tellement serré que je commence à bafouiller.,Ça est si bien fermé que je commence à babbler.
"Add the peep show to the grudge and revenge plot, and Inna would kill both of them without hesitation.","Ajoutez le peep-show au projet de vengeance, et Inna les tuerait tous les deux sans hésiter.","Ajouter le peep-show au complot de rancune et de vengeance, et Inna les tuerait sans hésiter."
"It's my fault he's dead.""",C'est ma faute s'il est mort.,Ça fait mon faute qu'il soit mort.
I've never been like this with anyone.,Je n'ai jamais été comme ça avec personne.,Ça ne m'est jamais arrivé avec personne.
"Not everyone can make it with a coastal shop.""",Ce n'est pas donné à tout le monde de réussir à s'en sortir avec un magasin en bord de mer.,Ça ne se fait pas avec tous les magasins de bord de mer.
Inna wouldn't either.,Inna non plus.,Ça ne l'aurait pas fait non plus.
She tugged more forcefully and moved to take him in her mouth.,Elle tira plus fort et bougea pour le prendre dans sa bouche.,Ça lui donna plus de force et elle se déplaça pour le prendre dans sa bouche.
"Yes, I am a bit of a music snob, but he shouldn't know that.","Oui, je suis un peu snob en matière de musique, mais il ne devrait pas le savoir.","Ça va, je suis un peu snob en matière de musique, mais il ne devrait pas le savoir."
"""You really want to know?""",Tu veux vraiment savoir ?,Ça vous intéresse vraiment ?
"Right at this moment, when I'm so raw, I'm bleeding on the inside.","Tout de suite ? En ce moment même, alors que je suis à vif, que je saigne","Ça, à ce moment-là, alors que je suis si cru, je saigne à l'intérieur."
Garrett and I stopped a week or two before our break-up.,Garrett et moi avons arrêté une semaine ou deux avant notre rupture.,Ça a commencé une semaine ou deux avant notre séparation.
In public?,En public ?,"Ça, en public ?"
Starstruck Holidays: A MM Sci-Fi Holiday Romance Anthology,Starstruck Holidays : Une anthologie de romance de vacances MM Sci-Fi,Starstruck Holidays : un recueil de romances de vacances MM de science-fiction
"John Burton, Walt Whitman High School, Patrick","John Burton, Walt Whitman High School, Patrick","John Burton, lycée Walt Whitman, Patrick"
He watched as her focus turned to confusion as she stared down at the light brown teddy bear that had taken him two days to find before her lips pulled up into a beautiful smile.,"Il vit son attention se transformer en confusion lorsqu'elle fixa l'ours en peluche marron clair qu'il avait mis deux jours à trouver, avant que ses lèvres ne se retroussent en un magnifique sourire.","Ça lui avait fallu deux jours pour trouver ce petit ours brun, et elle le regardait avec une expression de confusion avant que ses lèvres ne se plient en un beau sourire."
It would just take a little longer than she'd planned.,Ça prendrait juste un peu plus de temps que prévu.,Ça prendrait juste un peu plus de temps qu'elle ne l'avait prévu.
She didn't let it overwhelm or cripple her.,Elle ne la laissait pas l'accabler ou la paralyser.,Ça ne l'avait pas dépassée ni la paralysée.
"John inspires so much music in me, but I haven't found his song.","John m'inspire tellement de chansons, mais je n'ai pas trouvé sa chanson.","Ça fait si longtemps que John m'inspire de la musique, mais je n'ai pas encore trouvé sa chanson."
"She hadn't felt safe and secure in a long time, and her breathing slowed as she relaxed.","Cela faisait longtemps qu'elle ne s'était pas sentie en sécurité, et sa respiration ralentit à mesure qu'elle se détendait.","Ça lui avait fait longtemps peur et elle respirait de plus en plus lentement, se détendant."
"""We go out all the time.""",Nous sortons tout le temps.,Ça fait des années que nous sortons tous les soirs.
Daydreams and swimming would have to wait.,Les rêveries et les baignades devaient attendre.,Ça allait falloir attendre.
"Who knows what our options will be tomorrow.""",Qui sait quelles seront nos options demain ?,Ça ne fait pas de doute que nous aurons des options demain.
A small chime had Devyn swallowing hard as he looked up and found Andi's phone in the bastard's hand.,Un petit tintement fit déglutir Devyn qui leva les yeux et trouva le téléphone d'Andi dans la main du connard.,Ça faisait un petit sonnerie qui fit Devyn avaler difficilement alors qu'il leva les yeux et trouva le téléphone d'Andi dans la main du salaud.
"""Her parents?""",Ses parents ?,Ça fait référence à ses parents ?
She turned toward the stack of wood so he wouldn't see her blush.,Elle se tourna vers la pile de bois pour qu'il ne la voit pas rougir.,"Ça lui faisait rougir, elle se tourna vers la pile de bois pour qu'il ne la voie pas rougir."
"""I can help you make your selections, though I have to warn you.","Je peux vous aider à faire votre choix, mais je dois vous prévenir.","Ça me permet de te conseiller pour tes choix, mais je dois te prévenir."
"He tossed Mari her sundress, then slid into his jeans and zipped them.","Il lança sa robe d'été à Mari, puis se glissa dans son jean et le ferma.","Il jeta le dress à Mari, puis se glissa dans son jean et le referma."
Garrett brought a bottle of wine.,Garrett a apporté une bouteille de vin.,Garrett avait apporté une bouteille de vin.
"""We don't have all day.""",Nous n'avons pas toute la journée.,Ça ne nous donne pas toute la journée.
His muscles glistened with rain or seawater; she didn't know which.,"Ses muscles brillaient sous l'effet de la pluie ou de l'eau de mer, elle ne savait pas laquelle.","Ses muscles brillaient de l'eau de pluie ou de mer, elle ne savait pas quelle."
Her brows furrow.,Ses sourcils se froncent.,Ça lui fait froncer les sourcils.
"""Hey, I can't breathe.""","Hé, je n'arrive pas à respirer.","Ça, je ne peux pas respirer."
"""Your turn.""",À ton tour.,Ça te revient.
"A shudder passes through me, followed by a lightning bolt of desire that lands right on the tip of my cock.","Un frisson me traverse, suivi d'un éclair de désir qui atterrit directement sur le bout de ma queue.","Ça me fait un frisson, suivi d'un éclair de désir qui tombe exactement sur le bout de mon c*t."
"I take in his deep, brown skin and near-white hair, his chiseled cheekbones, and dimpled chin.","Je regarde sa peau brun foncé, ses cheveux presque blancs, ses pommettes ciselées et la fossette sur son menton.","Je prends sa peau brune et ses cheveux presque blancs, ses joues sculptées et son menton dentelé."
"Something was going on, and Mari was going to tell him everything.","Il se passait quelque chose, et Mari allait tout lui dire.","Ça se passait, et Mari allait lui raconter tout."
"Mari stopped and watched them too, her curvy figure leaning against the walkway railing.","Mari s'arrêta et les observa également, sa silhouette pulpeuse appuyée contre la rambarde de la passerelle.","Ça fait un moment qu'elle s'était arrêtée et les regardait aussi, sa silhouette courbée s'appuyant sur le rail de la passerelle."
"I wish you'd stay inside.""",J'aimerais que tu restes à l'intérieur.,Ça te ferait plaisir de rester à l'intérieur.
Pleasure struck hard and fast and she cried out as an orgasm slammed into her.,Le plaisir la surprit vite et fort et elle cria lorsqu'un orgasme la frappa de plein fouet.,"Ça lui donna du plaisir, qui lui frappa violemment et rapidement, et elle cria lorsqu'un orgasme l'attaqua."
"The stretch, it burns, and it feels so fucking good.","L'étirement, la brûlure, c'est si bon, putain.","Ça fait brûler, et ça sent si bien."
Wasn't that what people did in times of stress?,N'est-ce pas ce que font les gens en période de stress ?,Ça n'était-ce pas ce que les gens faisaient dans les moments de stress ?
"His voice is barely above a whisper, and there's such warmth and affection in it, my heart stutters.","Sa voix est à peine plus forte qu'un murmure, et il y a tant de chaleur et elle contient tellement d'affection que mon cœur bat la chamade.","Ça ne fait qu'un souffle, et il y a tant de chaleur et d'affection dans sa voix, que mon cœur s'arrête."
"He turned to her, trying to keep his voice low and firm.","Il se tourna vers elle, essayant de garder une voix basse et ferme.","Ça lui tourna la tête, essayant de garder sa voix basse et ferme."
"If he were being honest with himself, he'd admit he would miss the bar and all the long nights of work and music and stories.","S'il était honnête avec lui-même, il admettrait que le bar et les longues nuits de travail, de musique et d'histoires lui manqueraient.","Si il était honnête avec lui-même, il admettrait qu'il manquerait au bar et aux longues nuits de travail, de musique et d'histoires."
Over the past three days...nothing.,Durant les trois derniers jours.,Ça fait trois jours... rien.
"""I might have considered letting Chase move away if you'd asked me nicely.""",J'aurai pu envisager de laisser Chase partir si tu me l'avais demandé gentiment.,Ça aurait pu me faire envisager de laisser Chase partir si tu avais demandé poliment.
"She knew he held grudges, but this was ridiculous.","Elle savait qu'il était rancunier, mais là, c'était ridicule.","Ça faisait partie de son caractère, mais ça allait trop loin."
I guess that solves that problem.,Je suppose que cela résout le problème.,Ça résout donc le problème.
"He'd thought he'd planned it well with plenty of time to get off the island and go a couple hundred miles inland, maybe to Raleigh.","Il pensait avoir bien planifié son départ et avoir suffisamment de temps pour quitter l'île et se rendre à quelques centaines de kilomètres à l'intérieur des terres, peut-être jusqu'à Raleigh.","Ça lui avait semblé qu'il avait bien prévu, avec suffisamment de temps pour quitter l'île et aller à quelques centaines de kilomètres de là, peut-être jusqu'à Raleigh."
"""Curiosity, I suppose.""","La curiosité, je suppose.","Ça vient de la curiosité, je suppose."
"""I guess you think I'm crazy now.",Je suppose que tu penses que je suis fou maintenant.,Ça veut dire que tu penses que je suis fou maintenant.
"He sighs and slides his fingers against mine, back and forth.","Il soupire et fait glisser ses doigts entre les miens, d'avant en arrière.","Ça me fait un signe et il glisse ses doigts contre les miens, d'avant en arrière."
"Besides, it isn't like the rides will be open.""","Et puis, ce n'est pas comme si les manèges étaient ouverts.",Ça ne fait pas comme si les attractions étaient ouvertes.
He took care of practically everything.,Il s'occupait pratiquement de tout.,Ça lui était pris.
"I spin some MC5, X, The Noisettes, and Miike Snow.","Je passe MC5, X, The Noisettes et Miike Snow.","Ça fait du bien de faire tourner du MC5, X, The Noisettes et Miike Snow."
"And now, just as things were going well between her and Chase, she might lose him forever.","Et maintenant, alors que les choses allaient bien entre Chase et elle, elle risquait de le perdre pour toujours.","Ça allait bien entre elle et Chase, et maintenant elle risquait de le perdre pour toujours."
I guess it is a normal part of daughters growing up.,Je suppose que c'est une partie normale du processus du passage à l'âge adulte pour les filles.,Ça fait partie de la croissance de la fille.
"If she didn't know better, she'd say that Inna controlled the weather.","Si elle ne le connaissait pas mieux, elle dirait qu'Inna contrôlait la météo.","Si elle ne savait mieux, elle dirait que Inna contrôlait le temps."
"There's only a smattering of trees in my neighborhood, and even those are too young to do more than sprinkle a bit of confetti on the ground, but Bucks County, where the station is – and where John lives - is a fall lover's dream.","Il n'y a que quelques arbres dans mon quartier, et même ceux-là sont trop jeunes pour ne faire plus que répandre un peu de confettis sur le sol, mais le comté de Bucks, où se trouve la station radio et où vit John, est un lieu de rêve pour les amoureux de l'automne.","Ça fait un peu froid dans mon quartier, et même les arbres qui y sont sont trop jeunes pour faire plus qu'un peu de confettis sur le sol, mais le comté de Bucks, où se trouve la station et où vit John, est un rêve pour les amoureux de l'automne."
I greet WKMP's general manager as he sets a crate of records on the ground and unlocks his 2012 VW Golf.,Je salue le directeur général de WKMP alors qu'il pose une caisse remplie de disques sur le sol et déverrouille sa Golf 2012.,Je salue le directeur général de WKMP alors qu'il pose une boîte de disques sur le sol et déverrouille sa Volkswagen Golf 2012.
Breakfast?,Le dîner ?,Ça fait du déjeuner ?
Like slipping into my favorite pair of sweatpants at the end of a long day.,C'est comme si je me glissais dans mon pantalon de survêtement préféré à la fin d'une longue journée.,Ça me fait comme si je me mettais dans mon pijama préféré à la fin d'une longue journée.
"""That depends,"" Andi said, adding a little sniffle at the end there as she continued toying with his fingers while he lay there, unable to take his eyes off her as he thought about the last two days and...","Ça dépend, dit Andi, ajoutant un petit reniflement à la fin de sa phrase tout en continuant à jouer avec les doigts de Devyn resté allongé, incapable de la quitter des yeux alors qu'il pensait aux deux derniers jours et...","Ça dépend, dit Andi, ajoutant un petit gémissement à la fin, tout en continuant à jouer avec ses doigts alors qu'il restait allongé, incapable de détacher les yeux de celle-ci alors qu'il pensait aux deux derniers jours et..."
"USA Today bestselling author Kerry Adrienne loves history, science, music, and art.","Kerry Adrienne, autrice de best-sellers USA Today, aime l'histoire, la science, la musique et l'art.","L'auteure à succès du New York Times, Kerry Adrienne, aime l'histoire, les sciences, la musique et l'art."
"I can't keep my eyes off John, and I'm worried that I'll scratch a record or miss a cue.",Je ne peux pas quitter John des yeux et je crains de rayer un disque ou de rater un signal.,"Ça me fait peur de ne pas pouvoir me détacher de John, et j'ai peur de scratcher un disque ou de manquer un cueilli."
I'm pleased that he seems to like it.,Je suis heureux qu'il semble l'aimer.,Ça me plaît qu'il semble l'aimer.
"The phone lines are blinking, but I'm not taking any more requests.","Les lignes téléphoniques clignotent, mais je ne prends plus de demandes.","Ça fait clignoter les lignes téléphoniques, mais je ne prends plus de nouvelles demandes."
"He picked up the pickle spear and sucked on the end, his mouth contracting at the sourness.","Il prit un cornichon et en suça l'extrémité, sa bouche se contractant sous l'effet de l'aigreur.","Il ramassa le lance-piments et s'en suça l'extrémité, sa bouche se contractant à la saveur acide."
"""But both my sister and I are pretty good at taking care of ourselves.",Mais ma sœur et moi savons très bien nous occuper de nous-mêmes.,"Ça dit, ma sœur et moi sommes assez bonnes pour nous prendre en charge."
"Not a tangible sense of loss, but an echo of what might have been.","Ce n'était pas un sentiment réel de perte, mais un écho de ce qui aurait pu être.","Ça n'était pas un sentiment de perte tangible, mais un écho de ce qui aurait pu être."
He almost reached for her but stopped.,"Il s'approcha presque d'elle, mais s'arrêta.","Ça lui était presque arrivé de l'attraper, mais il s'arrêta."
"I only let my eyes flit briefly over its welcoming expanse and push any thoughts of us tumbling onto it, limbs entwined and John's big body pressing me into the mattress, right out of my head.","Je ne laisse mes yeux que balayer brièvement son étendue accueillante, et j'écarte de ma tête toute idée de nous y laisser tomber, les membres enlacés et le grand corps de John me pressant contre le matelas.","Je ne fais que passer rapidement mon regard sur son étendue accueillante et je chasse de ma tête toute idée de nous tomber dessus, bras et jambes entrelacées, le corps de John me pressant dans le matelas."
"""What if I told you that I had to leave so that I could send your project to Roman Palms so that they could implement the changes you came up with immediately?"" he asked, smiling against her throat when she went still.",Et si je te disais que je devais partir pour envoyer ton projet à Roman Palms afin qu'ils puissent mettre en œuvre immédiatement les changements que tu as proposés ?,Ça te ferait peur si je te disais que j'avais dû partir pour pouvoir envoyer ton projet à Roman Palms pour qu'ils puissent mettre en œuvre les changements que tu as proposés immédiatement ?
"She'd never been brazen, and her face heated despite her outward boldness.","Elle n'avait jamais été effrontée, et son visage s'échauffa malgré son audace apparente.","Ça ne lui était jamais arrivé, et son visage s'échauffa malgré sa bravoure apparente."
"""Stop it, Inna!","Arrête, Inna !","Ça suffit, Inna !"
"""Will it be loud, or can I leave the door open?"" I try to keep my annoyance out of my voice.","Ce sera bruyant, ou je peux laisser la porte ouverte ?","Ça va être bruyant, ou je peux laisser la porte ouverte ?"
"""It's not that bad,"" I swear.","Ce n'est pas si mal, juré-je.","Ça ne va pas si mal, je jure."
And never come back to the islandnever contact you.,"Et de ne jamais revenir sur l'île, de ne jamais te contacter.",Ça ne m'empêchera pas de revenir sur l'île  ni de te contacter.
"He'd gathered four flashlights from the kitchen, one from behind the bar, and a few pillar candles and matches, when the phone rang.","Il avait rassemblé quatre lampes de poche dans la cuisine, une derrière le bar, quelques bougies et des allumettes, lorsque le téléphone sonna.","Ça faisait un moment qu'il avait récupéré quatre torches électriques dans la cuisine, une autre derrière le bar, ainsi que quelques bougies et des allumettes, lorsque le téléphone sonnait."
Probably right after his mother died and he'd been forced to live off discounted Halloween candy for a month.,Probablement juste après la mort de sa mère et qu'il avait été forcé de vivre en mangeant des bonbons d'Halloween à prix réduit pendant un mois.,Ça devait être après la mort de sa mère et qu'il avait dû vivre pendant un mois sur des bonbons Halloween à prix réduits.
"The fading light cast long, deep shadows over one side of his face and his strong features stood out in contrast.",La lumière déclinante projetait des ombres longues et profondes sur un côté de son visage et ses traits forts se détachaient par contraste.,L'obscurcissement de la lumière projetait de longs et profonds ombres sur un côté de son visage et ses traits forts se détachaient en contraste.
"In addition to writing books, she's also a college instructor, artist, anime/manga and historical costumer, editor, and bad guitar player.","En plus d'écrire des livres, elle est également enseignante à l'université, artiste, costumière d'anime/manga et d'histoire, rédactrice, et mauvaise joueuse de guitare.","Elle est également professeur de collège, artiste, fan de manga et d'anime, costumière historique, rédactrice, et mauvaise guitariste."
He landed right on top of her.,Il atterrit juste au-dessus d'elle.,Ça lui est tombé tout droit sur la tête.
"A small mermaid swam near the tentaclea mermaid with long pale hair, holding a pink starfish.","Une petite sirène nageait près du tentacule, une sirène aux longs cheveux pâles, tenant une étoile de mer rose.","Une petite sirène nagea près du tentacule  une sirène aux cheveux longs et pâles, tenant un étoile de mer rose."
"""No wonder they canceled the ferry.""",Pas étonnant qu'ils aient annulé le ferry.,Ça ne fait pas de doute que le ferry a été annulé.
He had thanked me.,Il m'avait remercié.,Ça m'avait fait plaisir qu'il m'ait remercié.
"Not like we can do anything without electricity.""",Ce n'est pas comme si nous pouvions faire quoi que ce soit sans électricité.,Ça ne veut pas dire que nous pouvons faire quelque chose sans électricité.
"""I can understand that,"" Andi said with a sad shake of her head as she auto-filled her credit card information to hold the room.","Je peux le comprendre, dit Andi en secouant tristement la tête tandis qu'elle remplissait automatiquement les informations de sa carte de crédit pour réserver la chambre.","Ça me semble compréhensible, dit Andi avec un secouement de tête triste alors qu'elle remplissait automatiquement les informations de sa carte de crédit pour réserver la chambre."
"Yet, if she stayed alone, that punk might hurt her.","Pourtant, si elle restait seule, ce voyou pourrait lui faire du mal.","Ça ne faisait pas de bien de rester seule, car ce punk pourrait la blesser."
"He'd better be glad I didn't get my hands on him.""",Il ferait mieux d'être content que je ne lui ai pas mis la main dessus.,Ça lui faut bien être heureux que je n'ai pas eu les mains sur lui.
"""And another for my date.""",Et une autre pour mon rendez-vous.,Ça fait un autre pour ma date.
"It's a steady rhythm, and I feel my heartbeat slowing to match it.","C'est un rythme régulier, et je sens les battements de mon cœur ralentir en même temps.","Ça est un rythme régulier, et je sens mon rythme cardiaque ralentir pour s'y adapter."
"His hands found her breasts as he continued alternating between teasing her clit and sliding his tongue inside her, licking her hungrily as she lay there, wondering if she'd ever felt anything this good before.","Ses mains trouvèrent ses seins alors qu'il continuait d'alterner entre taquiner son clitoris et glisser sa langue à l'intérieur d'elle, la léchant avec avidité alors qu'elle était allongée là, se demandant si elle avait déjà ressenti quelque chose d'aussi bon auparavant.","Ça lui fallait un peu de temps pour trouver ses seins, mais il continua à alterner entre l'excitation de son clitoris et l'introduction de sa langue à l'intérieur d'elle, l'attirant hunieusement alors qu'elle restait allongée, se demandant si elle avait jamais ressenti quelque chose de si bon."
"""2345 divided by 82.""","""2345 divisé par 82.",2345 divisé par 82.
We've been a lot slower this afternoon.,Nous avons été beaucoup plus lents cet après-midi.,Ça a été beaucoup plus lent cette après-midi.
Without Regret,Sans regret,Sans regret
"I...I googled you a while back.""",Je... j'ai cherché des informations sur toi sur Google il y a un moment.,Ça... j'ai fait une recherche sur toi il y a quelque temps.
"""I'm not here about the storm, though we'll need to board up in the morning.""","Je ne suis pas là pour la tempête, même si nous devrons installer des planches dans la matinée.","Ça n'est pas pour la tempête que je suis ici, mais nous aurons besoin de fermer les volets demain matin."
You've been cruel to me.,Tu as été cruelle avec moi.,Ça a été cruel envers moi.
"I wanted to check the shop door.""",Je voulais vérifier la porte du magasin.,Ça m'a fait penser à vérifier la porte de la boutique.
"Her eyes were closed, and she twirled, not once, but three times, before she opened them.","Ses yeux étaient fermés et elle tournoyait, non pas une fois, mais trois fois, avant de les ouvrir.","Ça faisait un moment qu'elles étaient fermées, et elle s'était tournée, pas une fois, mais trois fois, avant d'ouvrir les yeux."
Music is my life.,"La musique, c'est ma vie.","Ça, c'est ma vie."
"""She's...very ill, awake now, but comfortable.","Elle est... très malade, consciente maintenant, mais confortable.","Ça... elle est... très malade, elle est réveillée maintenant, mais confortable."
Now he'd done what he feared.,Il avait fait ce qu'il craignait.,Ça faisait maintenant qu'il avait fait ce qu'il craignait.
"While she did that, Devyn worked on running Carta Hotels, dealing with the board, and doing whatever it took to keep them happy and buy them more time.","Alors qu'elle s'occupait de ça, Devyn continuait de diriger les Hôtels Carta, s'occupant du conseil d'administration, et faisant tout son possible pour les contenter, et ainsi gagner plus de temps.","Ça lui donnait le temps de gérer les Hôtels Carta, de s'occuper du conseil d'administration et de faire tout ce qu'il fallait pour les satisfaire et leur donner plus de temps."
"""Are we high enough here behind the dunes to be safe from that much water?""","Sommes-nous assez haut ici, derrière les dunes pour être à l'abri d'une telle quantité d'eau ?",Êtes-nous assez hauts derrière les dunes pour être en sécurité face à tant d'eau ?
It wasn't the same.,Ce n'était pas la même chose.,Ça n'était pas le même.
Fucking cookies!,Des putain de cookies !,Ça fait chier les biscuits !
"Taller than me, which isn't saying much.","Plus grand que moi, ce qui n'est pas anodin.","Plus grand que moi, ce qui n'est pas dire beaucoup."
"I've had dreams about that, ever since the night at the station when he asked me out.",J'en ai rêvé depuis la nuit où il m'a demandé de sortir avec lui à la radio.,"Ça m'est arrivé dans mes rêves, depuis la nuit où il m'a demandé de sortir."
"""I guess I'm not kissable in the daytime.",Je suppose que je ne suis pas le genre de fille qu'on embrasse en plein jour.,Ça veut dire que je ne suis pas baisable de jour.
"Sliding his hand up her thigh, Devyn pressed his tongue against her clit harder, rubbing the tip of his tongue over her as he slid two fingers beneath her panties and slowly pulled the soft material aside, exposing the neatly trimmed hair protecting the swollen lips that had his cock throbbing painfully.","Faisant glisser sa main le long de sa cuisse, Devyn pressa plus fort sa langue contre son clitoris, frottant le bout de sa langue sur elle alors qu'il glissait deux doigts sous sa culotte et tirait lentement le tissu doux sur le côté, exposant les poils bien taillés protégeant les lèvres gonflées qui faisaient douloureusement palpiter sa queue.","Devyn glissa sa main le long de sa cuisse et pressa plus fort sa langue contre son clitoris, frottant le bout de sa langue sur elle tout en plongeant deux doigts sous son pantalon et en tirant doucement le tissu doux à côté, révélant les cheveux soigneusement tailladés qui protégeaient les lèvres gonflées qui faisaient trembler son pénis douloureusement."
"For several minutes they lay there, struggling to catch their breath as Devyn pressed a kiss against her forehead, the tip of her nose, and finally, he brushed his lips against hers before he pulled back and met her gaze as he said the three words that she'd never expected to hear.","Pendant plusieurs minutes, ils restèrent allongés, luttant pour reprendre leur souffle tandis que Devyn déposait un baiser sur son front, le bout de son nez, et finalement, il effleura ses lèvres avant de se retirer et de croiser son regard en prononçant les trois mots qu'elle ne s'était jamais attendue à entendre.","Ça dura plusieurs minutes qu'ils restèrent là, luttant pour reprendre leur souffle, tandis que Devyn pressait un baiser contre son front, le bout de son nez, et enfin, il effleura ses lèvres avant de se retirer et de rencontrer son regard alors qu'il disait les trois mots qu'elle n'avait jamais espéré entendre."
She'd feel lost if her sister diedand maybe do some crazy things too.,Elle se sentirait perdue si sa sœur mourait  et ferait peut-être des choses folles aussi. Mais son chagrin était bien plus profond qu'une simple perte.,Ça la ferait perdre si sa sœur mourait  et peut-être même faire des choses folle.
"She pretended to savor her coffee, eyes in slits as she peeked at Chase while he drank.","Elle fit semblant de savourer son café, les yeux plissés en fente pour observer Chase pendant qu'il buvait.","Ça lui semblait que Chase buvait son café, les yeux en lorgnettes, tout en regardant Chase boire."
"""Miss Dawson, if you'll come with me?"" he said absently as he glanced down at her resumé while Andi couldn't help but notice the pitying look the other woman was sending her.","Mlle Dawson, veuillez me suivre, fit-il distraitement en jetant un coup d'œil à son CV, alors qu'Andi ne pouvait s'empêcher de voir le regard rempli de pitié que lui jetait l'autre femme.","Ça va, Mlle Dawson, si tu viens avec moi ? dit-il distraitement en regardant son CV tout en regardant Andi, qui ne pouvait s'empêcher de remarquer le regard pitiéux que la femme envoyait à elle."
And about us.,Et pour nous.,Ça concerne aussi nous.
"After months of wishful thinking, I'm wary.","Après des mois de vœux pieux, je me méfie.","Ça fait des mois que je rêve de cela, mais je suis prudent."
"He kissed her with bruising force, and she cried out.","Il l'embrassa avec une force qui la meurtrit, et elle cria.","Ça lui donna une force bruyante, et elle cria."
"I don't believe it either, but it's an interesting story.""","Je n'y crois pas non plus, mais c'est une histoire intéressante.","Ça ne me semble pas non plus, mais c'est une belle histoire."
"""I want to make sure it's perfect first.""",Je veux d'abord m'assurer que tout est parfait.,Ça doit être parfait d'abord.
"The tension eased a bit through lunch, as the topic of conversation turned back to music and pop culture in general.","La tension s'est un peu apaisée au cours du déjeuner, le sujet de conversation revenant sur la musique et la culture pop en général.","L'atmosphère s'apaisa un peu au cours du déjeuner, le sujet du débat revenant à la musique et à la culture populaire en général."
He needs to stop being so goddamned...whatever he's being.,Il doit arrêter d'être si sacrément... peu importe ce qu'il est.,Ça lui faut d'arrêter de se comporter comme un putain de...
"An elf, maybe.","Un elfe, peut-être.","Ça pourrait être un elfe, peut-être."
"He does it with his whole being, holding nothing back.","Il le fait de tout son être, sans aucune retenue.","Ça, il le fait avec tout son être, sans rien retenir."
"Had he helped Inna hurt other people, too?",Avait-il aidé Inna à blesser d'autres personnes ?,Ça avait-il aidé Inna à blesser d'autres personnes ?
"Well, at least what's been passed down as truth.","Du moins, ce qui a été transmis comme étant la vérité.","Ça dit, au moins ce qui a été transmis comme vérité."
"I didn't want to get to know myself, because I was afraid of what I'd find if I looked too closely.","Je ne voulais pas apprendre à me connaître, car j'avais peur de ce que je découvrirais si je regardais de trop près.","Ça m'a fait peur de me connaître, car j'ai craint de trouver ce que je ne voulais pas voir si je regardais trop près."
And you choose to move away and leave me.,Et tu choisis de t'éloigner et de me quitter.,Ça te fait choisir de partir et de me laisser.
"His grip is tight, almost painful, and there's a tick in his jaw.","Sa prise est serrée, presque douloureuse, et il y a un tic dans sa mâchoire.","Ça fait mal, sa prise est serrée, presque douloureuse, et il a un clignement de mâchoire."
"""'Cause, babe, you can play it down all you want.","Parce que, chéri, tu peux minimiser autant que tu veux.","Ça ne change rien, bébé, tu peux le faire passer comme si de rien n'était."
"""I'm not done with storm prep at the shop.""",Je n'ai pas fini de préparer mon magasin contre la tempête.,Ça ne se termine pas avec la préparation aux tempêtes au magasin.
"""I've heard Annalise whispering into Nanette's ear more than once about how much better you could do than me.","J'ai entendu Annalise chuchoter à l'oreille de Nanette plus d'une fois que tu pourrais trouver mieux que moi. Et elles ont raison, tu pourrais.",Ça fait longtemps que j'ai entendu Annalise murmurer dans l'oreille de Nanette que tu pourrais faire mieux que moi.
"He's a bad person.""",C'est une mauvaise personne.,Ça fait un mauvais homme.
"And yet there's such a fire in him, behind his eyes.","Et pourtant, il y a un tel feu en lui, dans son regard.","Ça fait un feu dans lui, derrière ses yeux."
Many mermaids had shielding capability.,Beaucoup de sirènes avaient des capacités de protection.,Ça faisait partie des capacités des sirènes.
"""Not until he's dead,"" Inna growled.","Pas avant qu'il ne soit mort, grogna Inna.","Ça ne sera pas avant qu'il soit mort, grondait Inna."
"If you'd asked me, I'd say he's the most confident person I'd ever met.""","Si tu m'avais posé la question, je t'aurais dit qu'il est la personne la plus sûre d'elle que j'aie jamais rencontrée.","Ça, si tu m'avais demandé, je dirais qu'il est la personne la plus sûre de elle que j'ai jamais rencontrée."
You look like you've been sucking a lemon.,On dirait que tu as sucé un citron.,"Ça va, tu as l'air d'avoir suçé un citron."
Cling to someone who understood? Someone who cared?,S'accrocher à quelqu'un qui comprenait la situation ?,Être attaché à quelqu'un qui comprenait ?
"For a moment, he lay there staring up at the ceiling and found himself thinking about everything that she did for him over the last few days and...","L'espace d'un instant, il resta allongé, regardant le plafond et repensa à tout ce qu'elle avait fait pour lui ses derniers jours, et...","Ça dura un moment, il resta allongé et regarda le plafond, et se retrouva à penser à tout ce qu'elle lui avait fait ces derniers jours et..."
"Listened, or just been quiet, but you...""","Écouter, ou simplement me taire, mais tu...","Ça, tu l'as écouté, ou tu as juste été silencieux, mais toi..."
"""I'd forgotten how clear the sky is inside the eye.",J'avais oublié à quel point le ciel est clair à l'intérieur de l'œil.,Ça me faisait oublier à quel point le ciel est clair à l'intérieur de l'œil.
"""You must think I'm really fucking weird.""",Tu dois penser que je suis vraiment bizarre.,Ça veut dire que tu penses que je suis vraiment bizarre.
The breeze off the ocean rustled her long hair and whipped her sundress around her legs.,La brise de l'océan faisait bruisser ses longs cheveux et agitait sa robe d'été autour de ses jambes.,L'air frais de l'océan agita ses longs cheveux et balaya sa robe de plage autour de ses jambes.
"""I won't,"" Drew said as he tightened his hold around her legs.","Ça n'arrivera pas, dit Drew en resserrant son emprise sur les jambes de la jeune femme.","Ça ne sera pas, dit Drew en serrant plus fort sa prise autour de ses jambes."
My music library has gotten me out of a lot of sticky social situations.,Ma bibliothèque musicale m'a permis de me sortir de bien des situations sociales délicates.,Ça m'a sauvé de beaucoup de situations sociales délicates.
"""Don't fucking lie to me again,"" I growl, still angry but so in love with this guy.","Ne me mens plus jamais, grogné-je, toujours en colère mais tellement amoureux de ce type.","Ça fait un putain de temps que tu m'as menti, je crois, je me suis calmé, mais je suis tellement amoureux de ce type."
"I push myself onto him, and, just as I thought, he slips in easily.","Je me pousse contre lui et, comme je le pensais, il se glisse facilement à l'intérieur.","Je me jette sur lui et, comme je le pensais, il entre facilement."
"""And I really feel like you should take pity on me and tell me what you know about this hotel,"" he said with a teasing smile that had her returning his smile as she glanced back down at her notes and found herself wondering about something.","Et je pense que tu devrais vraiment avoir pitié de moi et me dire ce que tu sais sur cet hôtel, dit-il avec un sourire taquin qu'elle lui retourna, puis elle regarda ses notes et commença à réfléchir à quelque chose.","Ça me fait vraiment envie de te faire pitié et de me dire ce que tu sais sur cet hôtel, dit-il avec un sourire teinté de provocation qui fit qu'elle retourna son sourire tout en regardant de nouveau ses notes et se demandant s'il n'avait pas quelque chose à cacher."
That happened to other people.,Cela n'arrivait qu'aux autres.,Ça arrive à d'autres personnes.
"He's the CEO of Carta Hotels,"" the woman said with a polite smile.","C'est le PDG des Hôtels Carta, répondit la femme avec un sourire poli.","Ça, c'est le PDG des Hôtels Carta, dit la femme avec un sourire poli."
"I mentally kick myself when relief washes over me, but it's quickly followed by a wave of tenderness for this man that knocks the air out of me.","Je me donne une tape mentale lorsque le soulagement m'envahit, mais ce sentiment est rapidement suivi d'une vague de tendresse pour cet homme qui me coupe l'herbe sous le pied.","Ça me fait un coup mental lorsque le soulagement me s'abat, mais il est rapidement suivi d'une vague de tendresse pour cet homme qui me fait sortir l'air de mes poumons."
I may not survive this night.,Je ne survivrai peut-être pas à cette nuit.,Ça pourrait me tuer.
"""And Chase doesn't want me,"" she babbled.","Et Chase ne veut pas de moi, bafouilla-t-elle.","Ça veut dire que Chase ne veut pas de moi, dit-elle en babillant."
The portrait occupied a prized spot on the bar wallone that would typically be filled by a mirror in most bars.,"Le portrait occupait une place de choix sur le mur du bar, une place qui serait normalement occupée par un miroir dans la plupart des bars.","Le portrait occupait une place privilégiée sur le mur du bar, qui serait généralement occupée par un miroir dans la plupart des bars."
You had to be a fool to go out on the oceaneven that close to shoreon a surfboard.,"Il fallait être fou pour aller sur l'océan, même si c'était près du rivage, avec une planche de surf.","Ça fallait être un imbécile pour sortir sur l'océan, même si ce n'était pas loin de la côte, sur un planche à voile."
He cut through the beach access beside his bar and headed down the boardwalk to the stairs.,Il coupa par l'accès à la plage à côté de son bar et descendit la promenade jusqu'aux escaliers.,"Il traversa l'accès à la plage à côté de son bar et se dirigea vers le quai, puis vers les escaliers."
"As he turned the white disk over, it broke in half in his grip, and dusty fragments spilled into the air and onto the counter.","En retournant le coquillage, ce dernier se brisa en deux dans sa main et des fragments poussiéreux se répandirent dans l'air et sur le comptoir.","Quand il retourna le disque blanc, il se brisa en deux sous son emprise, et des fragments poussiéreux s'échappèrent dans l'air et sur le comptoir."
"""Not for a few hours,"" Andi pointed out, shifting anxiously next to him.","Pas avant quelques heures, souligna Andi, se déplaçant anxieusement à côté de lui.","Ça ne sera pas pour quelques heures, remarqua Andi, se déplaçant anxieusement à côté de lui."
"""Better sit in the middle.",Mieux vaut s'asseoir au milieu.,Ça va mieux si tu te sis au milieu.
I don't know what to make of this shift in his mood.,Je ne sais pas quoi penser de ce changement d'humeur.,"Ça me fait peur, je ne sais pas quoi en penser."
"Perched on one elbow, I position my lips over the swollen head of his cock and lift my eyes to his face.","En appui sur un coude, je positionne mes lèvres sur son gland engorgé et je lève les yeux vers son visage.","Je me pose sur un coude et positionne mes lèvres sur la tête gonflée de son c*t, puis je lève les yeux vers son visage."
"""We've been spending a lot of time together, like I said, and it's been...well, it's been fucking incredible.""","Nous avons passé beaucoup de temps ensemble, comme je l'ai dit, et c'est...","Ça a été... bien, c'est vraiment incroyable."
Especially nice to be fantasizing about Chase.,Et surtout de fantasmer sur Chase.,Ça était particulièrement agréable de fantasmer sur Chase.
"I swirl my tongue around the tip, exploring every bump and ridge, every dip and curve.","Je fais tourner ma langue autour de son gland, explorant chaque bosse et chaque crête, chaque creux et chaque courbe.","Je fais tourner ma langue autour du bout, explorant chaque bosse et chaque crête, chaque creux et chaque courbure."
And the sex had been amazing.,Et le sexe avait été extraordinaire.,Ça avait été un sexe incroyable.
Too bad they couldn't have spent more time together under different circumstances.,Dommage qu'ils n'aient pas pu passer plus de temps ensemble dans d'autres circonstances.,Ça serait dommage qu'ils n'aient pas pu passer plus de temps ensemble sous des circonstances différentes.
"I can smell the citrus and sandalwood of John's shampoo, or maybe it's his deodorant, and I quietly take it into my lungs.","Je peux sentir les agrumes et le bois de santal du shampoing de John, ou peut-être est-ce l'odeur de son déodorant, et je m'en imprègne en respirant doucement.","Ça sent le citron et le sandalwood du shampooing de John, ou peut-être son déodorant, et je l'absorbe en silence dans mes poumons."
"""Tell me about you and Luke at the beach.",Parle-moi de toi et de Luke à la plage.,Ça te dit de Luke et de toi à la plage.
"He smirked. ""That he was a last fling before our marriage.",Qu'il n'était qu'une dernière aventure avant notre mariage.,"Ça, c'était un dernier flirt avant notre mariage."
"Why are you giving in so easily?"" He squinted.",Pourquoi cèdes-tu si facilement ?,"Ça va, pourquoi te rends si facilement ?"
I find the school's directory and look through it for a ‘Patrick.',"Je trouve l'annuaire de l'école et je cherche un ""Patrick"".","Je trouve le répertoire de l'école et j'y cherche un ""Patrick""."
A fantasy.,Un fantasme.,Ça fait partie de mes fantasmes.
He slips a hand up into my curly hair and cups the back of my skull.,Il glisse une main dans mes cheveux bouclés et attrape l'arrière de mon crâne.,"Ça fait un an que je ne vois pas de personne, et ça fait un an que je ne me suis pas lavé les cheveux."
"Lead the way.""",Montre-moi le chemin.,"Ça va, mène le chemin."
I've never seen anyone eat like him.,Je n'ai jamais vu quelqu'un manger comme lui.,Ça fait des années que je ne vois personne manger comme lui.
There's a hint of a dimple.,Il a un soupçon de fossettes.,Ça laisse entrevoir un petit dimple.
"""I said stop.","J'ai dit ""stop"".","Ça, je l'ai dit d'arrêter."
"You've been Debby Downer for months, now.""",Tu es rabat-joie depuis des mois.,Ça fait des mois que tu es Debby Downer.
"""Maybe think about what you would have done in his place.",Réfléchis à ce que tu aurais fait à sa place.,Ça pourrait te faire penser à ce que tu auras fait dans sa place.
She was naked.,Elle était nue.,Ça lui faisait plaisir de la voir nue.
"""That's not what I hear,"" Nicholas murmured, looking thoughtful.","Ce n'est pas ce que j'ai entendu, murmura Nicholas, l'air pensif.","Ça n'est pas ce que je sens, murmura Nicholas, regardant pensif."
People think it's strange until we meet up for quiz night at the pub.,Les gens trouvent ça bizarre jusqu'à ce qu'on se retrouve pour une soirée quiz au pub.,Ça semble étrange jusqu'à ce que nous nous retrouvions pour un quiz au pub.
"The brunette has wrapped her arms around his waist, and I want to scratch her eyes out.",La brune a enroulé ses bras autour de sa taille et j'ai envie de lui arracher les yeux.,"L'une des brunes a enroulé ses bras autour de son torse, et je veux lui arracher les yeux."
"I'm smart enough not to take risks.""",Je suis assez intelligente pour ne pas prendre de risques.,Ça fait que je suis assez intelligent pour ne pas prendre de risques.
I turn to see who's uttered the filthy slur.,Je me retourne pour voir qui a proféré l'immonde injure.,Je me tourne pour voir qui a prononcé ce sale mot.
"""Goodnight, G.""","Bonne nuit, G.","Ça va, G."
He dabbed at the leaking ice pack again.,Il tamponna à nouveau la poche de glace qui fuyait.,Ça leva à nouveau.
Chase watched it soar out over the beach.,Chase la regarda s'envoler au-dessus de la plage.,Chase l'observa s'élever au-dessus de la plage.
"I'm gonna check the weather again, then I'll join you.","Je vais encore vérifier la météo, puis je te rejoins.","Ça fait un moment que je vérifie le temps, puis je vais me joindre à toi."
"""We have a problem,"" Lucas said, grabbing a thick manilla folder from his bag and tossed it on the small table in front of him.","Nous avons un problème, dit Lucas en sortant de son sac un épais dossier en papier kraft qu'il jeta sur la petite table devant lui.","Ça fait un problème, dit Lucas en prenant un dossier épais en carton manilla dans son sac et le lâcha sur la petite table devant lui."
"It starts off sweetly enough, but then, holy fuck, he's really going for it.","Ça commence doucement, mais ensuite, il y va à fond.","Ça commence doucement, mais puis, putain, il va vraiment bien."
"""I don't like the dark.""",Je n'aime pas l'obscurité.,Ça me fait peur.
"He had to, as it might be his only chance, ever.","Il le fallait, car c'était peut-être sa seule chance.","Ça lui fallait, car c'était peut-être sa seule chance, jamais."
"The warmth spread over him like a summer tide and memories engulfed him, good memories of happy times.",Une chaleur se répandit en lui comme une marée d'été et les souvenirs le submergèrent de bons souvenirs des temps heureux.,"L'aube de chaleur s'étendit sur lui comme une marée d'été et les souvenirs l'engloutirent, des souvenirs heureux de temps heureux."
"Only two more, and he'd be standing on the beachnear the water.","Plus que deux, et il serait sur la plage, près de l'eau.","Ça ne restait plus qu'à lui faire deux pas de plus, et il serait sur la plage, près de l'eau."
"""What do you want, Franklin?""","Que veux-tu, Franklin ?","Ça va, Franklin ?"
"It was a dumb fucking move, but one that he couldn't regret, not when being with her made him happy for the first time in years.","C'était une décision stupide, mais qu'il ne pouvait pas regretter, pas quand être avec elle le rendait heureux pour la première fois depuis des années.","Ça était une idée stupide, mais une qu'il ne pouvait pas regretter, pas quand être avec elle lui faisait plaisir pour la première fois depuis des années."
I wait until he meets my eyes.,J'attends qu'il croise mon regard.,Je fais attendre son regard.
"It's like heroin, or at least how I imagine the opiate would feel hitting your bloodstream at a million decibels.","C'est comme de l'héroïne, ou du moins ce que j'imagine être la sensation de l'opiacé quand il coule dans nos veines à un million de décibels.","Ça ressemble à l'héroïne, ou du moins à ce que je pense que l'opium ressentirait en entrant dans le sang à un million de décibels."
"Hot and wet, with just the right amount of pressure to melt my brain.","Le baiser est chaud et humide, avec juste ce qu'il faut de pression pour me faire perdre la tête.","Ça faisait chaud et humide, avec juste la pression nécessaire pour fondre mon cerveau."
"She needed a change, Andi reminded herself as she plastered a polite smile on her face and stood up only to frown when the man that had been watching her since she sat down pushed away from the wall and moved to join them.","Andi se remémora qu'elle avait besoin de changement alors qu'elle affichait un sourire poli sur ses lèvres et se levait, mais elle fronça les sourcils quand l'homme qui l'observait, depuis qu'elle s'était assise, s'écarta du mur et vint les rejoindre.","Ça lui fallait un changement, se rappela Andi en collant un sourire poli sur son visage et en se levant, mais elle fronça les sourcils lorsque l'homme qui l'avait regardée depuis qu'elle s'était assise s'éloigna du mur et se dirigea vers eux."
The sound of steel teeth parting fills the gaps between my breathless panting as he eases my zipper down.,"Le son des dents d'acier qui s'écartent remplit les intervalles entre mes halètements, tandis qu'il abaisse ma fermeture éclair.",L'acoustique des dents de métal se séparant remplit les interstices de mon pantouflage soufflé lorsqu'il abaisse mon fermoir.
"He pressed a kiss against her lips, his eyes locking with hers as he slid his arms beneath her legs and his hands found hers.","Il déposa un baiser sur ses lèvres, ses yeux s'accrochèrent aux siens, il glissa ses bras sous ses jambes et ses mains trouvèrent les siennes.","Il pressa un baiser contre ses lèvres, ses yeux s'accrochant à les siennes alors qu'il passait ses bras sous ses jambes et que ses mains trouvaient les siennes."
"She ignored him and kept walking, kicking at the sand in defiance with every step.","Elle l'ignora et continua à marcher, donnant des coups de pied dans le sable en signe de défi à chaque pas.","Ça l'ignorait et continua de marcher, donnant des coups de pied au sable en signe de défi à chaque pas."
"""As long as you're careful, I would say you have until your contract is up to turn this fucking mess around, which is really fucked-up since this wasn't your mistake,"" Lucas said, ramming his fingers through his hair.","Tant que tu fais attention, je dirais que tu as jusqu'à la fin de ton contrat pour régler ce merdier ce qui est vraiment tordu puisque ce n'était pas ta faute, dit Lucas en passant ses doigts dans ses cheveux.","Ça dépend de toi d'être prudent, je dirais que tu as jusqu'à la fin de ton contrat pour te sortir de ce putain de désastre, ce qui est vraiment un putain de merde car ce n'est pas ta faute, dit Lucas en passant ses doigts dans ses cheveux."
"Our thirst for learning, our drive to reach the kids under our charge.""","Notre soif d'apprendre, notre volonté de faire progresser les enfants dont nous avions la charge.","Notre soif de connaissances, notre envie de toucher les enfants sous notre charge."
"He knew these were the right words to say to comfort her, but the words did anything but ease his anxiety.","Il savait que c'était les bons mots à dire pour la réconforter, mais ces mots ne servaient qu'à rien d'autre qu'à apaiser son anxiété.","Ça lui semblait être les mots justes pour la rassurer, mais ceux-ci n'avaient rien de calmante."
"He needed to hurry, or there would be nothing left to save.","Il devait se dépêcher, sinon il n'y aurait plus rien à sauver.","Ça fallait qu'il se précipite, sinon il ne resterait plus rien à sauver."
"Look at you, so ready for me.""","Regarde-toi, si prêt à m'accueillir.","Ça me fait rire, tu es si prête pour moi."
Nothing would be left after she told Chase she didn't love him.,Il ne resterait plus rien après qu'elle ait dit à Chase qu'elle ne l'aimait pas.,Ça ne resterait plus rien après qu'elle eut dit à Chase qu'elle ne l'aimait pas.
"""You don't do requests,"" Dyer states, frowning.","Tu ne réponds pas aux demandes, déclare Dyer en fronçant les sourcils.","Ça ne se fait pas, déclare Dyer, fronçant les sourcils."
"They'd had absolutely nothing in common, but they'd hit if off almost immediately.",Ils n'avaient rien en commun mais le courant était passé immédiatement.,"Ça n'avait rien d'obvious, mais ils s'étaient bien entendus dès le début."
He put the flashlights in a straight line from shortest to tallest.,"Il plaça les lampes de poche en ligne droite, de la plus courte à la plus grande.","Il plaça les torches de poche sur une ligne droite, du plus petit au plus grand."
"""You didn't have to walk me home,"" Andi said as she came to a stop in front of a door with an Eeyore sticker above the peephole.","Vous n'étiez pas obligé de me raccompagner, dit-elle en s'arrêtant devant la porte dont le judas était orné d'un autocollant Bourriquet.","Ça n'était pas nécessaire de me ramener chez moi, dit Andi alors qu'elle s'arrêtait devant une porte sur laquelle se trouvait un sticker d'Eeyore au-dessus de la trappe."
"It was love.""",C'était de l'amour.,Ça était l'amour.
"""You know I'm moving away from the ocean.",Tu sais que je vais m'éloigner de l'océan.,Ça te dit que je me déplace loin de l'océan.
"I'm sure he didn't know who he could trust.""",Je suis sûr qu'il ne savait pas à qui il pouvait faire confiance.,Ça m'est sûr qu'il ne savait pas qui pouvait être confié.
"""Are you really going to mess us up over stupid shit?""",Tu vas vraiment nous faire tourner en bourrique pour des conneries ?,Ça va vraiment nous faire chier pour de la merde ?
"""She doesn't have a company phone,"" Devyn pointed out.","Elle ne dispose pas de téléphone professionnel, fit remarquer Devyn.","Ça ne lui a pas coûté un téléphone de bureau, remarqua Devyn."
"""I want you,"" I say, which probably sounds crazy to him because we're both spent, our cocks still twitching.","J'ai envie de toi, dis-je, ce qui doit lui paraître fou parce que nous sommes tous les deux épuisés, nos bites tressautant encore.","Ça veut dire que je veux toi, dis-je, ce qui lui doit sembler fou car nous sommes tous les deux épuisés, nos culs encore tremblant."
The sun brightened and Mari shielded her eyes.,Le soleil s'était mis à briller et Mari se protégea les yeux.,L'ensoleillement s'intensifia et Mari se couvrit les yeux.
"You zipped up right after I told you about the mermaid.""",Tu t'es tu juste après que j'ai parlé de la sirène.,"Ça a été très rapide, tu as fermé ta bouche dès que je t'ai parlé de la sirène."
A few drops of rain dotted her cheeks like tears.,Quelques gouttes de pluie parsemaient ses joues comme des larmes.,"Ça faisait quelques gouttes de pluie sur ses joues, comme des larmes."
"I don't know if he's seen what I'd been doing online, but I figure there's no reason for me to lie, at least.","Je ne sais pas s'il a vu ce que j'ai fait en ligne, mais je me dis qu'il n'y a pas de raison que je mente, au moins.","Je ne sais pas s'il a vu ce que j'ai fait en ligne, mais je ne vois pas pourquoi je devrais mentir, du moins."
"""We'll ditch him in the fun house.""",On le sèmera dans le palais du rire.,"Ça, on le laissera dans la maison des merveilles."
"Here, where we vacationed as we grew up, and everywhere I look, I see him.","Ici, où nous avons passé nos vacances en grandissant, et où que je regarde, je le vois.","Ça, là où nous vacations quand nous grandissons, et partout où je regarde, je le vois."
"His muscles twitched as she touched him, and he let out a small gasp.","Ses muscles se contractèrent lorsqu'elle le toucha, et il laissa échapper un petit halètement.","Ses muscles se tordaient lorsqu'elle le touchait, et il gémissait."
"""Please, don't let me hurt you.""","S'il te plaît, ne me laisse pas te faire du mal.","Ça va, ne me laisse pas faire du mal."
"""How?"" He asks, leaning forward to place his elbows on his knees.","demande-t-il, se penchant en avant pour poser ses coudes sur ses genoux.",Ça va ?
"She rubbed her arms and looked toward the door, her eyes widening.","Elle se frotta les bras et regarda vers la porte, les yeux écarquillés.","Elle se frotta les bras et regarda la porte, les yeux s'élargissant."
The lights flickered.,Les lumières clignotèrent.,Les lumières vacillaient.
"It's not safe near shore right now, but I know the area well,"" Mesa said.","Il n'est pas prudent de s'approcher du rivage pour l'instant, mais je connais bien la région, dit Mesa.","Ça n'est pas sûr près des côtes pour l'instant, mais je connais bien l'endroit, dit Mesa."
Chapter 10,Chapitre 10,10e chapitre
"Still, only two broken windows in the whole place seemed like a miracle, given the strength of the storm.","Cependant, le fait que seules deux fenêtres aient été brisées dans toute la structure était proche du miracle, compte tenu de la force de la tempête.","Ça, c'était un miracle, vu la force de la tempête."
"If things were different, he would have asked her on a date or three.","Si les choses avaient été différentes, il l'aurait invitée à un ou deux rendez-vous.","Si les choses étaient différentes, il aurait demandé à sortir avec elle ou trois fois."
John rolls me to my stomach with an ease that surprises me.,John me fait rouler sur le ventre avec une facilité qui me surprend.,John me fait rouler sur le ventre avec une facilité qui me surprend.
"Though we could imagine there's a Ferris wheel in Paris, we could call it the Eiffel Tower.""","On pourrait imaginer qu'il y a une grande roue à Paris, on pourrait l'appeler la Tour Eiffel.","Ça, on pourrait imaginer qu'il y ait une grande roue à Paris, on pourrait la nommer la Tour Eiffel."
"""I know the area you are talking about.",Je connais le coin dont tu parles.,"Ça me fait rire, je connais bien l'endroit que tu parles."
"The words come out on a shuddering breath because John lowers his head to my skin, lips brushing over the ink.","Les mots sortent dans un souffle tremblant parce que John baisse la tête contre ma peau, ses lèvres effleurant l'encre de mon tatouage.","Ça sort sur un soupir frémissant parce que John abaissa la tête sur ma peau, les lèvres effleurant l'encre."
"You're not usually on Saturdays.""",Tu ne travailles pas généralement le samedi.,Ça ne te fait pas d'habitude de venir samedi.
"When he pulled back, he rolled his hips slower, taking her with slow strokes so that he could savor every slide back inside her.","Lorsqu'il se retira, il fit rouler ses hanches plus lentement, la prenant avec des coups lents afin de pouvoir savourer chaque glissement à l'intérieur d'elle.","Quand il se retira, il roula ses hanches plus lentement, la prenant avec des coups de bâtonnet lents pour pouvoir savourer chaque retour à l'intérieur d'elle."
"""You don't owe me an explanation, John.""","Tu ne me dois pas d'explications,","Ça ne te fait pas d'explication, John."
They had nothing to gain.,Ils n'avaient rien à y gagner.,Ça ne leur apportait rien.
"I was grateful in the beginning that he'd gone out of his way not to be a distraction during my shifts, but I'm now I'm feeling a bit left out.","Au début, j'étais reconnaissant qu'il fasse tout son possible pour ne pas être une distraction pendant mes heures de travail, mais maintenant, je me sens un peu exclu.","Ça m'a fait plaisir au début qu'il n'ait pas fait de bruit pendant mes déplacements, mais maintenant je me sens un peu laissé de côté."
"Wood cracked and splinteredthough he couldn't see it, he knew the bar roof was close to stripping away, shingles probably flying everywhere.","Le bois cognait et se brisait  bien qu'il ne puisse pas le voir, il savait que le toit du bar était sur le point de s'arracher, et que les bardeaux volaient probablement dans tous les sens.","Le bois craquait et se brisa, mais il ne pouvait pas le voir, il savait tout de même que le toit du bar était sur le point de s'effacer, les tuiles volant probablement partout."
"Make sure that she takes her meds, takes it easy, and changes her bandage.""","Assure toi qu'elle prenne ses médicaments, qu'elle se ménage et qu'elle change son bandage.","Ça fait attention qu'elle prenne ses médicaments, qu'elle se calme et qu'elle change son pansement."
"""Get out of here, Mari,"" Chase yelled.","Sors d'ici, Mari, cria Chase.","Ça va, Mari, cria Chase."
And he wasn't going to get away with stalking anyone either.,Et il n'allait pas non plus s'en tirer en harcelant qui que ce,Ça ne marchait pas non plus pour lui de faire du harcèlement à quelqu'un.
"I'm so open to him, so eager to receive him.","Je suis tellement ouvert à lui, tellement désireux de le recevoir.","Ça me fait si ouvert à lui, si désireux de le recevoir."
It's a déjà vu moment if I've ever had one.,C'est un moment de déjà-vu.,Ça ressemble à un déjà-vu si jamais j'en ai eu un.
"When I'm with someone, I want to share the good and the bad.","Quand je suis avec quelqu'un, je veux partager les bons et les mauvais moments.",Ça fait partie de mon rapport avec quelqu'un d'être là pour le bien et pour le mal.
"""You have a lot of eighties music here,"" John observes.","Tu as beaucoup de musique des années 80, observe John.","Ça fait beaucoup de musique des années 80, remarque John."
"I can escape with little effort.""",Je peux m'échapper sans trop d'efforts.,Ça me permet d'échapper avec peu d'efforts.
"At some spots, the island was so narrow you could throw a stone from the sound side to the waves.","À certains endroits, l'île était si étroite que l'on pouvait jeter une pierre sur les vagues du rivage et elle atterrirait dans les profondeurs.","Ça faisait des kilomètres, et à certains endroits, l'île était si étroite que tu pouvais jeter une pierre du côté du bruit jusqu'aux vagues."
"""When I finish up here.",Quand j'aurai fini ici.,Ça va finir ici.
How could her mother ever expect her to marry someone like Inna?,Comment sa mère avait-t-elle pu s'attendre à ce qu'elle épouse quelqu'un comme Inna ?,"Ça, comment pouvait-on s'attendre à ce que sa mère l'épouse avec quelqu'un comme Inna ?"
A real kiss.,Un vrai baiser.,"Ça, c'était un vrai baiser."
It also got me my gig as a disc jockey.,C'est aussi ce qui m'a permis de devenir disc-jockey.,Ça m'a aussi permis d'obtenir mon poste de disc jockey.
"""No!"" came the hysterical reply that had him sighing heavily as he reached down and grabbed hold of the comforter and slowly pulled it off the woman that refused to leave the hotel.","une pointe d'hystérie dans la voix, ce qui le fit soupirer lourdement en attrapant la couette et en la retirant lentement à la femme qui refusait de quitter l'hôtel","Non ! répondit-elle hystériquement, ce qui le fit soupirer lourdement alors qu'il descendait et attrapait la couette et la retirait lentement de la femme qui refusait de quitter l'hôtel."
The wind and rain had been scarier than she'd ever experienced.,Le vent et la pluie avaient été plus effrayants qu'ils ne lui étaient jamais apparus.,Ça avait été plus effrayant que ce qu'elle n'avait jamais vécu.
He'd been there that day when she had come upon the divers.,Il était là ce jour-là quand elle avait rencontré les plongeurs.,Ça faisait un an qu'il était là ce jour-là où elle avait rencontré les plongeurs.
"""Amelia never remarried but lived on the bounty Christopher had stored and hidden on the island.",Amelia ne s'est jamais remariée mais a vécu grâce à la prime que Christopher avait stockée et cachée sur l'île.,"Amelia ne s'est pas remariée, mais elle a vécu grâce à la réserve que Christopher avait stockée et cachée sur l'île."
"""Only bloody thing they ever gave me,"" I murmur.","C'est la seule chose qu'ils m'aient jamais donnée , murmuré-je.","Ça fait un bloody miracle qu'ils m'aient donné ça, murmuré-je."
"""Tell me you didn't, please!""","Dis-moi que tu ne l'as pas fait, s'il te plaît !","Ça te dit que tu n'as pas fait ça, s'il te plaît !"
"The wind whipped by, catching the hem of his T-shirt in a flutter, exposing his firm abdomen for a too-brief moment.","Le vent soufflait en trombe, faisant voltiger l'ourlet de son tee-shirt, dévoilant son abdomen ferme pendant un trop bref instant.","Le vent passait, attrapant le bord de son tee-shirt dans un flottement, exposant son abdomen ferme pendant un instant trop court."
"You never would.""",Tu ne le ferais jamais.,Ça ne te serait jamais passé par la tête.
Then they were separatedpossibly foreverto save her life.,Puis ils ont été séparés  peut-être pour toujours  afin de lui sauver la vie.,Ça les sépara  peut-être pour toujours  pour sauver sa vie.
"""I would probably quake in fear for the rest of my life at the mere mention of your name,"" Devyn said dryly as he watched her return to glaring at him as she hastily toed off her slippers and kicked them aside, determined to make sure that he was properly terrified.","Je tremblerais probablement de peur pour le reste de ma vie à la simple mention de ton nom, dit Devyn d'un ton moqueur en la regardant se remettre à le fixer du regard tandis qu'elle enlevait précipitamment ses pantoufles et les écartait d'un coup de pied, bien décidée à s'assurer qu'il était bien terrifié.","Ça me ferait probablement trembler de peur pour le reste de ma vie à la simple mention de ton nom, dit Devyn sèchement en la regardant retourner à l'attitude de l'acacia qui l'accablait, alors qu'elle enlevait rapidement ses mules et les jetait de côté, déterminée à s'assurer qu'il était bien effrayé."
"It was water, nothing more.","C'était de l'eau, rien de plus.","Ça était de l'eau, rien de plus."
"""Probably.""",Probablement.,Ça va probablement.
"""Well, I don't think your brother would approve of you picking up and leaving the bar and everything you built here together.",Je ne pense pas que ton frère approuverait que tu prennes tes affaires et que tu quittes le bar et tout ce que vous avez construit ici ensemble.,"Ça ne me semble pas, je ne pense pas que ton frère approuverait que tu te soies emportée et que tu quittes le bar et tout ce que tu as construit ensemble."
"Let's start tonight.""",Commençons ce soir.,Ça commence ce soir.
"I claim the right.""",Je revendique ce droit.,Ça me revient de dire la vérité.
"In the new sunlight, he saw her body jerk and twitch.","Dans la nouvelle lumière du soleil, il vit son corps tressaillir et se contracter.","Dans la nouvelle lumière du soleil, il vit son corps se jerker et se contorsionner."
"She was by the ocean, making her own way, despite her mother.","Elle était au bord de l'océan, traçant son propre chemin, malgré sa mère.","Ça faisait des années qu'elle était à l'océan, qu'elle faisait sa propre route, malgré sa mère."
"""No, I'm not because I'm not going,"" Andi said with a firm nod as Uncle Shawn placed her back on her chair as she did her best to ignore the curious stares being sent her way by the kids that never seemed to appreciate her efforts to teach them the fundamentals of advanced algebra.","Non, parce que je n'irai pas en CM1, dit Andi en hochant fermement la tête alors qu'Oncle Shawn l'asseyait sur une chaise et qu'elle faisait son possible pour ignorer les regards curieux que lui lançaient les enfants qui n'appréciaient jamais ses efforts pour leur enseigner les bases en calcul avancé.","Non, je ne suis pas, car je ne vais pas, répondit Andi avec un hochement de tête ferme alors que Oncle Shawn la remettait sur son siège, alors qu'elle faisait de son mieux pour ignorer les regards curieux des enfants qui ne semblaient jamais apprécier ses efforts pour leur enseigner les bases de l'algèbre avancée."
"Air whooshes out of my lungs and the fuzzy feeling in my head, which I hadn't even noticed, fades.","L'air s'échappe de mes poumons et la sensation de flou dans ma tête, que je n'avais même pas remarquée, s'estompe.","Ça fait sortir l'air de mes poumons et le brouillard qui se trouvait dans ma tête, dont je n'avais même pas remarqué l'existence."
"""I was thinking,"" he says, rolling to his back after we catch our breath.","J'étais en train de réfléchir, dit-il en se mettant sur le dos après que nous ayons repris notre souffle.","Ça m'est venu à l'esprit, dit-il en se retournant sur le dos après que nous ayons respiré."
"""I left the candle on the vanity, and there's a lighter beside it.""","J'ai laissé la bougie sur le meuble, et il y a un briquet à côté.","Ça, c'est une bougie que j'ai laissée sur la commode, et il y a un allumeur à côté."
"""This way I get some time between school and the work I do for you guys at the station.""","...Comme ça, j'ai un peu de temps entre l'école et le travail que je fais pour vous à la station radio.",Ça me donne du temps entre l'école et le travail que je fais pour vous à la station.
I hope that you enjoyed reading Devyn and Andi's story as much as I enjoyed writing it.,J'espère que vous avez pris autant de plaisir à lire l'histoire de Devyn et Andi que j'ai eu à l'écrire.,Je espère que tu as aimé lire l'histoire de Devyn et d'Andi autant que je l'ai aimée écrire.
Your mother sent me.,C'est ta mère qui m'envoie.,Ça vient de ta mère.
Like he's been comfortable in the pool but is ready to step into the ocean.,Comme s'il était assez à l'aise dans la piscine et qu'il était prêt à aller dans l'océan.,"Ça lui donne l'impression d'être à l'aise dans la piscine, mais il est prêt à entrer dans l'océan."
She stared at the flickering candles.,Elle fixa les bougies vacillantes.,Elle regarda les bougies qui s'éteignaient et s'allumaient.
"I feel the stinging pressure of his teeth on the hardening nub before he sits back, running his hands along my chest and abdomen.","Je sens la morsure cuisante de ses dents sur mon téton qui durcit avant qu'il ne s'assoie, passant ses mains le long de ma poitrine et de mon abdomen.","Je sens la pression douloureuse de ses dents sur le bouton qui durcit avant qu'il ne se redresse, passant ses mains sur mon torse et mon abdomen."
John leans back in his chair and takes a swig of his beer.,John s'adosse à sa chaise et boit une gorgée de sa bière.,John se penche en arrière dans son fauteuil et boit une gorgée de bière.
"""I thought we were more,"" he said.","Je pensais que nous étions plus que ça, dit-il.","Ça, je pensais que nous étions plus, dit-il."
She was crawling on top of him and laying her head on his chest with a soft sigh as he wrapped his arms around her and couldn't help but feel like she was exactly where she belonged.,"Elle se glissa sur lui et posa sa tête sur sa poitrine en soupirant doucement, tandis qu'il l'entourait de ses bras et ne pouvait s'empêcher de penser qu'elle était exactement à sa place.",Ça lui faisait plaisir de l'entourer de ses bras et de ne pouvoir s'empêcher de croire qu'elle était exactement où elle devait être.
I have to jog to catch up.,Je dois trottiner pour le rattraper.,Ça me faut pour rattraper le temps perdu.
"If we don't hurry, we're going to get caught in the dark.""","Si on ne se dépêche pas, on va se faire surprendre par l'obscurité.","Ça fait trop chaud, si nous ne faisons pas de hâte, nous allons être pris au piège dans l'obscurité."
Mari's tail twitched in excitement.,La queue de Mari s'agita sous l'effet de l'excitation.,Ça fait pousser la queue de Mari de joie.
Were better left forgotten.,Il vaut mieux les oublier.,Ça vaut mieux oublier.
"I should've told you about Inna, but I didn't expect to see him here on the islandnot after the storm, and certainly not while I was with you.","J'aurais dû te parler d'Inna, mais je ne m'attendais pas à le voir ici sur l'île  pas après la tempête, et certainement pas pendant que j'étais avec toi. Je ne l'épouserai pas, quoi qu'il arrive.","Ça me serait fallu dire de Inna, mais je n'avais pas prévu de le voir ici sur l'île  pas après la tempête, et certainement pas pendant que je te suis accompagné."
"""Yeah?"" I'm logging my playlist, trying to keep my focus off our proximity to one another.","J'enregistre ma playlist, en essayant de ne pas me concentrer sur notre proximité.","Ça va ? Je fais une liste de mes chansons, essayant de garder mon attention loin de notre proximité."
"By the time enough merfolk had gathered to save her, the pirate ship was gone, harbored somewhere, no doubt.","Le temps que suffisamment d'habitants des mers se rassemblent pour la sauver, le bateau pirate avait disparu, sans doute caché quelque part.","Ça a fallu assez de temps pour que les habitants des mers aient pu la sauver, mais le navire pirate était déjà parti, caché quelque part, sans doute."
Did her mother know about the revenge plot?,Sa mère était-elle au courant du projet de vengeance ?,Ça faisait-il partie du plan de vengeance ?
"""You don't know that,"" came the sadly mumbled reply that had his lips twitching.","Tu n'en sais rien, marmonnant tristement la jeune femme entre ses lèvres, ce qui le fit sourire","Ça ne te fait pas, répondit-elle en marmonnant tristement ce qui fit trembler ses lèvres."
"He'd never understood why Devyn didn't play the same game, probably never would, and now that he knew about Andi...","Il n'avait jamais compris pourquoi Devyn ne jouait pas le même jeu, pourquoi il ne le ferait probablement jamais, et maintenant qu'il savait pour Andi...","Ça ne l'avait jamais étonné que Devyn ne jouât pas le même jeu, probablement qu'il ne le ferait jamais, et maintenant qu'il savait que c'était Andi..."
The urge to possess her thrummed through him to the point he could barely think.,L'envie de la posséder l'envahissait à tel point qu'il avait du mal à réfléchir.,"Ça lui faisait envie de la posséder, et il était à ce point pris de ce désir qu'il ne pouvait plus penser."
"""You should check the supply closet.""",Tu devrais vérifier le placard à fournitures.,Ça te faut vérifier dans le placard.
I'm telling you what I need.,Je te dis ce dont j'ai besoin.,"Ça, c'est ce que je veux."
Want to get to know you.,Je veux apprendre à te connaître.,Ça veut dire que je veux te connaître.
His face brightens.,Son visage s'éclaire.,Son visage s'éclaire.
Why would he risk that for either of them?,Pourquoi risquerait-il cela pour l'un ou l'autre ?,Pourquoi risquerait-il ça pour l'un ou l'autre ?
Best not to think about that at all.,Mieux valait ne pas y penser.,Ça ne vaut pas la peine de penser à ça.
"There are several articles about the football team, one about the debate team.","Il y a plusieurs articles sur l'équipe de football, un sur l'équipe de débat.","Ça fait plusieurs articles sur l'équipe de football, un sur le débat."
"He didn't move, his gaze fixed on the bar ceiling.","Il ne bougea pas, le regard fixé sur le plafond du bar.","Ça ne bougeait pas, son regard fixé sur le plafond du bar."
I spit this out like some jilted lover.,Je crache ça comme un amoureux éconduit.,Ça me sort comme un amant trahi.
"I've paired it with a soft pair of black corduroys that he hasn't seen yet, but I thank him for the compliment.","Je l'ai associé à un pantalon en velours côtelé noir qu'il n'a pas encore vu, mais je le remercie pour le compliment.","Ça va avec un pair de corduroy noir doux qu'il n'a pas encore vu, mais je lui remercie du compliment."
"He was so sure.""",Il en était si sûr.,Ça lui semblait si évident.
"To his credit, he slaps a hand over his mouth.","À sa décharge, il porte une main sur sa bouche.","Ça lui vaut du crédit, il pose une main sur sa bouche."
Would he ever get control of the rage inside him?,Parviendra-t-il un jour à contrôler la rage qui l'habitait ?,Être-il jamais capable de maîtriser la rage qui le dévore ?
His stomach knotted at the doubt that swirled around him.,Son estomac se noua devant le doute qui l'envahissait.,Son estomac se noua sous le doute qui l'entourait.
She should slip under and swim away.,Elle devrait se glisser sous l'eau et s'enfuir à la nage.,Ça lui fallait de se glisser sous l'eau et de nager loin.
"""Well, surely he had it painted before he died.""",Il l'a sûrement fait peindre avant de mourir.,"Ça va, il l'avait certainement peint avant de mourir."
Talking about my childhood illicits foreign sensations.,Parler de mon enfance provoque des sensations étranges.,Être questionné sur mon enfance me fait vivre des sensations étrangères.
"He wasn't sure what hurt more, his head or his ribs, but at that moment, he wished the asshole that attacked him had finished the fucking job and put him out of his misery.","Mais, à cet instant, il aurait aimé que le connard qui l'avait agressé ait fini le boulot et mette fin à ses souffrances.","Ça lui faisait mal la tête ou les côtes, mais à ce moment-là, il souhaitait que l'assassin qui l'avait attaqué ait fini le travail et l'ait mis hors de ses souffrances."
He tasted the zinc that his mother had insisted he put on his nose and that always melted and dribbled down into his mouth.,Il goûta la crème solaire que sa mère insistait pour qu'il mette sur son nez et qui finissait par fondre et couler dans sa bouche.,Ça tait le zinc que sa mère lui avait insisté pour mettre sur le nez et qui se fondait et coulait dans sa bouche.
She stood between him and the ocean like a lifeguard station or lighthouse.,"Elle se tenait entre lui et l'océan, comme un poste de sauvetage ou un phare.",Ça lui faisait ressembler à une station de sauvetage ou à un phare.
"""Nothing is stopping you from moving the carpentry to part-time, maybe on the weekends or something.""","Rien ne t'empêche de passer la menuiserie à temps partiel, peut-être le week-end ou quelque chose comme ça.","Ça ne te fait pas de mal de passer la menuiserie à temps partiel, peut-être les week-ends ou quelque chose comme ça."
That really would have been too much to take.,Cela aurait été vraiment trop dur à supporter.,Ça aurait été trop pour moi.
"""No,"" he says, grabbing my hand.","Non, dit-il en m'attrapant la main.","Non, dit-il en prenant ma main."
I plaster on a smile and move away from them as he hands me a pint glass filled with a golden liquid.,J'esquisse un sourire et m'éloigne d'elles tandis qu'il me tend un verre rempli d'un liquide doré.,Je me froisse un sourire et me déplace loin d'eux alors qu'il me tend un verre de bière rempli d'un liquide doré.
Chase had told her they would get through the storm togetherthat was the sweet and protective man she loved.,Chase lui avait dit qu'ils traverseraient la tempête ensemble  c'était l'homme doux et protecteur qu'elle aimait.,Ça faisait partie de la douceur et de la protection de l'homme qu'elle aimait.
Mine is practically immobilized inside his grasp.,La mienne est pratiquement immobilisée dans son emprise.,Ça est presque immobilisé dans sa prise.
"After a last look around, she flipped off the shop's main lights.","Après avoir jeté un dernier coup d'œil autour d'elle, elle éteignit les lumières principales de la boutique.","Ça faisait un moment qu'elle regardait autour d'elle, elle éteignit les lumières principales du magasin."
He wanted to hold her close and listen to her laughter and share in her happiness.,"Il voulait la serrer contre lui, écouter ses rires et partager son bonheur.",Ça lui faisait envie de la tenir près de lui et d'écouter son rire et de partager sa joie.
"She stepped up into the cart, tipping it forward and setting it swaying and creaking.","Elle monta dans la cabine, la faisant basculer vers l'avant et la faisant osciller et grincer.","Elle monta dans la cabine, la faisant avancer et la faisant vaciller et grincer."
"And your mother is holding up his end of the bargain, as she should.","Et ta mère tient sa part du marché, comme il se doit.","Et ta mère tient sa promesse, comme elle devrait le faire."
"""Did I mention that I really need to use the bathroom?"" she asked, sending the bathroom a hopeful look.",Ai-je mentionné que j'ai vraiment besoin d'aller aux toilettes ?,"Ça dit, ai-je demandé, envoyant un regard espérant à la salle de bain."
I let you rescue him.,Je t'ai laissé le sauver.,Ça me permet de le sauver.
But he's looking at me like it's the first time.,Mais il me regarde comme si c'était la première fois.,Ça me fait penser qu'il me regarde comme s'il s'agissait de la première fois.
"I have better things to do than to waste my time worrying about what other people think.""",J'ai mieux à faire que de perdre mon temps à savoir ce que pensent les autres.,Ça me fait mieux que de perdre mon temps à me soucier de ce que pensent les autres.
The smile he gives me leaves me uncharacteristically breathless.,Le sourire qu'il m'adresse me laisse sans voix.,"Ça me laisse un peu sans souffle, ce sourire qu'il m'adresse."
"I can totally picture John Burton as a teacher, he has the personality for it.","Je peux tout à fait imaginer John Burton comme professeur, il a la personnalité qu'il faut.","Ça me fait totalement penser à John Burton en professeur, il a la personnalité pour ça."
"""We'll have a big party before I close for good.",Nous ferons une grande fête avant de fermer pour de bon.,Ça va être une grande fête avant que je ne ferme pour de bon.
Hurricane Giselle was nothing to fool around with.,L'ouragan Giselle n'était pas à prendre à la légère.,Ça faisait rien de jouer avec le cyclone Giselle.
"Oh, that couldn't be good, she thought when she saw the puddle forming on the floor around her.","Oh, ça ne présageait rien de bon, pensa-t-elle en voyant la flaque qui se formait sur le sol autour d'elle.","Ça ne pouvait pas être bon, pensa-t-elle lorsqu'elle vit la formation d'un petit lac autour d'elle."
"We can duck out for a little while, yeah?""","On peut s'éclipser un moment, d'accord ?","Ça fait un peu de temps que je ne suis pas allé au cinéma, non ?"
"I have to make sure the bar's safe first.""",Je dois d'abord m'assurer que le bar est sécurisé.,Ça fait que je dois m'assurer que le bar est en sécurité d'abord.
No more...anything.,Plus rien.,Ça ne se passe plus... rien.
"Maybe some Joy Division, a little Sigur Ros, a bit of Bilal, definitely James Blake.","Peut-être un peu de Joy Division, un peu de Sigur Ros, un peu de Bilal, certainement du James Blake.","Ça pourrait être du Joy Division, un peu de Sigur Rós, un peu de Bilal, et définitivement James Blake."
Want to know how those wine-stained lips of yours might taste.,Connaître le goût de tes lèvres colorées par le vin.,Ça te fait envie de savoir comment ces lèvres teintées de vin pourraient goûter.
"In the peace and calm of the eye of life's ever-growing hurricane, they'd found a moment.","Dans la paix et le calme de l'œil de l'ouragan de la vie, ils avaient trouvé un moment.","Dans la paix et le calme du centre de la tempête qui grandit sans cesse, ils avaient trouvé un moment."
"At least she had everything that she needed, Andi thought as she reached down and grabbed her iPad and the notebook that she'd been working on along with a carefully select assortment of pens that she'd helped herself to from the supply closet at work, only to realize that she'd left her phone at home.","Au moins, elle avait tout ce dont elle avait besoin, pensa Andi en se penchant pour attraper son iPad et le carnet sur lequel elle travaillait, ainsi qu'un assortiment de stylos soigneusement sélectionnés qu'elle s'était procuré dans le placard à fournitures du bureau, avant de réaliser qu'elle avait laissé son téléphone à la maison.","Ça faisait au moins qu'elle avait tout ce qu'elle avait besoin, pensa Andi en s'approchant de sa tablette et du cahier qu'elle travaillait sur, ainsi qu'une sélection soigneusement choisie de stylo qu'elle avait pris dans les stocks de fournitures à l'entreprise, avant de se rendre compte qu'elle avait laissé son téléphone à la maison."
It wasn't going to stop him from making sure that the little bastard paid for what he did to Andi.,Ça ne l'empêcherait pas de s'assurer que ce petit salaud paie pour ce qu'il a fait à Andi.,Ça ne l'empêcherait pas de s'assurer que ce petit salaud payait pour ce qu'il avait fait à Andi.
"""I'm going to run and see if I can get the fire department.",Je vais courir et voir si je peux appeler les pompiers.,Ça va me faire courir et voir si je peux appeler les pompiers.
It's suddenly the most important thing in the world.,C'est soudain la chose la plus importante au monde.,Ça devient soudain la chose la plus importante du monde.
It's been a rough twenty-four hours.,Les dernières vingt-quatre heures ont été difficiles.,Ça a été dur ces vingt-quatre heures.
"The shop was the first thing she could truly call her own, and now it was at risk.","Le magasin était la première chose qu'elle pouvait vraiment appeler la sienne, et maintenant il était en danger.","Ça faisait partie de ce qu'elle pouvait vraiment appeler la sienne, et maintenant, elle était en danger."
She would certainly bear Chase's kids.,Elle porterait certainement les enfants de Chase.,"Ça ne serait pas de son goût, mais elle porterait certainement les enfants de Chase."
"""It's going to be very cold out there, Miss Dawson,"" Devyn said, watching as his favorite place on earth was slowly revealed.","Il va faire très froid dehors, Mlle Dawson, dit Devyn, en regardant son endroit préféré sur Terre se dévoiler progressivement.","Ça va être très froid dehors, Mlle Dawson, dit Devyn en regardant son endroit préféré sur la Terre se révéler lentement."
"She drew her knees up and circled them with her arms, squeezing as tight as she could.","Elle remonta ses genoux et les entoura de ses bras, serrant aussi fort qu'elle le pouvait.","Elle éleva les genoux et les cercla d'armes, serrant autant qu'elle pouvait."
This stops me mid-chew.,Cela m'arrête en plein milieu de  ma mastication.,Ça me fait arrêter de mâcher.
The sea beckoned her.,La mer l‘appelait.,L'océan l'appelait.
"I'm shaking, held up by John, who doesn't seem to have full control over his body either.","Je tremble, soutenu par John qui, lui non plus, ne semble pas avoir le contrôle total de son corps.","Je tremble, soutenu par John, qui ne semble pas avoir le contrôle total de son corps."
My breath leaves me.,Mon souffle me quitte.,Mon souffle me quitte.
"He wasn't muscular in the same way as Chase, but thick and solid.","Il n'était pas aussi musclé que Chase, mais il était fort et massif.","Ça ne faisait pas de lui un homme musclé comme Chase, mais épais et solide."
"What I'm about to do is invasive, I know, but...","Ce que je vais faire est invasif, je le sais, mais...","Ça va être invasif, je le sais, mais..."
"""I see,"" Devyn murmured, applying the last bandage.","Je vois, murmura Devyn en appliquant le dernier bandage.","Ça va, murmura Devyn en appliquant le dernier bandage."
"""Let me talk.""",Laisse-moi parler.,Ça me permet de parler.
"""Look at the domain.",Regarde le nom de domaine.,Ça regarde le domaine.
"He took a deep breath, focusing on the inhale, and then the exhale.","Il inspira profondément, se concentrant sur l'inspiration, puis sur l'expiration.","Ça lui fit prendre une grande inspiration, se concentrant sur l'inhalation, puis sur l'exhalation."
"I stretch out beside him, draw his leg up and drape it over mine.","Je m'étire à côté de lui, remonte sa jambe et la fait  passer par-dessus la mienne.","Je me tends à côté de lui, leve son pied et le drape sur le mien."
"""They're mostly in awe of you,"" he says, his voice taking on that honeyed timber he'd had when he asked me out on this date.","Ils sont surtout en admiration devant toi, dit-il, sa voix prenant ce timbre mielleux qu'il avait lorsqu'il m'a demandé de sortir avec lui.","Ça, c'est surtout de l'admiration, dit-il, la voix prenant l'accent doux qu'il avait lorsqu'il m'avait demandé de sortir avec lui."
"My style could be called dormitory chic, my flat furnished with a collection of mismatched pieces acquired over the life of my residency.","Mon style pourrait être qualifié de dortoir chic, mon appartement étant meublé d'une collection de pièces dépareillées acquises depuis que j'ai signé le bail.","Ça pourrait s'appeler le chic des résidences, mon appartement meublé d'une collection de meubles incohérents achetés au cours de ma résidence."
"""Yes, daughter.","Oui, ma fille.","Ça va, fille."
"My ass, my thighs, the muscles of my back melt under John's ministrations.","Mon cul, mes cuisses, les muscles de mon dos fondent sous les doigts de John.","Mon cul, mes cuisses, les muscles de mon dos fondent sous les soins de John."
"He is so fucking beautiful, my heart hurts.","Il est si beau, putain, que j'en ai mal au cœur.","Ça fait si bien, que mon cœur meurt."
"""You're gorgeous,"" John breathes, leaning forward.","Tu es magnifique, souffle John en se penchant en avant.","Ça fait un beau, dit John, se penchant en avant."
This is why I'm not cut out for relationships.,Voilà pourquoi je ne suis pas fait pour les relations.,Ça explique pourquoi je ne suis pas fait pour les relations.
"""How the hell did we miss that?""",Comment diable avons-nous pu rater ça,"Ça fait quoi, nous avons manqué de voir ça ?"
"She began to sob gently, covering her face with her hands.","Elle se mit à sangloter doucement, se couvrant le visage de ses mains.","Ça commença à pleurer doucement, couvrant son visage de ses mains."
If he got stranded on the island during the storm...,S'il se retrouvait bloqué sur l'île pendant la tempête...,Si il était coincé sur l'île pendant la tempête...
Not to accept that he can see me so clearly.,De ne pas accepter qu'il lise en moi si clairement.,Ça ne veut pas dire qu'il ne peut pas me voir si clairement.
His fingers were sore and stiff from the wood's rough assault.,Ses doigts étaient endoloris et raides à cause de la rugosité du bois.,Ses doigts étaient douloureux et rigides à cause de l'assaut brutal du bois.
"You should have been paying attention to the news.""",Tu aurais dû faire attention aux informations.,Ça aurait dû te faire attention aux nouvelles.
"""Yes,"" he bit out, watching as her lips twitched.","Oui, dit-il sèchement en regardant les lèvres de la jeune femme se contracter.","Ça, oui, dit-il en regardant ses lèvres se contorsionner."
I laugh and shake my head.,Je ris et secoue la tête.,Ça me fait rire et je secoue la tête.
"But anyway, Amelia's country sent a team to murder her and her human lover.""","Mais de toute façon, le pays d'Amelia a envoyé une équipe pour l'assassiner, elle et son amant humain.","Ça n'a pas d'importance, mais le pays d'Amelia a envoyé une équipe pour la tuer et son amant humain."
This open.,Aussi ouvert.,Ça est ouvert.
"What's the bad news?""",Quelle est la mauvaise nouvelle ?,"Ça, c'est de la mauvaise nouvelle ?"
"The lot is crowded, but we get lucky with a spot close to the entrance.","Ce dernier est bondé, mais nous avons la chance d'avoir une place près de l'entrée.","Ça fait chaud, mais nous sommes chanceux d'avoir trouvé un emplacement près de l'entrée."
It's also the reason why we're here.,C'est aussi la raison pour laquelle nous sommes ici.,Ça est aussi la raison pour laquelle nous sommes ici.
I thought we had a chance to make this work.,Je pensais que nous avions une chance de faire en sorte que ça marche.,Ça me semblait que nous avions une chance de faire fonctionner ça.
"""I'm not saying what he did was right, it's ten different flavors of wrong, but...""","Je ne dis pas que ce qu'il a fait est bien, le mal peut prendre plusieurs formes, mais...","Ça ne veut pas dire que ce qu'il a fait était juste, c'est une dizaine de goûts de faux, mais..."
"The kid is so grateful to John, it's heartwarming.",Le jeune homme est si reconnaissant envers John que cela fait chaud au cœur.,"Ça fait chaud, la gratitude de ce garçon envers John."
"The smoke billowed and curved like a dark, beastly creature and Chase blinked back tears as it stung his eyes.","La fumée ondulait et se courbait comme une créature sombre et bestiale, et Chase essuya ses larmes quand elle lui piqua les yeux.",L'incendie s'élança et courba comme un créature sombre et bestiale et Chase se cligna des yeux pour repousser les larmes alors qu'il lui piquait les yeux.
He could finally breathe.,Il pourrait finalement respirer.,Ça lui permettait enfin de respirer.
A total loss for sure.,"Une perte totale, c'était sûr.","Ça ne valait rien, c'était une perte totale."
"He shouldn't have given in to his desires, and he was mad at himself.","Il n'aurait pas dû céder à ses désirs, et il s'en voulait.","Ça ne devait pas lui arriver, et il était furieux contre lui-même."
"""Medical bills.""",Des factures d'hôpital à payer.,Ça fait des frais médicaux.
"""You didn't answer your cell.",Tu n'as pas répondu à ton téléphone portable.,Ça fait des jours que tu ne réponds pas à ton portable.
"""We've become family to each other.",... Nous sommes devenus une famille l'un pour l'autre.,Ça nous a fait de la famille.
People would still buy.,Les gens achèteraient quand même.,Ça ne les empêcherait pas d'acheter.
"He'd fight it, fight for her.","Il se battrait, se battrait pour elle.","Ça ne l'empêcherait pas de se battre, de se battre pour elle."
It was none of her business why and where he went.,Ce n'était pas ses affaires de savoir pourquoi et où il allait.,Ça ne lui concernait pas pourquoi et où il allait.
"""Burton,"" he corrects me, but his eyes are liquid.","Burton, me corrige-t-il, mais ses yeux sont liquides.","Ça s'appelle Burton, me corrige-t-il, mais ses yeux sont liquides."
"His fingers are a little calloused, though less than I would have thought for a man that worked with his hands.","Ses doigts sont un peu calleux, mais moins que je ne l'aurais cru pour un homme qui travaille avec ses mains.","Ça fait un peu de callosité, mais moins que je ne l'aurais pensé pour un homme qui travaille avec les mains."
"""She's mad at you.""",Elle est en colère contre toi.,Ça fait rage à toi.
"She'd sit on the bar's deck, pretending to read and watching the patrons.","Elle s'asseyait à la terrasse du bar, faisant semblant de lire et observant les clients.","Ça lui donnait l'impression de lire, mais elle observait les clients."
That's what hurts – so much.,C'est ce qui fait mal  tellement mal.,"Ça fait mal, tellement."
"My mood has improved dramatically since he told me he was coming, and I'm smiling already.","Mon humeur s'est considérablement améliorée depuis qu'il m'a dit qu'il venait, et je souris déjà.","Ça a beaucoup amélioré mon humeur depuis qu'il m'a dit qu'il venait, et je suis déjà souriant."
"She pressed her body against his, and heat tingled in his abdomen.","Elle pressa son corps contre le sien, et sa chaleur lui picota l'abdomen.","Elle appuya son corps contre le sien, et le chaleur tinglait dans son abdomen."
"For the first time since the storm, he was glad the electricity was out.","Pour la première fois depuis l'orage, il était content que l'électricité soit coupée.",Ça faisait pour la première fois depuis la tempête qu'il était heureux que l'électricité soit coupée.
"That all happened when she was diagnosed with myeloma, bone marrow cancer.","Tout cela est arrivé quand on lui a diagnostiqué un myélome, un cancer de la moelle osseuse.","Ça s'est passé quand elle a été diagnostiquée de myélome, un cancer du moelle osseuse."
"""Go change those wet clothes before you catch a cold.""",Va changer ces vêtements mouillés avant d'attraper froid.,"Ça fait froid, va changer ces vêtements mouillés avant de prendre un froid."
Check flashlight batteries?,Vérifier les piles de la lampe de poche ?,Ça fait un an que je ne les ai pas vérifiées.
"Surprising she could read and write, given the times.""","Il est surprenant qu'elle ait su lire et écrire, compte tenu de l'époque.","Ça était surprenant qu'elle puisse lire et écrire, compte tenu des temps."
"""So much so, that I want you to do the same thing for the rest of Carta Hotels.""",À tel point que je veux que tu fasses la même chose pour le reste des hôtels Carta.,Ça va jusqu'à ce que je veuille que tu fasses de même pour le reste des Hôtels Carta.
"""Better figure it out soon.""",Tu ferais mieux de t'en rendre-compte rapidement.,Ça faut qu'il s'en aille vite.
We made it through the storm with minimal damage.,Nous avons traversé la tempête avec un minimum de dégâts.,Ça a fait que nous avons traversé la tempête avec des dommages minimes.
"Sharing with a mate from uni, who has since moved.",Je partageais le logement avec un ami de l'université qui a déménagé depuis.,"Ça a été partagé avec un copain d'université, qui a depuis déménagé."
Come Undone: Romance Stories Inspired by the Music of Duran Duran,Come Undone : Histoires d'amour inspirées par la musique de Duran Duran,Ça se détache : des histoires romantiques inspirées par la musique de Duran Duran
And now he was planning to leave her behind and farm some dry land somewhere a million miles away.,"Et maintenant, il prévoyait de la laisser derrière lui et de cultiver une terre aride quelque part à un million de kilomètres d'ici.","Et maintenant, il avait prévu de la laisser derrière lui et de cultiver une terre sèche quelque part à un million de kilomètres de là."
"I squirt a generous amount over my fingers and slick his cock, encouraging him to pump into my hand.","J'en verse une quantité généreuse sur mes doigts et j'enduis sa bite, l'encourageant à pomper dans ma main.","Je verserai une quantité généreuse sur mes doigts et je le lubrifie, l'encourageant à pomper dans ma main."
Inna might have her already.,Inna l'avait peut-être déjà attrapé.,Ça pourrait être déjà fait avec Inna.
"The first time that he'd heard her humming, he'd squeezed his eyes shut and waited for the pain to explode in his head, only to have the soft, hypnotic sound slowly lull him to sleep.","La première fois qu'il l'avait entendu, il avait fermé ses yeux et attendu que la douleur explose dans sa tête, mais ce fut le contraire.","Ça faisait plus d'un mois qu'il l'entendait humer, il avait fermé les yeux et attendu que la douleur explose dans sa tête, mais il s'était endormi sous l'effet du son doux et hypnotique."
Towering clouds formed a barricade of weather that was bound to bring a lot of wind and rain to the little island.,Des nuages imposants formaient une enceinte climatique qui allait certainement apporter beaucoup de vent et de pluie sur la petite île.,Les nuages élevés formaient une barrière de météo qui devait apporter beaucoup de vent et de pluie sur la petite île.
She turned the page and found herself frowning as she went through the rest of the list and decided that perhaps she should just get started when she realized that there was a third page.,Elle décida qu'elle ferait mieux de commencer lorsqu'elle réalisa qu'il y avait une troisième page.,Elle tourna la page et se frowna en parcourant le reste de la liste et décida qu'elle devrait peut-être juste commencer lorsqu'elle réalisa qu'il y avait une troisième page.
His heart sped as he realized the potential that hung heavily in the moment.,Son cœur s'accéléra lorsqu'il réalisa le potentiel qui planait sur ce moment.,Son cœur s'accéléra lorsqu'il réalisa le potentiel qui pendait lourdement dans le moment.
"Tears flowed down Mari's cheeks, mixed with the rainfall and the seawater.","Les larmes coulaient sur les joues de Mari, se mêlant à la pluie et à l'eau de mer.","Les larmes coulèrent sur les joues de Mari, mêlées à la pluie et à l'eau de mer."
"You're foolish to try.""",C'est idiot d'essayer.,Ça te fait du fou de t'essayer.
"""I want to take you somewhere you've been dying to go.",Je veux te faire plaisir et t'emmener dans un endroit où tu meurs d'envie d'aller.,"Ça me fait peur, mais je veux te mener où tu as envie de t'y rendre."
"He's been eye-fucking me since the moment he walked in the door, and I'm finding it harder and harder to resist him with every pull from my glass.","Il me fait de l'œil depuis qu'il a franchi la porte, et j'ai de plus en plus de mal à lui résister à chaque fois que je bois un verre.","Ça fait des années qu'il me regarde comme ça, dès qu'il est entré dans la pièce, et je trouve de plus en plus difficile de le résister avec chaque verre que je bois."
"""The only room I can stand to be in, really, is my bedroom.""","La seule pièce que je peux supporter, c'est ma chambre à coucher.",Ça fait un moment que je ne peux pas supporter d'être dans une autre pièce que ma chambre.
She owes me and she knows it.,Elle me doit quelque chose et elle le sait.,Ça lui doit et elle le sait.
His expression is sober.,Son expression est sérieuse.,Son expression est soigneuse.
Though the hostage thing might work.,Bien que la prise d'otage semblât être une bonne idée.,Ça pourrait marcher avec l'hôte.
"His eyes lock on the place where our bodies join, his expression positively feral.","Ses yeux se fixent sur l'endroit où nos corps se rejoignent, son expression est positivement féroce.","Son regard se fixe sur le point où nos corps se rejoignent, son expression est positivement sauvage."
"Hopefully, the repair wouldn't delay closing on the bar's sale.","Avec un peu de chance, la réparation ne retarderait pas la conclusion de la vente du bar.",Ça ne retarderait pas la vente du bar.
"He didn't know how long they sat on the couch holding each other, but it felt like forever.","Il ne savait pas combien de temps ils étaient restés assis sur le canapé à se serrer l'un contre l'autre, mais cela lui a semblé une éternité.","Ça durait des années, pensait-il, mais il sentait qu'ils s'étaient tenus ainsi depuis toujours."
He had to be at work in a few hours.,Il devait être au travail dans quelques heures.,Ça lui fallait être au travail dans quelques heures.
"He rubbed his arm, trying to stop the itching that suddenly overtook his skin.","Il se frotta le bras, essayant d'arrêter les démangeaisons qui envahissaient soudain sa peau.","Il se frotta l'avant-bras, essayant de faire cesser l'étranglement qui s'était soudainement emparé de sa peau."
"I hadn't even known he'd been paying attention, since he'd been distracted then too.","Je ne savais même pas qu'il était attentif, puisqu'il avait été distrait à ce moment-là aussi.","Ça ne m'avait même pas fait attention, car il était aussi distrait à ce moment-là."
It was honestly the perfect job for her.,"Pour être honnête, c'était le travail idéal pour elle.",Ça était vraiment le travail parfait pour elle.
He stumbled across the room and put his palms against the wooden door.,Il traversa la pièce en titubant et posa ses paumes contre la porte en bois.,Il s'échappa dans la pièce et posa ses mains contre la porte en bois.
"She'd worked hard making the Mermaid's Purse a success, and it wasn't fair that her work was threatened both by a hurricane and by Chase's demonsat the same time.","Elle avait travaillé dur pour faire de la Bourse de la Sirène un succès, et il n'était pas juste que son travail soit menacé à la fois par un ouragan et par les démons de Chase, en même temps.","Ça faisait longtemps qu'elle travaillait dur pour faire du succès du Bar des Sirènes, et il n'était pas juste que son travail soit menacé à la fois par un ouragan et par les démons de Chase."
"""Sorry, I wasn't thinking.","Désolé, je n'ai pas réfléchi.","Ça va, je n'étais pas en train de penser."
"He nibbled at her earlobe, his hot breath sending shivers down her torso and into her legs.","Il lui mordilla le lobe de l'oreille, son souffle chaud faisant frissonner sa poitrine et ses jambes.",Ça lui faisait frissonner le long de son torse et de ses jambes.
"By diver man's family.""",Par la famille du plongeur.,Ça vient de la famille du plongeur.
"I feel his body jolt beneath mine, muscles going rigid.","Je sens son corps tressaillir sous le mien, ses muscles se raidissent.","Je sens son corps se tasser sous le mien, ses muscles se rigidifier."
"""And I'm sure that there was a good reason why you didn't contact my office,"" Devyn said, moving to return his attention to the woman that hadn't been happy when she'd discovered that he'd planned on doing this audit in person.","Et je suis sûr qu'il y a une bonne raison pour laquelle vous n'avez pas contacté mon bureau, dit Devyn, reportant son attention sur la femme qui n'avait pas été heureuse d'apprendre qu'il avait prévu de faire cet audit en personne.","Ça va sans dire que j'étais sûr qu'il y avait une bonne raison pour laquelle tu n'as pas contacté mon bureau, dit Devyn, revenant à attirer son attention sur la femme qui n'était pas heureuse de découvrir qu'il avait prévu de faire l'audit en personne."
He'd showered and his damp hair stood in spikes.,Il s'était douché et ses cheveux humides se dressaient en épis.,Ça faisait un moment qu'il avait douché et ses cheveux humides se dressaient en éperons.
"This is my kingdom, my domain.","C'est mon royaume, mon domaine.","Ça fait partie de mon royaume, de mon domaine."
"Maybe you can reach me.""",Tu pourras peut-être m'atteindre.,Ça pourrait me toucher.
"""When she finally shows up, tell her that Devyn MacGregor, CEO of Carta Hotels, is here to do an inspection,"" Devyn said evenly.","Lorsqu'elle se présentera enfin, dites-lui que Devyn MacGregor, PDG des Hôtels Carta, est ici pour une inspection, dit Devyn d'un ton calme.","Ça vaudra le coup de lui dire que Devyn MacGregor, PDG des Hôtels Carta, est là pour faire une inspection, dit-il d'une voix calme."
"""I wish we could've evacuated.""",J'aurai aimé qu'on évacue.,Ça aurait été mieux si nous avions pu évacuer.
"As in, people actually have some.","En fait, les gens ont des attentes, tout simplement.",Ça veut dire que les gens en ont vraiment.
"I follow him back to the booth, where I'd been in the middle of setting up my next block of songs.","Je le suis jusqu'au studio, où j'étais en train d'installer mon prochain bloc de chansons.","Je le suis jusqu'à la cabine, où j'étais en train de mettre en place le bloc de chansons suivant."
"This time, I can't stop the shiver that races down my spine.","Cette fois, je ne peux pas arrêter le frisson qui me parcourt l'échine.","Ça ne me sert à rien, je ne peux pas arrêter le frisson qui traverse ma colonne vertébrale."
"""Practice like this?""",S'entraîner comme ça ?,Ça s'entraîne comme ça ?
"She moaned, then tipped her head back to give him access, her tongue tangling with his larger one.","Elle gémit, puis bascula sa tête en arrière pour lui donner un accès total, sa langue s'emmêlant avec celle plus imposante de Chase.","Ça grogna, puis elle renversa la tête pour lui donner accès, sa langue se tanglant avec la sienne plus grande."
"His ears are turning red, and his hands flutter a bit when he reaches for the pita bread.",Ses oreilles rougissent et ses mains s'agitent un peu lorsqu'il attrape le pain pita.,"Ça fait rougir ses oreilles, et ses mains tremblent un peu lorsqu'il attrape le pain pita."
"His name is Inna.""",Il s'appelle Inna.,Ça s'appelle Inna.
"""This must have cost a fortune,"" I tell him, pouring another glass.","Cela a dû coûter une fortune, lui dis-je en me versant un autre verre.","Ça doit avoir coûté une fortune, lui dis-je en remplissant un autre verre."
He's a good teacher.,C'est un bon professeur.,Ça fait un bon professeur.
She leaned over the railing and pretended to look at the dune.,Elle se pencha sur la balustrade et fit semblant de regarder la dune.,Elle s'approcha de la rambarde et feignit de regarder la dune.
"The puppies were adorable,"" Andi said with a solemn nod, making him chuckle as she handed the chocolate bar over to him so that she could grab the notebook that he wasn't allowed to touch after he'd made the mistake of marking a page by folding a corner so that he could come back to it later.","Les chiots étaient adorables, déclara Andi avec un hochement de tête solennel, le faisant rire alors qu'elle lui tendait la barre de chocolat afin de pouvoir saisir le carnet qu'il n'avait pas le droit de toucher après avoir commis l'erreur de marquer une page en pliant un coin pour pouvoir y revenir plus tard.","Ça faisait rire Andi, qui lui tendit la barre de chocolat, lui permettant de prendre la cahier qu'il n'était pas autorisé à toucher après avoir commis l'erreur de marquer une page en pliant un coin pour pouvoir y revenir plus tard."
Wouldn't that make leaving much easier for him?,Cela ne rendrait-il pas son départ plus facile ?,Ça ne le rendrait-il pas plus facile de partir ?
"Her face didn't hide the pain in her heart, the pain he hadn't noticed before.","Son visage ne cachait pas la douleur au fond de son cœur, une douleur qu'il n'avait pas remarquée auparavant.","Son visage ne cachait pas la douleur qui se trouvait dans son cœur, la douleur qu'il n'avait pas remarquée auparavant."
"""Before the transfer finished coming through, they attempted to authorize a transfer, but the authorization for the transfer came into question and our accounting department flagged it.""","Avant que le transfert ne soit terminé, ils ont tenté d'autoriser un transfert, mais l'autorisation a été remise en question et notre service comptable l'a signalé.","Ça a été tenté avant que la transaction ne soit terminée, mais l'autorisation de la transaction a été mise en doute et notre service comptabilité l'a signalé."
"A few drops of water from the structure over them rained down at the motion and she ducked her head, laughing.",Quelques gouttes d'eau provenant de la structure qui les surplombait tombèrent à cause du mouvement et elle baissa la tête en riant.,"Ça plu quelques gouttes d'eau de la structure sur eux à son geste et elle se pencha, riant."
"""We...don't really talk.""",Nous... ne nous parlons pas vraiment.,Ça... nous... nous ne parlons pas vraiment.
I get out and jog around the car to grab his hands.,Je sors et contourne la voiture pour lui prendre les mains.,Je me dégage et cours autour de la voiture pour attraper ses mains.
And it isn't something I've ever shared with anyone else.,Et ce n'est pas un secret que je n'ai jamais partagé avec quelqu'un d'autre.,"Ça, je n'ai jamais partagé avec personne d'autre."
Her head swam and she struggled to keep herself under control.,Sa tête s'était mise à tourner et elle luttait pour garder le contrôle.,Son tête tournait et elle lutta pour se maintenir en contrôle.
"My cock bobs eagerly between us, and John's perks up to say hello.","Ma bite oscille entre nous avec impatience, et celle de John se réveille pour dire bonjour.","Mon coche se détend impatientement entre nous, et celui de John se redresse pour nous dire bonjour."
And I mean he really listens as the singer promises not to let him drown in whatever is troubling him.,"Et, par-là, j'entends qu'il écoute vraiment, car le chanteur lui promet de ne pas le laisser se noyer dans ce qui le trouble.","Ça veut dire qu'il écoute vraiment, alors que le chanteur promet de ne pas le laisser noyer dans ce qui le trouble."
"His back is to me, shoulders scrunched up to his ears.","Il me tourne le dos, les épaules haussées jusqu'aux oreilles.","Son dos est tourné vers moi, ses épaules sont recroquevillées jusqu'à ses oreilles."
A fucking hurricane was outside his window and he was thinking about getting laid?,Un putain d'ouragan était derrière sa fenêtre et il pensait à s'envoyer en l'air,Ça faisait un putain de tempête dehors et il pensait à se faire baiser ?
"He needed to stay focused, he kept reminding himself as he lay there, staring up at the ceiling as he thought about everything that was at stake, the list of hotels that they still needed to take a closer look at, and going over everything he had to do today, anything to stop thinking about the woman in the other room.","Il devait rester concentré, ne cessait-il de se rappeler alors qu'il était allongé, fixant le plafond en pensant à tout ce qui était en jeu, à la liste des hôtels qu'ils devaient encore examiner de plus près, et en passant en revue tout ce qu'il devait faire aujourd'hui, tout était bon pour cesser de penser à la femme dans l'autre pièce.","Ça lui fallait de rester concentré, se disait-il en étant allongé là, regardant le plafond en pensant à tout ce qui était en jeu, à la liste des hôtels qu'ils avaient encore à examiner de plus près, et en repassant en tête de tout ce qu'il avait à faire aujourd'hui, n'importe quoi pour ne pas penser à la femme dans la pièce d'à côté."
"""Tell my mother I'll be home soon.",Dis à ma mère que je serai bientôt à la maison.,Ça dit à ma mère que je reviens bientôt.
He'd managed to negotiate a contract that benefitted them both.,Il avait réussi à négocier un contrat qui convenait aux deux parties.,Ça avait été un contrat qui leur avait profité à tous les deux.
"But I'm sure...""",Mais je suis sûr...,Ça me semble...
"""But you came for another reason.""","Mais, tu es venue pour une autre raison.","Ça, c'est pour une autre raison."
"Grinning, I queue up Coldplay's Always in My Head.","En souriant, je mets en file d'attente Always in My Head de Coldplay.",Je grimace et je mets en file d'attente Always in My Head de Coldplay.
"""He's here,"" Dyer's voice trails off.","Il est là, dit Dyer d'une voix étouffée.","Ça arrive, dit Dyer, la voix s'évanouissant."
"""Only when I talk to you,"" she said, blinking up at him before following that up with, ""What did you do for Christmas?""","Seulement quand je te parle, dit-elle, clignant des cils avant de poursuivre :","Ça ne se passe que quand je te parle, dit-elle en clignant des yeux vers lui avant de continuer :"
I know he'll leave marks on my skin.,Je sais qu'il laissera des marques sur ma peau.,Ça me fera des marques sur la peau.
Anything you fucking want!,"Tout ce que tu veux, putain !","Ça, tu peux en faire ce que tu veux !"
"I always have these harebrained schemes that seem like great ideas...at the time.""",J'ai toujours ces projets farfelus qui semblent être de bonnes idées... sur le moment.,Ça fait toujours des années que j'ai des idées qui me semblent géniales... à l'époque.
"But there isn't much of a demand for them anymore.""",Mais il n'y a plus beaucoup d'offres pour ce métier.,Ça n'est plus vraiment demandé.
He and the unpowered wheel were both broken by storms.,Lui et la roue sans moteur avaient tous deux étés brisés par les tempêtes.,Ça et la roue sans énergie avaient tous les deux été brisés par les tempêtes.
They'd be lucky to have power by morning if the storm held true to predictions.,Ils auront de la chance d'avoir de l'électricité le matin si la tempête se maintient.,Ça serait une chance s'ils avaient de l'électricité à l'aube si la tempête se comportait comme prévu.
"But with John, I want the circle of his strong arms around me.","Mais avec John, je veux le cercle de ses bras forts autour de moi.","Ça fait un an que je suis avec John, mais je veux que le cercle de ses bras forts soit autour de moi."
It's the first genuine laugh I've had all week.,C'est le premier vrai rire que j'ai eu de toute la semaine.,Ça fait la première vraie rire que j'ai eu cette semaine.
"I know she'd take me up on any offer I made her, and she knows I know.","Je sais qu'elle accepterait n'importe quelle offre que je lui ferai, et elle sait que je le sais.","Ça me dit qu'elle accepterait tout ce que je lui proposerais, et elle sait que je sais."
"""Sorry you're stuck spending the night with me.""","Désolée que tu sois coincé ici, obligé de passer la nuit avec moi.","Ça va, tu es malheureux d'être obligé de passer la nuit avec moi."
"Might be the last hot meal you get for a while.""",C'est peut-être le dernier repas chaud que tu auras avant longtemps.,Ça pourrait être la dernière fois que tu aies une bonne bouffée pendant un certain temps.
"""Is that a hint of jealousy I see?""",Est-ce une pointe de jalousie que je sens ?,Ça fait penser à un soupçon de jalousie ?
I suck the tip of his index finger into my mouth and run my tongue over it.,J'aspire le bout de son index dans ma bouche et passe ma langue dessus.,Je suis le bout de son index dans ma bouche et je le traîne avec ma langue.
A little pain would divert the fear in his gut.,Un peu de douleur détournerait la peur qui le tenaillait.,Ça lui donnerait un peu de douleur pour détourner la peur qui se faisait dans son ventre.
"One of his denim-clad legs is folded beneath him, the other stretched toward me.","L'une de ses jambes vêtue de denim est repliée sous lui, l'autre tendue vers moi.","L'un de ses jambes en denim est pliée sous lui, l'autre s'étend vers moi."
You'd think I'd never been touched before.,On pourrait croire que je n'ai jamais été touché auparavant.,Ça me ferait croire que je n'avais jamais été touché.
"She met his tongue with her own, wishing to tell him everything she'd kept secret from him.","Elle rencontra sa langue avec la sienne, souhaitant lui dire tout ce qu'elle avait gardé secret.","Elle rencontra sa langue avec la sienne, souhaitant lui dire tout ce qu'elle avait gardé secrète."
"""I know plenty about you,"" he assured her as he swiped to the next email.","Je sais beaucoup de choses sur vous, lui assura-t-il alors qu'il passait à l'e-mail suivant.","Ça, je sais bien, lui assura-t-il en passant à l'email suivant."
"""I need to get back,"" John says, abruptly.","Je dois rentrer, dit John brusquement.","Ça me faut, dit John, brusquement."
As always.,Comme toujours,Ça fait toujours partie de mon programme.
"""Yes,"" Andi murmured, snuggling in closer until he took the hint and carefully wrapped his arm around her and pulled her closer.","Oui, murmura Andi, se blottissant plus près jusqu'à ce qu'il comprenne l'allusion et l'entoure soigneusement de son bras pour l'attirer plus près de lui.","Ça va, murmura Andi, s'approchant de plus en plus jusqu'à ce qu'il prenne le bâton et qu'il l'entoure de son bras et la rapproche de lui."
"It's been weeks.""",Ça fait des semaines.,Ça fait des semaines.
Nothing he'd like better than to lay her down and make love to her again and again.,Rien ne lui plairait plus que de l'allonger et de lui faire l'amour encore et encore.,Ça lui plairait bien de la poser et de l'aimer à nouveau et à nouveau.
"""As long as the surge doesn't get too much bigger than they predict, we'll be okay.","Tant que l'onde de tempête n'est pas plus forte que ce qu'ils prévoient, tout ira bien.","Ça ne devrait pas dépasser les prévisions, et nous serons en sécurité."
"I can tell, just listening to him, how much teaching there meant to John.","Je peux dire, rien qu'en l'écoutant, à quel point l'enseignement a compté pour John.","Ça me dit, juste en l'écoutant, à quel point l'enseignement a été important pour John."
"""So, about dinner...""","Alors, à propos du dîner...","Ça va, à propos du dîner..."
Flames licked at the pre-dawn sky and heat radiated from the structure.,Les flammes léchaient le ciel d'avant l'aube et la chaleur irradiait de la structure.,Les flammes léchaient le ciel avant l'aube et la chaleur s'échappait de la structure.
"She'd never been through a tornado, if that's what it was, and she never wanted to experience it again.","Elle n'avait jamais traversé de tornade, si c'était bien de cela qu'il s'agissait, et elle ne voulait plus jamais en faire l'expérience.","Ça n'était pas un tornade, si c'était ça, et elle ne voulait pas l'expérimenter à nouveau."
"Once she and Chase were married, of course, and his mom was her mother-in-law.","Une fois qu'elle et Chase seraient mariés, bien sûr, et que sa mère serait sa belle-mère.","Ça allait bien, d'ailleurs, une fois qu'ils seraient mariés, bien sûr, et que sa mère serait sa belle-mère."
"As long as you know it isn't accurate.""",Tant que tu sais que ce n'est pas vrai.,Ça ne te dérange pas tant que tu sais qu'il n'est pas exact.
I'm not ever marrying you.,Je ne me marierai jamais avec toi.,Ça ne se passera jamais.
"""Do you want me to stop, or do you want more?"" I'm pressing in, even as I ask the question.",Tu veux que je m'arrête ou tu veux plus ?,"Ça suffit, ou veux-tu plus ?"
"Nodding absently, Andi returned her attention to the bear and-","Hochant la tête distraitement, Andi reporta son attention sur l'ours et...","Çaillotant distraitement, Andi reporta son attention sur l'ours et..."
"""I'm taking you to dinner, Miss Dawson,"" Devyn said, smiling as he slowly brushed his lips against hers one last time before he stood up as she sent a panicked gaze at the window and-","Je vous emmène dîner, Mlle Dawson, dit Devyn en souriant et en effleurant lentement ses lèvres une dernière fois avant de se lever, alors qu'elle jetait un regard paniqué vers la fenêtre et...","Ça va être un dîner, Mlle Dawson, dit Devyn, souriant tandis qu'il ébranlait lentement ses lèvres contre les siennes une dernière fois avant de se lever alors qu'elle envoya un regard paniqué à la fenêtre et..."
"""It's been called that for as long as I remember.""",On l'appelle ainsi depuis aussi longtemps que je m'en souvienne.,Ça s'appelle ainsi depuis que je me souviens.
"His expression is so open, so vulnerable, and it brushes up against a tender spot near my heart.","Son expression est si ouverte, si vulnérable, et elle effleure un point sensible près de mon cœur.","Ça fait si bien, il est si ouvert, si vulnérable, et il touche un endroit tendre près de mon cœur."
Kill me now.,Tuez-moi sur le champ !,Ça me tue.
"He was still incredibly handsome, Andi thought as she debated pointing out that he should be back in bed.","Il était toujours très beau, se dit Andi tout en se demandant si elle devait lui dire de retourner au lit.","Ça ne l'avait pas empêché d'être incroyablement beau, pensa Andi alors qu'elle hésitait à lui dire qu'il devrait retourner au lit."
"""You're a child of the eighties, aren't you?""","Tu es un enfant des années quatre-vingt, n'est-ce pas ?","Ça fait un enfant des années 80, n'est-ce pas ?"
"He blamed himself for Luke's death, and the passage of time hadn't lessened his feelings in the least.","Il se sentait responsable de la mort de Luke, et le temps qui passait n'avait en rien atténué ses sentiments.","Ça lui faisait responsable de la mort de Luke, et le temps n'avait pas atténué ses sentiments du tout."
"After what happened with Luke, then the mess with Kelly.","Après ce qui s'est passé avec Luke, puis avec Kelly","Ça fait déjà un moment que Luke est parti, puis il y a eu le désastre avec Kelly."
"I'm a little peeved at the orphaned butterfly that flutters in my stomach when I see his photo on my screen, shirtless and glistening by the pool.","Je suis un peu fâché par le papillon solitaire qui palpite dans mon estomac quand je vois sa photo sur mon écran, torse nu et luisant au bord de la piscine.","Ça me dérange un peu le papillon orphelin qui flotte dans mon estomac lorsque je vois sa photo sur mon écran, sans chemise et brillant autour de la piscine."
"Then, they'd bring those skills back to North Carolina and run a bar and, with the proceeds, eventually open a diving school for civilians.","Ensuite, ils ramèneraient leurs compétences en Caroline du Nord, tiendraient un bar et, avec les bénéfices, ouvriraient éventuellement une école de plongée pour les civils.","Ça a été un moment difficile, mais ils ont apporté ces compétences en Caroline du Nord et ont ouvert un bar, avec les bénéfices, ils ont ouvert une école de plongée pour les civils."
"I feel myself opening already, anticipating him.","Je me sens déjà en train de m'ouvrir, je l'attends.","Je me sens déjà ouvrir, l'anticipant."
Anthologies:,Anthologies :,Anthologies :
"At least, for now.",Du moins pour l'instant,Ça durera au moins pour le moment.
"John was right when he said the man was handsome, but he doesn't hold a candle to my brawny lad.","John avait raison quand il a dit que l'homme était beau, mais il n'arrive pas à la cheville de mon mec musclé.","Ça fait bien dire John que l'homme était beau, mais il n'est pas aussi beau que mon gosse."
"She ran her gaze from the small bandage covering the cut on his temple that was probably going to leave a small scar down to the dark bruise that ran from his temple to his jaw, absently noting that it was beginning to fade.","Elle promena son regard sur lui, allant du bandage qui recouvrait sa coupure à la tempe et qui allait sûrement laisser une cicatrice, à l'ecchymose sombre qui courait de sa tempe à sa mâchoire.","Elle parcourut son regard du petit bandage qui recouvrait la coupure sur son front qui allait probablement laisser un petit cicatrice jusqu'à la bruise sombre qui courait de son front à sa mâchoire, notant distraitement qu'elle commençait à s'estomper."
"""Maybe a few shingleshard to tell.""","Peut-être quelques bardeaux, c'est difficile à dire.",Ça pourrait être un peu de la marmite.
"Then again, none of this made any sense.","En même temps, rien de tout ceci n'avait aucun sens.",Ça ne faisait pas de sens.
"I think it's the one thing I was put on this earth to do.""",Je pense que c'est la seule chose pour laquelle j'ai été mis sur cette terre.,"Ça, je pense que c'est la chose pour laquelle j'ai été mise sur terre."
"""You're gorgeous, successful, grounded...""","Tu es magnifique, tu as du succès, tu as les pieds sur terre...","Ça fait que tu es magnifique, réussi, terre à terre..."
And then I'm out like a spent match.,Et puis je m'éteins comme une allumette usée.,Ça fait que je me mets à dormir comme une allumette éteinte.
"I'm not in love with him, but I still love him.","Je ne suis pas amoureux de lui, mais je l'aime toujours.","Ça ne veut pas dire que je ne l'aime pas, mais je l'aime encore."
He's a jolly sort. A kind of Sicilian Santa Claus.,Une sorte de Père Noël sicilien.,Ça fait rire.
"I'll stay a few days and visit, as long as my shop is still fine.","Je resterai quelques jours pour visiter, tant que mon magasin va bien.","Ça durera quelques jours et je visiterai, tant que mon magasin sera en état."
"""I'm cautiously optimistic,"" he hedged, taking a sip of apple juice as he pulled his phone back out of his pocket.","Je suis prudemment optimiste, nuança-t-il avant de prendre une gorgée de jus de pomme et de reprendre son téléphone.","Ça fait que je suis optimiste avec précaution, dit-il en buvant un verre de jus de pomme tout en sortant son téléphone de sa poche."
They almost reached the beach stairs when he stopped.,Ils avaient presque atteint les escaliers de la plage lorsqu'il s'arrêta.,Ça ne faisait pas plus d'une minute qu'ils n'étaient presque arrivés à la rampe d'accès à la plage quand il s'arrêta.
"When Devyn only glared, Lucas said, ""That's why.""","Comme Devyn se contenta de lui jeter un regard noir, Lucas dit : ""Voilà pourquoi.""","Ça, c'est pourquoi."
"It hasn't been that long.""",Ça ne fait pas si longtemps.,Ça n'a pas été si longtemps.
What the hell would he think if he found her talking to a naked man?,Que penserait-il s'il la surprenait en train de parler à un homme nu ?,Ça lui ferait quoi si il la trouvait en train de parler à un homme nu ?
"For a moment, he considered trying to make his way back to his room so that he could pass back out on his bed, but the thought of soaking in a hot bath sounded really fucking good at the moment.","Pendant un instant, il envisagea l'idée de retourner dans sa chambre et de s'évanouir encore une fois dans son lit, mais l'idée d'un bon bain chaud était tout aussi tentante à cet instant.","Ça lui passait par la tête de tenter de retourner dans sa chambre pour s'endormir sur son lit, mais l'idée de se baigner dans une baignoire chaude lui semblait vraiment très bonne à l'instant."
They spring out of my head in Medusa spirals that I pretend to control in the morning.,Elles jaillissent de ma tête en spirales comme Méduse que je fais semblant de contrôler le matin.,Ça sort de ma tête en spirales de Méduse que je prétends contrôler le matin.
"""Let's simply say your father made a bet and lost.",Disons simplement que ton père a fait un pari et qu'il a perdu.,Ça veut dire simplement que ton père a fait un pari et a perdu.
"Tied up, or of his own free will.","Attaché, ou de son plein gré.","Ça fait penser à un lien, ou à une décision prise de son propre gré."
The woman who'd pledged her life to me.,La femme qui m'avait juré de m'aimer toute ma vie.,La femme qui avait promis sa vie à moi.
Every fiber of his heart wanted to reach in and claim those lips.,Toutes les fibres de son cœur voulaient s'approcher et s'emparer de ces lèvres.,Ça faisait tout son cœur trembler de vouloir s'y plonger et revendiquer ces lèvres.
"""Neither of us knew what we were doing.""",Aucun de nous ne savait ce qu'il faisait.,Ça ne nous avait pas dit quoi faire.
"Something is really eating at the man, and I wish I knew him well enough for me to be able to ask.","Quelque chose le ronge vraiment, et j'aimerais le connaître assez pour pouvoir le lui demander.","Ça lui fait vraiment mal, et je souhaiterais le connaître assez bien pour pouvoir lui poser la question."
"""Please don't make this more difficult than it already is.""","S'il te plaît, ne rends pas les choses plus difficiles qu'elles ne le sont déjà.",Ça ne fait pas plus de mal que ce qu'il y a déjà.
"""Do I have a choice?""",Ai-je le choix ?,Ça me laisse un choix ?
"""I'll tell you about that oil portrait hanging over the bar.",Je vais te parler de cette peinture à l'huile accrochée au-dessus du bar.,"Ça, je te parlerai de ce portrait en huile qui pend au-dessus du bar."
"He'd led her on, knowing he couldn't give her what she really needed.",Il avait couché avec elle sachant qu'il ne pouvait pas lui donner ce dont elle avait vraiment besoin.,"Ça l'avait poussée, sachant qu'il ne pouvait pas lui donner ce qu'elle vraiment avait besoin."
"He's smiling, despite the uncertainty in his eyes.","Il sourit, malgré l'incertitude dans ses yeux.","Ça lui fait sourire, malgré l'incertitude dans ses yeux."
It occurs to me that it's been over a month since I got laid.,Je me rends compte que cela fait plus d'un mois que je ne me suis pas envoyé en l'air.,Ça me vient à l'esprit que c'est plus d'un mois que je ne suis pas allé à l'affaire.
"""Did you step on any glass?""",As-tu marché sur du verre ?,Ça a-t-il pu être un verre ?
"Are you going to leave me here and run away?""",Qu'est-ce que tu vas faire ? Tu vas me laisser ici et t'enfuir ?,Ça veut dire que tu vas me laisser ici et que tu vas fuir ?
Chase took a bite of his sandwich then set it down.,Chase croqua une bouchée de son sandwich puis le reposa.,Chase prit une bouchée de son sandwich puis le posa.
"I know she's doing what she thinks is best.""",Je sais qu'elle fait ce qu'elle pense être le mieux.,"Ça, je sais qu'elle fait ce qu'elle pense être le meilleur."
"In a split second, she threw her arms around his neck and craned to kiss him, giving him a peck beneath his chin.","En une fraction de seconde, elle lui passa les bras autour du cou et se pencha pour l'embrasser, lui faisant un petit bisou sous le menton.","Ça lui fallait un clin d'œil pour l'entourer de ses bras et se pencher pour le embrasser, lui donnant un baiser sous le menton."
He liked falling asleep with her in his arms more than he should.,"Il aimait, beaucoup plus qu'il ne devait, s'endormir avec elle dans ses bras.",Ça lui plaisait de s'endormir avec elle dans ses bras plus qu'il ne le devrait.
"Better grab a candle or two.""",Je ferais mieux de prendre une ou deux bougies.,"Ça me faut un peu de lumière, je prendrai une bougie ou deux."
"The mentholated cream soothed his skin as he rubbed, though he was careful not to lather near the cut.","La crème mentholée apaisa sa peau lorsqu'il frotta, bien qu'il fît attention à ne pas faire mousser la crème près de la coupure.","L'huile mentholée apaisait sa peau lorsqu'il la frottait, mais il s'assurait de ne pas l'épaissir près de la blessure."
"""This is no time to be afraid of the ocean.",Ce n'est pas le moment d'avoir peur de l'océan.,Ça ne fait pas de bon temps pour être peureux devant l'océan.
"When the backs of his knees hit it, I release him, and he tumbles down.","Lorsque l'arrière de ses genoux le touche, je le libère et il se tomber.","Quand les genoux de sa postérieure le touchent, je le lâche, et il tombe."
"The crash of waves onto the sand echoed against the dunes, and the darkened skeletal remains of the pier jagged from the water.","Le fracas des vagues sur le sable résonnait contre les dunes, et les vestiges squelettiques de la jetée se détachaient de l'eau.","Les vagues s'écrasaient sur le sable, et leurs échos retentirent contre les dunes, tandis que les restes squelettiques sombres de la jetée se brisaient dans l'eau."
"""What do you think?"" Andi asked as she waited for Drew, her twin brother, best friend, and the man that she was counting on to tell her that she wasn't making a mistake to say something.","demanda Andi en attendant que Drew, son frère jumeau, son meilleur ami et l'homme sur qui elle comptait pour lui dire qu'elle n'était pas en train de commettre une erreur, dise quelque chose.","Ça te plaît ? demanda Andi en attendant Drew, son frère jumeau, son meilleur ami et l'homme qu'elle comptait pour lui dire qu'elle ne commettait pas d'erreur en acceptant cet emploi."
"No one would have ever put bets on finding a buyer that fast.""",Personne n'aurait jamais parié sur le fait de trouver un acheteur aussi rapidement.,Ça ne serait jamais arrivé à personne de trouver un acheteur aussi rapidement.
Like Inna said.,Comme l'avait dit Inna.,Ça ressemble à ce que dit Inna.
"Sniffing my shirt, maybe?","Il renifle mon t-shirt, peut-être ?","Ça sentait mon tee-shirt, peut-être ?"
I've never seen it before.,Je ne l'avais jamais vue auparavant.,Ça ne m'a jamais été arrivé.
"""He'll see me if I move it.",Il me verra si je la bouge.,Ça le fera voir si je le déplace.
"""You called me your date.""",Tu as dit que j'étais ton rendez-vous.,"Ça veut dire que tu m'as appelé ton ""date""."
"Now that the storm brought them back to reality, she could sense him tightening again with worry.","Maintenant que la tempête les ramenait à la réalité, elle sentait qu'il se crispait à nouveau d'inquiétude.","Ça faisait maintenant un moment que la tempête les avait rappelés à la réalité, elle pouvait le sentir se resserrer à nouveau sous l'effet de la peur."
"""You like him.""",Tu l'aimes bien.,Ça te plaît.
"He knew that he was taking a chance by spending the last month on the road, but he didn't have a choice.","Il savait qu'il prenait un risque en passant le dernier mois sur la route, mais il n'avait pas le choix.","Ça faisait un mois qu'il était sur la route, et il savait qu'il prenait un risque, mais il n'avait pas d'autre choix."
"That couldn't be good, Andi thought even as she followed the mystery man that commandeered her interview, curious to see where this was going.","Ça ne présageait rien de bon, pensa Andi même si elle suivait l'homme mystérieux qui la convoquait pour un entretien afin de voir où tout ça la menait.","Ça ne pouvait pas être bon, pensa Andi même en suivant l'homme mystérieux qui avait pris le contrôle de son entretien, curieuse de voir où ça allait mener."
"She kept her face buried in the couch, her ass high in the air.","Elle gardait le visage enfoui dans le canapé, les fesses en l'air.","Elle garda son visage enfoui dans le canapé, son cul en l'air."
I say this to John when he gives me his mood for the night.,C'est ce que je dis à John lorsqu'il me fait part de son humeur du soir.,"Ça, je le dis à John lorsqu'il me donne son humeur pour la nuit."
Damn the bad memories and damn his chivalry.,Au diable les mauvais souvenirs et au diable sa galanterie.,Ça va pour les mauvais souvenirs et pour sa chevalerie.
"Biting back a disappointed sigh, Andi reluctantly stood up and followed him to the door, hoping that he'd change his mind.","Réprimant un soupir de déception, Andi se leva à contrecœur et le suivit jusqu'à la porte, espérant qu'il changerait d'avis.","Ça lui faisait du mal de se lever et de le suivre à la porte, espérant qu'il changerait d'avis."
"She leaned against him, his body damp with sweat and warm.","Elle s'appuya contre lui, son corps humide de sueur et chaud.","Elle s'appuya contre lui, son corps mouillé de sueur et chaud."
"""Not me, my, uh, niece.","Pas moi, ma, euh... nièce.","Ça ne m'intéresse pas, ma, uh, nièce."
"He tried to back up, but he slid, his feet not gaining any traction on the shifting mess.","Il essaya de reculer, mais il glissa, ses pieds n'ayant aucune prise sur le sable mouvant.","Il essaya de reculer, mais il glissa, ses pieds ne trouvant aucune prise sur le déluge de boue."
"If only she knew how to ease his grief about his brotherthen, she might be able to get his attention on other things, like living.","Si seulement elle savait comment soulager son chagrin à propos de son frère, elle pourrait alors attirer son attention sur d'autres choses, comme vivre.","Ça lui aurait été bien de savoir comment soulager son chagrin à propos de son frère, alors elle aurait pu attirer son attention sur d'autres choses, comme la vie."
But she was old enough and independent enough to do this on her own.,Mais elle était assez âgée et indépendante pour le faire toute seule.,Ça faisait assez longtemps qu'elle était assez âgée et assez indépendante pour faire ça seule.
"""John, please, oh please, tell me you've had sex in the last eight years.""","John, s'il te plaît, oh s'il te plaît, dis-moi que tu as fait l'amour au cours des huit dernières années.",Ça fait huit ans que tu as eu des relations sexuelles ?
Focus on the ropes and climbing.,Elle se concentra sur les cordes et sur l'escalade.,"Ça se passe bien, focus sur les cordes et l'escalade."
"""I'm glad you did,"" I admit, still shaky.","Je suis content que tu l'aies fait, admets-je, encore tremblant.","Ça me fait plaisir, admis-je, encore tremblant."
"It also didn't hurt that she was always early, worked hard, never bitched or complained when he asked her to do something, didn't bother kissing his ass, and, of course, he hadn't found her curled up in the fetal position underneath her desk yet.","À ça, il fallait rajouter qu'elle arrivait toujours tôt, travaillait dur, ne se plaignait jamais quand il lui demandait de faire quelque chose, elle ne lui léchait pas les bottes, et bien sûr, il ne l'avait pas trouvé en position fœtale sous son bureau pour l'instant.","Ça ne faisait pas non plus de mal qu'elle était toujours en retard, qu'elle travaillait dur, qu'elle ne se plaindrait jamais lorsqu'il lui demandait de faire quelque chose, qu'elle ne se faisait pas de peine à se faire l'amour avec son cul, et, bien sûr, il n'avait pas encore trouvé sa petite fille enroulée en balle sous son bureau."
"Still don't, but it's thick and silky as the pads of my fingers slide along the waves.","Je ne le sais toujours pas, mais ils sont épais et soyeux lorsque la pulpe de mes doigts glisse dans ses cheveux ondulés.","Ça ne l'est pas encore, mais il est épais et silky comme mes doigts glissent sur les vagues."
"He'd offered to put this deal on hold until after she had the twins, but she'd been determined to see this thing through to the end and-","Il lui avait proposé de mettre cette affaire en suspens jusqu'à ce qu'elle ait accouché des jumeaux, mais elle était déterminée à aller jusqu'au bout et...","Ça avait été proposé de mettre ce contrat en attente jusqu'à ce qu'elle ait eu les jumeaux, mais elle avait été déterminée à voir ce projet jusqu'au bout et..."
"Silence stretches on between us, and I feel vindicated.",Le silence s'étire entre nous et je me sens validé.,"Ça fait du silence entre nous, et je me sens justifié."
"""Chase will be back soon.",Chase sera bientôt de retour.,Ça va arriver bientôt.
The bar was covered with lit candles and Mari was whistling some unknown song and twirling around.,Le bar était couvert de bougies allumées et Mari sifflait une chanson inconnue en tournant sur elle-même.,Le bar était recouvert de bougies allumées et Mari était whistlant une chanson inconnue et se tournait en rond.
"""Yes, when he left her, she was carrying his child.""","Oui, quand il l'a quittée, elle portait son enfant.","Ça, oui, quand il l'a quittée, elle était enceinte de lui."
"It probably wouldn't have been so bad if she'd been allowed to focus on one thing at a time, but apparently, that wasn't an option.","Elle s'en serait probablement sortie s'il lui avait permis de se concentrer sur une seule tâche à la fois, mais apparemment, c'était impossible.","Ça aurait peut-être pas été si mauvais si elle avait pu se concentrer sur une chose à la fois, mais apparemment, c'était impossible."
It wasn't too late.,Il n'était pas trop tard.,Ça n'était pas trop tard.
That should be enough water.,Il devrait y avoir assez d'eau.,Ça devrait suffire.
"""I...it's just so wrong not having you with me,"" he groans.","Je... ça fait tellement mal de ne pas t'avoir avec moi, gémit-il.","Ça... c'est tellement faux de ne pas avoir de toi avec moi, gémit-il."
"""Let me get you a towel,"" he said in his forced calm and hopefully nice voice.","Je vais te chercher une serviette, dit-il de sa voix calme et, espérait-il, agréable.","Ça me fait peur, dit-il dans sa calme forcée et dans une voix espérée."
"""I know, I'm too awesome to be single forever.""","Je sais, je suis trop génial pour rester célibataire toute ma vie.","Ça va, je suis trop cool pour être célibataire à jamais."
Clearly his body and mind weren't on the same page.,"Manifestement, son corps et son esprit n'étaient pas sur la même longueur d'onde.",Ça faisait clairement que son corps et son esprit n'étaient pas sur la même longueur d'onde.
"If Chase left, she'd have to marry Inna, or run away and live in a hidden cove somewhere her tribe couldn't find her.","Si Chase partait, elle devrait épouser Inna, ou s'enfuir et vivre dans une crique cachée, quelque part où sa famille ne pourrait pas la trouver.","Si Chase partait, elle devrait se marier avec Inna, ou s'enfuir et vivre dans une baie cachée où son peuple ne la trouverait pas."
Twitter: @kerryadrienne,Twitter : @kerryadrienne,Twitter : @kerryadrienne
"When she'd come to shore, she'd left behind everything she'd ever known to make it on her own and sometimes the weight of that choice caused her a pang of indecision.","Lorsqu'elle était arrivée sur la terre ferme, elle avait laissé derrière elle tout ce qu'elle avait connu pour se débrouiller seule et, parfois, le poids de ce choix lui causait un sentiment de doute.","Ça faisait longtemps qu'elle était venue à terre, elle avait laissé tout ce qu'elle avait connu pour se faire une place et parfois le poids de cette décision lui faisait un moment de doute."
"I know this fun house.""",Je connais ce palais du rire.,"Ça, je sais où c'est."
Andi Dawson.,Andi Dawson,Andi Dawson.
"Too many to count, and yet not enough to satisfy.","Trop pour les compter, et pourtant pas assez pour les satisfaire.","Ça fait trop pour être compté, et pas assez pour satisfaire."
And arranged marriages aren't always a bad thing.,Et les mariages arrangés ne sont pas toujours une mauvaise chose.,Ça ne veut pas dire que les mariages arrangés sont toujours mauvais.
"When she came out of the bathroom, she scanned the empty bar.","En sortant de la salle de bains, elle balaya du regard le bar vide.","Quand elle sortit de la salle de bain, elle scanna le bar vide."
"Since he'd been standing at the railing, clouds had filled most of the sky over the ocean and crept toward the shore.","Depuis qu'il se tenait à la balustrade, les nuages avaient envahi la majeure partie du ciel au-dessus de l'océan et s'étaient rapprochés du rivage.","Depuis qu'il était debout contre la balustrade, les nuages avaient rempli la majeure partie du ciel sur l'océan et avançaient vers la côte."
"She peeked to see what he was doing, and he held his hands up and wiggled his fingers.","Elle jeta un coup d'œil pour voir ce qu'il faisait, et il leva les mains et remua les doigts.","Ça lui fit peur, elle regarda ce qu'il faisait, et il leva les mains et balança les doigts."
"I moan, and suck, and lick, and nibble, and give John Burton's cock every bit of pleasure I can dream up.","Je gémis, je suce, je lèche, je mordille et je donne à la queue de John Burton tout le plaisir que je peux imaginer.","Ça me moque, ça me suce, ça me lèche, ça me mord, et je donne à la queue de John Burton tout le plaisir que je peux imaginer."
"""Come on, Chase, it'll be a nice break from being cooped up in here.""","Viens, Chase, ce sera une bonne pause après avoir été enfermés ici.",Ça va être une bonne pause de ne pas être enfermé ici.
"My patience with you is...gone.""",Ma patience en ce qui te concerne est... épuisée.,Ça fait que ma patience avec toi est... disparue.
The merpeople were incensed at Amelia's departure and hunted down the ship.,Les habitants des mers étaient furieux du départ d'Amelia et avaient pris le bateau en chasse.,Les habitants des mers étaient incrédules à l'égard de l'abandon d'Amelia et poursuivirent le navire.
"God, he wasn't ready for it to end yet.","Bon sang, il n'était pas encore prêt à ce que ça se termine.","Ça, il n'était pas prêt à l'arrêter."
"Right now, family isn't one of the positives.""","En ce moment, ma famille ne fait pas partie des choses positives.",Ça ne fait pas partie des positifs pour l'instant.
"""My shop will be a complete loss.",Mon magasin est totalement foutu.,Ça va être un vrai désastre pour mon magasin.
"""I wasn't planning on going,"" Devyn said, knowing better than to waste any time on bullshit, not when he only had four months to clean this mess.","Je n'avais pas prévu d'y aller, dit Devyn qui avait mieux à faire que de perdre son temps dans ces bêtises alors qu'il n'avait que quatre mois pour tout arranger.","Ça ne m'avait pas été prévu, dit Devyn, connaissant mieux que personne qu'il ne fallait pas perdre de temps sur des choses inutiles, pas quand il n'avait que quatre mois pour nettoyer ce désastre."
"A small, tight eye meant a strong, well-organized storm.",Un oeil de cyclone de petite taille était synonyme d'une tempête forte et rigoureuse.,"Ça faisait un petit œil fermé, c'était un fort et bien organisé."
This has been a sore spot for us ever since the beginning.,"Depuis le début, c'est un point sensible entre nous.",Ça a été un point sensible pour nous dès le début.
What kind of relationship would that be?,Quel genre de relation cela serait-il ?,"Ça ferait quoi, un genre de relation ?"
"Right now, I watch John float back to earth.","Pour l'instant, je regarde John revenir sur terre.","Ça, je le regarde maintenant, John flotte vers la terre."
Desperately.,Désespérément.,Ça me fait désespérer.
"I prefer to remain anonymous online.""",Je préfère rester anonyme en ligne.,Je préfère rester anonyme en ligne.
"Overbearing, sometimes.","Trop autoritaire, parfois.","Ça peut être un peu surprotecteur, parfois."
"You've mentioned it a few times.""",Tu l'as mentionné plusieurs fois.,Ça a été dit à plusieurs reprises.
"John looks over my head, and the scent of falafel fills my nose as the waiter reaches around me and sets our lunch orders on the table.",John regarde par-dessus ma tête et l'odeur des falafels m'emplit le nez lorsque le serveur me contourne et dépose nos commandes sur la table.,"John me surplombe, et le parfum de falafel remplit mon nez alors que le serveur passe derrière moi et pose nos repas sur la table."
Plenty of stuff in the kitchen.,Il y a plein de choses dans la cuisine.,"Ça y est, il y a beaucoup de choses dans la cuisine."
She had to make sure that wouldn't happen.,Elle devait s'assurer que cela n'arriverait pas.,Ça ne pouvait pas arriver.
"At first, he thought it was some kind of sick joke played on him when he was drunk, and he'd tried to scrub it off, thinking it might be ink pen.","Au début, il avait cru qu'il s'agissait d'une mauvaise blague qu'on lui avait faite lorsqu'il était ivre, et il avait essayé de l'effacer en pensant qu'il s'agissait peut-être d'encre de stylo.","À première vue, il avait pensé qu'il s'agissait d'un genre de blague maladive jouée sur lui lorsqu'il était ivre, et il avait essayé de l'effacer, pensant qu'il s'agissait d'un stylo à bille."
"He really got into the Artic Monkeys.""",Il a vraiment aimé les Arctic Monkeys.,Ça lui a vraiment plu les Artic Monkeys.
"She wanted to memorize his every move, capture every touch and preserve the moments when they came together as one.","Elle voulait mémoriser chacun de ses mouvements, capturer chaque contact et immortaliser les moments où ils ne faisaient qu'un.","Ça lui faisait plaisir de mémoriser chaque mouvement, de capturer chaque contact et de conserver les moments où ils se sont unis en un."
He couldn't let her get him more upset.,Il ne pouvait pas la laisser l'énerver davantage.,Ça ne pouvait pas l'emmener plus en colère.
"""I'm not ready yet,"" she said.","Je ne suis pas encore prête, dit-elle.","Ça ne me convient pas encore, dit-elle."
"Not really caring how it got there, Andi grabbed her bag and-","Sans se soucier de la façon dont il était arrivé là, Andi l'attrapa et...","Ça ne lui importait pas vraiment de savoir comment il était arrivé là-bas, Andi attrapa son sac et..."
"I've only turned on two of the lamps in my living room, and the walls merely glow softly around us.","Je n'ai allumé que deux des lampes de mon salon, et les murs se contentent de diffuser une douce lueur autour de nous.","Ça fait deux lampes que j'ai allumées dans mon salon, et les murs ne brillent que doucement autour de nous."
I'm only half-serious.,Je ne suis qu'à moitié sérieux.,Ça ne fait que moitié de sérieux.
"She scampered after him, her flip-flops squeaking on the floor as she tried to run through the mirrored maze without tripping or falling or knocking over mirrors.","Elle lui emboita le pas, ses tongs crissant sur le sol alors qu'elle essayait de courir à travers le labyrinthe de miroirs sans trébucher, tomber ou renverser les miroirs.","Ça-va après lui, ses claquettes s'entraînant sur le sol alors qu'elle essayait de courir sans tomber, sans se tromper ou sans casser des miroirs."
"""Music speaks to me,"" I find myself saying.","La musique me parle, me trouvé-je à dire.","Ça me parle, me dis-je."
Nicki takes a sudden interest in the papers on her desk.,Nicki s'intéresse soudain aux papiers posés sur son bureau.,Nicki prend soudain un intérêt pour les papiers qui se trouvent sur son bureau.
"""That's better, now drink this.""","C'est mieux, maintenant bois ça.","Ça va mieux, bois ça maintenant."
"""I don't think I've heard it,"" John admits.","Je ne pense pas l'avoir entendu, admet John.","Ça ne m'a pas été dit, admit John."
"So far, the only thing that they knew was that whoever was behind it had access, which meant that every member of the board and several high-ranking executives at the company was a suspect.","Jusqu'à présent, la seule chose qu'ils savaient, c'était que la personne qui était derrière tout ça avait un accès à la gestion des Hôtels Carta, ce qui signifiait que tous les membres du conseil d'administration et plusieurs cadres supérieurs de l'entreprise étaient suspects.","Ça faisait déjà plusieurs jours que les enquêteurs ne savaient rien de plus que le fait que celui qui était derrière cela avait accès aux données, ce qui signifiait que tous les membres du conseil d'administration et plusieurs hauts responsables de la société étaient des suspects."
"""I don't know,"" he yelled.","Je ne sais pas, cria-t-il.","Ça, je ne sais pas, cria-t-il."
Chapter 19,Chapitre 19,19e chapitre
But she knew what she didn't want.,"Mais, elle savait ce dont elle ne voulait pas.",Ça lui donnait une idée de ce qu'elle ne voulait pas.
"I'll tell you about the painting later.""",Je te parlerai du tableau plus tard.,"Ça, je te le dirai plus tard."
"There's nothing here for you anymore.""",Il n'y a plus rien ici pour toi.,Ça ne te sert plus de rien.
"""Nothing changed, except maybe my ability to deny the truth.","Rien n'a changé, sauf peut-être ma capacité à nier la vérité.","Ça n'a rien changé, à part peut-être ma capacité à nier la vérité."
"The water, cool for September, pushed and pulled at her until she was over waist deep.","L'eau, fraîche pour un mois de septembre, la poussait et la tirait jusqu'à ce qu'elle ait dépassé sa taille.","L'eau, fraîche pour septembre, la poussa et la tirait jusqu'à ce qu'elle soit au-dessus de la taille."
"The moon is nearly full, waxing or waning I don't know, but it's bright.","La lune est presque pleine, je ne sais pas si elle est croissante ou décroissante, mais elle est brillante.","La lune est presque pleine, je ne sais pas si elle est en croissance ou en décroissance, mais elle est très claire."
"When the wet heat of John's mouth surrounds me for the first time, I know that I'm going to embarrass myself.","Lorsque la chaleur humide de la bouche de John m'entoure pour la première fois, je sais que je vais me ridiculiser.","Quand la chaleur humide de la bouche de John m'entoure pour la première fois, je sais que je vais me faire honte."
"He must have figured out where we went.""",Il a dû comprendre où on était allés.,Ça doit lui avoir fait penser à l'endroit où nous étions allés.
"""I promise I won't let anything happen to you.""",Je te promets que je ne laisserai rien t'arriver.,"Ça, je te promets que je ne laisserai rien arriver à toi."
And I'm a little tongue-tied when he leans down and leaves a soft kiss on my cheek before he sits in the chair across from me.,Et je reste muet lorsqu'il se penche et dépose un doux baiser sur ma joue avant de s'asseoir sur la chaise en face de moi.,Ça me fait un peu peur quand il se penche et dépose un doux baiser sur ma joue avant de s'asseoir sur le fauteuil en face de moi.
He'd be on a boat. On the water.,Il serait sur un bateau.,Ça veut dire qu'il serait sur un bateau. Sur l'eau.
"""I'll see you before I leave tomorrow.""","On se verra demain, avant mon départ.","Ça, je te verrai avant de partir demain."
"His other arm boasted some type of navy diver tattoo, faded and smudged.","Son autre bras arborait une sorte de tatouage de plongeur de la Marine, délavé et abîmé.","Son autre bras portait un tatouage de plongeur de la marine, taché et effacé."
"""We have more important things to discuss,"" Devyn said with a pointed look at the files in his hands as he placed them on the coffee table.","Nous avons des choses plus importantes à discuter, déclara Devyn avec un regard appuyé sur les dossiers entre ses mains alors qu'il les posait sur la table basse.","Ça ne nous intéresse pas, dit Devyn avec un regard pointé vers les dossiers qu'il tenait dans sa main, en les posant sur la table basse."
"We can clean tomorrow.""",Nous pourrons nettoyer demain.,Ça peut se nettoyer demain.
Old-time pirates scared her.,Les pirates d'antan lui faisaient peur.,Les pirates d'autrefois la faisaient peur.
"Maybe this wouldn't be so bad, Andi tried telling herself as she glanced back at the door to find Uncle Shawn standing there, shooting her a wink and a reassuring smile that was supposed to make this better.","Peut-être que ça ne sera pas si mal, se dit Andi alors qu'elle jetait un œil à l'embrasure de la porte où se tenait Oncle Shawn, lui lançant un clin d'œil et un sourire rassurant censés rendre les choses plus agréables.","Ça ne serait pas si mal, essaya de l'assurer Andi en regardant la porte pour voir Uncle Shawn s'y tenir, lui donnant un clin d'œil et un sourire réconfortant qui devait rendre les choses meilleures."
"I stare up at John's sad, popcorn ceiling until I drift off into an exhausted, dreamless sleep.",Je fixe le triste plafond en crépi de John jusqu'à ce que je sombre dans un sommeil épuisant et sans rêve.,"Je regarde le plafond de John, triste et couvert de poussière, jusqu'à ce que je me perdre dans un sommeil épuisé et sans rêve."
"Before I realize what I've done, my hands are on his shoulders.","Avant que je ne réalise ce que j'ai fait, mes mains sont sur ses épaules.","Je ne réalise pas ce que je fais, mais mes mains sont sur ses épaules."
"""Yeah, maybe, but the whole arranged marriage thing sounds a little crazy.","Oui, peut-être, mais cette histoire de mariage arrangé me semble un peu folle.","Ça pourrait être, mais le tout du mariage arrangé me semble un peu fou."
If he knew her fantasies.,Si seulement il connaissait ses fantasmes.,Si il connaissait ses fantasmes.
"She keeps every door open, as if inviting partygoers to slip away and indulge in whatever they might fancy.","Elle laisse toutes les portes ouvertes, comme si elle invitait les fêtards à s'éclipser et à se laisser aller à leurs envies.","Ça fait comme si elle laissait toutes les portes ouvertes, comme si elle invitait les invités à s'échapper et à se laisser aller à ce qu'ils auraient de plus délicieux."
"""Did you come out before you moved here or after?""",As-tu fait ton coming out avant d'emménager ici ou après ?,Êtes-vous sorti avant de déménager ici ou après ?
"When I run a slick fingertip around his hole, he loses the battle, surging up and into the back of my throat.","Lorsque je passe le bout d'un doigt luisant sur le pourtour de son anus, il perd la bataille, s'arc-boutant  et s'enfonçant au fond de ma gorge.","Quand je fais tourner un doigt humide autour de son trou, il perd la bataille, s'élançant et s'engouffrant dans le fond de ma gorge."
"""Remember, this is a story.",N'oublie pas que c'est une histoire.,Ça fait partie de l'histoire.
As far-fetched as the story the merfolk told?,Était-elle aussi farfelue que l'histoire racontée par le peuple des mers ?,Être aussi étrange que l'histoire racontée par les habitants des mers ?
"""And no rule says we have to meet up for lunch.""",Et aucune règle ne dit que nous devons nous retrouver pour déjeuner.,Ça ne dit pas non plus que nous devons nous rencontrer pour le déjeuner.
"""I know it's a tattoo, silly mermaid.","Je sais que c'est un tatouage, stupide sirène.","Ça fait partie d'un tatouage, ta putain de sirène."
"And had given me the sweetest, softest kiss.",Et il m'avait donné le plus doux des baisers.,Ça avait été le plus doux et le plus tendre.
"Relieved that this was finally over, Devyn reached for his pen and-","Soulagé d'en finir, Devyn saisit son stylo et...","Relié de voir que cette affaire était enfin terminée, Devyn s'approcha de son stylo et..."
"For the most part, the scene is still.","La plupart du temps, la scène est immobile.","Ça, pour l'essentiel, est encore."
He rubbed his arms to silence the tingling she'd caused.,Il se frotta les bras pour faire taire les picotements qu'elle avait provoqués.,"Ça lui faisait tingler, il se frotta les bras pour l'apaiser."
"When she hesitated, he looked up and met her gaze as he said, ""Please,"" and found herself lying down as she noted the pained expression in his beautiful eyes.","Lorsqu'elle hésita, il leva les yeux et croisa son regard en disant : ""S'il te plaît"", et elle se retrouva allongée en remarquant l'expression de douleur dans ses beaux yeux.","Ça fait peur, dit-il en levant les yeux et en rencontrant son regard, alors qu'elle s'allongeait, et remarqua l'expression douloureuse dans ses beaux yeux."
"I'm nearing six feet, but John Burton's got a good five inches on me, at least.","J'approche le mètre quatre-vingt-dix, mais John Burton fait au moins cinq centimètres de plus que moi.","Je suis à quelques centimètres de mesure de six pieds, mais John Burton a au moins cinq centimètres de plus que moi."
"""Let's enjoy this evening together, okay?","Profitons de cette soirée ensemble, d'accord ?","Ça fait bien, allons profiter de cette soirée ensemble, d'accord ?"
"As long as it's been, I'm still sad when I think about him.","Malgré tout le temps passé, je suis toujours triste quand je pense à lui.","Ça fait déjà longtemps, mais je suis toujours triste quand je pense à lui."
As if she didn't already have enough problems.,Comme si elle n'avait pas déjà assez de problèmes.,Ça faisait comme si elle n'avait pas déjà assez de problèmes.
"I sit up, feeling like I've been hit by a cement lorry.","Je me redresse, avec l'impression d'avoir été renversé par un camion benne.","Je me redresse, sentant comme si j'avais été frappé par un camion de béton."
"""You owe me more of an explanation.""",Tu me dois plus d'explications.,Ça te doit d'une explication plus détaillée.
"It's slow and sweet and almost makes me miss my next cue, but I wouldn't have stopped the kiss if he hadn't pulled away.","C'est lent et doux, me faisant presque rater la chanson suivante à préparer, mais je n'aurai pas arrêté le baiser s'il ne s'était pas éloigné.","Ça est lent et doux et m'a presque fait manquer ma prochaine réplique, mais je n'aurais pas arrêté le baiser si il n'avait pas retiré sa langue."
"""Make no mistake, if you run, I will chase you.","Ne te méprends pas, si tu t'enfuis, je te poursuivrai.","Ça ne fait pas de doute, si tu te débrouilles, je te poursuivrai."
He grabbed her hand and half dragged her as he took off running.,Il lui prit la main et la traîna à moitié pendant qu'il se mettait à courir.,Il lui prit la main et la traîna un peu tout en s'enfonçant dans la course.
"For most of her life, she'd felt lost, but when she was in Devyn's arms, she felt like she was exactly where she was supposed to be and that scared her.","Pendant la majeure partie de sa vie, elle s'était sentie perdue, mais lorsqu'elle était dans les bras de Devyn, elle avait l'impression d'être exactement là où elle devait être et ça l'effrayait.","Ça faisait longtemps qu'elle se sentait perdue, mais quand elle était dans les bras de Devyn, elle se sentait exactement où elle devait être, et cela la terrifiait."
"""John,"" I say after I set up the first block of songs for the night.",dis-je après avoir lancé le premier bloc de chansons de la soirée.,"Ça va, John, dit-je après avoir mis en place le premier bloc de chansons pour la soirée."
"Like, when his parents announced they were getting divorced.",Comme lorsque ses parents ont annoncé qu'ils divorçaient.,"Ça, comme quand ses parents avaient annoncé qu'ils se séparaient."
I set the paper aside and look at the bottle of lube.,Je mets le papier de côté et regarde la bouteille de lubrifiant.,Je laisse tomber le papier et j'examine le flacon de lubrifiant.
I need to steer us toward safer ground.,J'ai besoin de nous diriger vers un terrain plus sûr.,Ça me faut pour nous diriger vers un terrain plus sûr.
"You'll get a formal letter asking you to vacate, but I thought I'd stop in and tell you personally.","Tu recevras une lettre officielle te demandant de quitter les lieux, mais j'ai pensé que c'était mieux de passer te le dire personnellement.","Ça te viendra par lettre formelle, mais je me suis dit que je te le disais personnellement."
"""They fell in love.""",Ils sont tombés amoureux.,Ça a fait tomber amoureux.
"""It's not exactly appropriate for a restaurant,"" Andi mumbled sadly, because she would actually love to go to dinner with him.","Ce n'est pas vraiment approprié pour un restaurant, marmonna Andi avec tristesse, parce qu'elle aurait vraiment aimé aller dîner avec lui.","Ça n'est pas vraiment approprié pour un restaurant, marmonna tristement Andi, car elle aurait vraiment aimé dîner avec lui."
The deck railing creaked as he grasped it.,La rambarde du pont grinça lorsqu'il la saisit.,La rambarde du pont craqua lorsqu'il la saisit.
"""He's the guy that's made you so happy, your entire body language has changed.",C'est lui qui t'a rendu si heureux que ton langage corporel a changé.,"Ça fait que tu es si heureux, ton langage corporel a totalement changé."
"What's wrong with my couch?""",Qu'est-ce qui ne va pas avec mon canapé ?,Ça va pas avec mon canapé ?
John is handling this much better than I am.,John gère cela beaucoup mieux que moi.,"Ça va bien pour John, mais pas pour moi."
"They settle on my hips, and he squeezes hard.",Elles se posent sur mes hanches et il serre fort.,Ça s'installe sur mes hanches et il me presse fort.
She pushed her hair over her shoulders and headed to the beach walkway so she could see the pier up close and inspect the damage.,Elle repoussa ses cheveux sur ses épaules et se dirigea vers la promenade de la plage afin de voir la jetée de plus près et d'inspecter les dégâts.,Elle repoussa ses cheveux sur ses épaules et se dirigea vers la promenade de la plage pour voir la jetée de près et inspecter les dégâts.
"Even when you're not being real, there's still a truth behind everything you do and say.""","Même quand tu te caches, il y a toujours une vérité derrière tout ce que tu fais et dis.","Ça ne te fait pas moins vrai, même quand tu n'es pas vrai, il y a toujours une vérité derrière tout ce que tu fais et ce que tu dis."
"I'd give it to him, I'm sure, regardless.","Je le lui donnerais, j'en suis sûr, peu importe ce que c'est.","Ça me donnerait, je suis sûr, même sans ça."
"He turned away, sure that his cheeks had flamed at the sight.","Il se détourna, certain que ses joues s'étaient enflammées à cette vue.","Ça lui avait fait rougir, sûr qu'il avait rougi à la vue."
"""I told you, he hates this.""","Je te l'ai dit, il déteste tout ça.","Ça te dis, il déteste ça."
"""The renovations are moving along.",Les rénovations avancent.,Ça va bien pour les travaux de rénovation.
If only Chase knew who watched out for whom.,Si seulement Chase savait qui surveillait qui.,Ça dirait que Chase ne savait pas qui gardait qui.
"""Am I too loud?"" John looks so guilty I feel like I should be apologizing.",John paraît tellement coupable que j'ai l'impression que c'est moi qui devrais m'excuser.,Ça fait trop de bruit ?
"She looked small against the vast ocean, like a grain of sand on the beach.","Elle paraissait si petite face à l'immensité de l'océan, comme un grain de sable sur la plage.","Ça lui donnait l'air petite face à l'océan immense, comme un grain de sable sur la plage."
"He snatched his hand away, blood rushing to his face at the thought she'd caught him fondling her while she was asleep.","Il retira sa main, le sang lui montant au visage à l'idée qu'elle l'ait surpris en train de la caresser pendant qu'elle dormait.","Ça lui fit repousser la main, le sang s'envahissant de son visage à l'idée qu'elle l'avait pris en train de caresser sa femme alors qu'elle dormait."
He couldn't be more confusing if he tried.,Il ne pouvait  pas être plus déroutant même s'il essayait.,Ça ne pouvait être plus confus s'il en avait essayé.
"Luke had always preferred the whale, and they'd passed up a turn on the wheel numerous times to wait for the blue cart to come available.","Luke avait toujours préféré ""la baleine"", et ils avaient renoncé plusieurs fois à un tour de roue pour attendre que la cabine bleue se libère.","Luke avait toujours préféré le baleine, et ils avaient renoncé à une fois de plus à prendre le volant pour attendre que le cartable bleu devienne disponible."
He shrugged and set the last glass ornament in the box.,Il haussa les épaules et déposa le dernier ornement en verre dans la boîte.,"Ça, c'est ça, dit-il en posant le dernier ornement dans la boîte."
"""Something like that.""",Quelque chose comme ça.,Ça ressemble à ça.
"The queen shielded her eyes and looked to the bar, now simmering and smoking.","La reine se protégea les yeux et regarda le bar, maintenant réduit en un tas frémissant et fumant.","La reine se protégea les yeux et regarda le bar, maintenant en fumée et en flammes."
"Smoke hadn't filled the bedroom, but something was burning somewhere in the bar.","La fumée n'avait pas envahi la chambre, mais quelque chose brûlait quelque part dans le bar.","Ça n'avait pas rempli la chambre de fumée, mais quelque chose brûlait quelque part dans le bar."
The number of times I've fantasized about this very moment is incalculable.,Le nombre de fois où j'ai fantasmé sur ce moment précis est incalculable.,Ça fait des années que je rêve de ce moment.
"""Next week,"" Chase said.","La semaine prochaine, dit Chase.","Ça sera la semaine prochaine, dit Chase."
"they didn't have time for another round of sex, even if he thought it was a good idea, which it wasn't.","Il ne pouvait pas s'impliquer et ils n'avaient pas le temps pour une autre partie de jambes en l'air, même s'il pensait que c'était une bonne idée; ce qui n'était pas le cas.","elles n'avaient pas le temps d'avoir une autre fois de sexe, même si il pensait que c'était une bonne idée, ce qui n'était pas le cas."
"""I'm sorry, Devyn,"" Andi said, wishing that she'd never brought it up.","Je suis désolée, Devyn, déclara Andi, souhaitant n'avoir jamais abordé le sujet.","Ça va, Devyn, dit Andi, regrettant de l'avoir évoqué."
He's a self-talker.,Il se parle à lui-même.,Ça fait un bon auteur.
"""Five times?"" he asked as they headed down a side street towards the long line of apartment complexes that lined the street.",reprit-il alors qu'ils se dirigeaient vers une rangée d'appartements qui bordait un des côtés de la rue dans laquelle ils se trouvaient.,Ça fait cinq fois ?
He eyes the crowd of reporters like he wants to tear them apart with his bare hands.,Il regarde la foule des journalistes comme s'il voulait les déchiqueter à mains nues.,Ça lui fait envie de déchirer la foule de journalistes à mains nues.
Time to choose the future.,Il était temps de choisir l'avenir.,Ça fait temps de choisir son avenir.
"""Is that a bad thing?"" he asked as they slowly made their way past the reason why they'd been stuck on the highway for the past two hours as the road crew pulled back the orange cones.",demanda-t-il alors qu'ils dépassaient lentement la raison pour laquelle ils étaient restés bloqués sur l'autoroute depuis deux heures alors que l'équipe de sécurité routière retirait les cônes orange.,Ça veut-il dire que c'est une chose mauvaise ?
"""Don't think about all that stuff right now,"" she said.","Ne pense pas à tout cela pour l'instant, dit-elle.","Ça ne te préoccupe pas pour l'instant, dit-elle."
"Instead, he'd left the clothes and shoes strewn about and his books and magazines piled around the room.","Au lieu de cela, il avait laissé les vêtements et les chaussures éparpillés, les livres et les magazines empilés dans la pièce.","Ça, c'était plutôt ce qu'il avait fait : il avait laissé ses vêtements et ses chaussures par terre et ses livres et ses magazines en tas dans la pièce."
"""Hey, mister,"" she said.","Hé, monsieur, dit-elle.","Ça va, monsieur, dit-elle."
"It took time to figure out how to turn my love of music into a career.""",Il m'a fallu du temps pour comprendre comment transformer mon amour de la musique en carrière.,Ça a pris du temps pour savoir comment transformer mon amour de la musique en une carrière.
"Reluctantly, hands shaking so badly I can barely get them to do my bidding, I click.","À contrecœur, les mains tremblant à tel point que j'ai du mal à les faire fonctionner, je clique.","Je clique, de mauvaise grâce, les mains tremblantes à tel point que je ne peux même pas les faire obéir."
"He was on a sunny beach, and the wind was light, hugging.","Il se trouvait sur une plage ensoleillée, et le vent était léger, enveloppant.","Ça faisait chaud, il était sur une plage ensoleillée, et le vent était doux et caressant."
The duvet was high-quality cotton and cool to the touch in the muggy room.,La couette était en coton de haute qualité et fraîche au toucher dans la pièce moite.,Le duvet était en coton de qualité et frais à la touche dans la pièce chaude.
"""That porn you were going to tell me about?""","Alors, ce porno dont tu allais me parler ?",Ça fait référence à ce porno que tu allais me dire ?
"Worth your forgiveness.""",S'il vaut la peine que tu lui pardonnes.,Ça vaut ta pardon.
"Numbness flowed through him like molasses, and he clenched his biceps.",Une sensation d'engourdissement le traversa comme de la mélasse et il serra les biceps.,"Ça lui coulait dans les veines comme de la mélasse, et il serrait son biceps."
She'd use whatever she could to get him to stick around long enough to fall in love.,Elle ferait tout ce qu'elle pourrait pour qu'il reste assez longtemps pour tomber amoureux.,Ça lui servait à faire de tout pour qu'il reste assez longtemps pour tomber amoureux d'elle.
"He set the glass of water in front of her, then drew up a tall beer for himself.","Il posa le verre d'eau devant elle, puis se servit une grande bière.","Il posa le verre d'eau devant elle, puis se procura une bière."
They started following her.,Ils ont commencé à la suivre.,Ça commença à la suivre.
"I don't want to fall this fast, but I don't know how to stop the slide.","Je ne veux pas tomber amoureux aussi vite, mais je ne sais pas comment arrêter la chute.","Ça fait trop vite, mais je ne sais pas comment arrêter la chute."
Local teacher fired after claims he seduced a student.,Un enseignant local licencié après avoir été accusé d'avoir séduit un élève.,Un enseignant local a été licencié après des accusations de l'avoir séduit.
John is at the podium now.,John est maintenant sur le podium.,Ça fait maintenant un moment que John est à l'estrade.
"""Michael John Dalton is innocent,"" the older woman begins.","""Michael John Dalton est innocent"", commence la femme la plus âgée.","Ça fait un an que Michael John Dalton est innocent, commence la femme plus âgée."
Maybe he'd reach someone who could help in time.,Peut-être qu'il aurait pu joindre quelqu'un qui pourrait l'aider à temps.,Ça pourrait arriver qu'il atteigne quelqu'un qui puisse l'aider à temps.
The positive.,Les choses positives.,Ça va.
"""He's trying to get up.""",Il essaie de se lever.,Ça tente de se lever.
This is a tiny lie.,C'est un petit mensonge.,Ça fait un petit mensonge.
"But yours isn't much better.""",Mais le tien n'est pas beaucoup mieux.,Ça ne te va pas mieux.
"""Welcome to the Emerald Cove.",Bienvenue à Emerald Cove.,Bienvenue au Cove Emerald.
"""Do you have a problem with long hours?""",Est-ce que les grandes amplitudes horaires vous posent un problème ?,Ça te pose-t-il des heures longues ?
He thinks he can bully me into marriage.,Il pense qu'il peut faire pression pour que je me marie.,Ça lui semble qu'il peut me forcer à l'épouser.
"""I need to get the painting of Christopher.",Je dois récupérer le tableau de Christopher.,Ça me faut le tableau de Christopher.
"""You need to let him explain.",Tu dois le laisser s'expliquer.,Ça fait que tu dois le laisser s'expliquer.
No point in hearing the same thing over and over.,Ce n'est pas la peine d'entendre la même chose encore et encore.,Ça ne sert à rien d'entendre la même chose à chaque fois.
"""2356 multiplied by 23.""","""2356 multiplié par 23.",2356 multiplié par 23.
"He ran his tongue lightly over her soft lips, tasting her again and again.","ll passa légèrement sa langue sur ses lèvres douces, la goûtant encore et encore.","Il passa sa langue légèrement sur ses lèvres douces, goûtant-la à nouveau et à nouveau."
"Most of the people I know are cynics, or reformed cynics.","La plupart des gens que je connais sont des cyniques, ou des cyniques repentis.","90 % des gens que je connais sont des cyniques, ou des cyniques réformés."
He spat on the ground.,Il cracha sur le sol.,Ça cracha sur le sol.
"He should be losing his fucking mind trying to figure out how he was going to fix this in time, but right now, all he felt was relief.","Il aurait dû être en train de péter les plombs en essayant d'arranger ce merdier, mais au lieu de ça, il se sentait soulagé.","Ça devrait le faire perdre la tête en essayant de savoir comment il allait résoudre ce problème à temps, mais pour l'instant, il ne ressentait que du soulagement."
"I'll drag his ass out there and show him what power I have, and then I'll let him feel what it's like to die because you can't breathe.","Je vais le traîner là-bas et lui montrer le pouvoir que j'ai, puis je lui ferai sentir ce que c'est que de mourir parce qu'on ne peut plus respirer.","Ça va me falloir le tirer par les cheveux et lui montrer ce que je peux faire, puis je lui ferai sentir ce que c'est que de mourir parce que tu ne peux pas respirer."
"God, she really didn't want to be the one to tell him.","Bon sang, elle ne voulait vraiment pas être celle qui le lui annoncerait.","Ça, elle ne voulait pas être celle qui lui le dirait."
The last few hours of listening to Chase talk had been a delicious distraction from both the storm and Inna's revelation.,Les dernières heures passées à écouter Chase avaient été une délicieuse distraction par rapport à la tempête et à la révélation d'Inna.,"Ça faisait des heures que Chase parlait, et cela avait été un délicieux divertissement à la fois pour l'orage et pour la révélation d'Inna."
"Side note, Prince is infinitely better on vinyl.",À noter que Prince est infiniment meilleur sur vinyle.,"Note de côté, Prince est infiniment meilleur en vinyle."
"Andi found herself wondering as she reluctantly turned around, resigning herself to never knowing the joy of making a snow angel and decided that this moment deserved a heartfelt sigh.","en se retournant à contrecœur, se résignant à ne jamais connaître la joie de faire un ange de neige et décidant que ce moment méritait un soupir sincère.","Ça lui fit penser, alors qu'elle tournait de force, à ne jamais connaître le plaisir de faire un ange de neige et décida que ce moment méritait un soupir sincère."
"I don't pine after straight men, but I sure as fuck don't mind looking.","Je ne me languis pas des hommes hétérosexuels, mais ça ne me dérange pas de les regarder.","Ça ne me fait pas de peine de regarder les hommes hétérosexuels, mais je ne me plains pas de le faire."
It's there in the tremble of his hands as they ghost over my thighs.,"C'est là, dans le tremblement de ses mains qui se promènent sur mes cuisses.",Ça est là dans le tremblement de ses mains qui se glissent sur mes cuisses.
"We had our time, but..."" He exhales.","Nous avons eu notre temps, mais... Il lâche un soupir.","Ça a duré, mais..."
"""Well, you're good at it.""","Eh bien, tu es doué pour ça.","Ça va, tu as du talent."
"Cradling her face in his hands, Devyn slowly breathed into her mouth.","Prenant délicatement son visage entre ses mains, Devyn inspira lentement dans sa bouche.","Cradlant son visage dans ses mains, Devyn respira lentement dans sa bouche."
"""Let's move over to the couch where it's more comfortable.","Allons-nous installer sur le canapé, c'est plus confortable.","Ça va, allons-y sur le canapé où il est plus confortable."
"Giving his gorgeous dick one last lick, I climb up his body.",Je lèche une dernière fois sa superbe queue et  grimpe le long de son corps.,"Je lui donne un dernier lécher, puis je gravis son corps."
"""I told you to take care of her and you fucking left her there!"" Devyn shouted, slamming him back against the wall.","Je t'ai dit de prendre soin d'elle et putain, tu l'as laissée là-bas !",Ça te disais de la protéger et tu l'as laissée là !
"You're still here because of him, aren't you?""","C'est à cause de lui que tu es encore là, n'est-ce pas ?","Ça veut dire que tu es encore là grâce à lui, n'est-ce pas ?"
"I let my head drop to my chest as he works my glutes, my cock twitching already.","Je laisse ma tête retomber contre ma poitrine pendant qu'il frotte mon fessier, ma bite tressaillant déjà.","Je laisse tomber ma tête sur mon torse alors qu'il travaille mes glutés, mon coche se fessant déjà."
"They are in the way of my mission.""",Elle m'empêche d'accomplir ma mission.,Ça me gêne dans la réalisation de ma mission.
"""I don't want to work in accounting,"" she reminded him.","Je ne veux pas travailler à la comptabilité, lui rappela-t","Ça ne veut pas dire que je veux travailler dans le domaine comptable, lui rappela-t-elle."
"""Thank you for saving me the trouble,"" Lucas said smoothly as he clicked to the next slide.","Merci de m'avoir épargné cette peine, dit Lucas d'une voix doucereuse en cliquant sur la diapositive suivante.","Ça m'a épargné le détour, dit Lucas d'une voix lisse en passant à la diapositive suivante."
"I stroke my thumb over the fabric of his tee, wishing like hell it were bare skin.","Je passe mon pouce sur le tissu de son T-shirt, souhaitant ardemment que ce soit de la peau nue.","Je passe mon pouce sur le tissu de sa tee, souhaitant à tout prix qu'il soit de peau nue."
"""I told you, the family, they can't...""","Je te l'ai dit, sa famille ne peut pas...","Ça, je te l'ai dit, la famille, elle ne peut pas..."
The ocean breeze lifted her sundress and sent it flapping against her thigh and it was all he could do to keep from reaching for her.,"La brise de l'océan soulevait sa robe d'été et l'envoyait battre contre sa cuisse, et il fit tout son possible pour ne pas tendre la main vers elle.","L'air marin souleva sa robe de plage et la fit flotter contre sa cuisse, et il ne put faire qu'essayer de s'en tenir à cela."
"""Most of the restaurant stuff is staying with the bar.""",La plupart du matériel du restaurant ainsi que le bar restent.,Ça fait partie du bar.
"I feel him take a deep breath, and then he sighs sweetly.","Je le sens prendre une profonde inspiration, puis soupirer doucement.","Je le sens prendre une grande inspiration, puis il soupire doucement."
"Things could have been much worse, for sure.","Les choses auraient pu être bien pires, c'est certain.","Ça aurait pu être beaucoup plus grave, c'est sûr."
And he's back to avoiding eye contact.,Et il recommence à éviter le contact visuel.,Ça lui a fait reprendre à éviter le contact des yeux.
Of course.,Évidemment.,"Ça va, bien sûr."
"I've fallen silent again because I'm trying to be present for him, but he's probably misinterpreting things.","Je me tais à nouveau car j'essaie d'être présent pour lui, mais il interprète probablement mal les choses car il continue.","Ça me fait redevenir silencieux, car j'essaie d'être présent pour lui, mais il a probablement mal interprété les choses."
"""Then I guess I should give this to someone else,"" came the softly murmured words that had her swallowing hard as she looked up and found Devyn standing in her doorway.","Alors, je devrais donner ça à quelqu'un d'autre, les mots doucement murmurés qui la firent déglutir alors qu'elle levait les yeux et trouvait Devyn dans l'embrasure de sa porte.","Ça veut dire que je devrais le donner à quelqu'un d'autre, dit-il en murmurant doucement ce qui la fit avaleur difficilement alors qu'elle le regardait se lever dans son portail."
"I reach up and slide a hand into his hair, run my other fingers along the dips and curves of his back.","Je me lève et glisse une main dans ses cheveux, je passe mes autres doigts le long des creux et des courbes de son dos.","Je me lève et glisse une main dans ses cheveux, je passe mes autres doigts le long des creux et des courbes de son dos."
"""Let the human go.""",Laisse partir l'humain.,Laissez l'humain partir.
"""Why did it have to be Luke?",Pourquoi fallait-il que ce soit Luke ?,Ça aurait pu être quelqu'un d'autre ?
"The beach lay in darkness, and Inna could lurk anywhere among the dunes or pier remains.","La plage était plongée dans l'obscurité, et Inna pouvait se cacher n'importe où parmi les dunes ou les vestiges de la jetée.","L'embouchure de la rivière était enveloppée dans l'obscurité, et Inna pouvait se cacher n'importe où, dans les dunes ou les restes du quai."
Chapter 34,Chapitre 34,34e chapitre
"His fingers tweak one of my nipples, and I moan into yet another kiss.",Ses doigts titillent l'un de mes mamelons et je gémis dans un nouveau baiser.,Ses doigts s'agrippent à un de mes mamelons et je gémis dans un autre baiser.
"God, that felt so fucking good.","Mon Dieu, que ça faisait du bien.",Ça a tellement bien fait.
But he wasn't good at that kind of thing.,Mais il n'était pas doué pour ce genre de choses.,Ça ne lui convenait pas.
"I don't only mean the millions of songs in the digital archive, someone in the station's history had hoarded vinyl like it was going out of style.","Je ne parle pas seulement des millions de chansons contenues dans les archives numériques, mais du fait qu'une personne, dans l'histoire de la station, ait accumulé des vinyles comme si c'était démodé.","Ça ne veux pas dire que je ne parle pas des millions de chansons dans l'archive numérique, mais quelqu'un dans l'histoire de la station avait rassemblé des disques vinyle comme si c'était à la mode."
"After maneuvering around a few tables, he laid her on the corner couch.","Après avoir contourné quelques tables, il l'allongea sur le canapé du coin.","Après avoir manœuvré autour de quelques tables, il la posa sur le canapé à coin."
I hum the line to him and search his face for recognition.,Je lui fredonne le morceau et cherche sur son visage pour voir s'il a reconnu la mélodie.,Je l'hum le long de son visage pour le reconnaître.
"""Do you think it will ever go away?",Penses-tu que cela disparaîtra un jour ?,Ça va disparaître un jour ?
"Any other day, his eye contact would be filed in the fantasy category called ""replay.""","N'importe quel autre jour, son contact visuel aurait été catalogué dans l'esprit de Mari dans la catégorie des fantasmes appelée ""replay"".","Ça serait un autre jour, son regard serait classé dans la catégorie des fantasmes appelée ""replay""."
"""Such a cynic, you are.""",Tu es un vrai cynique.,"Ça fait un cynique, toi."
Too relieved to be inside the circle of his embrace again to fight it.,Je suis trop soulagé d'être à nouveau dans le cercle de son étreinte pour lutter.,Ça lui donnait trop de soulagement d'être à nouveau dans le cercle de son embrassement pour le combattre.
Not my John.,Pas mon John.,Ça ne s'applique pas à mon John.
"I debate driving back down to Philly, even though it's not a good idea in my current frame of mind.","J'envisage de retourner à Philadelphie en voiture, même si ce n'est pas une bonne idée dans l'état d'esprit où je me trouve.","Je débats de retourner à Philadelphie, même si c'est une mauvaise idée dans mon état d'esprit actuel."
"And even though the sea held darkness, the land did too.","Et même si la mer contenait des ténèbres, la terre en contenait aussi.","Et même si la mer était sombre, la terre l'était aussi."
"But you all don't care about that, you have a juicy story for your ratings and your newspapers.","Mais vous vous en moquez tous, vous avez une histoire juteuse pour vos audiences et vos journaux.","Ça ne vous importe pas, vous avez une belle histoire pour vos audiences et vos journaux."
"Sunset was near, though it was impossible to tell with the blossoming of dark clouds across the sky.","Le coucher du soleil était proche, même s'il était impossible de le deviner avec l'éclosion de nuages sombres dans le ciel.","Ça faisait presque une heure que le soleil commençait à se coucher, mais il était impossible de le dire avec la prolifération de nuages sombres dans le ciel."
"And besides, pirates didn't have coffee with cream and sugar.","Et puis, les pirates ne prenaient pas de café avec de la crème et du sucre.",Ça ne faisait pas partie de leur code.
She dropped her clothes on the sand and placed a rock on them to keep them from blowing away then glanced at Inna.,"Elle laissa tomber ses vêtements sur le sable et posa une pierre dessus pour les empêcher de s'envoler, puis jeta un coup d'œil à Inna.","Elle déposa ses vêtements sur le sable et posa une pierre dessus pour les empêcher de s'envoler, puis regarda Inna."
"He wraps his arms around me, one across my collar and one around my chest, and it feels so damned good.","Il m'entoure de ses bras, l'un autour de mon cou et l'autre autour de ma poitrine, et c'est tellement bon.","Ça sent le bonheur, il enroule ses bras autour de moi, l'un sur mon col et l'autre autour de mon torse, et c'est tellement bon."
He pulls out a Steely Dan.,Il sort un vinyle de Steely Dan.,Ça fait un Steely Dan.
"He'd used her weakness against her, something that she would not forget.",Il avait utilisé sa faiblesse contre elle ;,"Ça lui avait servi de faiblesse contre elle, et c'est quelque chose qu'elle ne oublierait pas."
Quivering like a pair of virgin teenagers.,Frémissant comme deux ados puceaux.,Ça tremblait comme une paire de jeunes filles vierges.
The rain was picking up and it wouldn't be long until it was constant.,La pluie s'intensifia et ne tardera pas à devenir continue.,Ça pleuvait de plus en plus et il ne resterait pas longtemps avant que la pluie ne soit constante.
The dune grass bent almost horizontally to the ground and clouds of sand rolled down the beach like tumbleweeds.,L'herbe des dunes se courbaient presque horizontalement vers le sol et des nuages de sable roulaient sur la plage comme des chenilles.,L'herbe des dunes s'inclinait presque horizontalement au sol et des nuages de sable roulaient sur la plage comme des tumeurs.
"Mesa turned to walk away, then stopped and looked back.","Mesa se tourna pour s'éloigner, puis s'arrêta et se retourna.","Ça lui fit tourner le dos pour s'éloigner, puis il s'arrêta et regarda à nouveau vers elle."
"""It's a great offer,"" he added.","C'est une excellente offre, ajouta-t-il.","Ça fait une offre très intéressante, ajouta-t-il."
"I watch him through the double-paned glass of the booth, and I can hear him through the open door.",Je le regarde à travers le double vitrage de la cabine et je l'entends par la porte ouverte.,"Je le regarde à travers le double vitrage du cabine, et je le sens à travers la porte ouverte."
"""I have a reservation for Andi Dawson,"" Andi said with a satisfied sigh as she reached for her credit card only to end up grumbling when Devyn narrowed his eyes on her until she put it away.","J'ai une réservation au nom d'Andi Dawson, dit Andi avec un soupir de satisfaction en tendant sa carte de crédit, mais elle finit par grommeler quand Devyn la fixa, les yeux plissés  jusqu'à ce qu'elle la range.","Ça s'appelle une réservation pour Andi Dawson, dit Andi avec un soupir satisfait en tendant sa carte de crédit, mais elle finit par grommeler lorsque Devyn la fixa d'un regard acéré jusqu'à ce qu'elle la mette à l'abri."
"The sooner they could find out what condition the island was in, the sooner he could leave.","Plus vite ils sauraient dans quel état se trouvait l'île, plus vite il pourrait partir.","Plus tôt ils pourraient découvrir l'état de l'île, plus tôt il pourrait partir."
"Today is Sunday, and Nicki has invited everyone to a celebratory brunch at Rick's Pub.",Nous sommes dimanche et Nicki a invité tout le monde à un brunch de célébration au Rick's Pub.,"Ça fait un dimanche, et Nicki a invité tout le monde à un déjeuner festif au Rick's Pub."
"It had taken being disavowed in a very public, painful way to get Dyer to walk away from the two years he'd invested.",Il a fallu qu'il soit désavoué de manière très publique et douloureuse pour que Dyer abandonne les deux années qu'il avait investi dans cette relation.,Ça avait fallu qu'il soit dénoncé de manière très publique et très douloureuse pour qu'il se détache des deux ans qu'il avait investis.
Was this what being a grown-up was like?,"Était-ce ça, être adulte ?","Ça, c'était ce que c'était d'être adulte ?"
No telling what the tide pushed up near the shore.,On ne sait pas ce que la marée poussait près du rivage.,Ça ne faisait pas de doute que la marée avait poussé des débris près de la côte.
It rubs over my raw nerves and makes my heart ache.,Elle gratte mes nerfs à vif et me fait mal au cœur.,Ça me fait frémir sur mes nerfs rauques et mon cœur me fait mal.
Inna kicked at the floor planks with his bare foot.,Inna donna un coup de pied sur les planches du sol avec son pied nu.,Inna frappa le plancher avec son pied nu.
Was Christopher the pirate who killed Inna's great-great-something-grandmother?,Christopher était-il le pirate qui avait tué l'arrière-arrière-grand-mère d'Inna ?,Ça veut dire que Christopher était un pirate qui a tué l'arrière-arrière-grand-mère d'Inna ?
"John's erection is thicker than mine, though shorter.","L'érection de John est plus épaisse que la mienne, bien que plus courte.","L'érection de John est plus épaisse que la mienne, mais plus courte."
"He scanned the beach, looking for Inna.","Il balaya la plage du regard, à la recherche d'Inna.",Il scana la plage à la recherche d'Inna.
"The water here is still and silent, green with algae and moss, and brackish in my nostrils.","Ici, l'eau est calme et silencieuse, verte avec des algues et de la mousse, et saumâtre dans mes narines.","Ça fait des années que je ne suis pas descendu dans les eaux de la rivière, mais je me souviens bien de sa tranquillité et de son silence."
"He's so big and so solid, I can't help but feel safe with him.",Il est si grand et si solide que je ne peux m'empêcher de me sentir en sécurité avec lui.,"Ça fait si grand et si solide, que je ne peux pas m'empêcher de me sentir en sécurité avec lui."
You've built a great little business here and you should be proud.,Tu as créé une belle petite affaire et tu peux en être fière.,Ça fait un bon petit business que tu as construit ici et tu devrais être fier.
"A light breeze hit her, pushing away the sticky humidity for a moment, and she gulped the fresh airso clean.","Une légère brise l'atteignit, chassant un instant l'humidité poisseuse, et elle avala l'air frais, si pur.","Ça lui donna une légère brise qui chassa la humidité pour un moment, et elle respira l'air frais."
"""And that film is still your birthright.""",Et ce film fait partie de ton patrimoine !,Ça fait toujours partie de ton héritage.
"""What's complicated about it?",Qu'est-ce qui est compliqué ?,Ça ne comporte pas de complexité ?
"""Super helpful,"" Andi mumbled as she tossed it aside and grabbed another one.","Super utile, marmonna Andi en le jetant de côté et en prenant un autre.","Ça a été très utile, marmonna Andi en le jetant de côté et en prenant un autre."
He opened his eyes and reached for a glass to pour some of his favorite Scotch into.,Il ouvrit les yeux et attrapa un verre pour y verser son scotch préféré.,Ça lui fit ouvrir les yeux et il s'approcha d'un verre pour y verser un peu de son whisky préféré.
"""Really, Franklin?""","Vraiment, Franklin ?","Ça va vraiment, Franklin ?"
"Well, that wasn't entirely true because Ben had been more than happy to make sure that she didn't have any reason to come back to the office, call, text, or even send an email.","Enfin, ce n'était pas tout à fait vrai parce que Ben avait été plus qu'heureux de s'assurer qu'elle n'avait aucune raison de revenir au bureau, d'appeler, d'envoyer un message ou même d'envoyer un e-mail.","Ça n'était pas tout à fait vrai car Ben avait été plus que content de s'assurer qu'elle n'avait aucune raison de revenir au bureau, de téléphoner, de texter ou même d'envoyer un e-mail."
There are some things I can't share.,Il y a des choses que je ne peux pas partager.,"Ça y est, il y a des choses que je ne peux pas partager."
"""And if my sister wasn't already lost in whatever the hell you just gave her, she'd remember her manners and introduce us.","Et si ma sœur n'était pas déjà perdue dans ce que tu viens de lui donner, elle se souviendrait de ses bonnes manières et nous présenterait.","Ça va, et si ma sœur n'était pas déjà perdue dans ce que tu viens de lui donner, elle se souviendrait de ses manières et nous présenterait."
"That's one thing I'll miss when I movefresh seafood.""",C'est une chose qui me manquera quand je déménagerai : les fruits de mer frais.,"Ça, c'est une chose que je vais manquer quand je me déplacer  des fruits de mer frais."
"Then a long nap to forget the weather, the bar, Mari.","Puis une longue sieste pour oublier le temps qu'il faisait, le bar, Mari.","Ça fait un long sommeil pour oublier le temps, le bar, Mari."
"That's the third or fourth time I've seen him hauling records out of here.""",C'est la troisième ou quatrième fois que je le vois sortir des disques d'ici pour leur donner.,Ça fait le troisième ou le quatrième fois que je le vois sortir des disques.
"After one last look at The Charlton, Devyn climbed back in the car with a murmured, ""The Mason.""","Après avoir jeté un dernier coup d'œil au Charlton, Devyn remonta dans la voiture en murmurant : ""Le Mason"".","Ça fait un dernier coup d'œil vers The Charlton, Devyn remonta dans la voiture en murmurant :"
During a storm.,Pendant une tempête.,Ça a été pendant une tempête.
"One afternoon he'll choose, and another I will.","Un après-midi, c'est lui qui choisit le lieu, et l'après-midi suivant, c'est moi.","Ça arrivera un après-midi, et l'autre, je le choisirai."
"In fact, it was the only option left.","En fait, c'était la seule option qui lui restait.",Ça faisait en fait partie des seules options restantes.
"""I've been fascinated by fairs, amusement parks, and Ferris wheels since Luke and I were little.","Je suis fasciné par les foires, les parcs d'attractions et les grandes roues depuis que Luke et moi sommes petits.","Ça fait des années que je suis fasciné par les foires, les parcs d'attractions et les roues de fortune."
"In the pack, with the water, and a cell phone with no signal.""","Dans le sac, avec l'eau et un téléphone portable sans signal.","Ça fait un an que je suis dans le pack, avec l'eau et un téléphone portable sans signal."
"""Dyer doesn't do domestic,"" he deadpans before he spins in his rainbow Chuck Taylors and scurries off.","Dyer ne fait pas le ménage, dit-il avant de tourner les talons dans ses Chuck Taylors arc-en-ciel et de s'enfuir en courant.","Ça ne fait pas partie de ses préoccupations, dit-il sans expression avant de faire un tour dans ses chaussures à rayures de l'arc-en-ciel et de s'enfuir."
"""If you need anything, don't bother calling the front desk.","Si vous avez besoin de quoi que ce soit, n'appelez pas la réception.","Si vous avez besoin de quelque chose, n'hésitez pas à appeler la réception."
I had a client up from the city.,J'avais un client qui venait de la ville.,Ça fait un client qui vient de la ville.
She dove under to swim to him.,Elle plongea pour nager jusqu'à lui.,Elle plongea pour nager vers lui.
You can tell me.,Tu peux me le dire.,Ça te fait peur ?
He'd seen himit wasn't his imagination.,"Il l'avait vu, ce n'était pas son imagination.",Ça l'avait vu  il n'était pas question de l'imagination.
"And that may be, but I'm not made for you.","C'est possible, mais je ne suis pas fait pour toi.","Ça peut être, mais je ne suis pas fait pour toi."
"He caught his breath, then moved closer to the pier ruins where she stood.","Il reprit son souffle, puis se rapprocha des ruines de la jetée où elle se tenait.","Ça lui donna du temps de respirer, puis il se rapprocha des ruines du quai où elle se tenait."
I don't like the waterespecially the ocean.,"Je n'aime pas l'eau, surtout l'océan.","Ça me fait peur, surtout l'océan."
"""Of course, it won two Grammys,"" I tell him.","Bien sûr, ils ont gagné deux Grammys avec cet album, lui dis-je.","Ça a gagné deux Grammys, lui dis-je."
"Dad was a fisherman, and Mom liked to be near the water.",Papa était pêcheur et maman aimait être près de l'eau.,Ça faisait que mon père était pêcheur et que ma mère aimait être près de l'eau.
"""After I graduated, I started at the bottom, took every shift I could get my hands on, read every book that I could find that I thought would help, and worked my way up to the top and when I heard about the position at Carta Hotels, I went after it, knowing that if I could pull it off that it would be enough","Après avoir obtenu mon diplôme, j'ai commencé au bas de l'échelle, j'ai pris tous les postes qui me tombaient sous la main, j'ai lu tous les livres que j'ai pu trouver et qui pouvaient m'aider.","Ça a commencé après mon diplôme, j'ai commencé à la base, j'ai pris tous les postes que j'ai pu obtenir, j'ai lu tous les livres que j'ai pu trouver qui m'auraient semblé pouvoir m'aider, et j'ai gravi les échelons jusqu'au sommet, et quand j'ai entendu parler du poste chez les Hôtels Carta, j'ai pris la tête, sachant que si je pouvais le faire,"
"""If you've never been, you don't know if Kansas is better.""","Si tu n'y es jamais allée, tu ne sais pas si le Kansas est mieux ou pas.","Ça veut dire que si tu n'y es jamais allé, tu ne sais pas si le Kansas est mieux."
"I think Interpol has a file.""",Je pense qu'Interpol a un dossier sur le sujet.,Ça me semble que l'Interpol a un dossier.
All muscles and strength.,Tout en muscles et en force.,Ça fait de lui un homme de muscles et de force.
"""Sorry, been prepping for the storm.""","Désolé, je me préparais à la tempête.","Ça va, j'ai préparé la tempête."
"Still, he wasn't a lost cause.","Pourtant, ce n'était pas une cause perdue.",Ça ne signifiait pas qu'il était perdu.
"""The stubborn little pain in the ass has gone into labor,"" came the words that had her opening her mouth, only to close it with a grumble since she really couldn't argue with that.","La petite enquiquineuse bornée a commencé le travail, furent les mots qui lui firent ouvrir la bouche, avant de la refermer avec un grognement, car elle ne pouvait vraiment pas contester cette information.","Ça fait trois jours que je ne l'ai pas vue, et elle est en train de mettre bas, dit-il, ce qui la fit ouvrir la bouche, puis la fermer avec un grognement, car elle ne pouvait pas s'y opposer."
"You know the significance of that tattoo.""",Tu connais la signification de ce tatouage.,Ça veut dire que tu connais le sens de ce tatouage.
"Her sister never had issuessing a song, snag a man.","Sa sœur n'avait jamais eu de problème  une chanson, un homme. Du moins, c'est ce qu'il lui semblait.",Sa sœur n'avait jamais de problèmes  à chanter une chanson et à attraper un homme.
"""God, I love bacon,"" his new assistant murmured with a happy little sigh as she nibbled on what looked like an egg sandwich with an unhealthy amount of bacon while Devyn stood there, wondering why his new assistant was sitting outside at six-thirty in the morning.","murmura sa nouvelle assistante avec un petit soupir heureux alors qu'elle grignotait ce qui ressemblait à un sandwich aux œufs avec une quantité astronomique de bacon, alors que Devyn était planté là à se demander ce que sa nouvelle assistante faisait à l'extérieur du bâtiment à six heures et demie du matin.","Ça fait rire, j'adore la bacon, murmura sa nouvelle assistante avec un petit soupir de joie alors qu'elle mâchait ce qui ressemblait à un sandwich au fromage avec une quantité excessive de bacon, tandis que Devyn restait là, se demandant pourquoi sa nouvelle assistante s'était assise à l'extérieur à six heures du matin."
I hadn't done anything but sit and hold him for a while.,Je n'ai rien fait d'autre que de m'asseoir et de le tenir dans mes bras pendant un moment.,Ça ne faisait que je me suis assis et que je l'ai tenu un peu.
It was only months later that he realized Kelly had been lonely.,Ce n'était que des mois plus tard qu'il avait compris que Kelly se sentait seule.,Ça a été plusieurs mois plus tard qu'il a réalisé que Kelly était seule.
"I'm peripherally aware of the heads turning and the looks that trail his trip toward me, but my focus is entirely on him.","Je suis conscient des têtes qui se tournent et des regards qui suivent son chemin vers moi, mais je me concentre entièrement sur lui.","Je suis à moitié conscient des têtes tournées et des regards qui suivent son chemin vers moi, mais mon attention est entièrement tournée vers lui."
And I will catch you.,Et je t'attraperai.,Ça va me faire attraper.
"I guess I have two things, then.",Je suppose donc que j'ai deux choses à moi.,"Ça fait deux choses, alors."
Andi rushed to explain as she threw a panicked look at the large security guard reaching for her and-,Andi se dépêchait de s'expliquer en jetant un regard paniqué à l'énorme agent de sécurité qui s'approchait et...,"Ça va, elle se précipita pour expliquer alors qu'elle jetait un regard paniqué à l'imposant gardien de sécurité qui s'approchait d'elle et..."
"""He has been very busy working behind the scenes, arranging transfers, intercepting audits, and doing everything that he could to keep us distracted.""","Il a été très occupé à travailler dans les coulisses, à organiser des transferts, à intercepter des audits et à faire tout ce qu'il pouvait pour nous distraire.","Ça a été très occupé de travailler en arrière-scène, d'organiser des transferts, d'intercepter des audits, et de faire tout ce qu'il pouvait pour nous distraire."
That hadn't been enough to annul thingstoo much riding on the union of the tribes.,Cela n'avait pas suffi à annuler les promesses  trop de choses dépendaient de l'union de leurs deux tribus.,Ça n'avait pas été suffisant pour annuler les choses  trop de choses étaient en jeu avec l'union des tribus.
"Of course, this wasn't Hawaii, but up near the point was some darn good East Coast surfing.","Bien sûr, ce n'était pas Hawaï, mais près de la pointe, il y avait de sacrés bons coins pour surfer sur la côte Est.","Ça n'était pas Hawaii, mais près du cap, il y avait de la mer d'une qualité d'onde qui était d'une excellente qualité."
"""I'll be back,"" he says, breathless.","Je reviens, dit-il, essoufflé.","Ça va, je reviendrai, dit-il, à souffle court."
She pointed to the bar.,Elle désigna le bar.,"Ça, c'est le bar."
It was his dream too.,C'était aussi son rêve.,Ça était aussi son rêve.
"She didn't look like she was trying to kill him, Devyn thought, taking a sip of the large caramel coffee that he was forced to grab from the employee cafeteria when it became painfully obvious that his new assistant didn't know how to make coffee.","Elle n'avait pourtant pas l'air de vouloir le tuer, se dit Devyn en buvant une gorgée du café au caramel qu'il avait dû prendre à la cafétéria des employés quand il était devenu évident que sa nouvelle assistante ignorait comment faire du café.","Ça ne semblait pas qu'elle essaye de le tuer, pensa Devyn en buvant une gorgée du grand café au caramel qu'il avait été contraint de prendre dans la cantine des employés lorsqu'il était devenu évident que sa nouvelle assistante ne savait pas faire du café."
She stretched out her legs and laid her head on the couch pillow and softly whistled some nondescript '80s pop song.,"Elle étendit ses jambes, posa sa tête sur le coussin du canapé et siffla doucement une chanson pop des années 80.","Elle étendit ses jambes, posa sa tête sur le coussin du canapé et siffla doucement une chanson pop des années 80 sans nom."
Gayle pauses when she reaches the door and looks at me like I'm out of my head.,Gayle s'arrête au niveau de la porte et me regarde comme si j'avais perdu la tête.,Ça fait un moment qu'elle s'arrête à la porte et me regarde comme si je ne faisais pas partie de ce monde.
"""I don't want to be fair, I want you here.""","Je ne veux pas être juste, je veux que tu sois là.","Ça ne fait pas faire de bien, je veux que tu sois ici."
"Once he was gone, Devyn sat down on the couch and watched Andi, still amazed by how quickly her mind worked as she went through the files that he'd brought.","Une fois qu'il fut parti, Devyn s'assit sur le canapé et observa Andi, toujours étonné par la rapidité avec laquelle son esprit travaillait alors qu'elle parcourait les dossiers qu'il avait apportés.","Devyn s'assit sur le canapé et regarda Andi, toujours étonné de la rapidité avec laquelle son esprit fonctionnait alors qu'elle parcourait les dossiers qu'il avait apportés."
It's easy to picture John in front of a classroom.,C'est facile d'imaginer John dans une salle de classe.,Ça fait facilement imaginer John devant une classe.
"I've always known, even before he came back to his flat that night and found that I'd learned the truth about him.","Je l'ai toujours su, même avant qu'il ne revienne à son appartement cette nuit-là et qu'il découvre que j'avais appris la vérité à son sujet.","Ça m'a toujours été clair, même avant qu'il revienne dans son appartement cette nuit-là et que je lui aie appris la vérité sur lui."
And it's clear he looks up to him.,Et il est clair qu'il l'admire.,Ça est clair qu'il le respecte.
"As a boy, he'd relished that meditative quality that grew where the water met the land and the sun blanketed everything in a golden warmth that lingered in the soul forever.","Enfant, il avait savouré cette faculté méditative qui naissait là où l'eau rencontrait la terre et où le soleil recouvrait tout d'une chaleur dorée qui s'attardait dans l'âme","Ça faisait des années qu'il aimait cette qualité méditative qui se développait à la rencontre de l'eau et de la terre, et où le soleil recouvrait tout d'une chaleur dorée qui restait dans l'âme pour toujours."
"""He likes the classics.",Il aime les classiques.,Ça lui plaît aux classiques.
She had Chase now.,Elle avait Chase maintenant.,Ça lui avait donné Chase.
"""I love the warmth of the sun on my skin, and the brush of a cool breeze, and the clarity of music on land.""","J'aime la chaleur du soleil sur ma peau, le frôlement d'une brise fraîche et la clarté de la musique sur la terre ferme.","Je love la chaleur du soleil sur ma peau, le balayage d'une brise fraîche, et la clarté de la musique sur terre."
Then I look up at him.,Puis je lève les yeux vers lui.,Je le regarde alors.
"Do your thing, I'll be tuning in.""","Fais opérer ta magie, je serai à l'écoute.","Ça va, fais-toi de ta part, je vais me mettre à l'antenne."
Fall into her arms again.,Tomber à nouveau dans ses bras.,Ça me fait tomber dans ses bras à nouveau.
"But he flashes his blinding smile, and the woman grins, blushing as she ushers her kidlet into the restaurant.","Mais il affiche son sourire aveuglant et la femme sourit, rougissant en faisant entrer son enfant dans le restaurant.","Ça fait un sourire aveuglant, et la femme sourit, rougissant en emmenant son petit dans le restaurant."
She rose on her elbows and watched him pull his T-shirt over his head.,Elle se redressa sur ses coudes et le regarda passer son tee-shirt par-dessus sa tête.,Elle se redressa sur ses coudes et le regarda tirer son tee-shirt sur sa tête.
"He didn't move away, and she leaned in close.","Il ne bougea pas, et elle se rapprocha.",Ça ne l'empêcha pas de s'approcher d'elle.
"You know, the one where the Ex brings the stuff you've left at their place and vice versa.","Vous savez, cet échange où l'ex apporte les affaires que tu as laissées chez lui et vice versa.","Ça veut dire, celui où l'ex-petit ami apporte les choses que tu as laissées chez lui et vice-versa."
"""It's only an hour and a half.",Ce n'est qu'à une heure et demie de trajet.,Ça ne dure qu'une heure et demie.
"""It's a beautiful country.""",C'est un pays magnifique.,Ça fait une belle pays.
I could automate my entire set.,Je pourrais automatiser l'ensemble de mon travail.,Je pourrais automatiser mon entier set.
"God, just thinking about the burnt, cold, creamy, grainy concoction...","Mon Dieu, rien que de repenser à cette mixture granuleuse, froide et avec un goût de brûlé...","Ça, juste à l'idée de cette purée brûlante, froide, crèmeuse et grumeleuse..."
"""I already have that,"" Andi pointed out with a disappointed sigh and a sad shake of her head as she glanced back at Nicholas.","Je l'ai déjà ça, dit Andi avec un soupir déçu et un triste hochement de tête en regardant Nicholas.","Ça, je l'ai déjà, remarqua Andi avec un soupir déçu et un secouement de tête triste en regardant Nicholas."
"""So, all the stories I heard about Christopher and Amelia...""","Alors, toutes les histoires que j'ai entendues sur Christopher et Amelia...",Ça veut dire que toutes les histoires que j'ai entendues sur Christopher et Amelia...
"""Yeah,"" I agree, and trail off myself because John could leave anyone speechless, but especially me.","Oui, dis-je en signe d'acceptation, et je m'interromps parce que John peut laisser n'importe qui sans voix, mais surtout moi.","Ça va, je l'accepte, et je m'éloigne moi-même parce que John peut rendre silencieux tout le monde, mais surtout moi."
"They'd be stupid to fire him, Andi reminded herself, repeating the words that had gotten her through the last ten hours.","Ils seraient stupides de le licencier, se rappela Andi, répétant les mots qui l'avaient aidée à traverser les dix dernières heures.","Ça serait stupide de le licencier, se rappela Andi, répétant les mots qui lui avaient permis de passer les dix dernières heures."
"The faint smell of burning wood reaches my nose, and I inhale deeply.",L'odeur légère du bois brûlé parvient à mon nez et j'inspire profondément.,"Ça sent le bois brûlant, et je respire profondément."
"I just don't know whether I'd end up in the warm embrace of his impossibly long arms, or if my heart would smash into bits on some outcropping of rocks that I can't see but know are probably there.","J'ignore si je finirais dans l'étreinte chaleureuse de ses bras incroyablement longs, ou si mon cœur se briserait en mille morceaux sur un affleurement de rochers que je ne peux pas voir mais dont je devine la présence.","Ça me fait peur, je ne sais pas si je finirai dans l'embrassement chaleureux de ses bras impossiblement longs, ou si mon cœur se brisera en morceaux sur une roche qui ne me fait pas peur, mais que je sais être là."
"And I refuse to believe she can't sing, not with a tone like that.","Et je refuse de croire qu'elle ne sait pas chanter, pas avec un tel timbre.","Ça me fait refuser de croire qu'elle ne peut pas chanter, pas avec un ton comme ça."
And what was he supposed to do with a crying woman?,Et qu'était-il censé faire avec une femme qui pleurait ?,Ça lui fallait quoi faire avec une femme qui pleurait ?
"""It was an observation.""",C'était juste une remarque.,Ça était une observation.
"""You knew killed my brother and you didn't tell me?""",Tu savais que mon frère avait été tué et tu ne me l'as pas dit ?,Ça veut dire que tu as tué mon frère et que tu ne m'en as pas dit ?
A lovely lunch made by Chase.,Un délicieux déjeuner préparé par Chase.,Ça fait un délicieux déjeuner fait par Chase.
"""Wow, you are lucky to have a family record from that far back.",Tu as de la chance d'avoir des objets de famille aussi anciens.,"Ça fait vraiment chaud, tu as un record familial depuis si loin."
I'm weighing my options - Melrose Diner for its proximity or Broad Street Diner for its superior batter - when the phone rings.,"Je pèse mes options : le Melrose Dinner pour sa proximité ou le Broad Street Diner pour sa pâte supérieure, lorsque le téléphone sonne.","Je pèse les avantages et les inconvénients de l'un et de l'autre : le Melrose Diner pour sa proximité ou le Broad Street Diner pour sa batterie supérieure, quand le téléphone sonne."
"I shiver with pleasure and shake my head hard, wrenching his hand away from my needy flesh.","Je frissonne de plaisir et secoue la tête avec force, éloignant sa main de ma chair en manque ""Stop !""","Je frissonne de plaisir et je secoue la tête durement, lui arrachant sa main de ma chair avide."
"""You won't think so once you know the truth.""",Tu ne le penseras plus quand tu connaîtras la vérité.,Ça ne te semblera pas une fois que tu connaîtras la vérité.
"Did she know him, or had they just met?",Le connaissait-elle ou venaient-ils de se rencontrer ?,"Ça l'avait-elle déjà rencontré, ou avaient-ils juste rencontré ?"
He would not win.,Il ne gagnerait pas.,Ça ne marcherait pas.
Or cancel the contract.,Ou annuler le contrat.,Ça veut dire annuler le contrat.
"""For sixty-seven days?""",Depuis soixante-sept jours ?,67 jours ?
The moonlight streaks John's hair with gold.,"Au clair de lune, les cheveux de John se teintent d'or.","Lumière de la lune, les cheveux de John sont éclaircis d'or."
"I'm supposed to be putting you to sleep with my droning.""",Je suis censé t'endormir avec mon histoire barbante.,"Ça me fait rire, je suis censé te faire dormir avec mon dronner."
"That's beyond crazy, it's creepy.""","C'est plus que fou, c'est effrayant.","Ça dépasse le cadre du fou, c'est effrayant."
"""I thought you wanted to go to the park.",Je croyais que tu voulais aller au parc.,Ça me semblait que tu voulais aller au parc.
"And Christopher loved her enough to sacrifice everything for her.""",Et Christopher l'aimait suffisamment pour tout sacrifier pour elle.,Ça fait que Christopher l'aimait assez pour sacrifier tout pour elle.
"What the hell are you doing under my desk?""","Que faites-vous sous mon bureau, bon sang ?","Ça va, qu'est-ce que tu fais sous mon bureau ?"
It wouldn't be the same.,Ce ne serait pas la même chose.,Ça ne serait pas la même chose.
"Naturally, a young mother with her toddler wanders into the area just as those delightful words leave Dyer's mouth.","Naturellement, une jeune mère et son bambin entrent dans le restaurant juste au moment où ces mots charmants sortent de la bouche de Dyer.","Ça va de soi que, dans ce moment-là, une jeune mère avec son petit enfant se promène dans la zone juste après que ces mots si délicieux sont sortis de la bouche de Dyer."
"We found out about the child, but no record of Amelia.""","Nous avons découvert l'enfant, mais aucune trace d'Amelia.","Ça a été découvert, mais il n'y a pas de trace d'Amelia."
"Or to a place you really love.""",Ou dans un endroit que tu aimes vraiment.,Ça pourrait être un endroit où tu aimes vraiment.
"It's Saturday again, and I've invited John to go with me to a giant record fair in Cherry Hill, New Jersey.","Nous sommes samedi, et j'ai invité John à m'accompagner à une gigantesque foire aux disques à Cherry Hill, dans le New Jersey.","Ça fait un samedi, et j'ai invité John à venir avec moi à une foire aux disques à Cherry Hill, dans le New Jersey."
"""Give me a minute,"" he mumbled, and small sobs wracked his body, sending visible tremors through his shoulders.","Donne-moi une minute, marmonna-t-il, et de petits sanglots secouèrent son corps, provoquant des tremblements visibles dans ses épaules.","Ça me faut une minute, marmonna-t-il, et de petits sanglots secouèrent son corps, provoquant des tremblements visibles sur ses épaules."
"The sun glints in his snowy, blonde hair.",Le soleil brille dans ses cheveux blonds comme la neige.,Le soleil scintille dans ses cheveux blancs et blonds.
Then...not so much.,Ensuite... plus vraiment.,Ça a changé... pas vraiment.
"""Lexi is the sister of the boy that...?""",Lexi est la sœur du garçon qui... ?,"Ça fait référence à Lexi, la sœur du garçon qui... ?"
"I don't know why I'm so nervous, except that I have no idea what's going on between us.","Je ne sais pas pourquoi je suis si nerveux, mis à part que je n'ai aucune idée de ce qui se passe entre nous.","Je ne sais pas pourquoi je suis si nerveux, sauf que je ne sais pas quoi de ce qui se passe entre nous."
"I can blame the pirate in the painting for all my troubles.""",Je peux blâmer le pirate du tableau pour tous mes problèmes.,Ça me permet de blâmer le pirate du tableau pour tous mes problèmes.
She'd never forget the perfection of the moment.,Elle n'oublierait jamais la perfection de ce moment.,"Ça ne l'oublierait jamais, la perfection du moment."
"""I would have killed your diver man that day toobut you were there.","J'aurais tué ton plongeur ce jour-là aussi, mais tu étais là.","Ça aurait pu être toi qui mourrais ce jour-là, mais tu étais là."
She needed an antacid more than dinner.,Elle avait plus besoin d'un antiacide que d'un dîner.,Ça lui fallait un antacide plus qu'un dîner.
He leaned forward and buried his face in his hands.,Il se pencha en avant et enfouit son visage dans ses mains.,Ça le fit se pencher en avant et enterrer son visage dans ses mains.
"It's just that he seems so lost, at the moment.","C'est juste qu'il semble si perdu, en ce moment.","Ça, c'est juste qu'il semble si perdu, pour l'instant."
Tangy warmth filled her mouth and her taste buds opened up.,La chaleur acidulée emplit sa bouche et ses papilles gustatives se réveillèrent.,Ça avait une saveur douce et chaude qui remplissait sa bouche et ses papilles s'ouvrirent.
"""Before we could decide exactly what we were going to do, a large wave washed over the jelly.""","Avant que nous ayons pu décider exactement ce que nous allions faire, une grande vague s'était abattue sur la méduse.","Ça a été avant que nous ne puissions décider exactement de quoi nous allions faire, qu'une grande vague a emporté la gélatine."
He couldn't help but smile back.,Il ne put s'empêcher de sourire à son tour.,Ça lui faisait rire de retour.
"He hasn't seen me yet, which is a both a blessing and a curse.","Il ne m'a pas encore vu, ce qui est à la fois une bénédiction et une malédiction.","Ça fait que je ne l'ai pas encore vu, ce qui est à la fois une bénédiction et une malédiction."
"""Roman Palms is our highest earner,"" Devyn said, watching as she scrolled to a financial report.","Roman Palms est l'hôtel qui nous rapporte le plus, dit Devyn, en la regardant faire défiler un rapport financier.","Ça fait des années que Roman Palms est notre plus gros gagnant, dit Devyn en la regardant faire défiler un rapport financier."
It's become our thing.,C'est devenu notre truc.,Ça est devenu notre chose.
I hear rustling and know he's settling in for a conversation I don't know I want to have with him.,J'entends des bruits de mouvements et je sais qu'il s'installe pour une conversation que je ne suis pas sûr d'avoir envie d'entamer avec lui.,Ça fait du bruit et je sais qu'il s'installe pour une conversation dont je ne sais pas si je veux avoir avec lui.
"She ought to tell him the whole story, and that Inna was after him toobut she was tired and emotionally drained.","Elle devrait lui raconter toute l'histoire, et lui dire qu'Inna lui en voulait à lui aussi, mais elle était fatiguée et à bout de nerfs.","Ça lui fallait de lui dire l'histoire entière, et que Inna était sur ses trousses, mais elle était fatiguée et émotionnellement épuisée."
"I know that I could get you an interview,"" Drew said with a sympathetic smile.","Je sais que je peux t'obtenir un entretien, dit Drew avec un sourire compatissant.","Ça me semble que je peux te faire une interview, dit Drew avec un sourire sympathique."
It's a lot to swallow.,C'est beaucoup à avaler.,Ça fait mal à la gorge.
"His eyes open, half-lidded with lust, and I lick my bottom lip, sucking it into my mouth and biting it before I stretch my tongue out to taste him.","Ses yeux s'ouvrent, mi-clos de désir, et je lèche ma lèvre inférieure, l'aspirant dans ma bouche et la mordillant avant d'étirer ma langue pour le goûter.","Ça fait des années que je ne l'ai pas vu, dit-il, les yeux ouverts, demi-clos par la lèche, et je lèche ma lèvre inférieure, la suçant et la mordant avant de tendre ma langue pour le goûter."
"""And your glorious fucking arse.""",Et ton putain de cul glorieux.,Et ton cul glorieux.
His t-shirt rides up to reveal a flat stomach covered in a light dusting of strawberry blonde hair.,Son t-shirt remonte et révèle un ventre plat recouvert d'une légère couche de poils blond vénitien.,Son t-shirt monte pour révéler un ventre plat recouvert d'une légère poussière de cheveux blond vénitien.
"And the rent was cheaper, too.",Et le loyer était moins cher.,"Ça faisait moins cher, aussi."
"""Yes, you did,"" Devyn murmured in agreement with a pointed look at the notes that Andi made last night.","Oui, vous l'avez fait, murmura Devyn en signe d'accord avec le regard pointé sur les notes qu'Andi avait prises la nuit précédente.","Ça va, dit Devyn d'accord avec un regard pointé vers les notes que Andi avait prises la nuit dernière."
Good thing her fantasies didn't beam out of the top of her head and project onto the ceiling.,Heureusement que ses fantasmes ne sortaient pas de sa tête pour se projeter au plafond.,Ça lui aurait été bien plus difficile.
And then he withdrew.,Et puis il s'est éloigné.,Et puis il se retira.
"""Yes, since you set me up with nightly play dates.""","Oui, puisque tu m'as arrangé des créneaux de rendez-vous nocturnes pour que je m'amuse.","Ça va, car tu m'as fait rencontrer des dates de nuit."
The wind gusted and showered them with a spray of misty rain.,Le vent souffla en rafales et les aspergea d'une pluie fine.,Le vent souffla en rafales et les arrosera d'une brume de pluie.
"""I don't think he's a guard.",Je ne pense pas que ce soit un gardien.,Ça ne me semble pas qu'il soit un gardien.
"""You can't dive in Kansas unless you're planning on diving corn plants.""","On ne peut pas plonger au Kansas, à moins d'avoir l'intention de plonger dans des champs de maïs.","Ça ne fait pas de bon, de plonger au Kansas, sauf si vous avez l'intention de plonger dans les plantes de maïs."
"Mari climbed the stairs, disappearing for a moment on the other side of the dunes.","Mari monta les escaliers, disparaissant un instant de l'autre côté des dunes.","Mari grimpa les escaliers, disparaissant pendant un moment de l'autre côté des dunes."
His attention had been on her and no one else.,Son attention s'était portée sur elle et sur personne d'autre.,Son attention était sur elle et sur personne d'autre.
"?"" He asks.",demande-il.,Ça ?
"For a moment, Devyn considered taking a look at the notebook on the couch next to her to find out what she was working on, only to decide against it since that would probably end with him feeling like the biggest asshole alive when that bottom lip started trembling and she sadly mumbled, ""My notebook.""","Pendant un instant, Devyn envisagea de jeter un coup d'œil au carnet posé sur le canapé à côté d'elle pour savoir sur quoi elle travaillait, mais il décida de ne pas le faire parce qu'il finirait probablement par se sentir comme le plus grand connard lorsque sa lèvre inférieure se mettrait à trembler et qu'elle marmonnerait tristement : ""mon carnet.""","Devyn envisagea de regarder le cahier sur le canapé à côté d'elle pour voir ce qu'elle travaillait, mais il décida de ne pas le faire, car cela finirait probablement par le faire sentir comme le plus grand con du monde lorsque son lèvre inférieure commença à trembler et qu'elle marmonna tristement :"
"""I didn't know you made a habit of riding out storms.""",Je ne savais pas que tu avais l'habitude de traverser les tempêtes.,Ça m'était inconnue que tu faisais l'habitude de passer les tempêtes.
"""I don't know,"" she said, raising her voice over the sound of the water.","Je ne sais pas, dit-elle en élevant la voix au-dessus du bruit de l'eau.","Ça, je ne sais pas, dit-elle, levant la voix au-dessus du bruit de l'eau."
"""Then you should probably answer quickly,"" he said, not really looking all that concerned that she was about to create a memory that neither one of them would ever forget.","Alors, tu devrais probablement répondre rapidement, dit-il, ne semblant pas vraiment préoccupé par le fait qu'elle était sur le point de créer un souvenir que ni l'un ni l'autre n'oublierait jamais.","Ça veut dire que tu devrais répondre rapidement, dit-il, sans avoir l'air vraiment inquiet qu'elle allait créer une mémoire qu'ils ne oublieront jamais."
"""I'd just found out my little sister has cancer!"" The teen screams, startling the room.",Je viens d'apprendre que ma petite sœur a un cancer !,"Ça, c'est que j'ai découvert que ma petite sœur a le cancer !"
Dyer is unreasonably handsome.,Dyer est d'une beauté démesurée.,Ça fait un peu trop de beau pour Dyer.
"Hoping that this would be quick, Andi opened the door only to find a large man standing in the hallway.","En espérant que ce serait rapide, Andi ouvrit la porte et trouva un homme imposant qui se tenait dans le couloir.","Espérant que ce serait rapide, Andi ouvrit la porte pour découvrir un homme de taille imposante dans le couloir."
"""If you stay, I do too.","Si tu restes, je reste aussi.","Si tu restes, je reste aussi."
"He swipes at it, but another soon takes its place.","Il l'essuie, mais une autre prend rapidement sa place.","Ça se déplace, mais un autre le remplace rapidement."
"Besides, it gives me time to think.","Et puis, ça me laisse le temps de réfléchir.",Ça me donne du temps pour penser.
"His grip on me is light, but it burns hot.","Son emprise sur moi est légère, mais elle est brûlante.","Ça me prend doucement, mais brûle comme du feu."
"""You have to admit, it was a smart move to blame me.",Tu dois admettre que c'était une bonne idée de m'accuser.,"Ça fait bien, tu dois admettre que c'était une bonne idée de me blâmer."
"When I first landed on America's shores, I'd had high hopes of becoming a music journalist.","Lorsque j'ai débarqué sur le sol américain, j'avais le grand espoir de devenir journaliste musical.","Ça fait déjà longtemps que je suis arrivé sur les rivages américains, et j'avais de grandes ambitions de devenir journaliste musical."
"I snatch up the rest of my things, and then I walk out of  John's bedroom.",Je ramasse le reste de mes affaires et je sors de la chambre de John.,"Je ramasse le reste de mes affaires, puis je quitte la chambre de John."
"But if he does, then he'll see how desperately I want him to do just that.","Mais s'il le fait, il verra à quel point j'ai désespérément envie qu'il le fasse.","Ça ne signifie pas qu'il ne le fera pas, mais s'il le fait, il verra à quel point je veux qu'il le fasse."
"He's such a sweetheart, so tender and gentle, and yet so powerful.","Il est si gentil, si tendre et si doux, et pourtant si puissant.","Ça fait si bien, il est si doux, si tendre et si doux, et pourtant si puissant."
He remembered how much he loved the ocean before the accident.,Il se souvient à quel point il aimait l'océan avant l'accident.,Ça lui rappelait à quel point il aimait l'océan avant l'accident.
You would have been collateral damage if I hadn't been able to rescue you.,Tu aurais été un dommage collatéral si je n'avais pas pu te sauver.,Ça aurait été une collatéralité si je n'avais pas pu te sauver.
"They look rather cozy, actually.","Ils ont l'air plutôt sympathiques, en fait.","Ça a l'air assez confortable, en fait."
Like he's using me to test waters he's been afraid to swim in for whatever reason.,Comme s'il m'utilisait pour tester des eaux dans lesquelles il a peur de nager pour une raison ou une autre.,"Ça lui semble comme s'il utilisait mon corps pour tester les eaux qu'il avait peur de nager, pour quelque raison que ce soit."
Her mouth barely moved as she spoke.,Sa bouche bougeait à peine lorsqu'elle parla.,Son bouche ne bougeait que très peu lorsqu'elle parlait.
"""Right now, Roman Palms is renting their ballroom space for the Winter Wonderland and a few other low attendance events at a fraction of the price because it's easier, but it's costing them in the long run,"" Andi explained as he took the iPad from her and swiped through the file, taking a closer look at the numbers.","En ce moment, Roman Palms loue sa salle de bal pour le Winter Wonderland et quelques autres événements peu fréquentés à une fraction du prix normal parce que c'est plus facile, mais ça leur coûte cher à long terme, expliqua Andi en lui prenant l'iPad et en parcourant le fichier, examinant les chiffres de plus près.","Ça coûte cher, mais c'est plus facile, expliqua Andi en prenant l'iPad à elle et en faisant glisser la page, s'attardant à regarder les chiffres."
I don't have complete control over my body at the moment.,Je n'ai pas le contrôle total de mon corps en ce moment.,Je n'ai pas le contrôle complet de mon corps en ce moment.
"You act like you know him.""",Tu agis comme si tu le connaissais.,Ça va comme si tu le connaissais.
The Hollywood Hearts Series:,La série Hollywood Hearts :,La série des cœurs d'Hollywood :
"The room fills up rapidly around us, its dark walnut tables wobbling under the weight of glasses, dishes, and errant elbows.","La salle se remplit rapidement autour de nous, les tables en noyer sombre vacillent sous le poids des verres, de la vaisselle et des coups de coude.","La pièce se remplit rapidement autour de nous, ses tables en noyer tremblent sous le poids de verres, de plats et d'épaules errantes."
But she didn't say that.,Mais elle n'avait pas dit ça.,"Ça, elle ne l'a pas dit."
"Of course, he'd keep it all for himself.","Bien sûr, il garderait tout pour lui.",Ça va sans dire qu'il garderait tout pour lui.
"""Yeah,"" he grunts into my neck.","Oui, grogne-t-il dans mon cou.","Ça va, grogne-t-il dans mon cou."
It was all you could do when the air ran out.,C'est tout ce qu'on peut faire quand il n'y a plus d'air.,Ça était tout ce que tu pouvais faire quand l'air s'était épuisé.
And then he's racked by a choking sob that takes him to his knees.,Puis un sanglot étouffé le fait tomber à genoux.,Et puis il est pris d'un gémissement qui le fait tomber à genoux.
"Maybe tomorrow if there isn't much damage from the weather.""",Peut-être demain s'il n'y a pas trop de dégâts,Ça pourrait être demain si le temps est clément.
I'll take him as a faux pirate since the real ones need baths and a dentist anyway.,Je le considérerai comme un faux pirate puisque les vrais ont de toute façon besoin d'un bain et d'un dentiste.,"Ça me semble un faux pirate, car les vrais en ont besoin d'un bain et d'un dentiste."
"Wait until my mother hears about you trying to kill me.""",Attends que ma mère apprenne que tu as essayé de me tuer.,Ça vaudra à toi d'attendre que ma mère apprenne que tu as essayé de me tuer.
"He'd gone years without touching a woman, but the thought of going even one day without touching her...","Il avait passé des années sans toucher une femme, mais l'idée de passer ne serait-ce qu'un jour sans la toucher...","Ça faisait des années qu'il n'avait pas touché une femme, mais l'idée de passer un jour sans la toucher..."
"His are dark, darker than I've ever seen them, the pupils completely blown.","Les siens sont sombres, plus sombres que je ne les ai jamais vus, les pupilles complètement dilatées.","Ça fait des années que je ne les ai pas vus aussi sombres, les pupilles complètement dilatées."
"I've never ordered your pimento cheese, but it tastes different than what I've had before.""","Je n'ai jamais commandé ton fromage pimenté, mais il a un goût différent de ceux que j'ai déjà mangé.",Ça a un goût différent de ce que j'ai déjà goûté.
It's the question glaring at me from the top of my screen.,C'est la question qui m'interpelle en haut de mon écran.,Ça est la question qui me regarde de haut de mon écran.
"""Why do I have a feeling that this is about more than just a job?""",Pourquoi ai-je l'impression qu'il s'agit de bien plus qu'un simple travail,Ça me donne l'impression que ce n'est pas seulement un travail qui est en jeu ici ?
"""Let's get the last window on this side done.",Nous allons terminer la dernière fenêtre de ce côté.,Ça fait un moment que je veux faire la fenêtre de la dernière pièce.
"A flash of a distant transformer going, and then memories burned in his stomach like a whirlpool.","Un éclair venant d'un transformateur lointain qui se mettait en marche, puis des souvenirs brûlèrent dans son l'estomac comme un tourbillon.","Ça faisait un flash d'un transformateur qui s'éteignait, puis des souvenirs brûlaient dans son estomac comme un tourbillon."
"The strong flame flickered in his sight, the remnants of his tears making halo rainbows around the flame.","La forte flamme vacilla sous ses yeux, les restes de ses larmes formant des arcs-en-ciel autour de la flamme.","L'étincelle de feu se faufilait dans son champ de vision, les restes de ses larmes formant des arcs-en-ciel autour de la flamme."
"""Luke was about seven, I think.","Luke avait environ sept ans, je crois.","Ça faisait environ sept ans, je pense."
"The little place felt more like a home than anywhere she'd lived, and she wasn't ready to leave it behind.","Ce petit endroit ressemblait plus à un foyer que n'importe quel autre endroit où elle avait vécu, et elle n'était pas prête à le laisser derrière elle.","Ça ressemblait plus à un foyer qu'à un appartement, et elle n'était pas prête à l'abandonner."
"""I didn't want to delay the project,"" she mumbled sadly only to open her eyes and glare at the man who'd quickly become like a big brother to her over the past year and seemed to really enjoy tormenting her when he muttered, ""Pain in the ass.""","Je ne voulais pas retarder le projet, marmonna-t-elle tristement, avant d'ouvrir les yeux et de fixer l'homme qui était rapidement devenu un grand frère pour elle au cours de l'année écoulée et qui prenait plaisir à la tourmenter en marmonnant : ""Casse-pieds"".","Ça ne me plaisait pas, marmonna-t-elle tristement, avant d'ouvrir les yeux et de le regarder avec un air menaçant, alors que l'homme qui avait rapidement devenu comme un grand frère pour elle au cours de l'année précédente et semblait vraiment apprécier de la torturer, murmura :"
"""That's not really an answer,"" Andi said as she carefully slipped her feet back into her shoes.","Ce n'est pas vraiment une réponse, dit Andi alors qu'elle remettait avec précaution ses chaussures.","Ça ne fait pas vraiment réponse, dit Andi alors qu'elle remettait prudemment ses pieds dans ses chaussures."
Where were all the birds?,Où étaient tous les oiseaux ?,Ça faisait si longtemps qu'on ne voyait plus de vol de pigeons.
"I'm very, very busy, you know.","Je suis très, très occupé, tu sais.","Ça fait très longtemps que je suis très, très occupé, tu sais."
It was going to be an easy cleanup with no water damage to contend with.,Le nettoyage allait être facile et il n'y aurait pas de dégâts des eaux à déplorer.,"Ça allait être un nettoyage facile, sans dommages causés par l'eau à contester."
John and I?,John et moi ?,Ça fait référence à John et moi ?
My parents already thought I was obsessed.,Mes parents pensaient déjà que j'étais obsédé.,"Ça ne les a pas convaincu, pensaient mes parents que je suis obsédé."
A cool wave slid over her feet and her tail throbbed.,Une vague fraîche glissa sur ses pieds et sa queue palpita.,Une vague froide glissa sur ses pieds et sa queue battait.
"She leaned into him, relishing the warmth and safety of his hug.","Elle se pencha vers lui, savourant la chaleur et la sécurité de son étreinte.","Elle s'approcha de lui, savourant la chaleur et la sécurité de son bras."
"""But of course you'd be a butterfly.""",Mais bien sûr que tu deviendras un papillon.,Ça va sans dire que tu serais un papillon.
"Before I know it, I've closed the door and grabbed him from behind.","Avant même de m'en rendre compte, j'ai refermé la porte et je l'ai attrapé par derrière.",Ça ne me prend pas longtemps à me rendre compte que j'ai fermé la porte et l'ai attrapé de derrière.
I was busy boarding up the windows and closing the storm shutters.,J'étais occupé à barricader les fenêtres et à fermer les volets.,Ça faisait du temps que je calfeutrais les fenêtres et que je fermais les volets.
"He's clearly educated, and I've seen his patience in action.",Il est manifestement instruit et j'ai vu sa patience à l'œuvre.,"Ça est clair qu'il est éduqué, et j'ai vu sa patience en action."
"He looked so stressed, Andi thought as she lay there, watching Devyn as he worked on the couch that he'd dragged in here to keep an eye on her because apparently, he had trust issues and-","Il paraissait tellement stressé, pensa Andi alors qu'elle était allongée là, regardant Devyn travailler sur le canapé qu'il avait traîné ici pour garder un œil sur elle parce qu'apparemment, il avait des problèmes de confiance et...","Ça lui donnait tant de stress, pensa Andi en se reposant, regardant Devyn travailler sur le canapé qu'il avait ramené ici pour garder un œil sur elle, car apparemment il avait des problèmes de confiance et..."
Gulls shrieked warnings in the distance.,Des goélands criaient des avertissements au loin.,Les goélands criaient des avertissements à distance.
"She's strong in her convictions, anyone with eyes can see it.","Elle est tient droite dans ses bottes, n'importe qui avec des yeux peut le voir.","Ça fait un an que je la connais, et je peux dire qu'elle est forte en ses convictions, tout le monde peut le voir."
The men didn't need to cross paths.,Les deux hommes n'avaient pas besoin de se croiser.,Ça ne fallait pas qu'ils se croisent.
It's romantic.,C'est romantique.,Ça a l'air romantique.
"After handing the keys to the valet, Devyn, who kept sending her accusing glares, led her inside the incredibly beautiful hotel lobby.","Après avoir remis les clés au voiturier, Devyn, qui ne cessait de lui lancer des regards accusateurs, la conduisit à l'intérieur du hall de l'hôtel, d'une beauté incroyable.","Après avoir remis les clés au valet, Devyn, qui continuait de la regarder avec des regards accusateurs, la mena à l'intérieur de l'hôtel, dont le hall était incroyablement beau."
Maybe this Patrick was the reason.,Peut-être que ce Patrick en était la raison.,Ça pourrait être la raison de ce Patrick.
"""I thought you were resting.",Je croyais que tu te reposais.,Ça me semblait que tu reposais.
"He took her mouth in his, taking in the sweetness of her breath and the yielding fullness of her lips.","Il prit sa bouche dans la sienne, profitant de la douceur de son souffle et de la souplesse de ses lèvres.",Ça lui donnait la sensation de respirer la douceur de son souffle et de la pleine lèvre.
"He should give her one last kiss goodbye and head for the door, but...","Il devrait lui donner un dernier baiser d'adieu et se diriger vers la porte, mais...","Ça lui fallait donner un dernier baiser et partir à travers la porte, mais..."
"I can't describe the noise I make, part newborn kitten, part whiny toddler.","Je ne peux décrire le bruit que je fais, on dirait à la fois un chaton nouveau-né et un enfant pleurnichard.","Ça ne se décrit pas, c'est un miaulement de chaton, un gémissement de petit enfant."
"""Are you ready to tell me what happened between you two?""",Es-tu prêt à me dire ce qui s'est passé entre vous deux ?,Êtes-vous prêt à me dire ce qui s'est passé entre vous deux ?
Pterodactyls take up residence in my gut.,Des ptérodactyles s'installent dans mes tripes.,Ça fait des années que des ptérodactyles s'installent dans mon intestin.
"Dizzied, she couldn't separate Chase's licks from his nibbles, and she fell over the edge in one frantic shout.","Étourdie, elle n'arrivait pas à distinguer les coups de langue de Chase de ses mordillements, et elle tomba dans le vide en poussant un cri frénétique.","Ça la déboussolait, elle ne pouvait pas séparer les lézards de Chase des mordillons, et elle tomba à l'abîme en un cri frénétique."
"Who has time to bake bread anymore?""",Qui a encore le temps de faire du pain ?,Ça fait des années que je n'ai plus le temps de faire du pain.
"I hold up a hand, hating the fact that it wobbles.","Je lève une main, détestant le fait qu'elle tremble.","Je lève une main, me haïssant pour ce qu'elle tremble."
"LPs, CDs, and rare box sets, both vinyl and digital.","Des vinyles, des CD et des coffrets rares, tant en vinyle qu'en numérique.","33 tours, CDs et boîtes rares, en vinyle et en numérique."
"""This is Frankie L, and I'm here to take you on a journey.",Je suis Frankie L. et je suis là pour vous faire voyager.,Ça s'appelle Frankie L et je suis là pour vous emmener sur un voyage.
"""While I was taking a look at Roman Palms Hotel's files, I got curious about a few things, mostly about their off-months,"" she began as he took the hint and sat up only to release a small grunt when she climbed between his legs and grabbed the iPad back out of his hands so that she could take over.","Pendant que je jetais un coup d'œil aux dossiers de l'hôtel Roman Palms, j'ai été curieuse de certaines choses, surtout à propos de leurs mois creux, commença-t-elle.","Ça fait un moment que je me suis occupé des dossiers du Roman Palms Hotel, et j'ai commencé à me poser des questions, surtout sur leurs mois d'arrêt, dit-elle alors qu'il prit le bruit et se redressa, mais il fit un petit grognement lorsqu'elle s'installa entre ses jambes et lui arracha l'iPad des mains pour prendre le contrôle."
"But yeah, I'm pretty sure we're going to end up naked.","Mais oui, je suis presque sûr que nous allons finir nus.","Ça va, je suis assez sûr que nous allons finir nu."
"She'd gotten a little sad, mostly because she'd never known her dad.","Elle s'était sentie un peu triste, surtout parce qu'elle n'avait jamais connu son père.","Ça lui avait fait un peu de tristesse, surtout parce qu'elle n'avait jamais connu son père."
"How'd you get through high school?""",Comment as-tu fait pour survivre les années lycée ?,"Ça va, ça va, ça va, ça va, ça va, ça va, ça va, ça va, ça va, ça va, ça va, ça va, ça va, ça va, ça va, ça va, ça va, ça va, ça va, ça va, ça va, ça va, ça va, ça va, ça va, ça va, ça va, ça va, ça va, ça va, ça va, ça va,"
"""Give me what I want, Frankie,"" John growls.","Donne-moi ce que je veux, Frankie, grogne John.","Ça va, Frankie, dit John, grommelant."
"""That's not what I'm focusing on right now,"" I mutter.","Ce n'est pas ce sur quoi je me concentre en ce moment, murmuré-je.","Ça n'est pas ce que je me concentre sur le moment, murmuré-je."
"He hopped off the barstool and grabbed all the dishes with the finesse of a longtime waiter, stacking everything on his forearm and parading to the kitchen door.","Il sauta du tabouret et attrapa toute la vaisselle avec la dextérité d'un serveur expérimenté, empilant le tout sur son avant-bras et se dirigeant vers la porte de la cuisine.","Ça lui fit sauter du barstool et il attrapa tous les plats avec la finesse d'un serveur expérimenté, les empilant sur son avant-bras et faisant une promenade jusqu'à la porte de la cuisine."
"""Forgot we don't have lights.",J'ai oublié que nous n'avions pas de lumière.,Ça nous est échappé que nous n'avons pas de lumières.
"""I'll..."" I try to swallow and end up coughing.",J'essaie d'avaler ma salive et je finis par tousser.,Ça... je vais... essayer de déglutir et je finis par m'éternuer.
"Looks like you're done.""",On dirait que tu as fini.,Ça semble que tu aies fini.
Doing hurricane prep.,Je prépare l'arrivée de l'ouragan.,Ça fait partie des préparatifs pour une tempête.
"""I..."" I shake my head, trying to laugh off this, whatever it is.","Je secoue la tête, essayant de rire de tout ça, peu importe ce que c'est.","Ça... Je secoue la tête, essayant de rire de tout ça."
He's practically dead on his feet tonight.,Il est pratiquement mort de fatigue ce soir.,Ça fait presque un mort sur les pieds ce soir.
He had to stay strong for her.,Il devait rester fort pour elle.,Ça lui fallait rester fort pour elle.
"""Trust me, there's nothing wrong with this deal.","Fais-moi confiance, il n'y a rien qui cloche avec ce contrat.","Ça va, tu peux me faire confiance, il n'y a rien de mal avec ce contrat."
"At the first gush of his warm breath on me, I buck hard.","À la première bouffée de son souffle chaud sur moi, je me cabre.","À la première gorgée de son souffle chaud sur moi, je recoil hardi."
"""So?"" She turned to look over the sound at the sun slung low in the sky.",Alors... Elle se tourna pour regarder le soleil bas dans le ciel.,Ça va ?
"When John frowns, I continue.","Devant le froncement de sourcils de John, je poursuis.","Quand John fronce les sourcils, je continue."
It's a distraction.,C'est une sacrée distraction.,Ça sert de distraction.
"He's not looking at me, his eyes are trained on the ceiling.","Il ne me regarde pas, ses yeux sont rivés au plafond.","Ça ne me regarde pas, ses yeux sont fixés sur le plafond."
"They walked without talking, Mari whistling what sounded like a mash-up of Jingle Bells and America, the Beautiful, and Chase trying to keep up with her brisk pace.","Ils marchaient sans parler, Mari sifflant ce qui ressemblait à un mélange de Jingle Bells et d'America, the Beautiful, et Chase essayant de suivre son rythme rapide.","Ça marchait sans qu'ils parlent, Mari sifflant ce qui sonnait comme un mash-up de Jingle Bells et America, le beau pays, et Chase essayant de tenir le pas avec sa cadence rapide."
"He's been up all night, and it shows.",Il n'a pas dormi de la nuit et cela se voit.,"Ça fait une nuit qu'il est réveillé, et ça le montre."
We've never even exchanged contact information.,Nous n'avons jamais échangé nos coordonnées.,Ça ne nous a jamais permis d'échanger nos numéros de téléphone.
"It is a lie.""",C'est un mensonge.,Ça fait un mensonge.
"""Hey, John, good to see you again.""","Hé, John, content de te revoir !","Ça va, John, c'est sympa de te revoir."
"He set the dishes on the counter, then headed to the bar.",Il posa les plats sur le comptoir et se dirigea vers le bar.,"Ça, il posa sur le comptoir, puis il se dirigea vers le bar."
Blood dripped onto his shirt.,Du sang coulait sur son tee-shirt.,Le sang s'écoulait sur son chemisier.
"If Amelia had survived, then there were lots of part-mer, part-humans out there on Chase's family tree.","Si Amelia avait survécu, c'est qu'il y avait beaucoup de métis de sirènes et d'humains dans l'arbre généalogique de Chase.","Si Amelia avait survécu, il y avait beaucoup de mi-sirenes, mi-humains sur l'arbre généalogique de Chase."
"""Oh, no,"" he says, and his laugh is...not bitter, it's a laugh of disbelief.","Oh, non ! dit-il, et son rire n'est pas amer, c'est un rire d'incrédulité.","Ça, non, dit-il, et son rire n'est pas amère, c'est un rire de désespoir."
I often wonder if she's got hidden cameras.,Je me demande souvent si elle a des caméras cachées.,Ça me fait souvent penser qu'elle a des caméras cachées.
"So much wind.""",Il y a tellement de vent.,Ça fait si fort vent.
"""I was almost killed by a tourist attraction.""",J'ai failli être tuée par une attraction touristique.,"Ça m'a presque tué, une attraction touristique."
"Within seconds, his gaze went from panicked to determined.","En quelques secondes, son regard passa de la panique à la détermination.",Ça ne lui a pas fallu plus de quelques secondes pour passer de paniqué à déterminé.
"In fact, he looks like he hasn't slept since primary school.","En fait, on dirait qu'il n'a pas dormi depuis l'école primaire.",Ça fait en fait l'effet qu'il n'ait pas dormi depuis l'école primaire.
"""Sure, there's a balcony just off the guest bedroom.""","Bien sûr, il y a un balcon dans la chambre d'amis.","Ça va, il y a un balcon juste à côté de la chambre d'hôte."
"In the meantime, I try to stick to mornings at the school district.""","En attendant, j'essaie de m'en tenir aux matinées à l'école...",Ça me donne le temps de me concentrer sur les matins à l'école.
"Step by step, he drew closer.","Pas à pas, il se rapprocha.","Ça va de pas en pas, il s'approchait."
"There are stars behind my eyes, and a whirring sound in my ears, followed by pounding in my ribcage.","J'ai des étoiles derrière les yeux et un bourdonnement dans les oreilles, suivi d'un martèlement dans la cage thoracique.","Ça fait des étoiles derrière mes yeux, un bruit de tourbillon dans mes oreilles, suivi d'un battement de cœur dans ma poitrine."
Wasn't that the legend?,N'est-ce pas ce que disait la légende ?,Ça faisait partie de la légende ?
"""I enjoy those things,"" he says, a frown over his beautiful eyes.","J'aime ces instants-là, dit-il en fronçant les sourcils.","Ça me plaît, dit-il, un froncement de sourcils sur ses beaux yeux."
"""So, I couldn't help but notice that there was a lovely hotel on the way here,"" Andi pointed out, already reaching for her phone.","Je n'ai pas pu m'empêcher de remarquer qu'il y avait un bel hôtel sur le chemin, souligna Andi, en attrapant déjà son téléphone.","Ça m'a fait remarquer que j'avais vu un beau hôtel sur le chemin, dit Andi, déjà en train de prendre son téléphone."
"""I did,"" he readily agreed as he began caressing the back of her hand with his thumb.","C'est vrai, reconnut-il volontiers en commençant à caresser le dos de sa main avec son pouce.","Ça, oui, il répondit tout de suite en commençant à caresser le dos de sa main avec son pouce."
She peered out the window and whistled Jingle Bells under her breath.,Elle jeta un coup d'œil par la fenêtre et siffla doucement Jingle Bells.,"Ça lui faisait peur, elle regarda à travers la fenêtre et siffla discrètement Jingle Bells."
"John toes out of his Skechers and lifts, first one leg, then the other as I strip him of his jeans.","John enlève ses Skechers et soulève d'abord une jambe, puis l'autre, tandis que je le débarrasse de son jean.","John sort de ses Skechers et soulève, d'abord une jambe, puis l'autre, tandis que je lui enlève ses jeans."
"""I'm going to try,"" Nicholas said, his lips twitching with amusement as he helped himself to another slice of bacon.","Je vais essayer, dit Nicholas, ses lèvres se tordant d'amusement tandis qu'il se servait une autre tranche de bacon.","Ça va être une tentative, dit Nicholas, ses lèvres se plissent de rire alors qu'il prenait une autre tranche de bacon."
"Amelia swam into the still waters, and when she saw Christopher, she lifted her arms like she wanted to board the ship.","Amelia avait nagé dans les eaux calmes, et quand elle avait vu Christopher, elle avait levé les bras comme si elle voulait monter à bord.","Amelia plongea dans les eaux calmes, et lorsqu'elle vit Christopher, elle leva les bras comme s'il s'agissait d'embarquer sur le bateau."
"""...wasn't a homophobic asshat?",... n'était pas un connard homophobe ?,Ça n'était pas un putain d'homophobe ?
"""I'll leave you to negotiate that with John,"" Gayle answers as she gathers her things to go.","J'te laisse négocier ça 'vec John, répond Gayle en rassemblant ses affaires pour partir.","Ça, je laisse à toi de négocier avec John, répond Gayle en rassemblant ses affaires pour partir."
That look has me trembling.,Ce regard me fait trembler.,Ça me fait trembler.
"Besides, if anything happens, I'll be right there to keep you safe,"" Travis said as she forced herself to look away from Devyn, wondering what the hell was wrong with her.","De plus, si quelque chose devait arriver, je serai là pour vous protéger, déclara Travis alors qu'elle s'efforçait de détourner le regard de Devyn, se demandant ce qui n'allait pas chez elle.","Ça va, si quelque chose arrive, je serai là pour te protéger, dit Travis alors qu'elle se forçait à se détourner de Devyn, se demandant ce qu'il lui arrivait."
I don't have to tell him twice.,Je n'ai pas besoin de le lui dire deux fois.,Ça ne me faut pas de le dire deux fois.
"Thunder echoed in the distance and stalks of bright lightning dropped out of the sky near the horizon, momentarily lighting up the surface of the ocean like polished silver.","Le tonnerre résonnait au loin et des éclairs brillants tombaient du ciel près de l'horizon, illuminant momentanément la surface de l'océan comme de l'argent poli.","Çailloler de tonnerre retentit à l'horizon et des éclairs lumineux s'abattaient sur le ciel, près de l'horizon, éclairant momentanément la surface de l'océan comme du argent poli."
Seemed like baseball was always on lately.,On aurait dit que le baseball était toujours à l'écran ces derniers temps.,Ça semblait que le baseball soit toujours diffusé récemment.
"I hear the tell-tale snick of the cap of a bottle, and then cold liquid drips down my crease.","J'entends le bruit caractéristique du bouchon de bouteille qu'on ouvre, puis un liquide froid coule le long de mon pli.","Ça fait un cliquetis, c'est le bouchon d'une bouteille qui se détache, puis un liquide froid s'écoule dans ma fente."
"Before she could finish the sentence that promised to break the perfection of the moment, he tipped her chin higher and grazed her lips with his.","Avant qu'elle ne puisse terminer la phrase qui promettait de briser la perfection du moment, il lui fit relever le menton et effleura ses lèvres.","Avant qu'elle ne puisse terminer la phrase qui promettait de rompre la perfection du moment, il élévata le menton et la caressera avec ses lèvres."
"The setting sun streamed across the park, casting long shadows of rides onto the empty beach like an invading army of giant insects.","Le soleil couchant traversa le parc, projetant de longues ombres de manèges sur la plage vide, telle une armée envahissante d'insectes géants.","L'après-midi, le soleil s'éteignait au-dessus du parc, projetant de longues ombres des attractions sur la plage vide, comme une armée d'insectes géants envahissant la plage."
She loved the way the light streaked across his angry eyes like a flash of lightning over a dark sea.,"Elle aimait la façon dont la lumière traversait ses yeux en colère, comme un éclair sur une mer sombre.",Ça lui plaisait de voir la lumière traverser ses yeux en colère comme une éclair de tonnerre sur une mer sombre.
"I'm fuller than I've ever been, stretched and aching with a pleasure I can barely process.","Je n'ai jamais été aussi rempli, étiré et endolori par un plaisir que j'ai du mal à assimiler.","Ça me remplit de plaisir, je suis étiré et me sens aiguillé par un plaisir que je ne peux que difficilement assimiler."
"""I'm sorry you had to leave a job you loved, the place you grew up,"" I say, and I mean it.","Je suis désolé que tu aies dû quitter un travail que tu aimais, l'endroit où tu as grandi, dis-je, et je le pense vraiment.","Ça me fait peur que tu aies dû quitter un travail que tu aimais, le lieu où tu as grandi, dis-je, et je le dis avec sincérité."
"It's the least I can do.""",C'est le moins que je puisse faire.,"Ça, c'est le moins que je puisse faire."
Her heart thumped and she whistled the Imperial March from Star Wars.,Son cœur battait la chamade et elle siffla la Marche impériale de La Guerre des étoiles.,Son cœur battait de la peur et elle s'entonna de la marche impériale de Star Wars.
"He lifted her chin and kissed her, his lips pressing against hers in fervent desire.","Il lui souleva le menton et l'embrassa, ses lèvres se pressant contre les siennes dans un désir fervent.","Il souleva son menton et l'embrassa, ses lèvres s'accrochant à les siennes avec un désir fervent."
"""I love seeing you wearing that necklace,"" he murmured.","J'aime te voir porter ce collier, murmura-t-il.","Ça me fait plaisir de te voir avec ce collier, murmura-t-il."
"""So, I think I figured it out,"" Andi said, already completely fucking lost in whatever was on the iPad that she'd managed to get her hands on as she rolled onto her back.","Ah, j'ai trouvé, dit Andi, déjà complètement perdue dans ce qu'il y avait sur l'iPad sur lequel elle avait réussi à mettre la main, alors qu'elle se roulait sur le dos.","Ça va, je pense avoir compris, dit Andi, déjà complètement perdue dans ce qui était sur l'iPad qu'elle avait réussi à attraper alors qu'elle se retournait sur le dos."
"""We'd better get to work.""",Nous ferions mieux de nous mettre au travail.,Ça fait mieux de travailler.
His voice pours over me like melted chocolate.,Sa voix se déverse sur moi comme du chocolat fondu.,Sa voix s'épanche sur moi comme du chocolat fondu.
"I'm sure they made the best decision, given the conditions.""","Je suis sûre qu'ils ont pris la meilleure décision, compte tenu des conditions.","Ça me semble qu'ils ont pris la meilleure décision, compte tenu des conditions."
"I don't know how long we stand in my doorway, but I eventually slip out of his arms and lead him over to the couch.","Je ne sais pas combien de temps nous sommes restés sur le seuil de ma porte, mais j'ai fini par me défaire de son étreinte et je le conduis jusqu'au canapé.","Je ne sais pas combien de temps nous restons debout dans mon portail, mais je finis par me détacher de ses bras et le mène jusqu'au canapé."
"""I can't give you what you need.",Je ne peux pas te donner ce dont tu as besoin.,"Ça, je ne peux pas t'en donner."
"""I guess you weren't kidding about the whole birthright thing.""",Je suppose que tu ne plaisantais pas à propos de l'héritage culturel.,Ça veut dire que tu n'as pas joué avec la question du droit de naissance.
"I have the overwhelming urge to kiss him there, and so I do.","J'ai une envie irrésistible de l'embrasser à cet endroit, et c'est ce que je fais.","Ça me donne l'envie de le baiser là-bas, et je le fais."
"Whether she had hidden it, or he hadn't looked closely enough to see it, he didn't know.","Qu'elle l'ait cachée ou qu'il ne l'ait pas regardée d'assez près pour la voir, il ne le savait pas.","Ça pouvait être qu'elle l'avait caché, ou qu'il n'avait pas regardé de près pour la voir, il ne le savait pas."
I don't think I've ever met anyone so ready to experience joy.,Je crois que je n'ai jamais rencontré quelqu'un d'aussi enclin à éprouver de la joie.,Ça me semble que je n'ai jamais rencontré quelqu'un aussi prêt à vivre le plaisir.
Mari leaned over to see.,Mari se pencha pour voir.,Mari se pencha pour voir.
She was always at the hospital.,Elle était toujours à l'hôpital.,Ça faisait des années qu'elle était à l'hôpital.
It probably saved me.,Elle m'a probablement sauvé.,Ça m'a probablement sauvé.
"A bit worried about the storm, yeah.""","Je suis un peu inquiète à cause de la tempête, c'est tout.","Ça fait un peu peur de la tempête, oui."
No sign of Inna anywhere.,Aucune trace d'Inna.,Pas de signe d'Inna nulle part.
"He's blinking up at the ceiling, and he's gone quiet.","Il cligne des yeux en regardant le plafond, et il est devenu silencieux.",Ça fait un moment qu'il est en train de cligner les paupières vers le plafond et qu'il est tombé dans le silence.
"""I'd go for a swim if I didn't worry about all the debris in the water.""",J'irai bien nager si je ne m'inquiétais pas de tous les débris dans l'eau.,Ça me ferait plaisir de me baigner si je ne me souciais pas des débris dans l'eau.
"Can't you get out of the contract?""",Tu ne peux pas rompre ce contrat ?,Ça ne te fait pas possible de sortir du contrat ?
"Determined to ignore it, she cleared her throat, slapped a smile on her face and watched as Devyn's eyes narrowed on her as he reached over and plucked the phone out of her hand.","Déterminée à l'ignorer, elle se racla la gorge, afficha un sourire et regarda Devyn qui, les yeux rivés sur elle, s'approcha et lui enleva le téléphone des mains.","Ça l'avait bien fait, elle se débarrassa de sa gorge sèche, posa un sourire sur ses lèvres et regarda Devyn qui fixa ses yeux sur elle alors qu'il tendait la main et attrapait le téléphone dans la sienne."
"""More,"" he responds.","Plus, répond-il.","Ça, c'est encore trop, répond-il."
"""Oh yes, we'll be married.","Oh oui, nous nous marierons.","Ça va être un mariage, dit-elle."
Will there be?,Y en aura-t-il ?,Ça y sera ?
He winced as a streak of pain shot through his face at her touch.,Il grimaça lorsqu'un trait de douleur traversa son visage à son contact.,Ça lui fit grimacer lorsqu'une traînée de douleur traversa son visage à son contact.
"It only takes one breach, and there'll be water and mess all over the bar.""",Il suffit d'une brèche pour qu'il y ait de l'eau et des dégâts partout dans le bar.,Ça suffit d'une brèche pour qu'il y ait de l'eau et du brouillard partout dans le bar.
"It's a necessity.""",C'est une nécessité.,Ça est une nécessité.
My focus is on the Big Plates section of the menu until John's voice rumbles across the table.,Je me concentre sur la catégorie des grandes assiettes sur le menu jusqu'à ce que la voix de John retentisse à l'autre bout de la table.,Je me concentre sur la section des Plats de la Carte jusqu'à ce que la voix de John traverse la table.
"""We talked about that,"" Andi pointed out as she googled Hillshire Hotels to see how they were holding up after yesterday, only to swallow hard when she saw the first headline.","Nous en avions déjà parlé, fit-elle remarquer, tout en cherchant sur Google ""Hôtels Hillshire"" pour voir comment ils s'en sortaient depuis la veille","Ça a été abordé, fit remarquer Andi en cherchant les Hôtels Hillshire sur Google pour voir comment ils se portaient après hier, mais elle avala difficilement lorsqu'elle vit la première ligne d'un article."
"He'd never made promises, never offered more than he could give, and it was never anything that he couldn't live without, but God help him, he knew that he'd lose his fucking mind if he had to live without this.","Il n'avait jamais fait de promesses, n'avait jamais offert plus que ce qu'il pouvait donner, et ce n'était jamais quelque chose dont il ne pouvait pas se passer, mais que Dieu lui vienne en aide, il savait qu'il perdrait la tête s'il devait se passer de ça.","Ça ne l'avait jamais fait, il n'avait jamais offert plus qu'il ne pouvait donner, et c'était toujours quelque chose qu'il pouvait vivre sans, mais Dieu l'aide, il savait qu'il perdrait sa tête s'il devait vivre sans ça."
"He reached up and took down the mermaid sun catcher, then set it gently into the box, surrounding it with packing material.","Il tendit le bras et décrocha l'attrape-soleil en forme de sirène, puis le déposa délicatement dans la boîte, en l'entourant de papier bulle.","Ça lui arrivait de prendre la pendule en main et de la poser dans la boîte, l'entourant de matériel de remplissage."
Never knew what I was missing until now.,Je n'ai jamais su ce qui me manquait jusqu'à présent.,Ça me manquait sans que je le sache.
"Good-looking, hard-working, and sensitive, he was all that.","Beau, travailleur et sensible, il était tout cela.","Ça va, il était beau, travailleur et sensible, il en avait tout."
"He grinned and lowered himself to her, his warm skin setting her afire more.","Il sourit et s'approcha d'elle, sa peau déjà chaude s'enflammant encore plus.","Ça lui fit grimacer et il s'approcha d'elle, sa peau chaude la faisant brûler encore plus."
"""I really don't think that I can do this,"" Andi stressed as she continued taking in the room that they were expected to stay in.","Je ne pense vraiment pas que je puisse le faire, souligna Andi en continuant d'observer la pièce dans laquelle ils sont censés séjourner.","Ça, je ne pense vraiment pas que je puisse le faire, souligna Andi en continuant à regarder la pièce où ils devaient rester."
"""You like me when I'm hard,"" he says, laughing.","Tu aimes quand je suis dur, réplique-t-il en riant.","Ça me plaît quand je suis dur, dit-il en riant."
I need to know what's going through that enigmatic head of his.,J'ai besoin de savoir ce qui se passe dans sa tête énigmatique.,Ça me faut pour savoir ce qui passe dans cette tête enigmatique.
"""Are you worried you won't get off the island before the storm hits?""",Tu as peur de ne pas pouvoir quitter l'île avant la tempête ?,Êtes-vous inquiet de ne pas quitter l'île avant que la tempête ne frappe ?
"She'd saved him from death, for goodness sake.","Elle l'avait sauvé de la mort, pour l'amour du ciel.","Ça fait un miracle, elle l'a sauvé de la mort."
"""Which is why I contacted Hillshire Hotels and asked them to send the files again when I let them know that you weren't going to be able to make it to New York to meet with their CEO.",C'est pourquoi j'ai contacté les Hôtels Hillshire pour qu'ils me renvoient une copie des dossiers et leur dire que vous ne pourriez pas vous rendre à New York pour rencontrer leurs PDG.,Ça explique pourquoi j'ai contacté les Hôtels Hillshire et j'ai demandé à leur envoyer à nouveau les fichiers lorsque j'ai appris que vous ne pourriez pas vous rendre à New York pour rencontrer leur PDG.
"He had a good crew.""",Il avait un bon équipage.,Ça faisait une bonne équipe.
She could swim another day.,Elle pourrait nager un autre jour.,Ça lui permettrait de nager encore un jour.
"""It is and it isn't,"" she said, worrying her bottom lip between her teeth, wondering why she couldn't seem to figure out what she wanted.","Ça l'est et ça ne l'est pas, dit-elle, mordillant sa lèvre inférieure entre ses dents, se demandant pourquoi elle n'arrivait pas à comprendre ce qu'elle voulait","Ça l'est et ça ne l'est pas, dit-elle en mordillant sa lèvre inférieure, se demandant pourquoi elle ne parvenait pas à se décider à ce qu'elle voulait."
And it's pretty far-fetched.,Et elle est assez farfelue.,Ça est assez improbable.
"Seize this moment and hold it tight because we never know what the next moment's going to bring.""",Saisir ce moment et le serrer fort parce qu'on ne sait jamais ce que le moment suivant va nous apporter.,"Ça fait partie de la vie, de sa beauté et de sa douleur."
"Until that terrible day, he'd always been able to protect his younger brother.","Jusqu'à ce jour terrible, il avait toujours été capable de protéger son jeune frère.","Ça durait depuis toujours, il avait toujours pu protéger son frère cadet."
Looks like it started with Christopher.,On dirait que ça a commencé avec Christopher.,Ça semble que ça a commencé avec Christopher.
She didn't want him feeling bound to her because she'd saved him or because he was physically attracted to her.,Elle ne voulait pas qu'il se sente lié à elle parce qu'elle l'avait sauvé ou parce qu'il était physiquement attiré par elle.,Ça ne devait pas l'empêcher de se sentir lié à elle parce qu'elle l'avait sauvé ou parce qu'il était physiquement attiré par elle.
"I'm fucking Johnny like an animal, getting closer to God, using the rhythm of the music to drive us both insane.","Je baise Johnny comme un animal, me rapprochant de Dieu, utilisant le rythme de la musique pour nous rendre tous les deux fous.","Ça me fait baiser Johnny comme un animal, je me rapproche de Dieu, j'utilise le rythme de la musique pour nous rendre tous deux fous."
"Inna was waiting, and he didn't like to wait.","Inna attendait, et il n'aimait pas attendre.","Ça faisait attendre Inna, et il ne supportait pas attendre."
"She was surely tired too, but she hadn't complained a bit.","Elle aussi devait sûrement être fatiguée, mais elle ne s'était pas plainte.","Ça lui avait certainement fait fatigue, mais elle n'avait pas fait le moindre plaint."
"He bent his head, and her lips met his with a slow kiss.",Il pencha la tête et ses lèvres rencontrèrent les siennes dans un lent baiser.,"Ça se pencha, et ses lèvres se joignirent à la sienne pour un baiser lent."
A large percentage of guests going to the Winter Wonderland in January are only going to kill time and the others are locals just going so that their children can go on the ice slides.,Une grande partie des visiteurs qui se rendent au Winter Wonderland en janvier n'y vont que pour tuer le temps et les autres sont des locaux qui viennent juste pour que leurs enfants puissent faire des glissades sur la glace.,Un grand pourcentage des invités de l'Hiver Magique en janvier vont seulement passer du temps et les autres sont des locaux qui vont simplement pour que leurs enfants puissent glisser sur les glissades.
I can't believe I hadn't noticed when the music stopped.,Je ne peux pas croire que je n'ai pas remarqué que la musique s'était arrêtée.,Ça me fait peur de ne pas avoir remarqué que la musique s'était arrêtée.
"And although John isn't technically a virgin, I can't help but feel like I'm about to deflower him.","Et bien que John ne soit pas techniquement vierge, je ne peux m'empêcher de penser que je suis sur le point de le déflorer.","Et bien que John ne soit pas techniquement vierge, je ne peux m'empêcher de me sentir comme si je vais le déflorer."
"""Why can't you leave us all alone?",Pourquoi ne pouvez-vous pas nous laisser tranquilles ?,Ça te fait quoi ?
"Again, with the stupid.","Encore une fois, c'est stupide.",Ça fait encore un stupide.
"He believed me for years.""",Il m'a cru pendant des années.,Ça a duré des années.
"The only thing I hear is my pounding heart, our mingled breaths, and the snick-snick-snick of...","La seule chose que j'entends, c'est mon cœur qui bat la chamade, nos respirations qui se mélangent et le bruit de...","Ça ne fait que je sente mon cœur battre, nos souffles se mêler, et le cliquetis de..."
"Sure, he'd enjoyed swimming in the oceanspent a couple years diving on WWII wrecks for the US Navy.","Bien sûr, il avait aimé nager dans l'océan  il avait passé quelques années à plonger à l'intérieur d'épaves de la Seconde Guerre mondiale pour l'US Navy.","Ça, il l'avait bien aimé, nager dans les océans  il avait passé deux ans à plonger sur les épaves de la Seconde Guerre mondiale pour la Marine américaine."
"""Doesn't look like she got the message,"" Lucas said, sounding amused.","On dirait bien qu'elle ne l'a pas compris, rétorqua Lucas avec amusement.","Ça ne semble pas qu'elle ait compris le message, dit Lucas, l'air amusé."
"""I think some of the other guys plan to come by the bar to help, so I don't have to have you here, but there'll be work if you want it.""","Je pense que d'autres gars ont prévu de venir au bar pour aider, donc tu n'es pas obligé de venir, mais il y aura du travail si tu le veux.","Ça me semble que certains des autres viennent aider au bar, donc je ne dois pas avoir besoin de toi, mais il y aura du travail si tu veux."
She shielded her eyes from the bright sun and strained to see if she recognized the dark figure approaching from the northern section of the beach.,Elle se protégea les yeux du soleil et s'efforça de reconnaître la silhouette sombre qui s'approchait de la partie nord de la plage.,Elle se protégea des rayons du soleil et s'efforça de voir si elle reconnaissait la silhouette sombre qui approchait depuis la partie nord de la plage.
"Did you know the 1893 fair in Chicago was the celebration of four hundred years since Columbus landed?""",Savais-tu que la foire de 1893 à Chicago célébrait les quatre cents ans du débarquement de Christophe Colomb ?,Ça te dit que la Foire de 1893 à Chicago était une célébration des quatre cents ans depuis le débarquement de Christophe Colomb ?
"Against his mates' recommendations, he threw the rope ladder over the side and she came aboard.","Contre les recommandations de ses compagnons, il avait jeté l'échelle de corde par-dessus bord et elle était montée à bord.","Contre les conseils de ses camarades, il jeta la échelle de sauvetage par-dessus bord et elle monta à bord."
"""Carta Hotels' board has decided after careful consideration that it might be in their best interest to find someone who shares their vision,"" Devyn said, looking lost in thought as he absently drummed his fingertips against the armrest.","Les membres du conseil d'administration des Hôtels Carta ont décidé, après mûre réflexion, qu'il était dans leur intérêt de chercher quelqu'un qui partageait leur vision, dit Devyn semblant perdu dans ses pensées alors que ses doigts pianotaient distraitement sur le l'accoudoir du canapé.","Ça fait un moment que le conseil d'administration des Hôtels Carta a décidé, après une réflexion soigneuse, qu'il serait dans leur meilleur intérêt de trouver quelqu'un qui partage leur vision, dit Devyn, perdu dans ses pensées alors qu'il tapait distraitement ses doigts contre le dossier de l'ascenseur."
"""I quit!"" she managed to get out before returning to mumbling, ""We're going to die!"" over and over again as she released the cutest fucking sniffles while he did his best to stop fucking smiling.","Elle réussit à dire : ""Je démissionne !"" avant de se remettre à marmonner : ""On va mourir !», encore et encore, en lâchant un reniflement des plus mignons, tandis qu'il faisait de son mieux pour arrêter de sourire.","Ça suffit !, put-elle s'écrier avant de retourner à marmonner : ""Nous allons mourir !"", ""Nous allons mourir !"", ""Nous allons mourir !"", tout en dégonflant le plus adorable putotage, tandis qu'il faisait son possible pour arrêter de sourire."
"How would he tell her that he wanted to stay on the island, wanted to take a chance with her?","Comment allait-il lui dire qu'il voulait rester sur l'île, qu'il voulait tenter sa chance avec elle ?",Ça lui aurait fallu de l'avoir dit à la façon dont il l'avait dit à son père.
"John...I don't know what he's doing, but he is looking at me, and suddenly I feel exposed.","je ne sais pas ce qu'il fait, mais il me regarde, et soudain, je me sens exposé.","John... je ne sais pas quoi il fait, mais il me regarde, et soudain je me sens exposé."
"I also found the emails and letters from Hillshire Hotels to the fake account that Mr. Anderson set up, informing him of the hotel's dire situation.","J'ai également trouvé les e-mails et les lettres envoyés par les Hôtels Hillshire au faux compte créé par M. Anderson, l'informant de la situation désastreuse de l'hôtel.","Je me suis aussi servi des e-mails et des lettres des Hôtels Hillshire adressés au compte fictif que M. Anderson avait créé, pour lui informer de la situation désastreuse du hôtel."
"We'd sometimes grab a bite to eat afterward.""",Nous allions parfois manger un morceau après.,Ça faisait parfois que nous allions manger quelque chose après.
"""I assume he felt obligated to finish out his contract as privateer.",Je suppose qu'il s'était senti obligé de terminer son contrat de corsaire.,Ça me fait supposer qu'il se sentait obligé de terminer son contrat de corsaire.
Of course she could read.,"Bien sûr, qu'elle savait lire.",Ça va sans dire qu'elle pouvait lire.
Too bad diverboy hadn't shown any instalove back.,Dommage que le plongeur n'ait pas eu le coup de foudre en retour.,Ça me fait mal que diverboy n'ait pas montré d'instalove.
Is that heat in his voice?,Y a-t-il de la chaleur dans sa voix ?,Ça fait chaud dans sa voix ?
"It's a hot day, but inevitably cooler up here than it would be in the city.","Il fait chaud, mais il fait indéniablement plus frais ici qu'en ville.","Ça fait chaud, mais il est inévitablement plus frais ici qu'à la ville."
"""Well, this was fun,"" Andi said brightly with a satisfied sigh as she made her way back to the elevator.","Eh bien, c'était amusant, dit Andi avec un soupir de satisfaction en retournant vers l'ascenseur.","Ça a été amusant, dit Andi avec un soupir satisfait en retournant vers l'ascenseur."
"""I like you too much, I think.""","Je t'aime trop, je crois.","Ça me plaît trop, je pense."
Even more unusual up in New Bromley.,C'est encore plus rare à New Bromley.,Ça fait encore plus d'un coup à New Bromley.
"""We're well equipped for dark, then.""","Nous sommes bien équipés pour la nuit, alors.",Ça veut dire que nous sommes bien équipés pour la nuit.
"He poked at it with a piece of driftwood, trying to see if it had tentacles, but all that was left were stubsmost had been sheared off as the tide brought the jellyfish to shore.""","Il la toucha avec un morceau de bois flotté, essayant de voir si elle avait des tentacules, mais il ne restait que des bouts  la plupart avaient été arrachés quand la marée avait ramené la méduse sur le rivage.",Ça avait des tentacules ?
Chase had taken the money and built the bar.,Chase avait pris l'argent et construit le bar.,Chase avait pris l'argent et construit le bar.
"As long as I'm with you, everything will be fine.""","Tant que je serai avec toi, tout ira bien.","Ça va rester comme ça, tant que je serai avec toi."
"""I'll have your name added to the list,"" he promised, making a mental note to put her name on the list if she was still here at the end of the week.","Je ferais ajouter votre nom à la liste, promit-il, en le notant dans un coin de sa tête au cas où elle travaillait encore là d'ici la fin de la semaine.","Ça va être ajouté à la liste, promit-il, se faisant une note mentale pour ajouter son nom à la liste si elle était encore là à la fin de la semaine."
"""Looks like he passed out,"" the guard said.","On dirait qu'il s'est évanoui, dit le garde.","Ça semble qu'il ait perdu connaissance, dit le gardien."
"Not enough places to hide.""",Il n'y a pas assez d'endroits où se cacher.,Ça ne suffit pas pour se cacher.
"""You'd be surprised.",Tu pourrais être surpris.,Ça te surprendrait.
John nudges my shoulder when one woman tells me she earned her bachelor's degree listening to me while she studied.,John me donne un coup d'épaule lorsqu'une femme me dit qu'elle a obtenu sa licence en m'écoutant pendant qu'elle étudiait.,Ça fait rire John quand une femme me dit qu'elle a obtenu son bac en l'écoutant tout en étudiant.
Or no shirt.,Ou sans chemise aussi.,Ça veut dire qu'il n'a pas de chemise.
"It's as if all the weeks and months of wanting him or trying not to want him, have coalesced into an incessant need.",C'est comme si toutes les semaines et les mois passés à le désirer ou à essayer de ne pas le désirer s'étaient transformés en un besoin incessant.,"Ça semble comme si toutes les semaines et les mois pendant lesquelles je le désirais ou que je ne le désirais pas, se sont concentrées en un besoin incessant."
Too close.,Trop proche.,Ça fait trop près.
I'll hide in the dune grassI want to hear you break his heart.,"Je me cacherai dans les dunes, je veux t'entendre lui briser le cœur.",Ça me fera plaisir de te cacher dans l'herbe des dunes.
"He was her boss and she was a complication that he didn't need right now, Devyn reminded himself only to realize that he didn't care.","Il était son patron et elle était une complication dont il n'avait pas besoin en ce moment, se rappela Devyn juste pour se rendre compte qu'il s'en fichait.","Ça faisait partie de son travail et elle était une complication qu'il n'avait pas besoin d'aujourd'hui, se rappela Devyn, pour réaliser qu'il ne s'en faisait pas."
"""Saturday works.""","Samedi, ça marche.",Ça va samedi.
He pulled out his razor and cream.,Il sortit son rasoir et sa crème de rasage.,"Ça, c'est un rasoir et un crème."
Appreciate it.,L'apprécier.,Ça me plaît.
"Making a mental note about that for later, he set it aside only to frown when he saw the financial report beneath it.","Il le nota mentalement pour plus tard et la mit de côté, mais fronça les sourcils en voyant le rapport financier qui se trouvait en dessous.","Ça lui fit un mental note pour plus tard, mais il le déposa pour froncer les sourcils lorsqu'il vit le rapport financier sous lui."
Inna's head snapped up.,La tête d'Inna se releva d'un coup.,Ça fit lever le front d'Inna.
The picture was a total diversion.,Le tableau était une véritable diversion.,Ça faisait totalement diversion.
"""Careful,"" he says as I step over the edge.","Attention, dit-il alors que j'enjambe le bord.","Ça va, dit-il alors que je passe à l'extérieur."
"You've taken that thing a million times.""",Tu l'as pris un million de fois.,"Ça, tu l'as pris un million de fois."
"""Just ignore him,"" she said with a conspiratorial wink and smile.","Ignorez-le simplement, dit-elle avec un clin d'œil complice et un sourire.","Ça, ignore-le, dit-elle avec un clin d'œil et un sourire conspirateurs."
All Mine Series:,Série All Mine :,La série All Mine :
How could he consider this?,Comment pouvait-il envisager cela ?,Ça lui était possible ?
"""Since I was the one that introduced you, yes.""","Oui, puisque c'est moi qui vous ai présenté.","Ça fait que je suis le seul à avoir introduit les deux, donc oui."
"""Me too,"" he says and kisses me gently.","Moi aussi, dit-il en m'embrassant doucement.","Ça m'arrive aussi, dit-il en me embrassant doucement."
"And I don't see him again until the air starts to cool, and the leaves begin to change color.",Et je ne l'ai plus revu jusqu'à ce que l'air commence à se rafraîchir et que les feuilles commencent à changer de couleur.,"Ça fait des mois que je ne le vois plus, et je ne le revois pas jusqu'à ce que l'air commence à se refroidir et que les feuilles commencent à changer de couleur."
"""It's a lot of work.""",C'est beaucoup de travail.,Ça fait beaucoup de travail.
"""Clearly, it likes you too.""","Manifestement, tu lui plais aussi.","Ça t'aime aussi, clairement."
"In real life, he was better than any fantasy, and things were simply too perfect.","Dans la vraie vie, il était mieux que dans n'importe quel fantasme, et les choses étaient tout simplement trop parfaites.","Ça faisait partie de la réalité, et il était meilleur que tout ce qu'elle avait pu imaginer, et les choses étaient trop parfaites."
"""You mean your room,"" Lucas pointed out as Devyn sat there, clenching his jaw as he met his best friend's gaze head-on.","Tu veux dire ta chambre, fit remarquer Lucas alors que Devyn s'asseyait, serrant la mâchoire alors qu'il croisait le regard de son meilleur ami.","Ça veut dire ta chambre, remarqua Lucas alors que Devyn s'asseyait là, serrant sa mâchoire tandis qu'il rencontrait le regard de son meilleur ami."
My patience is thin.,Ma patience a atteint ses limites.,Ça fait que ma patience est mince.
"Oh gods, how long had he been watching?","Mon Dieu, depuis combien de temps regardait","Ô dieux, depuis combien de temps les observait-il ?"
"""And we don't know when the portrait was paintedwhether it was before he disappeared, or afterward, on Amelia's direction.","Et nous ne savons pas quand le portrait a été peint, si c'était avant sa disparition, ou après, sur les instructions d'Amelia.","Et nous ne savons pas quand le portrait a été peint, si c'était avant qu'il disparaisse, ou après, à la demande d'Amelia."
"He raised his gaze to meet hers, and for a moment, ""spend the night"" took on a whole new meaning.","Il leva son regard pour rencontrer le sien et, pendant un instant, ""passer la nuit"" prit une toute nouvelle signification.","Ça lui fit lever le regard pour rencontrer le sien, et pendant un instant, ""passer la nuit"" prit un tout nouveau sens."
"""You can spend next Christmas with my family,"" she said with a firm nod as though that settled everything.","Tu peux venir passer le prochain Noël avec ma famille, dit-elle avec un hochement de tête ferme, comme si ça réglait tout.","Ça veut dire que tu pourras passer les fêtes de Noël avec ma famille, dit-elle avec un geste affirmatif, comme si tout était résolu."
"""Ditch the shoes,"" Chase said.","Enlève tes chaussures, dit Chase.","Ça va, jette les chaussures, dit Chase."
He pulled her farther under him.,Il l'attira plus loin sous lui.,Ça l'attira plus loin sous lui.
"""The park, silly.","Le parc, idiot.","Ça, le parc, idiot."
"Christ, out of all the women that he'd sent to lure the bastard, the secretaries, assistants, and that fucking hooker, and the woman that had finally brought him to his knees was a small woman who had no fucking idea what she was getting herself into.","Bon sang, parmi toutes les femmes qu'il avait envoyé pour appâter ce salaud, les secrétaires, les assistantes, et cette putain de prostituée, celle qui l'avait finalement mis à genoux était une petite femme qui n'avait aucune putain d'idée de ce dans quoi elle s'engageait.","Ça, de toutes les femmes qu'il avait envoyées pour attirer ce salaud, les secrétaires, les assistantes, et cette putain de putain, et la femme qui l'avait finalement amené à ses genoux était une petite femme qui n'avait aucune idée de ce qu'elle se faisait."
"That looked confident, didn't it?","Elle avait l'air sûre d'elle, n'est-ce pas ?","Ça avait l'air confiant, n'est-ce pas ?"
"""I'll walk you out.""",Je vais te raccompagner.,"Ça, je te le ferai."
"I want to engage him, to bring back the cheeky inquisitive guy that used to grab lunch with me every other day.","Je veux le faire parler, faire revenir le curieux insolent qui avait l'habitude de déjeuner avec moi tous les deux jours.","Ça me fait envie de l'engager, de ramener le garçon curieux qui prenait le déjeuner avec moi tous les deux jours."
My skin there is on fire.,"Ma peau, à cet endroit, est en feu.",Ça me brûle la peau.
"""I try to get the early classes, so I can be done by early afternoon.""",J'essaie de prendre les premiers cours pour pouvoir terminer en début d'après-midi.,Ça me permet d'avoir fini d'enseigner avant l'après-midi.
"A butterscotch leather jacket hangs off his frame like it was made for him, and the burgundy button-down he has on underneath makes the copper and red highlights in his beard pop.","Une veste en cuir caramel lui colle à la peau comme si elle avait été conçue pour lui, et la chemise bordeaux qu'il porte en dessous fait ressortir les reflets cuivrés et rouges de sa barbe.","Un gilet en cuir brun clair pend de son cadre comme s'il était fait pour lui, et le chemisier burgundy qu'il porte sous le gilet met en valeur les reflets rouge et cuivré de sa barbe."
Then sing her heart out.,Puis chanter à tue-tête.,"Ça, chante-toi le cœur."
At least I try to.,"Du moins, j'essaie.",Ça fait du moins que je tente.
"Too many times, he'd stopped himself.","Trop de fois, il s'en était empêché.",Ça lui était arrivé trop souvent.
"It's not my smile, so I tamp down my jealousy.","Ce n'est pas mon sourire, alors j'étouffe ma jalousie.","Ça n'est pas mon sourire, je réprime donc mon jalousie."
"Oh, and you make soup.","Oh, et tu fais de la soupe.","Ça, et tu fais de la soupe."
"Dyer rolls his lips inward as I eye him, and I can't help but poke at him.","Les lèvres de Dyer se retroussent quand je le regarde, et je ne peux pas m'empêcher d'insister.","Dyer roule ses lèvres vers l'intérieur alors que je l'observe, et je ne peux m'empêcher de le piquer."
"Clearing his throat uncomfortably, Thomas Brandon, assistant manager of the Carta Castle Hotel, said, ""He quit.""","Se raclant la gorge, Thomas Brandon, directeur adjoint de l'hôtel Carta Castle, déclara :","Ça lui faisait mal de racler sa gorge, Thomas Brandon, adjoint au directeur de l'Hôtel Carta Castle, dit :"
"""As soon as possible.""",Dès que possible.,Ça va être bientôt.
His eyes no doubt follow John around the room just as mine do.,"Ses yeux suivent sans doute John dans la pièce, tout comme les miens.","Ça fait sans doute que ses yeux suivent John dans la pièce, comme les mien."
"Based on what they'd said, he'd been hoping that she would be able to quickly adapt to her new role, but so far, it wasn't working out.","En se basant sur ce qui lui avait été dit, il espérait qu'Andi s'adapterait rapidement à son nouveau poste ;","Ça se passait bien, pensait-il, d'après ce qu'ils avaient dit, mais pour l'instant, elle ne parvenait pas à s'adapter à son nouveau rôle."
"""Analog is so much warmer than digital,"" I say.","L'analogique est tellement plus chaleureux que le numérique, dis-je.","Ça fait si chaud, dit-je."
"""I loved my mother.",J'aimais ma mère.,"Je t'aime, mère."
That had been met with a horrified look and a slight trembling of her bottom lip that had him quickly promising never to touch her notebook again.,Ça lui avait valu un regard horrifié et un léger tremblement de sa lèvre inférieure qui avait rapidement fait promettre à Devyn de ne plus jamais y toucher.,"Ça avait été rencontré par un regard horrifié et un léger tremblement de sa lèvre inférieure, ce qui l'avait amené à promettre de ne plus jamais toucher son carnet."
"He'd been given two years to turn this mess around, and so far, he'd been able to surpass every expectation, but now that his contract was set to expire in a few months, Devyn was having a hell of a time getting anything done with every assistant that he hired quitting and making his life a hell of a lot harder than it needed to be.","mais maintenant que son contrat allait expirer d'ici quelques mois, Devyn peinait beaucoup à faire avancer les choses, toutes ses assistantes qui démissionnaient lui rendait la vie beaucoup plus difficile qu'elle n'aurait dû l'être.","Ça faisait deux ans qu'il avait été donné deux ans pour redresser la situation, et il avait déjà dépassé toutes les attentes, mais maintenant que son contrat expirait dans quelques mois, Devyn avait du mal à faire quelque chose, car chaque assistante qu'il embauchait quittait et rendait sa vie bien plus difficile qu'elle ne devait l'être."
Better to get the evening over with and worry about the bar tomorrow.,Il valait mieux en finir avec cette soirée et se préoccuper du bar demain.,Ça vaut mieux que de passer la soirée à se soucier du bar.
"The slightest of pulls from his hand on my nape has me leaning down to him, but he stops my descent before I can touch my lips to his.","La moindre traction de sa main sur ma nuque me fait me pencher vers lui, mais il arrête ma descente avant que je ne puisse toucher ses lèvres.","Ça ne fait qu'un léger tir de sa main sur mon cou a m'incliner vers lui, mais il arrête mon mouvement avant que je ne puisse toucher mes lèvres à ses."
"Dyer's right, I haven't spoken to him, or anyone, about what's happening between John and me.","Dyer a raison, je ne lui ai pas parlé  ni à personne d'ailleurs  de ce qui se passe entre John et moi.","Ça va, Dyer, je n'ai pas parlé à personne, ni à John, de ce qui se passe entre nous."
"""And you have to tell him you don't love himnever did.""","Et tu dois lui dire que tu ne l'aimes pas, que tu ne l'as jamais aimé.",Ça veut dire que tu dois lui dire que tu ne l'aimes pas  tu n'en aimes pas.
"Slowly, I turn my head.","Lentement, je tourne la tête.",Je tourne lentement la tête.
"John's words should make me feel better, but they don't.","Les mots de John devraient me rassurer, mais ce n'est pas le cas.","Ça devrait me faire mieux, mais cela ne se passe pas."
"She'd wanted to ask him why he'd gotten it, since she first saw it after Luke's death, but it seemed like such an intimate question.","Elle avait voulu lui demander pourquoi il se l'était fait faire, depuis qu'elle l'avait vu pour la première fois après la mort de Luke, mais la question lui avait semblé si intime.","Ça lui avait fait envie de lui demander pourquoi il l'avait acheté, car elle l'avait vu pour la première fois après la mort de Luke, mais ça semblait si intime."
Quiet time?,Du temps calme ?,Ça fait du temps que tu es calme ?
Anger darkens the green of his eyes from emerald to forest.,La colère assombrit le vert de ses yeux qui passent de l'émeraude à la forêt.,"L'anger noircit le vert de ses yeux, de l'émeraude au vert de forêt."
He didn't know.,Il ne savait pas.,Ça ne lui disait rien.
"""Don't speak to my daughter with disrespect.",Ne manqua pas de respect à ma fille.,Ne parle pas à ma fille avec dédain.
Nine Inch Nails fills my head.,Nine Inch Nails remplit ma tête.,9 Inch Nails remplit ma tête.
"I feel the flood of warmth and wet surround my cock as I pulse, spilling into the condom.","Je sens le flot de chaleur et d'humidité entourer ma bite alors que je pulse, me déversant dans le préservatif.","Je sens l'inondation de chaleur et de humidité qui entoure mon coche lorsque je pousse, jetant mon sperme dans le préservatif."
This wasn't just about sex.,Il ne s'agissait pas seulement de sexe.,Ça n'était pas juste une question de sexe.
"Instead, he fucked off to God knows where.","Au lieu de cela, il s'est barré Dieu sait où.","Ça, c'est qu'il s'est enfui à Dieu sait où."
"He'd better switch to the cheaper stuff soon, or he'd regret drinking up his reserve stash.","Il ferait mieux de passer bientôt aux bouteilles moins chères, sinon il regretterait d'avoir épuisé sa réserve.","Ça lui faudrait bien passer à la bonbane, sinon il regretterait de boire sa réserve."
But it's a peaceful walk that not many people know about.,Mais c'est une promenade paisible que peu de gens connaissent.,Ça fait une promenade paisible que peu de personnes connaissent.
You got a fucking virgin!,Tu as un putain de puceau !,Ça fait un putain de vierge !
"Swallowing hard, he listened as Andi quietly tiptoed throughout the small apartment, shutting lights off as she went and then-","Déglutissant, il écouta Andi marcher sur la pointe des pieds dans le petit appartement, éteignant les lumières au fur et à mesure, puis...","Çaillant, il écouta Andi se glisser discrètement dans l'appartement, éteignant les lumières à mesure qu'elle avançait, puis..."
"Wherever you go, I'll be watching you.","Où que tu ailles, je te surveille.","Ça ne change rien, je te suivrai partout."
"""Right now, I'm occupied with these eight.""","Pour l'instant, je suis occupé par ces vingt centimètres là.","Ça, pour l'instant, je me préoccupe de ces huit."
"He slammed her against the covered window, pressing his body against the length of hers.","Il la plaqua contre la fenêtre barricadée, pressant tout son corps contre le sien.","Ça l'a jetée contre la fenêtre couverte, pressant son corps contre la longueur de la sienne."
That's worth celebrating.,Cela vaut la peine d'être célébré.,Ça vaut une fête.
The tattoo that marked her as mermaid.,Le tatouage qui la marquait comme sirène.,Ça faisait partie du tatouage qui la marquait comme sirène.
The deep-blue sky burst with hints of orange where the sun hung low in the west.,Le ciel d'un bleu profond se teintait d'orange là où le soleil était bas à l'ouest.,Le ciel bleu profond se fendait de reflets d'orange où le soleil s'abaisait à l'ouest.
Like they had a connection beyond the present.,Comme s'ils avaient une connexion au-delà du présent.,Ça faisait comme si ils avaient une connexion au-delà du présent.
I scroll down and find one story that has a video.,Je fais défiler l'écran et trouve un article avec une vidéo.,Je descends et trouve un article qui a un vidéo.
"The muscle tenses under my palm, and I drop my arm to my side, sighing inwardly.",Le muscle se crispe sous ma paume et je laisse tomber mon bras sur le côté en soupirant intérieurement.,"L'muscle se tend sous ma paume, et je laisse tomber mon bras à mon côté, soupirant à l'intérieur."
"""I need one more thing,"" Chase said.","J'ai besoin d'une dernière chose, dit Chase.","Ça me manque d'une chose, dit Chase."
"Their cousins, the Sirens, sang a song and trapped a man.","Leurs cousines, les harpies, chantaient une chanson pour piéger les hommes.",Les cousines des Sirenes chantaient une chanson et piégeaient un homme.
"""Look at me, Mari,"" he said, squeezing her knee.","Regarde-moi, Mari, dit-il en lui pressant le genou.","Ça me regarde, Mari, dit-il en lui pressant le genou."
One thing was for certain.,Une chose était sûre.,Ça était certain.
"""No, the regular had a family emergency.""","Non, le DJ habituel a eu une urgence familiale.","Non, le régulier avait une urgence familiale."
Who in the twenty-first century doesn't Google someone after meeting them?,"Qui, au vingt-et-unième siècle, ne cherche pas quelqu'un sur Google après l'avoir rencontré ?",Ça fait qui ne cherche pas sur Google quelqu'un après l'avoir rencontré ?
"Unless there's a ghost tattoo artist around the island, I swear I don't know where these tattoos keep coming from.""","A moins qu'il n'y ait un tatoueur fantôme sur l'île, je jure que je ne sais pas d'où viennent ces tatouages.","Ça ne me fait pas de peur, mais je ne sais pas d'où viennent ces tatouages."
"I can't move, don't want to, and John seems content to have me covering him.","Je ne peux pas bouger, je n'en ai pas envie, et John semble satisfait que je sois sur lui.","Ça me fait mal, je ne veux pas bouger, et John semble satisfait d'avoir un couvert."
"As his skin heats, his earthy musk hits my senses, making my mouth water.","Au fur et à mesure que sa peau se réchauffe, son odeur de musc et de terre s'impose à mes sens et me met l'eau à la bouche.","Ça fait chauffer sa peau, son musc terreux me parvient, me faisant saliver."
"I was unhappy.""",J'étais malheureux.,Ça m'avait rendu malheureux.
LOCAL HIGH SCHOOL TEACHER ARRESTED ON SUSPICION OF SEX WITH STUDENT,UN ENSEIGNANT D'UN LYCÉE LOCAL ARRÊTÉ POUR SUSPICION DE RELATIONS SEXUELLES AVEC UNE ÉLÈVE,Un enseignant d'un lycée local est arrêté sur suspicion de relations sexuelles avec un élève.
"""What's this?"" I ask, removing the paper, though I already know.","demandé-je en retirant le papier, bien que je le sache déjà.","Ça, qu'est-ce que c'est ?"
"""Oh, you mean he'd tell you his moods.",Tu veux dire qu'il te disait son humeur.,Ça veut dire qu'il te dirait ses humeurs.
"When I call Dyer and ask him to sit in on my shift, he only hesitates for a moment before agreeing.","Lorsque j'appelle Dyer pour lui demander de me remplacer, il hésite un instant avant d'accepter.","Quand je contacte Dyer et lui demande de venir me remplacer, il hésite un instant avant d'accepter."
"He stood, dabbing his eye with the ice pack.",Il se leva et se tamponna l'œil avec la poche de glace.,"Ça se passe bien, dit-il en se secouant l'œil avec le sac de glace."
"Why is it suddenly hot out here, has summer returned in the last hour or so?","Pourquoi fait-il soudain chaud ici, l'été serait-il revenu depuis une heure ?","Ça fait subitement chaud ici, l'été est-il revenu pendant les dernières heures ?"
"This time, Travis led her through the large hole in the side of the ship, making her smile as she watched yellow, orange, and blue fish race out the other side, following Travis as he made his way back up to the surface and-","Cette fois, Travis la fit passer à travers le grand trou sur le flanc du navire, la faisant sourire en regardant des poissons jaunes, oranges et bleus sortir de l'autre côté, suivant Travis alors qu'il remontait à la surface et...","Ça faisait un moment qu'ils étaient sous l'eau, et Travis l'avait amenée à travers la grande brèche dans le côté du navire, ce qui lui avait fait sourire en regardant des poissons jaunes, oranges et bleus s'enfuir de l'autre côté, suivant Travis qui se dirigeait vers la surface et..."
"He follows them down to the floor and helps me step out of, first my Vans sneakers, and then the denim.","Il le suit jusqu'au sol et m'aide à enlever d'abord mes baskets Vans, puis le jean.","Ça va, je les suivrai jusqu'au sol et je te ferai sortir, d'abord mes chaussures de marque Vans, puis le denim."
"""Shut up, woman.""","Tais-toi, femme.","Ça suffit, femme."
"She was going to spend the rest of her life telling herself that it was good enough, she thought, deciding that definitely earned another heartfelt sigh.","Elle allait passer le reste de sa vie à se dire que c'était suffisant, pensa-t-elle, décidant que ça valait bien un autre soupir du fond du cœur.","Ça allait lui servir de base pour le reste de sa vie, pensa-t-elle, décidant qu'elle méritait un autre soupir sincère."
"And then, after finally accepting the painful realization that I'll never see the man again, it sure is a shock to the system when he walks into Nicki's house during her annual fall mixer.","Et puis, après avoir finalement accepté la dure réalité que je ne reverrai jamais cet homme, ça m'a fait un vrai choc lorsqu'il entre dans la maison de Nicki lors de sa soirée annuelle d'automne.","Et puis, après avoir enfin accepté la réalité douloureuse de ne plus jamais voir l'homme, c'est une véritable surprise pour le système lorsqu'il entre dans la maison de Nicki lors de son annuel mélange d'automne."
He spoke her thoughts aloud.,Il exprima ses pensées à voix haute.,Ça lui passait par la tête.
He'd thought about that a lot and just how badly he wanted to do it again.,Il avait souvent repensé à cela et à quel point il avait envie de le refaire.,Ça lui était souvent passé par la tête et à quel point il voulait le faire encore.
"And this nightmare will be over.""",Et ce cauchemar sera terminé.,Ça finira de faire un rêve.
"She stared at him as he tried to maneuver partway down the sand-covered stairs, and his pulse raced at the scrutiny.","Elle le dévisagea alors qu'il tentait de descendre les marches couvertes de sable, et son pouls s'accéléra à l'examen minutieux de la situation.","Ça lui faisait peur, il essayait de descendre à mi-chemin des marches couvertes de sable, et son pouls s'accélérait sous son regard."
"Still, I can't say I'm not disappointed that we won't be strolling hand-in-hand through the fair.","Pourtant, je ne peux pas dire que je ne suis pas déçu que nous ne nous promenions pas main dans la main à travers la foire.","Ça dit, je ne peux pas dire que je ne suis pas déçu de ne pas pouvoir promener la main dans la main à travers la foire."
The day had been a cacophony of noises from wind to Inna to rain to cheesy music.,"La journée avait été une cacophonie de bruits, du vent à Inna, de la pluie à la musique ringarde.","Ça avait été un cacophonie de bruits, du vent à Inna, de la pluie à de la musique câline."
"Aren't those reasons enough?""",Ces raisons ne sont-elles pas suffisantes ?,Ça ne suffit-il pas ?
Inna wasn't going to mess things up with Chase.,Inna n'allait pas tout gâcher avec Chase.,Ça ne faisait pas de bon pour Inna de gâcher les choses avec Chase.
"Now, there was no chance of saving Chase from Inna's angerhe had every mer-legal right to kill the man who'd seduced his betrothed.","Maintenant, il n'y avait plus aucune chance de sauver Chase de la colère d'Inna  il avait tous les droits légaux de tuer l'homme qui avait séduit sa promise.",Ça ne faisait plus de sens de sauver Chase de l'anger d'Inna  il avait le droit légal de tuer l'homme qui avait séduit sa fiancée.
He looks so happy.,Il a l'air si heureux.,Ça lui donne tant de joie.
Another romp with him would drown out any fears she had.,Une autre partie de jambes en l'air avec lui noierait toutes les craintes qu'elle avait.,Être avec lui une fois de plus l'effacerait de toute peur.
"""I should get back to...""",Je devrais retourner à...,Ça me faut de retourner à...
"Not too much, too soon.","Pas trop, pas trop tôt.",Ça ne va pas trop vite.
"He's a good guy, and I enjoy talking to him.""","C'est un bon gars, et j'aime bien lui parler.","Ça fait du bien, et je me plais à lui parler."
"""My mom loves me, Chase.","Ma mère m'aime, Chase.","Ça fait rien, Chase, ma mère m'aime."
"""You're from Scotland?"" He asks, his eyes following the flight of a bird from one treetop to the next.","me demande-t-il, ses yeux suivant le vol d'un oiseau d'une cime à une autre.",Ça veut dire que tu es écossais ?
"It didn't help that she'd been afraid to close her eyes, terrified that if she closed them for even a minute that something would happen to him.","La peur qu'il lui arrive quelque chose si elle fermait les yeux, ne serait-ce","Ça ne l'avait pas aidé de craindre de fermer les yeux, terrifiée qu'il se passerait quelque chose s'il les fermait même pendant une minute."
"""I really don't, though,"" Andi said, sniffling at the end there as she once again found herself heading towards another long night of searching through files and trying to come up with a way to improve the hotel's bottom line as she kept an eye out for anything that could help them figure out who the mysterious James Jamerson was.","Je ne sais vraiment pas, dit Andi, en reniflant à la fin, alors qu'elle se dirigeait une fois de plus vers une longue nuit de recherche dans les dossiers et de tentatives pour trouver un moyen d'améliorer les résultats de l'hôtel, tout en gardant un œil sur tout ce qui pourrait les aider à découvrir qui était le mystérieux James Jamerson.","Ça ne me fait pas vraiment plaisir, dit Andi, s'éclatant de sanglot à la fin, alors qu'elle se retrouvait à se diriger vers une autre longue nuit de parcours de dossiers et d'essais pour trouver une façon de faire monter les bénéfices de l'hôtel, tout en gardant un œil sur tout ce qui pourrait leur permettre de découvrir l'identité du mystérieux James Jamerson."
"I nod, reaching up to hold his face in my hands.","J'acquiesce, en levant les bras pour prendre son visage dans mes mains.","Ça, je le comprends, je le répondais déjà, je lève les bras pour le prendre dans mes mains."
"This is the best news ever.""",C'est la meilleure nouvelle qui soit.,Ça fait le meilleur nouvel an de ma vie.
"""I like listening to you.""",J'aime t'écouter.,Ça me plaît de te écouter.
"We also discovered the responsible party, James Jamerson,"" Devyn explained, making Harold frown in confusion.","Nous avons également découvert le responsable, James Jamerson, expliqua Devyn, ce qui fit froncer les sourcils de Harold, confus.","Ça a aussi permis de découvrir la personne responsable, James Jamerson, expliqua Devyn, ce qui fit froncer les sourcils de Harold."
"""But, really, I tend to go along with whatever.","Mais, en fait, j'ai tendance à me laisser faire.","Ça va, vraiment, je tend à m'adapter."
He set his plate beside hers.,Il posa son assiette à côté de la sienne.,Il posa son assiette à côté d'elle.
"When she deepened the kiss, he wished she were on a bed where he could press harder against her, feeling every contour of her soft body beneath his.","Lorsqu'elle approfondit le baiser, il souhaita qu'elle soit dans un lit où il pourrait se presser plus fort contre elle, sentant chaque contour de son corps doux sous le sien.","Quand elle profonda le baiser, il souhaita qu'elle soit sur un lit où il pourrait la presser plus fort, sentant tous les contours de son corps doux sous le sien."
"God, if he only knew how wanted he was.",Si seulement il savait à quel point il est désiré.,"Ça, si seulement il savait à quel point il était désiré."
"Mari dipped under the water as a large wave washed over her, then came back up, slicking her hair away from her face.","Mari plongea sous l'eau lorsqu'une grosse vague la submergea, puis remonta, écartant ses cheveux de son visage.","Mari plongea sous l'eau lorsqu'une grande vague la traversa, puis remonta à la surface, lissant ses cheveux loin de son visage."
"A mermaid has no business on land, and now look what's happened.","Une sirène n'a rien à faire sur terre, et regarde ce qui s'est passé.","Ça ne fait pas de bonne affaire à une sirène de se trouver sur terre, et voilà ce qui est arrivé."
"I glance over at Dyer, and he's studying me.","Je jette un coup d'œil à Dyer, et il m'étudie.","Je jette un coup d'œil à Dyer, et il me regarde."
Until John Burton.,Jusqu'à John Burton.,Ça a duré jusqu'à John Burton.
One way or another.,D'une manière ou d'une autre.,Ça va se passer quelque part.
"He could face her now, find out exactly what the man meant by ""engaged.""","Il pouvait l'affronter maintenant, découvrir exactement ce que l'homme entendait par ""fiancé"".","Ça lui permettait de la regarder maintenant, de découvrir exactement ce que l'homme entendait par ""engagé""."
"Or what's left of it.""",Ou ce qu'il en reste.,Ça fait un peu plus de 10 ans que je ne suis plus là.
"She struggled to climb the pile of sand, her flip-flops in one hand.","Elle s'efforça de grimper sur le tas de sable, ses tongs dans une main.","Elle lutta pour grimper sur la pile de sable, ses chaussettes de plage à la main."
"There's awe in his face, the way his lips part ever-so-slightly, and his eyes widen just a little bit.","Il y a de l'admiration sur son visage, la façon dont ses lèvres s'écartent légèrement, et ses yeux s'écarquillent un tout petit peu.","Ça fait peur, la façon dont ses lèvres se séparent, et ses yeux s'écarquillent un peu."
We're so very different from one another.,Nous sommes très différents l'un de l'autre.,"Ça fait si longtemps que nous sommes ensemble, et nous sommes si différents."
"What was the point of all this – of us -  if you can't trust me?""",Quel était le but de tout cela  de nous  si tu ne peux pas me faire confiance ?,"Ça vaut le coup de tout ça, de nous, si tu ne peux pas m'aimer ?"
"The way you are with music, that's how he is with beer.","Il est comme toi et la musique, mais avec la bière.","Ça ressemble à ça avec la musique, c'est comme ça avec la bière."
"""The eye should make landfall approximately midnight or a little after, depending on whether the storm slows a lot as it moves inland.","""L'œil du cyclone devrait toucher terre vers minuit ou un peu plus tard, en fonction de la vitesse de déplacement de la tempête vers l'intérieur des terres.","Ça devrait faire terre vers minuit ou un peu après, selon que la tempête ralentit beaucoup en s'éloignant de la mer."
She moved to look out over the railing and saw the lighted pier lanterns bobbing as the pier swayed and groaned under the weight of the swollen waves.,Elle se déplaça pour regarder par-dessus la balustrade et vit les lanternes allumées de la jetée qui se balançaient tandis que la jetée elle-même se balançait et gémissait sous le poids des vagues déchaînées.,Ça bougeait et gémissait sous le poids des vagues gonflées.
"To be with me, forever?","Être avec moi, pour toujours ?","Être avec moi, pour toujours ?"
"""It's too soon to tell,"" Devyn said, sighing heavily as he slid the daily report into his coat pocket.","Il est trop tôt pour le dire, soupira Devyn tout en glissant le rapport quotidien dans la poche de son manteau.","Ça fait trop peu de temps pour en dire quelque chose, dit Devyn en soupirant lourdement et en plaçant le rapport de la journée dans sa poche."
Big trouble.,De gros ennuis.,Ça fait un grand problème.
"Chase pushed Mari off his shoulder and leaped up, his heart throbbing in his throat as a wave of nausea rolled through him.","Chase repoussa Mari de son épaule et se leva d'un bond, le cœur palpitant dans sa gorge, tandis qu'une vague de nausée le traversait.","Chase repoussa Mari de son épaule et sauta, son cœur battant dans sa gorge alors qu'une vague de nausée le traversait."
"""I think I can handle that,"" the man that still hadn't told her what job she was interviewing for murmured.","C'est gérable, marmonna l'homme qui ne lui avait toujours pas dit pour quel poste elle passait un entretien.","Ça me semble que je peux le supporter, murmura l'homme qui n'avait toujours pas dit à quelle fonction elle faisait un entretien."
"Chase turned toward her, his eyes looking through her.","Chase se tourna vers elle, ses yeux la pénétrant.","Chase se tourna vers elle, les yeux qui la traversaient."
"I like seeing him like this, so close to the edge so soon.","J'aime le voir comme ça, si proche de craquer, si rapidement.","Ça me plaît de le voir comme ça, si proche du bord si tôt."
"""Thanks a lot, man.","Merci beaucoup, mec.","Ça va bien, mon ami."
"""No,"" Devyn bit out as she did a search for nearby hotels and found the one that she was looking for.","Non, dit Devyn en recherchant les hôtels des environs, et en trouvant celui qu'elle cherchait.","Non, dit-elle en effectuant une recherche de hôtels à proximité et en trouvant celui qu'elle cherchait."
"She pressed against him harder, well aware that he couldn't move until the screw was in or the plywood would fall.","Elle se serra plus fort contre lui, consciente qu'il ne pouvait pas bouger tant que la vis n'était pas enfoncée, sous peine de voir le contreplaqué tomber.","Ça la pressa plus fort, bien consciente qu'il ne pouvait pas bouger tant que le visage n'était pas enfoncé ou le contreplaqué ne tomberait pas."
"""Need a beer or some water or something?""","Tu veux une bière, de l'eau ou autre chose ?",Ça te fait faim de bière ou d'eau ou quelque chose comme ça ?
The smile he gives me is stunning.,Le sourire qu'il m'adresse est stupéfiant.,Ça me fait un vrai plaisir.
I've wanted to have my own shop on the beach my whole life.,"Toute ma vie, j'ai voulu avoir ma propre boutique sur la plage.",Ça fait tout mon existence que je veuille avoir mon propre magasin sur la plage.
"I don't know what I was expecting from the residence of a man as talented with his hands as John is, but this isn't it.","J'ignore ce que j'attendais de la résidence d'un homme aussi doué de ses mains que John, mais ce n'est pas ça.","Je ne sais pas quoi attendre dans la résidence d'un homme aussi doué que John, mais ce n'est pas ça."
And it could burn down the bar.,Et elle pourrait brûler le bar.,Ça pourrait brûler le bar.
"She reached to her throat, but words had dried on her tongue.","Elle porta la main à sa gorge, mais les mots avaient séché sur sa langue.","Elle se porta à sa gorge, mais les mots s'étaient asséchés sur sa langue."
And would have killed Chase if she hadn't been there to save him.,Et aurait tué Chase si elle n'avait pas été là pour le sauver.,Ça aurait tué Chase si elle n'avait pas été là pour le sauver.
"A local directory yielded a little info on John Burton, owner of Burton Construction.","Un annuaire local m'a permis d'obtenir quelques informations sur John Burton, propriétaire de Burton Construction.","Un répertoire local a fourni quelques informations sur John Burton, propriétaire de Burton Construction."
"""Two months!""",Deux mois !,Deux mois !
"Placid, green oceans filled those same eyes when someone needed a helping hand.",Des océans verts et paisibles remplissaient ces mêmes yeux lorsque quelqu'un avait besoin d'une main secourable.,Ça faisait des années que ces mêmes yeux étaient calmes et vert de l'océan lorsqu'un être humain avait besoin d'une main tendue.
"""It's complicated,"" he said, picking up a file only to toss it back on his desk and go still when she blurted out, ""I have to tell you something.""","C'est compliqué, répondit-il, s'emparant d'un dossier pour le reposer aussitôt sur son bureau et de s'immobiliser quand elle lâcha :","Ça est compliqué, dit-il en prenant un dossier, puis en le jetant de nouveau sur son bureau et en s'immobilisant lorsqu'elle lui dit :"
"His eyes blaze in the dark, but I can't make out his expression.","Ses yeux brillent dans l'obscurité, mais je n'arrive pas à distinguer son expression.","Ça fait briller ses yeux dans l'obscurité, mais je ne peux pas déceler son expression."
"But the studios have needed working on for a long time, and I'm glad our last fundraiser was enough to at least start on it.","Mais cela fait longtemps qu'il fallait rénover les studios, et je suis heureux que notre dernière collecte de fonds ait été suffisante pour au moins commencer à le faire.","Ça fait longtemps que les studios ont besoin de réparations, et je suis heureux que notre dernière levée de fonds ait suffi pour au moins commencer."
"""We have nothing but time,"" Andi said, smiling hugely as she placed the colorful sack down at the top of the slide and gestured for him to sit down.","On a tout le temps, dit Andi, avec un grand sourire, en posant le sac coloré en haut du toboggan et en lui faisant signe de s'asseoir.","Ça nous reste du temps, dit Andi, souriant énormément en posant le sac coloré au sommet de la glissade et en lui faisant signe de s'asseoir."
"When someone tells you they've had it all and done it all, and feel no need for more when you're still reaching for every goddamned thing life can offer, what is there left to say?","Quand quelqu'un vous dit qu'il a tout eu et tout fait, et qu'il ne ressent pas le besoin d'en avoir plus alors que vous cherchez toujours tout ce que la vie peut vous offrir, que reste-t-il à dire ?","Ça arrive parfois que quelqu'un te dise qu'il a tout eu et tout fait, et qu'il n'a pas besoin de plus alors que tu es toujours en train de chercher tout ce que la vie peut offrir, alors qu'il n'y a plus rien à dire ?"
The waves crashed on the sand and the water pooled near her.,Les vagues s'écrasaient sur le sable et l'eau s'accumulait près d'elle.,Les vagues s'écrasaient sur le sable et l'eau se réunissait près d'elle.
"""Frankie,"" John breathes into my wet hair.","Frankie, souffle John dans mes cheveux mouillés.","Ça va, Frankie, respire dans mes cheveux humides."
"She didn't want this day, no matter how hard the work was, to ever end.","Elle ne voulait pas que cette journée, même si le travail était difficile, se termine un jour.","Ça ne devait jamais finir, même si le travail était difficile."
His dimple is just so adorable.,Sa fossette est tellement adorable.,Ça fait si bien.
He lets his eyes skate over me before he turns them back to the room.,Il laisse ses yeux glisser sur moi avant de les tourner de nouveau vers la pièce.,"Ça fait un moment qu'il me regarde, puis il retourne son regard vers la pièce."
"Humid, warm air rushed in and filled her lungs, and salty dampness coated her face.","L'air chaud et humide s'engouffra dans ses poumons, et une humidité salée recouvrit son visage.","L'air humide et chaud s'engouffra et remplit ses poumons, tandis que la salinité et la humidité recouvraient son visage."
"""I'll keep her safe,"" Drew said, making Andi wince as she hung over his shoulder, struggling to keep the terror at bay.","Je la garderai en sécurité, dit Drew, faisant grimacer Andi qui s'accrochait à son épaule, s'efforçant de maintenir la terreur à distance.","Ça me fera, dit Drew, faisant grimacer Andi qui se penchait sur son épaule, luttant pour contenir la terreur."
"Nicki's skin is a deep, rich mahogany that must have been painted on by the hand of God himself, it's so perfect.","La peau de Nicki est d'un acajou riche et profond qui a dû être peint par la main de Dieu lui-même, tant elle est parfaite.","Ça fait un an que je ne vois pas Nicki, mais je me souviens de sa peau, un mahogany profond et riche, qui doit avoir été peinte par la main de Dieu elle-même, elle est si parfaite."
"And I'm sitting here in the bar that was supposed to be both our legacies.""",Et je suis assis ici dans le bar qui était censé être notre héritage à tous les deux.,Ça fait un an que je suis assis dans le bar qui était censé être notre héritage.
"No dark water surrounding him, just the bright and cold glare of sterility and the smell of bleach.","Il n'y avait plus d'eau sombre autour de lui, juste la froide lumière blafarde d'un endroit stérile et une odeur d'eau de Javel.","Pas d'eau noire l'entourant, juste le clair et le froid du stéril et l'odeur de chlorure."
"That's the best news I've heard in ages.""",C'est la meilleure nouvelle que j'ai entendue depuis longtemps.,Ça fait le meilleur nouvelles que j'ai entendu depuis des années.
"I've done it a thousand times.""",Je l'ai fait des milliers de fois.,"Ça, je l'ai fait mille fois."
What a day.,Quelle journée !,Ça a été une journée.
A big part of me wants to pull John into my arms and shield him from everything and everyone that would ever wish him harm.,Une grande partie de moi veut prendre John dans mes bras et le protéger de tout ce qui pourrait lui faire du mal.,Ça fait une grande partie de moi qui veut tirer John dans mes bras et le protéger de tout et de tous ceux qui lui ferait du mal.
"It's me you want, not him.","C'est moi que tu veux, pas lui.","Ça, c'est moi que tu veux, pas lui."
Reds and blues and bright yellows swirled and clashed along the walls.,"Du rouge, du bleu et du jaune vif tourbillonnaient et se mélangeaient le long des murs.","Les rouges, les bleus et les jaunes vifs se mêlaient et s'affrontaient le long des murs."
"Merely acquaintances, as far as the world knew.","De simples connaissances, pour autant que le monde le sache.","Ça n'était qu'une amitié, d'après ce que le monde savait."
It's intangible.,Ce n'est pas tangible.,Ça est intangible.
He was headed directly for them.,Il se dirigeait directement vers eux.,Ça allait directement vers eux.
"She'd fantasized about sucking him off many times, but it was never this good, this real.","Elle avait souvent fantasmé sur le fait de l'avoir en bouche, mais cela n'avait jamais été aussi bon, aussi vivace.","Ça lui avait souvent envolé l'esprit de le sucer, mais ça n'avait jamais été aussi bon, aussi réel."
"At first, I assume it's for work or for Lexi but, when I ask, he dodges the question or distracts me with sex.","Au début, je supposais que c'était pour le travail ou pour Lexi, mais quand je lui demande, il esquive la question ou me distrait avec du sexe.","À première vue, je suppose qu'il s'agit d'un travail ou de Lexi, mais quand je lui demande, il détourne la question ou me distrait avec du sexe."
"What a phenomenon.""",Quel phénomène !,Ça fait un phénomène.
"""If I had my way, we'd take out the privateer's whole linewomen too.","Si ça ne tenait qu'à moi, nous aurions éliminé toute la lignée du corsaire, y compris les femmes.",Ça me plairait de prendre les filles de bord du pirate.
"Pinching the jacket for Sign O' the Times between two fingers, I ease it off the shelf.","En pinçant la pochette de Sign O' the Times entre deux doigts, je la sors de l'étagère.",Je pinche le jacket de Sign O' the Times entre deux doigts et le détache du rayon.
"""He's covering his ass,"" Devyn said, watching as she returned her attention back to the email and-","Il couvre ses arrières, dit Devyn, en la regardant reporter son attention sur l'e-mail et...","Ça, c'est pour se couvrir, dit Devyn, observant comme elle reportait son attention sur l'e-mail et..."
"""Lot's happened in the past couple of days.""",Il s'est passé beaucoup de choses ces deux derniers jours.,Ça a beaucoup changé ces derniers jours.
I frame his face in my hands.,J'encadre son visage dans mes mains.,Je prends son visage dans mes mains.
"""You're going to love the fourth grade,"" Uncle Shawn said, smiling as he picked her up and placed her on the chair as she frantically shook her head, knowing that this wasn't going to end well.","Tu vas adorer le CM1, dit Oncle Shawn en souriant alors qu'il la prenait dans ses bras et la déposait sur la chaise pendant qu'elle secouait frénétiquement la tête, car elle savait que ça n'allait pas bien se finir.","Ça va te plaire au CM1, dit Oncle Shawn, souriant en la levant et la plaçant sur le fauteuil alors qu'elle secouait frénétiquement la tête, sachant que ça ne se terminerait pas bien."
"""You said he changed it,"" Garrett countered.","Tu as dit qu'il l'avait changé, rétorque Garrett.","Ça, tu as dit qu'il l'avait changé, contre-attaqua Garrett."
My voice sounds like I've been chewing on asphalt and my words crumble under the crush of it.,Ma voix sonne comme si j'avais mâché de l'asphalte et mes mots s'effritent sous son poids.,Ça me semble que j'ai mâché de l'asphalte et que mes mots s'effondrent sous le poids de ce qui me vient à l'esprit.
"""I'll post guards near the beach,"" her mother said.","Je vais poster des gardes près de la plage, dit sa mère.","Ça, je vais faire poser des gardes près de la plage, dit sa mère."
"And I'm not gonna lie, I get off on living vicariously through others.","Et je ne vais pas mentir, je prends mon pied en vivant par procuration à travers les autres.",Ça me fait plaisir de vivre vicarieusement par d'autres.
"""Why didn't Christopher stay on land with her?",Pourquoi Christopher n'était-il pas resté sur la terre ferme avec elle ?,Ça veut dire que Christopher n'a pas resté sur terre avec elle ?
I know you feel the pull to the sea like I do.,"Je sais que tu es attiré par la mer, tout comme moi.",Ça fait que tu ressens l'attraction pour la mer comme moi.
"Inna was already on the ropes, scaling like a spider on a web.","Inna était déjà sur l'échelle de cordes, se déplaçant comme une araignée sur une toile.","Inna était déjà à bout de forces, grimpeant comme une araignée sur un filet."
He must see this because he continues.,"Il doit s'en apercevoir, car il continue.",Ça doit lui arriver parce qu'il continue.
"""I think it made everything better,"" she said, absently tracing his fingers, careful of the cuts.","Je pense que ça a tout amélioré, dit-elle, traçant distraitement le contour de ses doigts, prenant soin de ne pas toucher aux coupures.","Ça a tout amélioré, dit-elle, distraitement suivant ses doigts, en étant prudente à cause des coupes."
"He stared into her almond-shaped eyes, then moved his hand and turned away.","Il fixa ses yeux en amande, puis déplaça sa main et se détourna.","Ça fixa ses yeux almonds, puis déplaça sa main et se tourna."
"After wiping my mouth with the back of my hand, I slink to the floor by the (blessedly cleanish) toilet, unable to move.","Après m'être essuyé la bouche du revers de la main, je me glisse sur le sol près des toilettes (heureusement propres), incapable de bouger.","Je me sèche la bouche avec la partie postérieure de ma main, puis je me couche sur le sol à côté du (mercifulement propre) toilette, incapable de bouger."
"""Swimming lessons.",Des cours de natation.,Ça fait des années que je nage.
"The more he breathed the decision, the more it became clear that she was meant for him.","Plus il pensait à cette décision, plus il devenait évident qu'elle était faite pour lui.","Plus il respirait la décision, plus il devenait clair qu'elle était faite pour lui."
"""Michelle was my first,"" he offers.","Michelle était ma première, explique-t-il.","Ça fait longtemps que je ne suis pas avec une autre femme, dit-il."
She was supposed to be able to do a hundred different things at once and-,"Elle était censée pouvoir faire une centaine de tâches en même temps, et...",Ça lui était supposé être possible de faire cent choses à la fois et...
"Dyer smiles, tossing the strap of his messenger bag over his head.","Dyer sourit, jetant la lanière de son sac par-dessus sa tête.","Dyer sourit, lâchant la bande de son sac à dos."
"I take it back, he needs to stop doing that.","Je retire ce que j'ai dit, il doit arrêter de faire ça.","Ça, je le retire, il doit s'arrêter."
"Mermaids were often spotted during a stormthat is when sailors needed them, and when they helped humans most.",Les sirènes sont souvent aperçues pendant une tempête  c'est à ce moment-là que les marins ont besoin d'elles et qu'elles aident le plus les humains.,"Les sirènes étaient souvent aperçues pendant une tempête  c'était à ce moment-là que les marins en avaient besoin, et qu'elles aidaient les humains le plus."
"""Better?"" he asked, surprised at his breathiness.","demanda-t-il, surpris de son essoufflement.",Ça va mieux ?
"My skin is suddenly too tight, and my dick is arguing loudly in Garrett's favor, reminding me that we hadn't had sex in weeks before the end, so it's been - let me count - Jesus, nearly two months since I got laid.","Ma peau est soudain trop tendue, et ma bite plaide vigoureusement en faveur de Garrett, me rappelant que nous n'avions plus fait l'amour depuis des semaines avant la fin de notre histoire.","Ça fait des semaines que nous n'avons pas eu de sexe, et mon pénis se plaint fortement en faveur de Garrett, me rappelant que nous n'avons pas eu de relations sexuelles depuis des semaines avant la fin, donc c'est - je me souviens - presque deux mois que je n'ai pas eu de relations sexuelles."
It wasn't any different.,Ce n'était pas différent.,Ça n'était pas différent.
"For now, we need to figure out what to do.""","Pour l'instant, nous devons trouver quoi faire.","Ça, pour l'instant, nous oblige à réfléchir à ce que faire."
"I mean, fuck.","Je veux dire, putain.","Ça veut dire, putain."
"The winding path through the rides was mostly clean of sand and debris, and only a few of the rides and sideshow games showed any evidence that a powerful storm had ripped through the night before.","Le chemin sinueux qui traversait les manèges était presque entièrement débarrassé du sable et des débris, et seuls quelques manèges et jeux du parc d'attraction montraient des signes qu'une puissante tempête s'était abattue sur le parc la nuit précédente.","Le chemin sinueux des attractions était le plus partiellement dépourvu de sable et de débris, et seulement quelques attractions et jeux de tir n'avaient aucune preuve que la tempête puissante avait traversé la nuit précédente."
"""Has anyone ever...confronted you?",Est-ce que quelqu'un t'a déjà... confronté ?,Ça a-t-il jamais été...
"John's hand, which he's lifted to sift through the hair at my nape, drifts down to cup the back of my neck.","La main de John, qu'il a soulevée pour la glisser dans les cheveux à l'arrière de mon crâne, descend jusqu'à ma nuque.","La main de John, qu'il a levée pour filtrer les cheveux à mon cou, descend pour s'accrocher à la nuque."
"""This is a long series of firsts for me,"" he says, his voice quiet.","C'est une longue série de premières pour moi, dit-il, la voix calme.","Ça fait longtemps que je ne fais pas de premières, dit-il, la voix calme."
"""If my calculations are correct, I would say a little over twenty-two billion, forty-seven million, two hundred fifty-seven thousand dollars and eighty-three cents.","Si mes calculs sont corrects, je dirai un peu plus de vingt-deux milliards, quarante-sept millions, deux cent cinquante-sept mille dollars et quatre-vingt-trois centimes.","Si mes calculs sont corrects, je dirais un peu plus de vingt-deux milliards, quatre-vingt-dix-neuf millions, deux cent cinquante-sept mille dollars et huit cents."
"My skin is beech with a hint of henna, my wild, black curls have minds of their own.","Ma peau est de la couleur du hêtre avec un soupçon de henné, mes boucles noires et sauvages n'en font qu'à leur tête.","Ça fait un an que je suis en Afrique, et mon teint est devenu beige avec un peu de henné, mes cheveux sauvages et noirs ont des idées de leur propre gré."
"When she stepped, the ground seemed to fall out from under her feet and she stumbled on air.","Lorsqu'elle fit un pas, le sol sembla se dérober sous ses pieds et elle trébucha dans le vide.","Quand elle posa un pied, le sol semblait s'effondrer sous ses pieds et elle s'échoua sur l'air."
"""You too,"" I reply over my shoulder, as he starts his engine.","Toi aussi, répondis-je par-dessus mon épaule, tandis qu'il démarre son moteur.","Ça va de même pour moi, réponds-je par-dessus mon épaule, alors qu'il démarrera son moteur."
Every nerve in her body hummed.,Chaque nerf de son corps frémissait.,Ça faisait vibrer tous ses nerfs.
I smack him on his rock-hard abs.,Je lui donne une claque sur ses abdominaux durs comme la pierre.,"Ça me fait rire, je lui donne un coup de poing sur ses abdominaux durs."
"The sun warmed the top of his head and his shoulders, and the heated sand toasted his bare feet.","Le soleil lui réchauffait le sommet du crâne et les épaules, et le sable chaud brûlait ses pieds nus.","L'air chaud du soleil réchauffait le sommet de sa tête et ses épaules, tandis que le sable chauffé par le soleil brûlait ses pieds nus."
"As sure as he was that he couldn't get close to anyone, he longed to feel her touch.","Même s'il était sûr de ne pas pouvoir être proche de quelqu'un, il avait envie de la toucher.","Ça lui semblait aussi sûr qu'il ne pouvait s'approcher de personne, qu'il désirait sentir son contact."
It'd sure be handy to talk to himhave him on her side in case the approaching figure turned out to be a menace.,"Ce serait bien pratique de lui parler, de l'avoir à ses côtés au cas où la silhouette qui s'approchait s'avérait être une menace.",Ça serait bien utile de pouvoir parler à lui  avoir un allié en casque l'approchant figure se révélait être une menace.
We had so much more in common.,Nous avions bien plus en commun.,Ça faisait si longtemps que nous avions tant de choses en commun.
"My cock dribbles nonstop, leaving threads of precome against my stomach.","Ma bite dégouline sans arrêt, laissant des fils de liquide séminal contre mon estomac.","Ça dribble sans arrêt, laissant des fils de précum déposer sur mon estomac."
"""I'm not used to being snuck up on.",Je n'ai pas l'habitude de me faire surprendre.,Ça ne me fait pas plaisir d'être surpris.
"He and Luke had loved the birds when they were kids, but after owning the bar, he realized what a nuisance they could be.","Luke et lui avaient adoré les oiseaux lorsqu'ils étaient enfants, mais depuis qu'il était propriétaire du bar, il s'était rendu compte de la nuisance qu'ils pouvaient représenter.","Ça faisait des années qu'il aimait les oiseaux, mais après avoir acheté le bar, il avait compris à quel point ils pouvaient être un ennui."
"""Tell me that this is enough.""",Dis-moi que ça suffit.,"Ça suffit, dis-moi."
She paused to see if he was joking.,Elle s'arrêta net pour voir s'il plaisantait.,Ça lui donna une pause pour voir s'il en faisait une blague.
Or were they in love?,Ou étaient-ils amoureux ?,Êtaient-ils amoureux ?
"""I don't know what Lucas has planned, but until I can make sure that you're safe, I need you to stay with your brother,"" Devyn explained as he placed the iPad and laptop in her backpack and handed it to Drew.","J'ignore ce que Lucas a prévu, mais jusqu'à ce que je puisse m'assurer que tu es en sécurité, j'ai besoin que tu restes avec ton frère, expliqua Devyn en plaçant l'iPad et l'ordinateur portable dans le sac à dos d'Andi et en le tendant à Drew.","Je ne sais pas ce que Lucas a prévu, mais jusqu'à ce que je puisse vous assurer que vous êtes en sécurité, je vous demande de rester avec votre frère, expliqua Devyn en mettant l'iPad et le laptop dans son sac à dos et en le lui donnant à Drew."
"He turns my head the way he wants it so that he can plunder my mouth, and I take it all.","Il tourne ma tête dans le sens qu'il veut pour pouvoir dévorer ma bouche, et je prends tout.","Ça fait tourner ma tête dans la direction qu'il veut pour qu'il puisse m'écarter les lèvres, et je le prends tout."
"For the first time in her life, she didn't care that she was in over her head or that she was probably making the biggest mistake of her life, not when he kissed her like this.","Pour la première fois de sa vie, elle ne se souciait pas de savoir qu'elle était dépassée par les événements ou qu'elle commettait probablement la plus grosse erreur de sa vie, pas quand il l'embrassait comme ça.","Ça faisait pour la première fois de sa vie qu'elle ne se soucrait pas d'être en dessous de la marée ou de commettre probablement la plus grande erreur de sa vie, pas quand il l'embrassait comme ça."
"""I heard you sold the bar.",J'ai entendu dire que tu avais vendu le bar.,"Ça va, je t'ai entendu vendre le bar."
"""What's this about, Lucas?"" Devyn asked because Lucas was the last person that he wanted to talk about Andi with.","demanda Devyn, parce que Lucas était la dernière personne avec qui il voulait parler d'Andi.","Ça va à quoi, Lucas ?"
"""We want different things, Frankie,"" he'd said, and it hadn't come as a surprise.","""Nous voulons des choses différentes, Frankie"", avait-il dit, et cela n'avait pas été une surprise.","Ça veut dire que nous voulons des choses différentes, Frankie, et cela ne m'avait pas surpris."
"I catch him in my arms, taking his weight so that he doesn't face-plant in the middle of the street.","Je l'attrape dans mes bras, supportant son poids pour qu'il ne tombe pas la tête la première au milieu de la rue.","Je le attrape dans mes bras, prenant son poids pour qu'il ne se fasse pas planter au milieu de la rue."
"I scroll further and stop, not really able to wrap my head around the headlines for these articles.","Je fais défiler la page, puis je m'arrête, n'arrivant pas à comprendre les titres de ces articles.","Je continue de scrollé et arrête, sans vraiment pouvoir m'imaginer les titres de ces articles."
"He used to find reasons to stay after school, detention, clubs, anything was better than going back to rundown motels and boarding rooms without heat.","Il avait l'habitude de trouver des raisons de rester après l'école, les heures de colle, les clubs, tout valait mieux que de retourner dans des motels délabrés et des chambres d'internat sans chauffage.","Ça faisait des années qu'il trouvait des raisons pour rester après l'école, les détentions, les clubs, tout était mieux que de retourner dans les motels en ruine et les pensionnats sans chauffage."
I'll be his first for everything.,Je serai son premier pour tout.,Ça sera la première fois pour tout.
He set his glass of water on the coffee table between them.,Il posa son verre d'eau sur la table basse entre eux.,Il posa son verre d'eau sur la table basse entre eux.
"With Hillshire Hotels reorganizing and ready to sell off some of its properties to save itself, they didn't have a lot of time to waste.","Les Hôtels Hillshire étant en train de se réorganiser et prêts à vendre certains de leurs propriétés pour se sauver, ils avaient peu de temps à perdre.","Les Hôtels Hillshire se restructurant et prêts à vendre certains de leurs biens pour se sauver, ils n'avaient pas beaucoup de temps à perdre."
She'd protect Chase as long as she could.,Elle protégerait Chase aussi longtemps qu'elle le pourrait.,Ça lui donnerait le temps de protéger Chase.
"""Good intense?"" He asks, hopeful.","demande-t-il, plein d'espoir.",Ça a été bon ?
"I arch and shimmy and squirm as waves of pleasure pulse through me, from the soles of my feet to the crown of my head, and I disintegrate, clenching and releasing and clenching again.","Je me cambre, me trémousse et me tortille tandis que des vagues de plaisir me traversent, de la plante des pieds au sommet de la tête, et je me désintègre, me serrant, me relâchant et me serrant à nouveau.","Je arque le dos, je danse et je me tortille sous les ondes de plaisir qui me traversent, de la sole de mes pieds à la couronne de ma tête, et je me décompose, contractant et relâchant, puis contractant à nouveau."
"She jumped to the last platform before the door, then stepped up to the landing.","Elle sauta sur la dernière plateforme avant la porte, puis s'avança sur le palier.","Elle sauta sur la dernière plateforme avant la porte, puis s'élança sur le plateau."
"There is one double ten-inch I've been after for bloody ages, a rare pressing of The Police's Regatta de Blanc.""","Il y a un double vinyle 10 pouces que je cherche depuis des lustres, un exemplaire rare de Regatta de Blanc de The Police.","Ça fait des années que je cherche un double 33 tours, une édition rare de l'album Regatta de Blanc des Police."
"Family and pirate and all.""","La famille, les pirates et tout le reste.","Ça fait partie de la famille, du pirate et tout ça."
"She kissed and licked his length, noting the way that it became harder with every touch of her tongue as she wrapped her hand around him and took the tip between her lips and moaned.","Elle embrassa et lécha son membre, notant la façon dont il devenait plus dur à chaque contact de sa langue, puis elle enroula sa main autour de lui, prit le bout entre ses lèvres et gémit.","Elle embrassa et lécha sa longueur, notant la façon dont il devenait plus dur avec chaque contact de sa langue, tandis qu'elle enveloppait sa main autour de lui et prenait le bout entre ses lèvres et gémissait."
Then I'm everybody's golden boy.,Je deviens alors le prodige de tous.,Ça veut dire que je suis le garçon d'or de tous.
Are they wider than before?,Sont-elles plus larges qu'avant ?,Êtes-elles plus larges que précédemment ?
"""I've been meaning to go there.",J'avais l'intention d'y aller.,Ça me faisait envie de y aller.
"From the distance, Mari could see Inna's scowl.","De loin, Mari pouvait voir la mine renfrognée d'Inna.","À distance, Mari pouvait voir le scandale d'Inna."
Damn birds were loudespecially in the quiet of the post-storm island.,"Ces satanés oiseaux étaient bruyants, surtout dans le calme de l'île après la tempête.","Ça faisait chier ces oiseaux,"
Of course she wanted to know how the jelly was.,"Bien sûr, qu'elle voulait savoir ce qu'il en était de la méduse.",Ça va sans dire qu'elle voulait savoir comment le gelée était.
But he was wiser now.,Mais il était plus sage maintenant.,Ça faisait un moment qu'il était plus sage.
The aroma of her coconut soap wafted up to him.,L'arôme de son savon à la noix de coco s'éleva jusqu'à lui.,L'odeur de son savon à la noix de coco se répandit vers lui.
"Another gust of wind pelted her with prickles of sand, and she wiped her face.",Une nouvelle rafale de vent la bombarda de grains de sable piquants et elle s'essuya le visage.,"Une autre rafale de vent la pénalisait de grains de sable, et elle effaça son visage."
"I'm a storm girl.""",Je suis une fille d'orage.,Ça fait un an que je suis une fille de tempête.
My uncle took good care of us.,Mon oncle s'est bien occupé de nous.,Mon oncle nous a bien pris en charge.
"""One of the largest on the East Coast.""",C'est l'une des plus grandes de la côte Est.,Ça fait partie des plus grands du côté Est.
She held up a plate.,Elle brandit une assiette.,"Ça, c'est une assiette."
I open my mouth to say come join me when John's phone rings.,"J'ouvre la bouche pour dire ""viens me rejoindre"" quand le téléphone de John sonne.","Je me prépare à dire ""viens-moi rejoindre"" lorsque le téléphone de John sonne."
He was leaving and would never see her again.,Il partait et ne la reverrait jamais.,Ça allait partir et ne la reverrait jamais.
He dropped off the files that Devyn needed her to go over first thing in the morning and picked them up at night.,Il déposait chez elle les dossiers que Devyn voulait qu'elle examine le matin et venait les récupérer le soir.,Ça faisait un mois qu'il déposait les dossiers que Devyn devait examiner dès le matin et qu'il les ramassait le soir.
Her legs wobbled as she adjusted to standing on land for the first time in weeks.,Ses jambes vacillèrent tandis qu'elle s'habituait à se tenir sur la terre ferme pour la première fois depuis des semaines.,Ses jambes tremblaient alors qu'elle s'adaptait à la vie sur terre après des semaines de voyage.
I also hate the fact that someone will be in my space tonight.,Je déteste aussi le fait qu'une personne soit dans mon espace ce soir.,Ça me fait aussi haine que quelqu'un soit dans mon espace ce soir.
I'm too stunned to respond. Too needy.,Je suis trop abasourdi pour répondre.,Ça me rend trop stupide pour répondre. Je suis trop dépendant.
"She smiled and pictured herself as a barista, dressed in a tiny pink skirt and tall heels, no panties.","D'accord, sourit-elle en s'imaginant en barista, vêtue d'une petite jupe rose et de talons hauts, sans culotte.","Ça lui fit sourire et elle se vit comme une barista, vêtue d'un minuscule skirt rose et de hauts talons, sans sous-vêtements."
Mari put her arms around his waist and lay her head on his back.,Mari passa ses bras autour de sa taille et appuya sa tête contre son dos.,Mari passa ses bras autour de sa taille et posa sa tête sur son dos.
"He filled her completely, unlike any other man she'd been with, not that there'd been many.","Il la remplissait complètement, contrairement à tous les autres hommes qu'elle avait fréquenté, non pas qu'il y en ait eu beaucoup.","Ça la remplissait complètement, contrairement à tout autre homme avec qui elle avait eu des relations sexuelles, pas que ce soit beaucoup."
She wiped the last tears from her cheeks.,Elle essuya les dernières larmes sur ses joues.,Elle effaça les derniers larmes de ses joues.
Pursued the ship all over the Caribbean.,Ils l'avaient poursuivi dans tous les Caraïbes.,Ça a poursuivi le navire partout dans les Caraïbes.
"And good riddance.""",Et bon débarras.,"Ça va bien, dit-il."
"""More than Dyer?""",Plus que Dyer ?,Ça fait plus que Dyer ?
"""You're a little neurotic,"" he continues.","Tu es un peu névrosé, poursuit-il.","Ça fait que tu es un peu neurotique, poursuit-il."
"""Dyer recommended we do the chef's tasting.""",Dyer nous a recommandé de prendre la dégustation du chef.,Ça fait dire à Dyer que nous devions faire le tour du menu.
"Inna wouldn't kill his family, would he?","Inna ne tuerait pas sa famille, n'est-ce pas ?","Ça ne serait pas de l'ordre de tuer sa famille, non ?"
"""Yeah, though he's down in Florida.""","Oui, mais il est en Floride.","Ça va, mais il est en Floride."
"""Let's go,"" he said, gesturing to the elevators and destroying her last hope of sleeping in her own bed for the first time in a month.","Allons-y, dit-il en faisant un geste vers les ascenseurs et en détruisant son dernier espoir de dormir dans son propre lit pour la première fois depuis un mois.","Ça va, dit-il en faisant signe vers les ascenseurs et en détruisant ainsi sa dernière chance de dormir dans son propre lit pour la première fois depuis un mois."
"""Can't you go to a motel or something?""",Tu ne peux pas aller dans un motel ou quelque chose comme ça ?,Ça ne te serait pas possible d'aller dans un motel ou quelque chose du genre ?
"""I can see that you're off in your own little world now, so I'm going to head back to work now,"" Drew said dryly, not that she was listening since an idea came to her, one that had her absently murmuring, ""Love you, too,"" as she climbed off the bed and grabbed her iPad.","Je vois que tu es dans ton petit monde maintenant, alors je vais retourner au travail, déclara sèchement Drew, non pas qu'elle l'écoutait puisqu'une idée lui était venue, une idée qui la fit distraitement murmurer : ""Moi aussi, je t'aime"", alors qu'elle sortait du lit et attrapait son iPad.","Ça me semble que tu es en train de te perdre dans ton monde, donc je vais retourner au travail, dit Drew sèchement, même si elle ne l'écoutait pas, car une idée lui venait, une idée qui la fit murmurer distraitement : ""Je t'aime aussi"", alors qu'elle descendait du lit et prenait son iPad."
The glow of moonlight spread across her face like sparkling fairy dust over a summer meadow.,L'éclat de la lune se répandait sur son visage comme une poussière de fée scintillante sur une prairie d'été.,L'éclat de la lune s'étendait sur son visage comme de la poussière de fée sur un pré d'été.
"I can protect you then.""",Je pourrai alors te protéger.,"Ça, je peux te protéger."
Swimming away wouldn't solve anything and it wouldn't save Chase.,Nager loin ne résoudrait rien et ne sauverait pas Chase.,Ça ne résoudrait rien et ne sauverait pas Chase.
"His seems okay now, so I remove my hands from his body and immediately miss the feel of him against my palms.","Il a l'air d'aller bien maintenant, alors j'enlève mes mains de son corps et la sensation  contre mes paumes me manque immédiatement.","Ça semble bien maintenant, alors je retire mes mains de son corps et je manque immédiatement de sentir son corps contre mes paumes."
"Her hand trembled as she opened the hinged box, and she blew out the breath in a long, slow whistle.","Sa main tremblait lorsqu'elle ouvrit la boîte à charnière, et elle expira dans un long et lent souffle.","Son main tremblait lorsqu'elle ouvrit la boîte à coulisses, et elle expira un long et lent sifflement."
"""Some things,"" he begins after a long minute.","Certaines choses, commence-t-il après une longue minute.","Ça, des choses, commence-t-il après une longue minute."
"Besides, he didn't deserve to be close to anyone anymore.","D'ailleurs, il ne méritait plus d'être proche de qui que ce","Ça ne lui restait plus rien, il ne méritait plus d'être près de quelqu'un."
"""Walk me through how the requests were made.""",Expliquez-moi comment les demandes ont été faites.,"Ça va, explique-moi comment les demandes ont été formulées."
"She's mistaken,"" Lucas said, sighing heavily as he gestured for security to show her to the door.","Elle se trompe, dit Lucas, soupirant lourdement et faisant signe aux agents de sécurité de la sortir de la pièce.","Ça ne fait pas bon, dit Lucas, soupirant lourdement en faisant signe à la sécurité pour l'amener à la porte."
"""Does she live far away or something?",Elle habite loin ou quelque chose du genre ?,Ça veut dire qu'elle habite loin ou quelque chose comme ça ?
"""It's my heartbeat,"" Devyn said, turning his hand over so that she could see the new smartwatch that he'd purchased to link his heartbeat to the bear's so that no matter where he was, she would never have to sleep alone again.","C'est mon rythme cardiaque, dit Devyn, en retournant sa main pour qu'elle puisse voir la nouvelle montre connectée qu'il avait achetée pour relier son rythme cardiaque à celui de l'ours, afin que, peu importe où il se trouve, elle n'ait plus jamais à dormir seule.","Ça, c'est mon battement de cœur, dit Devyn, retournant la main pour qu'elle puisse voir le nouveau smartwatch qu'il avait acheté pour lier son battement de cœur à celui de l'ours, de sorte qu'il ne lui arrivât plus de dormir seule, qu'il soit où qu'il soit."
Maybe I've earned some leeway.,Peut-être ai-je gagné une certaine marge de manœuvre.,Ça me donne peut-être le droit de faire une erreur.
"They should have deleted the rows instead of just hiding them, but that probably would have alerted the accounting department to the embezzlement sooner.","La personne aurait dû effacer les lignes de compte au lieu de les cacher, mais ça aurait probablement alerté plus tôt le service comptabilité sur le détournement de fonds.","Ça aurait dû les supprimer plutôt que de les cacher, mais cela aurait probablement alerté le service comptabilité plus tôt sur le vol."
She put her foot back onto the couch and closed her eyes again.,Elle reposa son pied sur le canapé et ferma à nouveau les yeux.,Elle remit son pied sur le canapé et referma les yeux.
Unless Inna went upstairs to the bar.,À moins qu'Inna ne monte au bar.,Ça ne signifie pas qu'Inna n'est pas allée au bar.
"And now it's my turn to dispense justice.""","Et maintenant, c'est à mon tour de rendre justice.",Ça fait maintenant un moment que je suis le juge.
"""I thought that was only a story,"" she said.","Je croyais que ce n'était qu'une histoire, dit-elle.","Ça, je pensais qu'il s'agissait d'une histoire, dit-elle."
"He set everything down in a pile, caught the rolling flashlight, and then grabbed the handset.","Il posa tout en tas, attrapa la lampe de poche qui roulait, puis saisit le combiné.","Ça tout posa dans une pile, attrapa la lampe qui roule, puis prit le téléphone."
"If I stretched out my arm, I could touch him.","Si je tends le bras, je pourrais le toucher.","Si je tendais l'armé, je pourrais le toucher."
"""What are you doing, can I come over?""","Que fais-tu,  je peux venir ?","Ça va, peux-je venir ?"
"Between going through the Hillshire Hotels' files and taking care of him, she was exhausted.","Entre l'examen des dossiers des Hôtels Hillshire et les soins apportés à Devyn, elle était épuisée.","Ça faisait qu'elle était épuisée, entre le fait de parcourir les dossiers des Hôtels Hillshire et de s'occuper de lui."
"""Sorry if I touched a nerve.""",Désolé si j'ai touché un point sensible.,Ça m'est pardonné si j'ai touché un nerf.
"Inna struggled and the guards shoved him to the ground, face-first.","Inna se débattit et les gardes le poussèrent au sol, la tête la première.","Inna lutta et les gardes le poussèrent au sol, face-à-terre."
John's laughter rumbles against my back.,Le rire de John gronde contre mon dos.,L'rire de John ronronne contre mon dos.
"""Plus, we didn't get a lot of sleep last night.","En plus, on n'a pas beaucoup dormi la nuit dernière.",Ça fait que nous n'avons pas dormi beaucoup hier soir.
I need to see him.,J'ai besoin de le voir.,Je dois le voir.
"In short, I was the guy sitting on the arm of his boyfriend's chair staring off into space while everyone around him espoused the genius of someone named Lena Dunham.","En bref, j'étais le gars assis sur le bras du fauteuil de son copain, regardant dans le vide pendant que tout le monde autour de lui vantait le génie d'une certaine Lena Dunham.","Ça va dire que j'étais le type assis sur l'arrière du fauteuil de son petit ami, regardant l'espace sans voir rien, alors que tout le monde autour de moi louait le génie d'une certaine Lena Dunham."
"Maybe they were staging a rescue.""",Peut-être qu'ils organisaient un sauvetage.,Ça pourrait être un spectacle de sauvetage.
He needed answers and he couldn't get them from behind a desk.,Il avait besoin de réponses et il ne pouvait pas les obtenir derrière un bureau.,Ça lui manquait des réponses et il ne les pouvait pas obtenir derrière un bureau.
He couldn't protect anyone anymore.,Il ne pouvait plus protéger personne.,Ça ne lui permettait plus de protéger personne.
"""I have to question the logistics of what the report said because I'm not sure how Mrs. Grady would have been able to bend me over her desk with her bad hip and-""","Je dois remettre en question la logistique de ce que dit le rapport, car j'ignore comment Mme Grady aurait pu me pencher sur son bureau avec sa blessure à la  hanche et...",Ça me fait douter des logiques du rapport parce que je ne sais pas comment Mme Grady aurait pu me faire pencher sur son bureau avec sa mauvaise hanche et...
"""And you?""","Et, vous ?",Ça va pour toi ?
"""I wish I could do that, but I don't know how.""","J'aimerai pouvoir le faire, mais je ne sais pas comment.","Ça me ferait plaisir, mais je ne sais pas comment le faire."
It was almost like he was a mood ring with a short-circuiting sensor.,C'était presque comme s'il était une bague d'humeur avec un court-circuit dans ses capteurs.,Ça ressemblait à si c'était un anneau à l'humour avec un capteur en panne.
"She would go on and on about it, and that wasn't good for either of their anxieties.","Elle n'aurait cessé d'en parler, ce qui n'était pas bon pour leurs angoisses.","Ça lui donnait envie de parler et de parler, et ça ne faisait pas de bien pour leurs angoisses."
"When I was old enough to dress myself, she says I didn't give a shit about girls' clothes or boys' clothes, I liked what I liked.","Quand j'ai eu l'âge de m'habiller seul, elle m'a dit que je me moquais de savoir si c'étaient des vêtements pour filles ou pour garçons, j'aimais ce que j'aimais.","Ça date de longue, dit-elle, quand j'étais assez grand pour me vêtir, je n'ai pas donné de merde pour les vêtements des filles ou des garçons, j'aimais ce que j'aimais."
"A stiff breeze rustles the trees above our heads, blowing my hair into my face.","Une forte brise fait bruisser les arbres au-dessus de nos têtes, soufflant mes cheveux sur mon visage.","Ça fait un vent fort qui agite les arbres au-dessus de notre tête, soufflant mes cheveux dans mon visage."
"We don't know what happened.""",Nous ne savons pas ce qui s'est passé.,Ça ne nous dit rien.
"For now, it had to stay hidden.","Pour l'instant, elle devait rester cachée.","Ça devait rester caché, pour l'instant."
"As he slipped into the ocean, he shifted into a dark, tentacled beast and slithered into the deeper water.","Alors qu'il s'enfonçait dans l'océan, il se transforma en une bête sombre à tentacules et s'enfonça dans les eaux plus profondes.","Ça s'enfonça dans l'océan, se transforma en un monstre noir et tentaculé et s'enfonça dans l'eau plus profonde."
"Swallowing hard, she watched as he pulled his belt free and dropped it to the floor as he toed off his shoes.","Déglutissant, elle le regarda retirer sa ceinture et la laisser tomber sur le sol en même temps qu'il enlevait ses chaussures.","Çaillant, elle regarda comme il sortit sa ceinture et la laissa tomber sur le sol, tout en enlevant ses chaussures."
"Well, almost everything.","Enfin, de presque tout.","Ça va, presque tout."
"Rows of bungalows lay along the road, empty for now, but each holding a family's memories within its walls.","Des rangées de bungalows s'étendaient le long de la route, vides pour l'instant, mais renfermant chacun les souvenirs d'une famille.","Lignes de bungalows bordaient la route, vides pour l'instant, mais chacun d'entre eux contenait les souvenirs d'une famille dans ses murs."
"Someone could see you.""",Quelqu'un pourrait te voir.,Ça pourrait arriver que quelqu'un te voie.
"I sound whiny and not at all sure about this, which I'm not.","J'ai l'air pleurnichard et pas du tout sûr de moi, ce qui n'est pas le cas.","Ça me fait un peu plaintif et je ne suis pas du tout sûr de moi, ce que je ne le suis pas."
"""The man in the painting.""",L'homme du tableau.,Ça fait référence au personnage du tableau.
"He could barely believe it, as it felt like they'd been boarding up for weeks.","Il avait du mal à le croire, car il avait l'impression que cela faisait des semaines qu'ils fixaient des planches.","Ça lui était difficilement à croire, car il avait l'impression qu'ils avaient fermé les volets depuis des semaines."
"When he pulled her fingertips to his lips for a kiss, she giggled.","Lorsqu'il porta le bout de ses doigts à ses lèvres pour l'embrasser, elle gloussa.","Quand il lui fit passer ses doigts sur ses lèvres pour un baiser, elle gémit."
"My heartbeat pulses in its tip, and know I'm already wetting the front of my boxer-briefs.",Mon cœur bat à l'extrémité de mon gland et je sais que je mouille déjà le devant de mon boxer.,"Ça bat à l'extrémité, et je sais que je me suis déjà trempé à l'avant de mon boxer."
"He peered down at her, his pupils dilating with need, and evidence of his desire reaching out to her.","Il la regarda, les pupilles dilatées par le besoin, et la preuve de son désir s'étendant jusqu'à elle.","Ça l'attira, ses pupilles s'étirant sous l'effet de la passion, et l'évidence de son désir s'adressant à elle."
"The night would be memorable, one way or another.","La nuit allait être mémorable, d'une manière ou d'une autre.","Ça serait une nuit à ne pas oublier, de quelque façon que ce soit."
"He loved her, more than anything and he wasn't about to lose her because he'd fucked up and trusted the wrong person.","Il l'aimait, plus que tout, et il n'allait pas la perdre parce qu'il avait merdé et fait confiance à la mauvaise personne.","Ça lui faisait plaisir, plus que tout et il ne l'allait pas perdre parce qu'il avait fait une erreur et qu'il avait confié sa confiance à la personne qui ne méritait pas."
"The words come slowly, as if he's giving me time to process them.","Les mots viennent lentement, comme s'il me donnait le temps de les assimiler.","Les mots arrivent lentement, comme s'il me laissait le temps de les traiter."
"""It's a good place to be quiet and just think.""",C'est un bon endroit pour être tranquille et réfléchir.,Ça fait bon pour être tranquille et penser.
"""No, thanks,"" she said.","Non, merci, dit-elle.","Ça, non, merci, dit-elle."
"She didn't say anything but looked up at him with wild, wide eyes and kiss-swollen lips.","Elle ne dit rien, mais le regarda avec des yeux grands et furieux et des lèvres gonflées par leurs baisers.","Ça ne dit rien, mais elle le regarda avec des yeux sauvages et des lèvres gonflées par les baisers."
Almost reserved.,Presque réservée.,Ça ressemblait à une réserve.
"He wasn't about to lose everything, not after everything he had to do to get to this point, which meant that he had to stay focused and keep his head in the game.","Il n'allait pas tout perdre, pas après tout ce qu'il avait dû faire pour en arriver là, ce qui signifiait qu'il avait dû rester concentré et garder la tête froide pour rester dans la partie.","Ça ne faisait pas de lui un homme qui perdait tout, pas après tout ce qu'il avait dû faire pour arriver à ce point, ce qui signifiait qu'il devait rester concentré et ne pas perdre la tête."
"For a moment, she debated whether or not she should ask, but...","Pendant un instant, elle se demanda si elle devait poser la question ou non, mais...","Ça dura un moment pour qu'elle débute si elle devait poser la question ou non, mais..."
"I want to take my time tonight.""",Je veux prendre mon temps ce soir.,Ça fait longtemps que je ne fais rien d'autre que de me détendre.
"It was either that or they got lucky, Andi thought as she thought over everything that they'd learned over the past few months and-","C'était soit ça, soit ils ont eu de la chance, pensa Andi en réfléchissant à tout ce qu'ils avaient appris dans les derniers mois et...","Ça faisait ou qu'ils avaient eu de la chance, pensa Andi en réfléchissant à tout ce qu'ils avaient appris ces derniers mois et..."
"Life isn't always fair.""",La vie n'est pas toujours juste.,Ça ne va pas toujours se passer comme ça.
"Unfortunately for her, and her bacon addiction, the only restaurant within walking distance that made them closed hours ago.","Malheureusement pour elle, et pour son addiction au bacon, le seul restaurant à proximité qui en faisait avait fermé il y a des heures.","Ça lui était malheureusement arrivé, ainsi que son addiction au bacon, car le seul restaurant à proximité qui les servait avait fermé il y a quelques heures."
"""You can't up and leave all you've built here.""","Tu ne peux pas abandonner tout ce que tu as construit ici, continua-t","Ça ne te permet pas de partir tout à coup, tout ce que tu as construit ici."
"I wiggle my eyebrows, just to let him know I'm teasing.","ajouté-je tout en remuant les sourcils, juste pour lui faire comprendre que je le taquine","Je fais un mouvement de sourcils, juste pour lui faire savoir que je lui fais du chiffon."
"You're going to go down there, sit down, and keep your mouth shut while I break the news to the board about the unfortunate circumstances surrounding your impending resignation.","Tu vas t'y rendre, t'asseoir et te taire pendant que j'annonce au conseil les circonstances malheureuses de ta démission imminente.","Ça va falloir que tu descends, que tu te sasses et que tu gardes la bouche fermée pendant que je communique aux membres du conseil les circonstances désastreuses qui entourent ton imminent démission."
"I came in at the right time to clean this mess up and keep you distracted, especially since the files were already missing before I was hired, which makes me believe that the angle that Lucas was going for was that I came in after the fact to clean up the mess for a partner, perhaps a boss.","Je suis arrivée au bon moment pour faire le ménage dans ce bazar et vous distraire, d'autant plus que les dossiers avaient déjà disparu avant que je ne sois engagée, ce qui me fait penser que l'angle d'attaque de Lucas était que je suis arrivée après coup pour faire le ménage pour un partenaire, peut-être un patron.","Ça me fait croire que Lucas avait l'intention de dire que j'étais arrivé après les faits pour nettoyer le désordre pour un partenaire, peut-être un patron."
"""Beer, if you have an IPA.""","De la bière, si tu as une IPA.","Ça, si tu as une IPA."
"He poured a small amount of the golden-brown alcohol into his glass, then lifted it and took a whiff.","Il versa une petite quantité de l'alcool brun doré dans son verre, puis le souleva et le huma.","Il versa une petite quantité de l'alcool doré dans son verre, le leva et en prit un soupir."
You'll like him.,Tu l'aimerais bien.,Ça te plaira.
"""Why are you pouting?"" came the question that had Andi releasing a shuddering sigh as she sat there, admittedly pouting, but for good reason.","""Pourquoi fais-tu la tête ?"" entendit Andi qui lâcha un soupir tremblant alors qu'elle était assise là, faisant certes la moue, mais pour une bonne raison.",Ça fait quoi ?
Chase shifted the small backpack higher on his shoulders.,Chase déplaça le petit sac à dos plus haut sur ses épaules.,Chase déplaça le petit sac à dos plus haut sur ses épaules.
"I want to see his face when he finds out all about us.""",Je veux voir sa tête quand il apprendra tout sur nous.,Ça me fait envie de voir son visage quand il apprendra tout sur nous.
"He winks, and laughs, and something in my chest loosens a bit.","Il fait un clin d'œil et rit, et quelque chose dans ma poitrine se détend","Ça lui fait un clin d'œil, il rit, et quelque chose se détend un peu dans mon cœur."
She didn't scare him.,Elle ne lui faisait pas peur.,Ça ne l'avait pas effrayé.
"""Patrick and I, we could talk about anything and everything.","Patrick et moi, nous pouvions parler de tout et de rien.","Ça fait des années que Patrick et moi, nous pouvions parler de tout et de rien."
"Christ, he'd never seen her coming, Lucas thought as he considered the small woman that had destroyed everything that he'd worked so hard for before shifting his attention to the black BMW parked only a few yards away.","Bon sang, il ne l'avait pas vue venir, pensa Lucas en considérant la petite femme qui avait détruit tout ce pour quoi il avait travaillé si dur, avant de reporter son attention sur la BMW noire garée à quelques mètres de là.","Ça, il ne l'avait jamais vu venir, pensa Lucas en considérant la petite femme qui avait détruit tout ce qu'il avait si longtemps travaillé pour obtenir, avant de reporter son attention sur la BMW noire garée à quelques mètres de là."
She'd felt so fucking good in his arms and-,"Cette sensation de bien-être quand elle était dans ses bras, et...",Ça lui avait fait si bien de se trouver dans ses bras et...
Lingering outside in the wind and rain wasn't getting her any closer to her goal.,S'attarder dehors dans le vent et la pluie ne la rapprochait pas de son but.,"Être dehors, dans le vent et la pluie, ne l'aidait pas à atteindre son but."
"He pushed into his bedroom, navigating the dark space with ease.","Il pénétra dans sa chambre, se frayant un chemin dans l'espace sombre avec aisance.","Ça l'avait poussé dans sa chambre, se déplaçant dans l'espace sombre avec aisance."
Of course it was worth it.,Bien sûr que ça en valait la peine.,Ça valait bien le coup.
"Any other time, I would signal my dining partner to let them know where I was.","À tout autre moment, je ferais signe à mon compagnon de table pour lui indiquer où je me trouve.","Ça aurait été autrefois, je signalerai mon partenaire de dîner pour lui faire savoir où je suis."
I wish my father were still alivehe'd understand.,J'aimerai que mon père soit encore en vie  il comprendrait.,"Ça me ferait plaisir si mon père était encore en vie, il comprendrait."
"When he rode it, he flew.","Lorsqu'il montait dedans, il volait.","Quand il le montait, il volait."
"""Nothing for me but thanks.""","Rien pour moi, mais merci.","Ça ne me sert à rien, mais merci."
"""I don't hear the wind howling as much.""",Je n'entends plus le vent hurler autant.,Ça ne souffle pas aussi fort.
She leaned forward and pushed a kiss onto his jeans' fly.,Elle se pencha en avant et déposa un baiser sur la braguette de son jean.,Elle se pencha en avant et déposa un baiser sur le bouton de son jean.
"""I‘m so mad at you,"" I whisper between kisses, gripping his shoulders so hard, I know I'm leaving bruises.","Je suis tellement en colère contre toi, murmuré-je entre deux baisers, en serrant ses épaules si fort que je sais que je laisse des bleus.","Ça me fait si mal, murmuré-je entre les baisers, saisissant ses épaules si fort que je sais que je lui laisse des empreintes."
Snowed Undercover,La neige sous couverture,Être enneigé sous couverture
"Mermaid's Purse is my responsibility, and if it fails, I've got nothing.""","La Bourse de la Sirène est sous ma responsabilité, et si elle tombe en ruine, je n'ai plus rien.","Ça fait partie de mes responsabilités, et si ça échoue, je n'ai rien."
He scanned the deck but only reflected moonlight and the remaining bits of debris met his gaze.,"Il balaya le pont du regard, mais seuls le reflet de la lune et les débris restants rencontrèrent son regard.","Il scana la passerelle, mais il ne y trouva que des reflets de lune et des morceaux de débris."
"""I have no fucking idea, but I plan on talking to Lucas to see what he thinks,"" Devyn said, taking one last sip of his coffee before placing it back on his nightstand as she found herself wondering how someone who'd been working on a project for almost two years didn't know that it was-","Je n'en ai aucune idée, mais j'ai prévu d'en parler à Lucas pour voir ce qu'il en pense, dit Devyn en buvant une dernière gorgée de son café avant de le reposer sur le chevet alors qu'elle se demandait comment quelqu'un qui avait travaillé sur ce projet pendant presque deux années n'avait pas se rendre compte que c'était","Ça me fait rire, mais je vais parler à Lucas pour voir ce qu'il pense, dit Devyn, prenant un dernier gulp de café avant de le placer de nouveau sur son tableau de nuit alors qu'elle se demandait comment quelqu'un qui travaillait sur un projet pendant presque deux ans ne savait pas que ce projet était..."
"He looks up at me, his eyes so full of pain, a lump forms in my throat.","Il lève les yeux vers moi, ils sont si emplis de douleur qu'une boule se forme dans ma gorge.","Ça me regarde, ses yeux si pleins de douleur, un énorme gosier me monte."
Chase would never forgive her if he ever found out.,Chase ne lui pardonnerait jamais s'il le découvrait.,Ça ne l'aurait jamais pardonné si jamais il l'avait découvert.
Chapter 11,Chapitre 11,11e chapitre
"If I lose everything...""",Si je perds tout...,Si je perd tout...
"""It is a lovely hotel,"" Andi murmured in agreement with a solemn nod as she took her time selecting a slice of bacon off the huge platter in front of her.","C'est un bel hôtel, murmura Andi en acquiesçant d'un signe de tête solennel, tout en prenant le temps de choisir une tranche de bacon sur l'immense plateau qui se trouve devant elle.","Ça fait un hôtel charmant, murmura Andi en s'accordant avec un léger hochement de tête, tout en prenant son temps pour choisir une tranche de bacon sur le grand plat qui se trouvait devant elle."
"This morning when he woke up and realized that she wasn't there, he'd realized just how much he liked waking up with her in his arms.","Ce matin, quand, à son réveil, il avait vu qu'elle n'était pas à ses côtés, il avait réalisé à quel point il aimait se réveiller dans ses bras.","Ça faisait moins d'une heure qu'il s'était réveillé et qu'il avait réalisé qu'elle n'était pas là, et il avait compris à quel point il aimait se réveiller avec elle dans ses bras."
He had bumps and ridges everywhere he should.,Il avait des muscles saillants partout où il le fallait.,Ça avait des bosses et des crêtes partout où il devait en avoir.
"Well, that was...precise.","Eh bien, c'est... précis.",Ça a été... précis.
"After they'd graduated, Lucas's godfather gave him a junior management position at Carta Hotels while Devyn started at the bottom, working the overnight shift as a clerk for a chain of cheap hotels.","Après l'obtention de leurs diplômes, le parrain de Lucas lui avait offert le poste de cadre subalterne chez les Hôtels Carta alors que Devyn avait dû commencer en bas de l'échelle, en commençant à travailler de nuit comme réceptionniste pour une chaîne d'hôtels bon marché.","Après leur diplôme, le parrain de Lucas lui avait donné un poste de manager adjoint dans les Hôtels Carta, tandis que Devyn commençait à la base, travaillant la nuit comme commis dans une chaîne de motels à prix abordables."
She wasn't happy that he wasn't interested in the job.,Elle n'était pas contente par le fait qu'il n'était pas intéressé par cette tâche.,Ça ne l'avait pas fait plaisir qu'il ne soit pas intéressé par le poste.
"""Come with me to Kansas.",Viens avec moi au Kansas.,"Ça va, viens avec moi au Kansas."
"There's day-old snow on the ground, and tiny ice cubes falling from the cloudy sky, but inside is toasty and warm.","Il y a de la neige de la veille sur le sol et de petits flocons qui tombent du ciel nuageux, mais à l'intérieur, il fait chaud et c'est chaleureux.","Ça neige depuis hier, et des petits cubes de glace tombent du ciel gris, mais à l'intérieur, c'est chaud et toasty."
"Blood ran from his cheek, and he swiped and smeared it across his face.","Du sang coulait de sa joue, il l'essuya et l'étala sur son visage.","Ça coulait de son joue, et il l'éclaboussa et le répandit sur son visage."
She was alive and that's all that mattered.,Elle était en vie et c'est tout ce qui comptait.,Ça faisait que elle était vivante et c'était tout ce qui comptait.
"Chase watched the hem of her shirt ride up again, this time enough to reveal the skin of her back.","Chase regarda l'ourlet de son tee-shirt remonter, cette fois suffisamment pour dévoiler la peau de son dos.","Chase regarda le bord de son tee-shirt remonter à nouveau, cette fois-ci suffisamment pour révéler la peau de son dos."
"I've never been particularly empathetic, and I barely know the man, but there you have it.","Je n'ai jamais été particulièrement empathique, et je connais à peine cet homme, mais voilà.","Ça ne m'est pas particulièrement arrivé, et je ne connais pas vraiment l'homme, mais là, c'est ça."
"It's delicious, in a perverted, self-destructive sense.","C'est délicieux, dans un sens pervers et autodestructeur.","Ça est délicieux, dans un sens pervers et auto-destructeur."
"We need to get our hands on another iPad and a laptop, log into our accounts and download those files before he gets a chance to alter them or delete them.""","Nous devons mettre la main sur un autre iPad et un ordinateur portable, nous connecter à nos comptes et télécharger ces fichiers avant qu'il n'ait le temps de les modifier ou de les effacer.","Ça fait qu'il faut que nous ayons un autre iPad et un ordinateur portable, que nous nous connections à nos comptes et que nous téléchargeons ces fichiers avant qu'il n'ait l'occasion de les modifier ou de les supprimer."
"""I could ask you the same,"" I say, letting the water wash the soap from my body.","Je pourrais te demander la même chose, dis-je en laissant l'eau rincer le savon de mon corps.","Ça me serait aussi bien passé, dis-je, laissant l'eau éliminer le savon de mon corps."
"When his hands found her breasts, she moved into his touch, the move causing her to be exactly where he needed her.","Lorsque ses mains trouvèrent ses seins, elle se laissa toucher, se plaçant exactement à l'endroit où il avait besoin d'elle.","Quand ses mains trouvèrent ses seins, elle se déplaça dans son contact, ce qui la fit se trouver exactement où il l'avait besoin."
"""And once you're in a relationship, I find that going out on actual dates just doesn't happen.""","Et une fois qu'on est en couple, je trouve qu'on ne sort plus en amoureux.","Ça ne se passe pas vraiment ainsi, dit-elle."
Many thanks to:,Un grand merci,Merci à :
"There's barely any natural light, so John has off-white, rice-paper lanterns scattered in the corners.","Comme il n'y a pratiquement pas de lumière naturelle, John a placé des lanternes en papier de riz, couleur blanc cassé dans les coins.","Ça n'y a pas beaucoup de lumière naturelle, donc John a des lanternes en papier de riz de couleur crème éparpillées dans les coins."
She loved the way that he gently caressed her cheek with his fingertips as he moaned her name until that wasn't enough.,"Elle aimait la façon de caresser doucement sa joue du bout des doigts en gémissant son nom, jusqu'à ce que ça ne suffise plus.","Ça lui plaisait de la doucement caresser sur le joue avec ses doigts tout en gémissant son nom, jusqu'à ce que ça ne suffise plus."
Line-dancing area.,Une piste de danse en ligne.,Zone de line-dancing.
"""If what you say is truewell, it happened a long time ago.","Si ce que tu dis est vrai, c'est arrivé il y a longtemps.","Si ce que tu dis est vrai, c'est qu'il y a longtemps."
A small smile tugs at the corner of his mouth.,Un petit sourire se dessine au coin de sa bouche.,Un petit sourire se dessine au coin de sa bouche.
"""I can't,"" was all he could muster, and even that sounded like the most pathetic excuse.","Tout ce qu'il avait pu dire, c'est ""Je ne peux pas"", et même cette excuse lui avait semblé des plus pathétiques.","Ça me fait mal, c'est tout ce que je peux dire, et même ça sonnait comme l'excuse la plus pathetique."
It takes everything in me not to look away.,Il me faut tout ce que j'ai en moi pour ne pas détourner le regard.,Ça me faut tout ce que j'ai en moi pour ne pas me détourner.
"The feel of him, tight around me, is almost too much to bear.","La sensation de son intérieur, serré autour de moi, est presque trop difficile à supporter.","Ça sentait, serré contre moi, était presque trop pour supporter."
"He pushed the door mostly closed and looked out into the park, a stripe of late-day sunlight highlighting his face.","Il poussa la porte jusqu'à la fermer et regarda vers le parc, un rayon de soleil de fin de journée illuminant son visage.","Il ferma la porte à moitié et regarda dans le parc, une bande de soleil tardif mettant en valeur son visage."
"Where else would we hide?""",Où d'autre pourrions-nous nous cacher ?,"Ça, où aurions-nous pu cacher ?"
"I'll hold him all night, if that's what he wants.","Je le tiendrai toute la nuit, si c'est ce qu'il veut.","Ça, je le tiens toute la nuit, si c'est ce qu'il veut."
Our time together meant nothing.,Le temps que nous avons passé ensemble ne signifiait rien.,Ça n'a pas compté.
"I love music,"" he says.","J'aime la musique, dit-il.","Ça m'aide, dit-il."
"After the often-crushing humidity of summer, fall in Philadelphia is crisp, like a ripe apple you can't wait to sink your teeth into.","Après l'humidité souvent écrasante de l'été, l'automne à Philadelphie est frais, comme une pomme mûre que l'on a hâte de croquer à pleines dents.","Ça fait des mois que l'humidité est devenue oppressante, mais l'automne à Philadelphie est frais, comme une pomme mûre que l'on ne peut pas attendre de manger."
"We'll sleep on the couches.""",On dormira sur les canapés.,"Ça, on s'endormira sur les canapés."
"He'd live in this moment, this night with her, with no promises.","Il vivrait ce moment, cette nuit avec elle, sans rien lui promettre.","Ça, c'était la vie, cette nuit avec elle, sans promesse."
"""We were having a difficult time putting the pieces together because of the missing files, but thankfully, Mr. Anderson was kind enough to create a fake hotel for every transfer.","Nous peinions à recoller les morceaux à cause des dossiers manquants, mais heureusement, M. Anderson a eu la gentillesse de créer un faux hôtel pour chaque transfert.","Ça nous a été difficile de mettre les pièces du puzzle ensemble à cause des fichiers manquants, mais heureusement, M. Anderson a eu la gentillesse de créer un faux hôtel pour chaque transfert."
Even the girls have noticed me slinking around our flat.,Même les filles ont remarqué que je me faufilais dans notre appartement.,Ça a même attiré l'attention des filles qui ont remarqué que je me déplaçais à l'intérieur de notre appartement.
It never occurred to me that I might be hindering his progress by forcing him to keep quiet.,Il ne m'est jamais venu à l'esprit que je pouvais l'empêcher d'avancer en le forçant à se taire.,Ça ne m'est jamais venu à l'esprit que je pourrais l'empêcher de progresser en lui forçant à garder le silence.
"Chase hefted the plywood and set it against the window, lining up the pilot holes.","Chase souleva le contreplaqué et le plaça contre la fenêtre, alignant les avant-trous.","Chase souleva le contreplaqué et le posa contre la fenêtre, alignant les trous de pilotage."
"""They changed the schedule.",Ils ont changé les horaires.,Ça a changé le programme.
"""I'll go grab the bags,"" he said, that muscle in his jaw working double-time as he turned around and left, leaving her with no choice but to see this thing through on her own.","Je vais chercher nos bagages, ajouta-t-il, le muscle de sa mâchoire tiquant deux fois plus alors qu'il se retournait et partait, ne laissant pas d'autres choix à la jeune femme que de se débrouiller toute seule.","Ça, je vais aller chercher les sacs, dit-il, le muscle de sa mâchoire travaillant à plein régime alors qu'il se tournait et quittait la pièce, la laissant sans autre choix que de terminer seule ce projet."
If Chase ever found out the truth...,Si Chase découvrait la vérité...,Si Chase découvrait la vérité...
"The sun, half-risen and bright, glowed behind her head like an orange halo, outlining the edges of her hair in bright relief.","Le soleil, à moitié levé et brillant, rayonnait derrière sa tête comme un halo orange, soulignant les contours de ses cheveux d'un relief éclatant.","Le soleil, à mi-hauteur et brillant, brillait derrière sa tête comme un halo orange, mettant en relief les bords de ses cheveux."
It never lies.,Elle ne ment jamais.,Ça ne ment jamais.
Of course Inna set the fire.,Bien sûr qu'Inna avait mis le feu.,Ça va sans dire que c'est Inna qui a mis le feu.
"But you will find someone.""",Mais tu trouveras quelqu'un.,"Ça va, tu trouveras quelqu'un."
"It didn't matter what her mother had promised him, or what her father owed him.","Peu importe ce que sa mère lui avait promis, ou ce que son père lui devait.","Ça ne comptait pas de quoi sa mère lui avait promis, ni de quoi son père lui devait."
"Not even a little bit, because she had plenty to keep her busy, and honestly, she didn't have time for anything else.","Pas même un peu, car elle avait de quoi s'occuper, et honnêtement, elle n'avait pas le temps pour quoi que ce soit d'autre","Ça ne l'avait pas empêchée, car elle avait beaucoup à faire, et honnêtement, elle n'avait pas le temps de faire autre chose."
The sun is stroking the highlights of John's auburn hair as if it can't keep its fingers out of the wavy locks.,"Le soleil caresse les reflets des cheveux auburn de John, comme s'il ne pouvait pas empêcher ses rayons de toucher ses mèches ondulées.",Le soleil caresse les reflets roux de cheveux de John comme s'il ne pouvait pas garder les doigts hors des boucles ondulantes.
"The pier cut out to sea a hundred yards north, and fishermen and tourists alike would always head to his bar for lunch.","La jetée s'enfonçait dans la mer à une centaine de mètres au nord, et les pêcheurs comme les touristes se rendaient toujours à son bar pour déjeuner.","Le quai s'avançait vers la mer sur cent mètres au nord, et les pêcheurs et les touristes s'y rendaient tous les jours pour se déjeuner."
"She turned to Inna, and the words formed sticky clumps in her mouth.","Elle se tourna vers Inna, et les mots formèrent des amas collants dans sa bouche.",Ça lui donnait une bouche collée.
"""It's from the Police, a song called Tea in the Sahara.""","C'est une chanson de Police qui s'appelle ""Tea in the Sahara"".","Ça vient de la police, une chanson appelée ""Thé au Sahara""."
"""If you'd be still, it wouldn't hurt.""","Si tu restais tranquille, tu n'aurais pas mal.",Ça ne te ferait pas de mal de rester immobile.
The storm shutters banged a raging rhythm as the strong winds roared inland.,Les volets claquaient à un rythme endiablé tandis que les vents violents s'engouffraient à l'intérieur des terres.,Les volets de protection battaient un rythme furieux tandis que les fortes vents s'enfonçaient à l'intérieur des terres.
"I know John was married to a woman, and that the marriage lasted for at least a few years.",Je sais que John était marié à une femme et que ce mariage a duré au moins quelques années.,"Je sais que John était marié à une femme, et que le mariage a duré au moins quelques années."
"""How did she survive, being a woman in that time?","Comment a-t-elle survécu, en tant une femme à cette époque ?","Ça fait qu'elle a survécu, étant une femme à cette époque ?"
"But John brought color and warmth to it, things I didn't know I'd been missing.","Mais John y a apporté de la couleur et de la chaleur, des choses qui je ne savais pas me manquaient.","Ça a apporté du couleur et du chaleur, des choses que je ne savais pas avoir manquées."
"""What?"" My question brings John back to the present.",Ma question ramène John au présent.,Ça ?
"One slides up my neck and into my hair, where he grabs a fistful of my curls, pulling me down into his hungry, greedy kiss.","L'une d'elles remonte le long de mon cou jusqu'à mes cheveux, où il saisit une poignée de mes boucles, m'attirant plus bas dans un baiser affamé et avide.","Ça glisse sur mon cou et s'introduit dans mes cheveux, où il attrape une boule de ma bouclure, me faisant tomber dans son embrassement affamé et avide."
"I turn away enough to give him some semblance of privacy, quietly putting my things in my backpack, but I stay close.","Je me détourne suffisamment pour lui laisser un semblant d'intimité, en rangeant discrètement mes affaires dans mon sac à dos, mais je reste près de lui.","Je me tourne suffisamment pour lui donner un peu de privé, je mets doucement mes affaires dans mon sac à dos, mais je reste proche."
"""I have no idea since you haven't told me what I'm doing exactly.",Je n'en ai aucune idée vu que tu ne m'as pas dit ce que je dois exactement faire.,"Ça me fait un peu de peur, car tu ne m'as pas dit exactement ce que je fais."
I'm a veritable treasure trove of useless knowledge.,Je suis un véritable puits de connaissances inutiles.,Ça m'a fait un véritable trésor de connaissances inutiles.
She reached for him and touched his arm and his tattoo burned like she'd touched him with a torch.,"Elle s'approcha de lui, toucha son bras et son tatouage le brûla comme si elle l'avait touché avec une torche.",Elle s'approcha de lui et toucha son bras et son tatouage brûla comme si elle l'avait touché avec une flamme.
"John makes a sound in the back of his throat, something like a confirmation, and drops his head to his chest.","John émet un grognement, quelque chose comme une confirmation, et baisse la tête vers sa poitrine.","John émet un son au fond de sa gorge, quelque chose comme un confirmation, et baissa la tête sur son torse."
"""Huh?"" Mari sighed as the image of her and Chase vanished.",Mari soupira alors que l'image d'elle et de Chase disparaissait.,Ça ?
"I want inside you,"" he practically begs.","Je veux être en toi, supplie-t-il presque.","Ça me fait envie d'être à l'intérieur de toi, dit-il presque à genoux."
"""He's not here,"" Mari whispered.","Il n'est pas là, murmura Mari.","Ça ne marche pas, murmura Mari."
Lights lit up the room and sickly carnival music blasted from unseen speakers.,Des lumières illuminèrent la pièce et une musique de carnaval discordante sortit de haut-parleurs invisibles.,Les lumières éclairaient la pièce et la musique de carnaval s'échappait des haut-parleurs invisibles.
"He could see more fire than bar, and he knew it was over.","Il voyait plus le feu que son bar, et il savait que c'était fini.","Ça faisait plus de bar qu'un bar, et il savait qu'il était fini."
"He doesn't think I'm crazy when I stop, mid-sentence, to point out the song that's playing in the restaurant while we eat.","Il ne me prend pas pour un fou quand je m'arrête, au milieu d'une phrase, pour lui faire remarquer la chanson qui passe dans le restaurant pendant que nous mangeons.","Ça ne lui fait pas peur quand je me arrête, au milieu d'une phrase, pour signaler la chanson qui sonne dans le restaurant pendant que nous mangeons."
Let me try to brace myself halfway.,Laisse-moi essayer de m'arc-bouter à mi-chemin.,"Ça me fera, je vais essayer de me tenir debout."
"""I deserve to feel his death.",Je mérite de voir sa mort.,Ça me mérite de sentir sa mort.
"The naked woman stood tall, her deep-brown hair reaching to her ankles.","La femme nue se tenait debout, ses cheveux d'un brun profond lui arrivaient aux chevilles.","La femme nue se tenait érecte, ses cheveux bruns foncés atteignant jusqu'à ses ankles."
"Feeling more confident in her movements, she stroked him as she licked and sucked, grasping him firmly.","Plus confiante dans ses mouvements, elle le caressa tout en le léchant et en le suçant, l'empoignant fermement.","Ça lui donnait plus de confiance dans ses mouvements, elle le caressa tandis qu'elle léchait et suçait, le saisissant fermement."
"So, they tried to scare me off by telling me about all the monsters and the ghosts in the school, how mean the teacher really was, all the gross things the cafeteria lady was putting in the food, and unfortunately, it worked.","Elles ont donc essayé de m'effrayer en me parlant de tous les monstres et fantômes de l'école, de la méchanceté du professeur, de toutes les choses dégoûtantes que la dame de la cafétéria mettait dans la nourriture, et malheureusement, ça a fonctionné.","Ça a marché, ils m'ont effrayé en me disant que le prof était vraiment méchant, que la cafétéria servait de la nourriture sale, et que les monstres et les fantômes étaient partout dans l'école."
I hope my voice sounds firm.,J'espère que ma voix est ferme.,Je espère que ma voix sonne ferme.
"""I'm very thorough,"" Andi said, nibbling on a piece of bacon.","Je suis très minutieuse, dit Andi en grignotant un morceau de bacon.","Ça me fait rire, dit Andi en mâchant une tranche de bacon."
"After high school, she attended college, worked as a bellhop, fast food cook, and a museum worker until she decided to take an EMT course.","Après le lycée, elle est allée à l'université, a travaillé comme groom, cuisinière dans un fast-food et employée dans un musée, jusqu'à ce qu'elle décide de suivre des cours pour devenir ambulancière.","Après le lycée, elle a fréquenté l'université, travaillé comme valet de chambre, cuisinier dans un fast-food et employé au musée jusqu'à ce qu'elle décide de suivre un cours d'ambulancier."
"""His baby sister.",Sa petite sœur.,Son petite sœur.
"""Welcome to the Emerald Cove, Mr. MacGregor,"" the clerk said with that warm smile that didn't seem to help the situation as Devyn continued to glare in a way that told her that she was never going to hear the end of this.","Bienvenue à l'Emerald Cove, M. MacGregor, dit la réceptionniste avec un sourire chaleureux qui ne semblait pas arranger la situation, alors que Devyn continuait de la fixer d'une manière qui lui disait qu'elle ne finirait jamais d'en entendre parler.","Ça va, bienvenue au Cove Emerald, M. MacGregor, dit l'employé avec ce sourire chaleureux qui ne semblait pas aider la situation, alors que Devyn continuait à l'affronter de façon à lui dire qu'elle ne l'oublierait jamais."
Was this the end?,Était-ce la fin ?,Ça allait-il s'arrêter là ?
The board would have fired his ass for gross incompetence.,Les membres du conseil d'administration l'auraient licencié pour incompétence grave.,Ça aurait été licencié par le conseil d'administration pour grossière incompétence.
To escape.,Pour s'échapper.,Être en fuite.
"We expect landfall not long after midnight at the storm's current speed...""",Nous nous attendons à ce que la tempête touche terre peu après minuit vu sa vitesse actuelle...,"Ça ne fera pas longtemps avant minuit, à la vitesse actuelle de la tempête..."
I don't want any stray projectiles to catch either one of us unawares.,"Je ne veux pas qu'un projectile perdu nous prenne au dépourvu, l'un ou l'autre.",Ça ne me fait pas de plaisir de voir des projectiles errants se diriger vers nous.
"I yank until I free myself, wincing, but the pain calms me down a little.","Je tire jusqu'à me libérer, en grimaçant, mais la douleur me calme","Ça me fait douleur, mais la douleur me calme un peu."
He looked out to the dark beach.,Il regarda la plage sombre.,Ça regardait la plage sombre.
"You haven't told me how you feel about him.""",Tu ne m'as pas dit ce que tu ressentais pour lui.,Ça ne me dit pas ce que tu ressens pour lui.
Serving Chase coffee in bed without his black T-shirt or pants.,"Servir un café à Chase dans son lit, sans son tee-shirt noir ni son pantalon.",Ça faisait servir du café en lit sans son tee-shirt ou ses pantalons noirs.
"No going barefoot on the deck today, it wasn't safe.","Pas question d'aller pieds nus sur le pont aujourd'hui, ce n'était pas sûr.","Ça ne se faisait pas aujourd'hui, il n'était pas sûr."
Lots of little girls with curls hanging to their waists and bright blue eyes...,Beaucoup de petites filles avec des boucles qui leur arriveraient à la taille et des yeux bleu brillant...,Ça faisait des petites filles aux cheveux bouclés jusqu'à leurs taille et aux yeux bleus...
What he faced now.,Ce qu'il affrontait maintenant.,Ça qu'il affrontait maintenant.
She freaking loved quiet time!,Elle adorait le temps calme !,Ça faisait vraiment chier à elle de passer du temps en silence !
"The elevator doors barely had a chance to open when he was moving his ass, heading to his office, praying every step of the way that Andi was there.","Les portes de l'ascenseur avaient à peine eu le temps de s'ouvrir qu'il en sortait, se dirigeant vers son bureau, priant à chaque pas pour qu'Andi soit là.","Les portes de l'ascenseur n'avaient même pas eu le temps de s'ouvrir qu'il se mettait en marche, se dirigeant vers son bureau, priant à chaque pas qu'Andi soit là."
"""God, you'll never know how sorry I am.""","Bordel, tu ne peux pas savoir à quel point je suis désolé.","Ça, tu ne sauras jamais à quel point je suis désolé."
"""You hate the clutter I make with my records and my gadgets, and my clothing lying about the bedroom.""","Tu détestes le désordre que je crée avec mes disques, mes gadgets et mes vêtements qui traînent dans la chambre.","Ça te fait haine que j'ai des disques et des gadgets, et que mes vêtements soient par terre dans la chambre."
"""Who is he and what is he to you?""",Qui est-il et que représente-t-il pour toi ?,"Ça, c'est qui il est et à quoi il sert pour toi ?"
"""You'll be safer at home.""",Tu seras plus en sécurité à la maison.,Ça te sera plus sûr à la maison.
"Get control, mister.","Contrôlez-vous, monsieur.","Ça va, monsieur."
Not for anyone.,Pour personne.,Ça ne sert à personne.
"I look away, unable to handle the intensity of John's gaze, and stare unseeing at the computer screen.","Je détourne le regard, incapable de supporter l'intensité du regard de John, et je fixe l'écran de l'ordinateur sans le voir.","Je me détourne, incapable de supporter l'intensité du regard de John, et j'adresse un regard vide à l'écran du ordinateur."
"She fingered the pearl pendant, twisting it slowly.",Elle toucha le pendentif en perles et le fit tourner lentement.,"Elle toucha le pendant en perle, le faisant tourner lentement."
"Then he reeled backward, almost falling off the platform.","Puis il recula, tombant presque de la plateforme.","Il se pencha en arrière, s'approchant de la chute."
"Every time I come in for my shift, I expect to find a note from Nicki, but she leaves me alone.","Chaque fois que j'arrive pour mon service, je m'attends à trouver un mot de Nicki, mais elle me laisse tranquille.","Ça fait des années que je suis là, et chaque fois que je viens pour mon service, je m'attends à trouver une note de Nicki, mais elle me laisse tranquille."
"Breaking off the kiss, Andi reached for that bottle of bodywash and squeezed more into her hand before tossing the empty bottle aside and turning around in his arms, reaching up and pulled him back down to pick up where they left off while she reached between their bodies and-","Rompant le baiser, Andi attrapa la bouteille de gel douche et en pressa davantage dans sa main avant de jeter la bouteille vide de côté et de se retourner dans ses bras, tendant ses bras pour le mettre à son niveau et reprendre là où ils s'étaient arrêtés tandis qu'elle passait la main entre leurs corps et...","Ça suffit, dit Andi en se séparant du baiser, en attrapant la bouteille de douche corporelle et en enversant plus de liquide dans sa main avant de jeter la bouteille vide de côté et de se retourner dans ses bras, s'élançant vers lui et le faisant reprendre là où ils l'avaient laissé, tandis qu'elle passait sa main entre leurs corps et..."
"And so damned tight, I start to babble.",Et tellement serré que je commence à bafouiller.,"Ça est si bien fermé, que je commence à bafouiller."
"Add the peep show to the grudge and revenge plot, and Inna would kill both of them without hesitation.","Ajoutez le peep-show au projet de vengeance, et Inna les tuerait tous les deux sans hésiter.","Ajouter le peep-show au scénario de rancune et de vengeance, et Inna les tuerait sans hésiter."
"It's my fault he's dead.""",C'est ma faute s'il est mort.,Ça fait de moi que je sois mort.
I've never been like this with anyone.,Je n'ai jamais été comme ça avec personne.,Ça ne m'est jamais arrivé avec personne.
"Not everyone can make it with a coastal shop.""",Ce n'est pas donné à tout le monde de réussir à s'en sortir avec un magasin en bord de mer.,Ça ne se fait pas avec tout le monde.
Inna wouldn't either.,Inna non plus.,Ça ne serait pas de son goût non plus.
She tugged more forcefully and moved to take him in her mouth.,Elle tira plus fort et bougea pour le prendre dans sa bouche.,Ça lui donna plus de force et elle se déplaça pour le prendre dans sa bouche.
"Yes, I am a bit of a music snob, but he shouldn't know that.","Oui, je suis un peu snob en matière de musique, mais il ne devrait pas le savoir.","Ça va, je suis un peu snob en matière de musique, mais il ne devrait pas le savoir."
"""You really want to know?""",Tu veux vraiment savoir ?,Ça vous intéresse vraiment ?
"Right at this moment, when I'm so raw, I'm bleeding on the inside.","Tout de suite ? En ce moment même, alors que je suis à vif, que je saigne","Ça, à ce moment-là, alors que je suis si déchiré, je saigne à l'intérieur."
Garrett and I stopped a week or two before our break-up.,Garrett et moi avons arrêté une semaine ou deux avant notre rupture.,Ça a duré une semaine ou deux avant notre séparation.
In public?,En public ?,Ça va dans la rue ?
Starstruck Holidays: A MM Sci-Fi Holiday Romance Anthology,Starstruck Holidays : Une anthologie de romance de vacances MM Sci-Fi,Être ébloui par les vacances : Une anthologie de romance sci-fi pour les vacances
"John Burton, Walt Whitman High School, Patrick","John Burton, Walt Whitman High School, Patrick","John Burton, Walt Whitman High School, Patrick"
He watched as her focus turned to confusion as she stared down at the light brown teddy bear that had taken him two days to find before her lips pulled up into a beautiful smile.,"Il vit son attention se transformer en confusion lorsqu'elle fixa l'ours en peluche marron clair qu'il avait mis deux jours à trouver, avant que ses lèvres ne se retroussent en un magnifique sourire.","Ça lui avait pris deux jours de recherche avant de trouver ce teddy brun, et elle le regardait avec une expression de confusion avant que ses lèvres ne se lèvent en un beau sourire."
It would just take a little longer than she'd planned.,Ça prendrait juste un peu plus de temps que prévu.,Ça prendrait un peu plus de temps que prévu.
She didn't let it overwhelm or cripple her.,Elle ne la laissait pas l'accabler ou la paralyser.,Ça ne l'avait pas dépassée ou la paralysée.
"John inspires so much music in me, but I haven't found his song.","John m'inspire tellement de chansons, mais je n'ai pas trouvé sa chanson.","Ça fait si longtemps que John m'inspire de la musique, mais je n'ai pas encore trouvé sa chanson."
"She hadn't felt safe and secure in a long time, and her breathing slowed as she relaxed.","Cela faisait longtemps qu'elle ne s'était pas sentie en sécurité, et sa respiration ralentit à mesure qu'elle se détendait.","Ça faisait longtemps qu'elle ne se sentait pas en sécurité, et son souffle s'apaisa tandis qu'elle se détendait."
"""We go out all the time.""",Nous sortons tout le temps.,Ça fait des années que nous sortons tous les soirs.
Daydreams and swimming would have to wait.,Les rêveries et les baignades devaient attendre.,Ça allait falloir attendre les rêves et la natation.
"Who knows what our options will be tomorrow.""",Qui sait quelles seront nos options demain ?,Ça dépendra de ce que nous aurons de mieux à faire demain.
A small chime had Devyn swallowing hard as he looked up and found Andi's phone in the bastard's hand.,Un petit tintement fit déglutir Devyn qui leva les yeux et trouva le téléphone d'Andi dans la main du connard.,"Ça sonnait comme un petit clocheton, ce qui fit que Devyn avala difficilement alors qu'il levait les yeux et trouvait le téléphone d'Andi dans la main du salaud."
"""Her parents?""",Ses parents ?,Ça fait combien d'années ?
She turned toward the stack of wood so he wouldn't see her blush.,Elle se tourna vers la pile de bois pour qu'il ne la voit pas rougir.,"Ça lui faisait rougir, elle se tourna vers la pile de bois pour qu'il ne la voie pas rougir."
"""I can help you make your selections, though I have to warn you.","Je peux vous aider à faire votre choix, mais je dois vous prévenir.","Ça me permet de te conseiller, mais je dois te prévenir."
"He tossed Mari her sundress, then slid into his jeans and zipped them.","Il lança sa robe d'été à Mari, puis se glissa dans son jean et le ferma.","Il jeta le dress à Mari, puis s'engouffra dans son jean et le referma."
Garrett brought a bottle of wine.,Garrett a apporté une bouteille de vin.,Ça fait un an que Garrett apporte un bouteille de vin.
"""We don't have all day.""",Nous n'avons pas toute la journée.,Ça ne nous donne pas toute la journée.
His muscles glistened with rain or seawater; she didn't know which.,"Ses muscles brillaient sous l'effet de la pluie ou de l'eau de mer, elle ne savait pas laquelle.","Ses muscles brillaient de l'eau de pluie ou de mer, elle ne savait pas quelle."
Her brows furrow.,Ses sourcils se froncent.,Ça lui fait froncer les sourcils.
"""Hey, I can't breathe.""","Hé, je n'arrive pas à respirer.","Ça, je ne peux pas respirer."
"""Your turn.""",À ton tour.,Ça te revient.
"A shudder passes through me, followed by a lightning bolt of desire that lands right on the tip of my cock.","Un frisson me traverse, suivi d'un éclair de désir qui atterrit directement sur le bout de ma queue.","Ça me passe un frisson, suivi d'un éclair de désir qui se pose sur le bout de mon coche."
"I take in his deep, brown skin and near-white hair, his chiseled cheekbones, and dimpled chin.","Je regarde sa peau brun foncé, ses cheveux presque blancs, ses pommettes ciselées et la fossette sur son menton.","Je regarde sa peau brune profonde et ses cheveux presque blancs, ses joues sculptées et son menton dentelé."
"Something was going on, and Mari was going to tell him everything.","Il se passait quelque chose, et Mari allait tout lui dire.","Ça faisait du bruit, et Mari allait lui raconter tout."
"Mari stopped and watched them too, her curvy figure leaning against the walkway railing.","Mari s'arrêta et les observa également, sa silhouette pulpeuse appuyée contre la rambarde de la passerelle.","Ça fait un moment qu'elle s'était arrêtée et les regardait aussi, sa silhouette courbée s'appuyant sur le rail de la passerelle."
"I wish you'd stay inside.""",J'aimerais que tu restes à l'intérieur.,Ça te ferait plaisir de rester à l'intérieur.
Pleasure struck hard and fast and she cried out as an orgasm slammed into her.,Le plaisir la surprit vite et fort et elle cria lorsqu'un orgasme la frappa de plein fouet.,"Ça lui donna du plaisir et il l'attaqua violemment, elle cria alors qu'un orgasme la frappait."
"The stretch, it burns, and it feels so fucking good.","L'étirement, la brûlure, c'est si bon, putain.","Ça fait brûler, et ça sent vraiment très bon."
Wasn't that what people did in times of stress?,N'est-ce pas ce que font les gens en période de stress ?,Ça n'était-ce pas ce que les gens faisaient dans les moments de stress ?
"His voice is barely above a whisper, and there's such warmth and affection in it, my heart stutters.","Sa voix est à peine plus forte qu'un murmure, et il y a tant de chaleur et elle contient tellement d'affection que mon cœur bat la chamade.","Son voix est à peine au-dessus d'un murmure, et il y a tant de chaleur et d'affection, que mon cœur s'arrête."
"He turned to her, trying to keep his voice low and firm.","Il se tourna vers elle, essayant de garder une voix basse et ferme.","Ça lui fit tourner la tête, essayant de garder sa voix basse et ferme."
"If he were being honest with himself, he'd admit he would miss the bar and all the long nights of work and music and stories.","S'il était honnête avec lui-même, il admettrait que le bar et les longues nuits de travail, de musique et d'histoires lui manqueraient.","Si il était honnête avec lui-même, il admettrait qu'il manquerait au bar et aux longues nuits de travail, de musique et d'histoires."
Over the past three days...nothing.,Durant les trois derniers jours.,Ça fait trois jours... rien.
"""I might have considered letting Chase move away if you'd asked me nicely.""",J'aurai pu envisager de laisser Chase partir si tu me l'avais demandé gentiment.,Ça aurait pu me faire envisager de laisser Chase partir si tu avais demandé poliment.
"She knew he held grudges, but this was ridiculous.","Elle savait qu'il était rancunier, mais là, c'était ridicule.","Ça faisait partie de son caractère, mais ça allait trop loin."
I guess that solves that problem.,Je suppose que cela résout le problème.,Ça résout donc le problème.
"He'd thought he'd planned it well with plenty of time to get off the island and go a couple hundred miles inland, maybe to Raleigh.","Il pensait avoir bien planifié son départ et avoir suffisamment de temps pour quitter l'île et se rendre à quelques centaines de kilomètres à l'intérieur des terres, peut-être jusqu'à Raleigh.","Ça lui avait semblé bien planifié avec assez de temps pour quitter l'île et aller une centaine de kilomètres à l'intérieur des terres, peut-être jusqu'à Raleigh."
"""Curiosity, I suppose.""","La curiosité, je suppose.",Ça doit être la curiosité.
"""I guess you think I'm crazy now.",Je suppose que tu penses que je suis fou maintenant.,Ça veut dire que tu penses que je suis fou maintenant.
"He sighs and slides his fingers against mine, back and forth.","Il soupire et fait glisser ses doigts entre les miens, d'avant en arrière.","Ça me fait un signe et ses doigts glissent contre les miennes, d'avant en arrière."
"Besides, it isn't like the rides will be open.""","Et puis, ce n'est pas comme si les manèges étaient ouverts.",Ça ne veut pas dire que les attractions seront ouvertes.
He took care of practically everything.,Il s'occupait pratiquement de tout.,Ça lui était pris.
"I spin some MC5, X, The Noisettes, and Miike Snow.","Je passe MC5, X, The Noisettes et Miike Snow.","Je mets du MC5, de X, des Noisettes et de Miike Snow."
"And now, just as things were going well between her and Chase, she might lose him forever.","Et maintenant, alors que les choses allaient bien entre Chase et elle, elle risquait de le perdre pour toujours.","Et maintenant, alors que les choses allaient bien entre elle et Chase, elle risquait de le perdre pour toujours."
I guess it is a normal part of daughters growing up.,Je suppose que c'est une partie normale du processus du passage à l'âge adulte pour les filles.,Ça fait partie de la croissance des filles.
"If she didn't know better, she'd say that Inna controlled the weather.","Si elle ne le connaissait pas mieux, elle dirait qu'Inna contrôlait la météo.","Si elle ne savait mieux, elle dirait que Inna contrôlait le temps."
"There's only a smattering of trees in my neighborhood, and even those are too young to do more than sprinkle a bit of confetti on the ground, but Bucks County, where the station is – and where John lives - is a fall lover's dream.","Il n'y a que quelques arbres dans mon quartier, et même ceux-là sont trop jeunes pour ne faire plus que répandre un peu de confettis sur le sol, mais le comté de Bucks, où se trouve la station radio et où vit John, est un lieu de rêve pour les amoureux de l'automne.","Ça fait un peu froid, mais il fait beau, et les feuilles tombent en abondance."
I greet WKMP's general manager as he sets a crate of records on the ground and unlocks his 2012 VW Golf.,Je salue le directeur général de WKMP alors qu'il pose une caisse remplie de disques sur le sol et déverrouille sa Golf 2012.,Je lui adresse un salut en même temps qu'il pose une boîte de disques sur le sol et débloque sa Volkswagen Golf 2012.
Breakfast?,Le dîner ?,Ça fait du déjeuner ?
Like slipping into my favorite pair of sweatpants at the end of a long day.,C'est comme si je me glissais dans mon pantalon de survêtement préféré à la fin d'une longue journée.,Ça me fait comme si je me glissais dans mon paire de sweat à la fin d'une longue journée.
"""That depends,"" Andi said, adding a little sniffle at the end there as she continued toying with his fingers while he lay there, unable to take his eyes off her as he thought about the last two days and...","Ça dépend, dit Andi, ajoutant un petit reniflement à la fin de sa phrase tout en continuant à jouer avec les doigts de Devyn resté allongé, incapable de la quitter des yeux alors qu'il pensait aux deux derniers jours et...","Ça dépend, dit Andi, ajoutant un petit gémissement à la fin, tout en continuant à jouer avec ses doigts alors qu'il restait allongé, incapable de détacher les yeux de celle-ci alors qu'il pensait aux deux derniers jours et..."
"USA Today bestselling author Kerry Adrienne loves history, science, music, and art.","Kerry Adrienne, autrice de best-sellers USA Today, aime l'histoire, la science, la musique et l'art.","L'auteure à succès du New York Times, Kerry Adrienne, aime l'histoire, les sciences, la musique et l'art."
"I can't keep my eyes off John, and I'm worried that I'll scratch a record or miss a cue.",Je ne peux pas quitter John des yeux et je crains de rayer un disque ou de rater un signal.,"Ça me fait peur de ne pas pouvoir me détacher de John, et j'ai peur de scratcher un disque ou de manquer un cue."
I'm pleased that he seems to like it.,Je suis heureux qu'il semble l'aimer.,Ça me plaît qu'il semble l'aimer.
"The phone lines are blinking, but I'm not taking any more requests.","Les lignes téléphoniques clignotent, mais je ne prends plus de demandes.","Ça fait clignoter les lignes téléphoniques, mais je ne prends plus de nouvelles demandes."
"He picked up the pickle spear and sucked on the end, his mouth contracting at the sourness.","Il prit un cornichon et en suça l'extrémité, sa bouche se contractant sous l'effet de l'aigreur.","Il ramassa le lance-piments et s'en suça l'extrémité, sa bouche se contractant à la saveur acide."
"""But both my sister and I are pretty good at taking care of ourselves.",Mais ma sœur et moi savons très bien nous occuper de nous-mêmes.,"Ça dit, ma sœur et moi sommes assez bonnes pour nous prendre en charge."
"Not a tangible sense of loss, but an echo of what might have been.","Ce n'était pas un sentiment réel de perte, mais un écho de ce qui aurait pu être.","Ça n'était pas un sentiment de perte tangible, mais un écho de ce qui aurait pu être."
He almost reached for her but stopped.,"Il s'approcha presque d'elle, mais s'arrêta.","Ça lui était presque arrivé de l'attraper, mais il s'arrêta."
"I only let my eyes flit briefly over its welcoming expanse and push any thoughts of us tumbling onto it, limbs entwined and John's big body pressing me into the mattress, right out of my head.","Je ne laisse mes yeux que balayer brièvement son étendue accueillante, et j'écarte de ma tête toute idée de nous y laisser tomber, les membres enlacés et le grand corps de John me pressant contre le matelas.","Je ne fais que passer rapidement mon regard sur son étendue accueillante et je chasse de ma tête toute idée de nous tomber dessus, bras et jambes entrelacées, le corps de John me pressant dans le matelas."
"""What if I told you that I had to leave so that I could send your project to Roman Palms so that they could implement the changes you came up with immediately?"" he asked, smiling against her throat when she went still.",Et si je te disais que je devais partir pour envoyer ton projet à Roman Palms afin qu'ils puissent mettre en œuvre immédiatement les changements que tu as proposés ?,Ça te ferait quoi si je te disais que je dois partir pour pouvoir envoyer ton projet à Roman Palms afin qu'ils puissent mettre en œuvre les changements que tu as proposés immédiatement ?
"She'd never been brazen, and her face heated despite her outward boldness.","Elle n'avait jamais été effrontée, et son visage s'échauffa malgré son audace apparente.","Ça ne lui était jamais arrivé, et son visage s'échauffa malgré sa bravoure apparente."
"""Stop it, Inna!","Arrête, Inna !","Ça suffit, Inna !"
"""Will it be loud, or can I leave the door open?"" I try to keep my annoyance out of my voice.","Ce sera bruyant, ou je peux laisser la porte ouverte ?","Ça va être bruyant, ou je peux laisser la porte ouverte ?"
"""It's not that bad,"" I swear.","Ce n'est pas si mal, juré-je.","Ça ne va pas si mal, je jure."
And never come back to the islandnever contact you.,"Et de ne jamais revenir sur l'île, de ne jamais te contacter.","Et ne reviendra jamais sur l'île,  ne te contactera jamais."
"He'd gathered four flashlights from the kitchen, one from behind the bar, and a few pillar candles and matches, when the phone rang.","Il avait rassemblé quatre lampes de poche dans la cuisine, une derrière le bar, quelques bougies et des allumettes, lorsque le téléphone sonna.","Il avait récupéré quatre torches électriques dans la cuisine, une autre derrière le bar, ainsi que quelques bougies et des allumettes, lorsque le téléphone sonnait."
Probably right after his mother died and he'd been forced to live off discounted Halloween candy for a month.,Probablement juste après la mort de sa mère et qu'il avait été forcé de vivre en mangeant des bonbons d'Halloween à prix réduit pendant un mois.,Ça devait être après la mort de sa mère et qu'il avait dû vivre sur des bonbons Halloween à prix réduit pendant un mois.
"The fading light cast long, deep shadows over one side of his face and his strong features stood out in contrast.",La lumière déclinante projetait des ombres longues et profondes sur un côté de son visage et ses traits forts se détachaient par contraste.,L'obscurité s'étendait sur un côté de son visage et ses traits forts se détachaient en contraste.
"In addition to writing books, she's also a college instructor, artist, anime/manga and historical costumer, editor, and bad guitar player.","En plus d'écrire des livres, elle est également enseignante à l'université, artiste, costumière d'anime/manga et d'histoire, rédactrice, et mauvaise joueuse de guitare.","Elle est également professeur de collège, artiste, fan de manga et d'anime, costumière historique, rédactrice, et mauvaise guitariste."
He landed right on top of her.,Il atterrit juste au-dessus d'elle.,Ça lui est tombé sur la tête.
"A small mermaid swam near the tentaclea mermaid with long pale hair, holding a pink starfish.","Une petite sirène nageait près du tentacule, une sirène aux longs cheveux pâles, tenant une étoile de mer rose.","Une petite sirène nageait près du tentacule  une sirène aux cheveux longs et pâles, tenant une étoile de mer rose."
"""No wonder they canceled the ferry.""",Pas étonnant qu'ils aient annulé le ferry.,Ça ne fait pas de doute que le ferry a été annulé.
He had thanked me.,Il m'avait remercié.,Ça m'avait fait plaisir.
"Not like we can do anything without electricity.""",Ce n'est pas comme si nous pouvions faire quoi que ce soit sans électricité.,Ça ne veut pas dire que nous pouvons faire quelque chose sans électricité.
"""I can understand that,"" Andi said with a sad shake of her head as she auto-filled her credit card information to hold the room.","Je peux le comprendre, dit Andi en secouant tristement la tête tandis qu'elle remplissait automatiquement les informations de sa carte de crédit pour réserver la chambre.","Ça me semble normal, dit Andi avec un hochement de tête triste en remplissant automatiquement les informations de sa carte de crédit pour réserver la chambre."
"Yet, if she stayed alone, that punk might hurt her.","Pourtant, si elle restait seule, ce voyou pourrait lui faire du mal.","Ça ne l'empêchait pas de rester seule, car ce punk pourrait la blesser."
"He'd better be glad I didn't get my hands on him.""",Il ferait mieux d'être content que je ne lui ai pas mis la main dessus.,Ça lui faut bien être reconnaissant que je n'ai pas eu les mains sur lui.
"""And another for my date.""",Et une autre pour mon rendez-vous.,Ça fait un autre pour mon rendez-vous.
"It's a steady rhythm, and I feel my heartbeat slowing to match it.","C'est un rythme régulier, et je sens les battements de mon cœur ralentir en même temps.","Ça est un rythme régulier, et je sens mon rythme cardiaque ralentir pour s'y adapter."
"His hands found her breasts as he continued alternating between teasing her clit and sliding his tongue inside her, licking her hungrily as she lay there, wondering if she'd ever felt anything this good before.","Ses mains trouvèrent ses seins alors qu'il continuait d'alterner entre taquiner son clitoris et glisser sa langue à l'intérieur d'elle, la léchant avec avidité alors qu'elle était allongée là, se demandant si elle avait déjà ressenti quelque chose d'aussi bon auparavant.","Ses mains trouvèrent ses seins tandis qu'il continuait à alterner entre la caresser et de glisser sa langue à l'intérieur d'elle, la léchant avidement alors qu'elle restait là, se demandant s'il lui avait jamais ressenti quelque chose aussi bon."
"""2345 divided by 82.""","""2345 divisé par 82.",2345 divisé par 82.
We've been a lot slower this afternoon.,Nous avons été beaucoup plus lents cet après-midi.,Ça a été beaucoup plus lent cette après-midi.
Without Regret,Sans regret,Sans regret
"I...I googled you a while back.""",Je... j'ai cherché des informations sur toi sur Google il y a un moment.,Ça... j'ai googlé ton nom il y a quelque temps.
"""I'm not here about the storm, though we'll need to board up in the morning.""","Je ne suis pas là pour la tempête, même si nous devrons installer des planches dans la matinée.","Ça n'est pas pour la tempête que je suis ici, même si nous allons devoir fermer les volets demain matin."
You've been cruel to me.,Tu as été cruelle avec moi.,Ça a été cruel envers moi.
"I wanted to check the shop door.""",Je voulais vérifier la porte du magasin.,"Ça me faisait peur, j'ai voulu vérifier la porte de la boutique."
"Her eyes were closed, and she twirled, not once, but three times, before she opened them.","Ses yeux étaient fermés et elle tournoyait, non pas une fois, mais trois fois, avant de les ouvrir.","Ça faisait un moment qu'elles étaient fermées, et elle s'était tournée, pas une fois, mais trois fois, avant d'ouvrir les yeux."
Music is my life.,"La musique, c'est ma vie.","Ça, c'est ma vie."
"""She's...very ill, awake now, but comfortable.","Elle est... très malade, consciente maintenant, mais confortable.","Ça... elle est... très malade, elle est réveillée maintenant, mais confortable."
Now he'd done what he feared.,Il avait fait ce qu'il craignait.,Ça faisait maintenant qu'il avait fait ce qu'il craignait.
"While she did that, Devyn worked on running Carta Hotels, dealing with the board, and doing whatever it took to keep them happy and buy them more time.","Alors qu'elle s'occupait de ça, Devyn continuait de diriger les Hôtels Carta, s'occupant du conseil d'administration, et faisant tout son possible pour les contenter, et ainsi gagner plus de temps.","Ça lui donnait le temps de gérer les Hôtels Carta, de s'occuper du conseil d'administration et de faire tout ce qu'il fallait pour les satisfaire et leur donner plus de temps."
"""Are we high enough here behind the dunes to be safe from that much water?""","Sommes-nous assez haut ici, derrière les dunes pour être à l'abri d'une telle quantité d'eau ?",Êtes-nous assez hauts derrière les dunes pour être en sécurité face à tant d'eau ?
It wasn't the same.,Ce n'était pas la même chose.,Ça n'était pas la même chose.
Fucking cookies!,Des putain de cookies !,Ça vaudrait un biscuit !
"Taller than me, which isn't saying much.","Plus grand que moi, ce qui n'est pas anodin.","Plus grand que moi, ce qui n'est pas dire beaucoup."
"I've had dreams about that, ever since the night at the station when he asked me out.",J'en ai rêvé depuis la nuit où il m'a demandé de sortir avec lui à la radio.,Ça m'a fait rêver depuis la nuit où il m'a demandé de sortir avec lui.
"""I guess I'm not kissable in the daytime.",Je suppose que je ne suis pas le genre de fille qu'on embrasse en plein jour.,Ça veut dire que je ne suis pas baisable de jour.
"Sliding his hand up her thigh, Devyn pressed his tongue against her clit harder, rubbing the tip of his tongue over her as he slid two fingers beneath her panties and slowly pulled the soft material aside, exposing the neatly trimmed hair protecting the swollen lips that had his cock throbbing painfully.","Faisant glisser sa main le long de sa cuisse, Devyn pressa plus fort sa langue contre son clitoris, frottant le bout de sa langue sur elle alors qu'il glissait deux doigts sous sa culotte et tirait lentement le tissu doux sur le côté, exposant les poils bien taillés protégeant les lèvres gonflées qui faisaient douloureusement palpiter sa queue.","Devyn glissa sa main le long de sa cuisse et pressa plus fort sa langue contre son clitoris, frottant le bout de sa langue sur elle tout en plongeant deux doigts sous son pantalon et en retirant doucement le tissu doux, révélant les cheveux bien tailladés qui protégeaient les lèvres gonflées qui faisaient trembler son pénis douloureusement."
"For several minutes they lay there, struggling to catch their breath as Devyn pressed a kiss against her forehead, the tip of her nose, and finally, he brushed his lips against hers before he pulled back and met her gaze as he said the three words that she'd never expected to hear.","Pendant plusieurs minutes, ils restèrent allongés, luttant pour reprendre leur souffle tandis que Devyn déposait un baiser sur son front, le bout de son nez, et finalement, il effleura ses lèvres avant de se retirer et de croiser son regard en prononçant les trois mots qu'elle ne s'était jamais attendue à entendre.","Ça dura plusieurs minutes qu'ils restèrent allongés, luttant pour reprendre leur souffle, tandis que Devyn embrassait son front, le bout de son nez, puis finalement, il effleura ses lèvres avant de se retirer et de rencontrer son regard alors qu'il disait les trois mots qu'elle n'avait jamais espéré entendre."
She'd feel lost if her sister diedand maybe do some crazy things too.,Elle se sentirait perdue si sa sœur mourait  et ferait peut-être des choses folles aussi. Mais son chagrin était bien plus profond qu'une simple perte.,"Ça la ferait perdre, si sa sœur mourait  et peut-être même faire des choses folle."
"She pretended to savor her coffee, eyes in slits as she peeked at Chase while he drank.","Elle fit semblant de savourer son café, les yeux plissés en fente pour observer Chase pendant qu'il buvait.","Ça lui semblait qu'elle savourait son café, les yeux en lorgnettes, tout en regardant Chase boire."
"""Miss Dawson, if you'll come with me?"" he said absently as he glanced down at her resumé while Andi couldn't help but notice the pitying look the other woman was sending her.","Mlle Dawson, veuillez me suivre, fit-il distraitement en jetant un coup d'œil à son CV, alors qu'Andi ne pouvait s'empêcher de voir le regard rempli de pitié que lui jetait l'autre femme.","Ça va, Mlle Dawson, si tu viens avec moi ? dit-il distraitement en regardant son CV alors qu'Andi ne pouvait s'empêcher de remarquer le regard pitiéux que la femme d'affaires lui adressait."
And about us.,Et pour nous.,Ça concerne aussi nous.
"After months of wishful thinking, I'm wary.","Après des mois de vœux pieux, je me méfie.","Ça fait des mois que je rêve de ça, mais je suis prudent."
"He kissed her with bruising force, and she cried out.","Il l'embrassa avec une force qui la meurtrit, et elle cria.","Ça l'avait pris à revers, elle cria."
"I don't believe it either, but it's an interesting story.""","Je n'y crois pas non plus, mais c'est une histoire intéressante.","Ça ne me semble pas non plus, mais c'est une belle histoire."
"""I want to make sure it's perfect first.""",Je veux d'abord m'assurer que tout est parfait.,Ça doit être parfait d'abord.
"The tension eased a bit through lunch, as the topic of conversation turned back to music and pop culture in general.","La tension s'est un peu apaisée au cours du déjeuner, le sujet de conversation revenant sur la musique et la culture pop en général.","L'atmosphère s'apaisa un peu au cours du déjeuner, le sujet du débat revenant à la musique et à la culture populaire en général."
He needs to stop being so goddamned...whatever he's being.,Il doit arrêter d'être si sacrément... peu importe ce qu'il est.,Ça fait trop longtemps qu'il faut qu'il arrête de se comporter comme un...
"An elf, maybe.","Un elfe, peut-être.",Ça pourrait être un elfe.
"He does it with his whole being, holding nothing back.","Il le fait de tout son être, sans aucune retenue.","Ça, c'est ce qu'il fait avec tout son être, sans rien retenir."
"Had he helped Inna hurt other people, too?",Avait-il aidé Inna à blesser d'autres personnes ?,Ça avait-il aidé Inna à blesser d'autres personnes ?
"Well, at least what's been passed down as truth.","Du moins, ce qui a été transmis comme étant la vérité.","Ça dit, du moins ce qui a été transmis comme vérité."
"I didn't want to get to know myself, because I was afraid of what I'd find if I looked too closely.","Je ne voulais pas apprendre à me connaître, car j'avais peur de ce que je découvrirais si je regardais de trop près.","Ça m'a fait peur de me connaître, car j'ai craint de trouver ce que je ne voulais pas voir si je regardais trop près."
And you choose to move away and leave me.,Et tu choisis de t'éloigner et de me quitter.,Ça te fait choisir de partir et de me laisser.
"His grip is tight, almost painful, and there's a tick in his jaw.","Sa prise est serrée, presque douloureuse, et il y a un tic dans sa mâchoire.","Ça lui fait mal, sa prise est serrée, presque douloureuse, et il a un clignement de mâchoire."
"""'Cause, babe, you can play it down all you want.","Parce que, chéri, tu peux minimiser autant que tu veux.","Ça va, bébé, tu peux le faire passer comme si de rien n'était."
"""I'm not done with storm prep at the shop.""",Je n'ai pas fini de préparer mon magasin contre la tempête.,Ça ne se termine pas à la boutique.
"""I've heard Annalise whispering into Nanette's ear more than once about how much better you could do than me.","J'ai entendu Annalise chuchoter à l'oreille de Nanette plus d'une fois que tu pourrais trouver mieux que moi. Et elles ont raison, tu pourrais.",Ça fait longtemps que j'ai entendu Annalise murmurer dans l'oreille de Nanette que tu pourrais faire mieux que moi.
"He's a bad person.""",C'est une mauvaise personne.,Ça fait un mauvais type.
"And yet there's such a fire in him, behind his eyes.","Et pourtant, il y a un tel feu en lui, dans son regard.","Et pourtant, il y a un tel feu en lui, derrière ses yeux."
Many mermaids had shielding capability.,Beaucoup de sirènes avaient des capacités de protection.,Ça faisait partie des capacités des sirènes.
"""Not until he's dead,"" Inna growled.","Pas avant qu'il ne soit mort, grogna Inna.","Ça ne sera pas avant qu'il soit mort, grondait Inna."
"If you'd asked me, I'd say he's the most confident person I'd ever met.""","Si tu m'avais posé la question, je t'aurais dit qu'il est la personne la plus sûre d'elle que j'aie jamais rencontrée.",Ça m'aurait plu de te dire qu'il est la personne la plus sûre de elle que j'ai jamais rencontrée.
You look like you've been sucking a lemon.,On dirait que tu as sucé un citron.,Ça vaudrait qu'on te dise que tu as suçé un citron.
Cling to someone who understood? Someone who cared?,S'accrocher à quelqu'un qui comprenait la situation ?,Être attaché à quelqu'un qui comprenait ?
"For a moment, he lay there staring up at the ceiling and found himself thinking about everything that she did for him over the last few days and...","L'espace d'un instant, il resta allongé, regardant le plafond et repensa à tout ce qu'elle avait fait pour lui ses derniers jours, et...","Ça dura un moment, il resta là à regarder le plafond et se retrouva à penser à tout ce qu'elle lui avait fait dans les derniers jours et..."
"Listened, or just been quiet, but you...""","Écouter, ou simplement me taire, mais tu...","Ça t'a fait écouter, ou juste t'a fait taire, mais tu..."
"""I'd forgotten how clear the sky is inside the eye.",J'avais oublié à quel point le ciel est clair à l'intérieur de l'œil.,Ça me faisait oublier à quel point le ciel est clair à l'intérieur de l'œil.
"""You must think I'm really fucking weird.""",Tu dois penser que je suis vraiment bizarre.,Ça doit te faire penser que je suis vraiment bizarre.
The breeze off the ocean rustled her long hair and whipped her sundress around her legs.,La brise de l'océan faisait bruisser ses longs cheveux et agitait sa robe d'été autour de ses jambes.,L'air marin agita ses longs cheveux et balaya sa robe de plage autour de ses jambes.
"""I won't,"" Drew said as he tightened his hold around her legs.","Ça n'arrivera pas, dit Drew en resserrant son emprise sur les jambes de la jeune femme.","Ça ne sera pas le cas, dit Drew en serrant plus fort sa prise autour de ses jambes."
My music library has gotten me out of a lot of sticky social situations.,Ma bibliothèque musicale m'a permis de me sortir de bien des situations sociales délicates.,Ça m'a sauvé des situations sociales bien gênantes.
"""Don't fucking lie to me again,"" I growl, still angry but so in love with this guy.","Ne me mens plus jamais, grogné-je, toujours en colère mais tellement amoureux de ce type.","Ça fait un putain de temps que tu m'as menti, me grondé-je, encore en colère mais tellement amoureux de ce type."
"I push myself onto him, and, just as I thought, he slips in easily.","Je me pousse contre lui et, comme je le pensais, il se glisse facilement à l'intérieur.","Je me jette sur lui, et, comme je le pensais, il entre facilement."
"""And I really feel like you should take pity on me and tell me what you know about this hotel,"" he said with a teasing smile that had her returning his smile as she glanced back down at her notes and found herself wondering about something.","Et je pense que tu devrais vraiment avoir pitié de moi et me dire ce que tu sais sur cet hôtel, dit-il avec un sourire taquin qu'elle lui retourna, puis elle regarda ses notes et commença à réfléchir à quelque chose.","Ça me semble que tu devrais m'épargner et me dire ce que tu sais sur cet hôtel, dit-il avec un sourire teinté de provocation qui fit qu'elle retourna son sourire tout en regardant de nouveau ses notes et se demandant s'il n'avait pas raison."
That happened to other people.,Cela n'arrivait qu'aux autres.,Ça arrive à d'autres personnes.
"He's the CEO of Carta Hotels,"" the woman said with a polite smile.","C'est le PDG des Hôtels Carta, répondit la femme avec un sourire poli.","Ça fait un an que je suis la directrice générale des Hôtels Carta, dit-elle avec un sourire poli."
"I mentally kick myself when relief washes over me, but it's quickly followed by a wave of tenderness for this man that knocks the air out of me.","Je me donne une tape mentale lorsque le soulagement m'envahit, mais ce sentiment est rapidement suivi d'une vague de tendresse pour cet homme qui me coupe l'herbe sous le pied.","Je me donne une botte mentale lorsque le soulagement me s'abat, mais il est rapidement suivi d'une vague de tendresse pour cet homme qui me fait perdre l'air."
I may not survive this night.,Je ne survivrai peut-être pas à cette nuit.,Ça pourrait me tuer.
"""And Chase doesn't want me,"" she babbled.","Et Chase ne veut pas de moi, bafouilla-t-elle.","Ça fait que Chase ne veut pas de moi, bavarda-t-elle."
The portrait occupied a prized spot on the bar wallone that would typically be filled by a mirror in most bars.,"Le portrait occupait une place de choix sur le mur du bar, une place qui serait normalement occupée par un miroir dans la plupart des bars.","Le portrait occupait une place privilégiée sur le mur du bar, qui serait généralement occupée par un miroir dans la plupart des bars."
You had to be a fool to go out on the oceaneven that close to shoreon a surfboard.,"Il fallait être fou pour aller sur l'océan, même si c'était près du rivage, avec une planche de surf.","Ça fallait être un imbécile pour sortir sur l'océan, même si ce n'était pas loin de la côte, sur un planche à voile."
He cut through the beach access beside his bar and headed down the boardwalk to the stairs.,Il coupa par l'accès à la plage à côté de son bar et descendit la promenade jusqu'aux escaliers.,"Il traversa l'accès à la plage à côté de son bar et se dirigea vers le quai, puis vers les escaliers."
"As he turned the white disk over, it broke in half in his grip, and dusty fragments spilled into the air and onto the counter.","En retournant le coquillage, ce dernier se brisa en deux dans sa main et des fragments poussiéreux se répandirent dans l'air et sur le comptoir.","Ça se brisa en deux lorsqu'il le retourna, et des fragments poussiéreux s'échappèrent dans l'air et sur le comptoir."
"""Not for a few hours,"" Andi pointed out, shifting anxiously next to him.","Pas avant quelques heures, souligna Andi, se déplaçant anxieusement à côté de lui.","Ça ne sera pas pour quelques heures, remarqua Andi, se déplaçant anxieusement à côté de lui."
"""Better sit in the middle.",Mieux vaut s'asseoir au milieu.,Ça va mieux s'asseoir au milieu.
I don't know what to make of this shift in his mood.,Je ne sais pas quoi penser de ce changement d'humeur.,"Ça me fait peur, je ne sais pas quoi en penser."
"Perched on one elbow, I position my lips over the swollen head of his cock and lift my eyes to his face.","En appui sur un coude, je positionne mes lèvres sur son gland engorgé et je lève les yeux vers son visage.","Je me pose sur un coude et positionne mes lèvres sur le gland swollen de sa bite, puis je lève les yeux vers son visage."
"""We've been spending a lot of time together, like I said, and it's been...well, it's been fucking incredible.""","Nous avons passé beaucoup de temps ensemble, comme je l'ai dit, et c'est...","Ça fait longtemps que nous passons beaucoup de temps ensemble, comme je l'ai dit, et c'est... bien, c'est vraiment incroyable."
Especially nice to be fantasizing about Chase.,Et surtout de fantasmer sur Chase.,Ça faisait surtout plaisir de fantasmer sur Chase.
"I swirl my tongue around the tip, exploring every bump and ridge, every dip and curve.","Je fais tourner ma langue autour de son gland, explorant chaque bosse et chaque crête, chaque creux et chaque courbe.","Je fais tourner ma langue autour du bout, explorant chaque bosse et chaque crête, chaque creux et chaque courbure."
And the sex had been amazing.,Et le sexe avait été extraordinaire.,Ça avait été un sexe incroyable.
Too bad they couldn't have spent more time together under different circumstances.,Dommage qu'ils n'aient pas pu passer plus de temps ensemble dans d'autres circonstances.,Ça serait dommage qu'ils n'aient pas pu passer plus de temps ensemble sous des circonstances différentes.
"I can smell the citrus and sandalwood of John's shampoo, or maybe it's his deodorant, and I quietly take it into my lungs.","Je peux sentir les agrumes et le bois de santal du shampoing de John, ou peut-être est-ce l'odeur de son déodorant, et je m'en imprègne en respirant doucement.","Je sens le citron et le sandalwood du shampooing de John, ou peut-être de son déodorant, et je l'absorbe tranquillement dans mes poumons."
"""Tell me about you and Luke at the beach.",Parle-moi de toi et de Luke à la plage.,Ça te dit de Luke et de toi à la plage ?
"He smirked. ""That he was a last fling before our marriage.",Qu'il n'était qu'une dernière aventure avant notre mariage.,"Ça, c'était un dernier flirt avant notre mariage."
"Why are you giving in so easily?"" He squinted.",Pourquoi cèdes-tu si facilement ?,Pourquoi te rends si facilement ?
I find the school's directory and look through it for a ‘Patrick.',"Je trouve l'annuaire de l'école et je cherche un ""Patrick"".","Je trouve le répertoire de l'école et j'y cherche un ""Patrick""."
A fantasy.,Un fantasme.,Ça fait partie de mes fantasmes.
He slips a hand up into my curly hair and cups the back of my skull.,Il glisse une main dans mes cheveux bouclés et attrape l'arrière de mon crâne.,"Ça fait un an que je ne vois pas de personne, mais il ne me fait pas peur."
"Lead the way.""",Montre-moi le chemin.,"Ça, passe devant."
I've never seen anyone eat like him.,Je n'ai jamais vu quelqu'un manger comme lui.,Ça fait des années que je ne vois personne manger comme ça.
There's a hint of a dimple.,Il a un soupçon de fossettes.,Ça laisse entrevoir un petit dimple.
"""I said stop.","J'ai dit ""stop"".","Ça suffit, je dis arrête."
"You've been Debby Downer for months, now.""",Tu es rabat-joie depuis des mois.,Ça fait des mois que tu es Debby Downer.
"""Maybe think about what you would have done in his place.",Réfléchis à ce que tu aurais fait à sa place.,Ça fait peut-être penser à ce que tu auras fait dans sa place.
She was naked.,Elle était nue.,Ça faisait un moment qu'elle était nue.
"""That's not what I hear,"" Nicholas murmured, looking thoughtful.","Ce n'est pas ce que j'ai entendu, murmura Nicholas, l'air pensif.","Ça n'est pas ce que je sens, murmura Nicholas, l'air pensif."
People think it's strange until we meet up for quiz night at the pub.,Les gens trouvent ça bizarre jusqu'à ce qu'on se retrouve pour une soirée quiz au pub.,Ça leur semble étrange jusqu'à ce que nous nous retrouvions pour une soirée de quiz au pub.
"The brunette has wrapped her arms around his waist, and I want to scratch her eyes out.",La brune a enroulé ses bras autour de sa taille et j'ai envie de lui arracher les yeux.,"Ça fait que la brune a enroulé ses bras autour de son torse, et je veux lui arracher les yeux."
"I'm smart enough not to take risks.""",Je suis assez intelligente pour ne pas prendre de risques.,Ça fait assez de savoir que je ne prends pas de risques.
I turn to see who's uttered the filthy slur.,Je me retourne pour voir qui a proféré l'immonde injure.,Je me tourne pour voir qui a prononcé ce sale mot.
"""Goodnight, G.""","Bonne nuit, G.","Ça va, G."
He dabbed at the leaking ice pack again.,Il tamponna à nouveau la poche de glace qui fuyait.,Ça leva à nouveau.
Chase watched it soar out over the beach.,Chase la regarda s'envoler au-dessus de la plage.,Chase le regarda s'élever au-dessus de la plage.
"I'm gonna check the weather again, then I'll join you.","Je vais encore vérifier la météo, puis je te rejoins.","Ça fait un moment que je vérifie le temps, puis je vais rejoindre tes côtés."
"""We have a problem,"" Lucas said, grabbing a thick manilla folder from his bag and tossed it on the small table in front of him.","Nous avons un problème, dit Lucas en sortant de son sac un épais dossier en papier kraft qu'il jeta sur la petite table devant lui.","Ça fait un problème, dit Lucas en prenant un dossier épais en carton manilla et le lâcha sur la petite table devant lui."
"It starts off sweetly enough, but then, holy fuck, he's really going for it.","Ça commence doucement, mais ensuite, il y va à fond.","Ça commence doucement, mais puis, putain, il va vraiment bien."
"""I don't like the dark.""",Je n'aime pas l'obscurité.,Ça me fait peur.
"He had to, as it might be his only chance, ever.","Il le fallait, car c'était peut-être sa seule chance.","Ça lui fallait, car c'était peut-être sa seule chance, jamais."
"The warmth spread over him like a summer tide and memories engulfed him, good memories of happy times.",Une chaleur se répandit en lui comme une marée d'été et les souvenirs le submergèrent de bons souvenirs des temps heureux.,"Ça lui parvint comme une marée d'été et les souvenirs l'engloutirent, des souvenirs heureux de temps heureux."
"Only two more, and he'd be standing on the beachnear the water.","Plus que deux, et il serait sur la plage, près de l'eau.","Ça ne restait plus qu'à lui faire deux pas de plus, et il serait sur la plage, près de l'eau."
"""What do you want, Franklin?""","Que veux-tu, Franklin ?","Ça va, Franklin, qu'est-ce que tu veux ?"
"It was a dumb fucking move, but one that he couldn't regret, not when being with her made him happy for the first time in years.","C'était une décision stupide, mais qu'il ne pouvait pas regretter, pas quand être avec elle le rendait heureux pour la première fois depuis des années.","Ça était une putain de mauvaise idée, mais une qu'il ne pouvait pas regretter, pas quand être avec elle lui faisait plaisir pour la première fois depuis des années."
I wait until he meets my eyes.,J'attends qu'il croise mon regard.,Je fais attendre son regard.
"It's like heroin, or at least how I imagine the opiate would feel hitting your bloodstream at a million decibels.","C'est comme de l'héroïne, ou du moins ce que j'imagine être la sensation de l'opiacé quand il coule dans nos veines à un million de décibels.","Ça ressemble à l'héroïne, ou du moins à ce que je pense que l'opiat ressentirait en entrant dans le sang à un million de décibels."
"Hot and wet, with just the right amount of pressure to melt my brain.","Le baiser est chaud et humide, avec juste ce qu'il faut de pression pour me faire perdre la tête.","Ça faisait chaud et humide, avec juste la pression nécessaire pour faire fondre mon cerveau."
"She needed a change, Andi reminded herself as she plastered a polite smile on her face and stood up only to frown when the man that had been watching her since she sat down pushed away from the wall and moved to join them.","Andi se remémora qu'elle avait besoin de changement alors qu'elle affichait un sourire poli sur ses lèvres et se levait, mais elle fronça les sourcils quand l'homme qui l'observait, depuis qu'elle s'était assise, s'écarta du mur et vint les rejoindre.","Ça lui fallait un changement, se rappela Andi en posant un sourire poli sur son visage et en se levant, mais elle fronça les sourcils lorsqu'il se détacha du mur et se dirigea vers eux."
The sound of steel teeth parting fills the gaps between my breathless panting as he eases my zipper down.,"Le son des dents d'acier qui s'écartent remplit les intervalles entre mes halètements, tandis qu'il abaisse ma fermeture éclair.",Ça fait un bruit de dents de métal qui se séparent lorsqu'il abaisse mon zipper.
"He pressed a kiss against her lips, his eyes locking with hers as he slid his arms beneath her legs and his hands found hers.","Il déposa un baiser sur ses lèvres, ses yeux s'accrochèrent aux siens, il glissa ses bras sous ses jambes et ses mains trouvèrent les siennes.","Il pressa un baiser contre ses lèvres, les yeux s'embrasant avec les siens, tandis qu'il passait ses bras sous ses jambes et que ses mains trouvaient les siennes."
"She ignored him and kept walking, kicking at the sand in defiance with every step.","Elle l'ignora et continua à marcher, donnant des coups de pied dans le sable en signe de défi à chaque pas.","Ça l'ignorait et continua à marcher, donnant des coups de pied au sable en signe de défi à chaque pas."
"""As long as you're careful, I would say you have until your contract is up to turn this fucking mess around, which is really fucked-up since this wasn't your mistake,"" Lucas said, ramming his fingers through his hair.","Tant que tu fais attention, je dirais que tu as jusqu'à la fin de ton contrat pour régler ce merdier ce qui est vraiment tordu puisque ce n'était pas ta faute, dit Lucas en passant ses doigts dans ses cheveux.","Ça dépend de ce que tu fais, mais je dirais que tu as jusqu'à la fin de ton contrat pour te sortir de ce putain de mauvais pas, ce qui est vraiment un putain de merde car ce n'était pas ton erreur, dit Lucas en passant ses doigts dans ses cheveux."
"Our thirst for learning, our drive to reach the kids under our charge.""","Notre soif d'apprendre, notre volonté de faire progresser les enfants dont nous avions la charge.","Notre soif de connaissances, notre envie de toucher les enfants sous notre charge."
"He knew these were the right words to say to comfort her, but the words did anything but ease his anxiety.","Il savait que c'était les bons mots à dire pour la réconforter, mais ces mots ne servaient qu'à rien d'autre qu'à apaiser son anxiété.","Ça était le bon mot pour la calmer, mais les mots n'avaient rien de calmante."
"He needed to hurry, or there would be nothing left to save.","Il devait se dépêcher, sinon il n'y aurait plus rien à sauver.","Ça faisait urgence, sinon il ne resterait plus rien à sauver."
"Look at you, so ready for me.""","Regarde-toi, si prêt à m'accueillir.","Ça me fait rire, tu es si prête pour moi."
Nothing would be left after she told Chase she didn't love him.,Il ne resterait plus rien après qu'elle ait dit à Chase qu'elle ne l'aimait pas.,Ça ne resterait plus rien après qu'elle eut dit à Chase qu'elle ne l'aimait pas.
"""You don't do requests,"" Dyer states, frowning.","Tu ne réponds pas aux demandes, déclare Dyer en fronçant les sourcils.","Ça ne se fait pas, déclare Dyer, fronçant les sourcils."
"They'd had absolutely nothing in common, but they'd hit if off almost immediately.",Ils n'avaient rien en commun mais le courant était passé immédiatement.,"Ça n'avait rien d'obvious, mais ils s'étaient bien entendus dès le début."
He put the flashlights in a straight line from shortest to tallest.,"Il plaça les lampes de poche en ligne droite, de la plus courte à la plus grande.","Il posa les lampes de poche en ligne, du plus petit au plus grand."
"""You didn't have to walk me home,"" Andi said as she came to a stop in front of a door with an Eeyore sticker above the peephole.","Vous n'étiez pas obligé de me raccompagner, dit-elle en s'arrêtant devant la porte dont le judas était orné d'un autocollant Bourriquet.","Ça n'était pas nécessaire de me ramener chez moi, dit Andi alors qu'elle s'arrêtait devant une porte sur laquelle se trouvait un sticker d'Eeyore au-dessus de la trappe."
"It was love.""",C'était de l'amour.,Ça était l'amour.
"""You know I'm moving away from the ocean.",Tu sais que je vais m'éloigner de l'océan.,Ça te dit que je me déplace loin de l'océan.
"I'm sure he didn't know who he could trust.""",Je suis sûr qu'il ne savait pas à qui il pouvait faire confiance.,Ça m'est sûr qu'il ignorait qui pouvait être confié.
"""Are you really going to mess us up over stupid shit?""",Tu vas vraiment nous faire tourner en bourrique pour des conneries ?,Êtes-vous vraiment prêt à nous faire chier pour de la merde ?
"""She doesn't have a company phone,"" Devyn pointed out.","Elle ne dispose pas de téléphone professionnel, fit remarquer Devyn.","Ça ne lui permet pas d'avoir un téléphone de bureau, fit remarquer Devyn."
"""I want you,"" I say, which probably sounds crazy to him because we're both spent, our cocks still twitching.","J'ai envie de toi, dis-je, ce qui doit lui paraître fou parce que nous sommes tous les deux épuisés, nos bites tressautant encore.","Ça me fait rire, dit-il, ce qui est probablement un peu fou pour lui car nous sommes tous les deux épuisés, nos culs encore tremblant."
The sun brightened and Mari shielded her eyes.,Le soleil s'était mis à briller et Mari se protégea les yeux.,L'horizon s'éclaira et Mari se couvrit les yeux.
"You zipped up right after I told you about the mermaid.""",Tu t'es tu juste après que j'ai parlé de la sirène.,Ça a été zippé dès que j'ai parlé de la sirène.
A few drops of rain dotted her cheeks like tears.,Quelques gouttes de pluie parsemaient ses joues comme des larmes.,"Ça faisait quelques gouttes de pluie sur ses joues, comme des larmes."
"I don't know if he's seen what I'd been doing online, but I figure there's no reason for me to lie, at least.","Je ne sais pas s'il a vu ce que j'ai fait en ligne, mais je me dis qu'il n'y a pas de raison que je mente, au moins.","Je ne sais pas s'il a vu ce que j'ai fait en ligne, mais je ne vois pas pourquoi je devrais mentir, du moins."
"""We'll ditch him in the fun house.""",On le sèmera dans le palais du rire.,"Ça, on le laissera dans le palais du rire."
"Here, where we vacationed as we grew up, and everywhere I look, I see him.","Ici, où nous avons passé nos vacances en grandissant, et où que je regarde, je le vois.","Ça, là où nous vacations quand nous grandissons, et partout où je regarde, je le vois."
"His muscles twitched as she touched him, and he let out a small gasp.","Ses muscles se contractèrent lorsqu'elle le toucha, et il laissa échapper un petit halètement.","Ses muscles se tordirent lorsqu'elle le toucha, et il gémit."
"""Please, don't let me hurt you.""","S'il te plaît, ne me laisse pas te faire du mal.","S'il te plaît, ne me laisse pas faire du mal."
"""How?"" He asks, leaning forward to place his elbows on his knees.","demande-t-il, se penchant en avant pour poser ses coudes sur ses genoux.",Ça va ?
"She rubbed her arms and looked toward the door, her eyes widening.","Elle se frotta les bras et regarda vers la porte, les yeux écarquillés.","Elle se frotta les bras et regarda la porte, les yeux s'élargissant."
